URL,content
https://www.chosun.com/economy/real_estate/2022/10/05/NF73PLV6NRDJDP7AAKIRLV7VYY/,"[땅집고] 경기 의왕시 백운밸리 개발 비리 의혹 논란의 한가운데에 있는 의왕도시공사에 바람 잘 날이 없다. 공사 사장이 공석인 가운데 후임 사장 후보자는 인사청문회 과정에서 돌연 자진 사퇴했다. 전 의왕도시공사 사장 직무대행은 김성제 현 의왕시장을 직권남용 혐의로 검찰에 고발했다.
이 일련의 사건들에는 백운밸리 개발사업이 똬리를 틀고 있다. 일각에서는 제2의 대장동이라 불리는 백운밸리 개발사업을 주도한 의왕도시공사가 역풍을 맞고 있다는 해석을 내놓기도 한다.
☞관련기사 : “제2의 대장동”…백운밸리 석연찮은 수천억 배당금 잔치판
■의왕시 산하기관인 도시공사 간부가 시장 고발
신대식 전 의왕도시공사 사장 직무대행은 이달 초 수원지검에 김성제 의왕시장 외 4명을 직권남용권리행사방해죄로 고발했다. 신 전 대행은 김성제 시장의 부당한 인사 지시를 거부하다 보직 해임을 당하면서 일반 팀원급으로 좌천당했다고 주장한다. 산하기관 간부가 현직 시장을 고발한 것은 이례적이어서 백운밸리 사업을 둘러싼 이해 관계자들 사이에서도 이목이 집중되고 있다.
이 고발건은 백운밸리사업 자산관리사인 의왕백운AMC 인사(人事)와 관련이 있다. 백운밸리PFV 사업 주주협약서에 따르면, 백운AMC 대표이사·이사 지명 권한은 의왕도시공사 사장에게 있다. 김성제 시장은 당선 후 인수위 때부터 이성훈 전 의왕도시공사 사장과 최경수 전 의왕도시공사 개발실장을 각각 의왕백운AMC 대표이사와 본부장으로 임명하라고 의왕도시공사를 압박했다. 두 사람은 김 시장의 최측근 인사다.
당시 신 전 사장 대행은 이성훈, 최경수 두 사람이 의왕도시공사 재직 당시 감사원 감사에서 중대한 비위혐의를 지적받고 공사에서 해임 징계를 받은 전력이 있다는 이유를 들어 임명이 바람직하지 않다는 의견을 김성제 시장 당선인 인수위 측에 전달했다.
실제 감사원은 2017년과 2020년 감사를 통해 ▲도시개발사업 추진 과정에서 금융사에 금융수수료 315억원 과다 지급 ▲관련 법이 금지한 미분양부지 매입확약(7820억원 규모) ▲페이퍼컴퍼니나 다름 없는 회사를 아파트 분양대행업체로 선정해, 가구당 360만원 수준의 고가 계약을 체결해 특혜를 준 점 등을 적발했다. 감사원은 그 책임을 물어 이 사장에게는 공직 후보자 등의 인사자료로 활용하도록 하고, 최 실장에게는 해임에 해당하는 중징계가 타당하다는 입장을 냈었다.
신 전 대행은 “백운밸리 사업을 총괄해 감사 지적을 받았던 인물들이 해당 사업을 다시 시행하는 것은 감사 징계 취지에 반하는 것”이라며 “법무법인 3곳에도 법률자문을 요청한 결과, 이들을 의왕백운AMC 사장과 이사로 선임하는 것은 의왕도시공사의 주의 의무에 위배될 수 있다는 의견이 다수였다”고 말했다.
그러나 의왕시는 신 전 대행의 의견을 묵살하고 인사를 강행했다. 의왕시 관계자는 “사장이 아닌 직무대행자가 변호사 자문을 토대로 임명을 거부하는 것은 맞지 않다”고 했고, 신 전 대행의 김성제 시장 검찰 고발과 관련해서는 “시 차원에서 해명할 부분은 없다”고 했다.
의왕시는 신 전 대행을 상대로 특별감사를 추진했으나 그 결과가 나오지 않은 상황에서 보직 해임을 했다는 점도 논란이다. 의왕도시공사 관계자는 “본인과 상의를 했으나 결과를 받아들이는 측면에서 관점이 달랐던 것 같다”며 “본인은 억울한 측면이 있을 수도 있다고 생각하나 규정대로 인사를 냈을 뿐이라 부당한 조치는 아니라 생각한다”고 했다.
■시장 측근인 의왕도시공사 사장 후보자 자진사퇴…왜?
이런 와중에 김태정 의왕도시공사 사장 후보자가 지난달 23일 자진사퇴했다. 19일 치뤄진 인사청문회 과정에서 국민의힘 3명, 더불어민주당 3명 등으로 이루어진 시의원 6명 가운데 1명을 제외한 5명이 의왕도시공사 사장으로 부적격하다며 부결 의사를 표시했다.
시의회가 반대하더라도 김성제 시장이 인사를 강행할 것이라는 예측이 많았으나 김 후보자가 돌연 자진사퇴 의사를 밝히면서, 그 배경엔 백운밸리 개발사업에 대한 부담감이 컸을 것이라는 분석이 나온다. 인사청문회에서도 여야를 가리지 않고 시의원들이 백운밸리 사업 과정에서의 배당금 지급 의혹, 종합병원 유치 계획에 대한 질의가 쏟아졌다.
이런 가운데 종합병원 유치를 희망하는 백운밸리 입주민들은 백운밸리 개발사업 전반에 대한 진상 규명과 수사를 촉구하는 고발장을 대검찰청에 제출하는 등 반발 수위를 높이고 있다.
의왕도시공사는 10월 시의회 정례회의 행정사무감사와 내년도 예산안 심사 등 중요한 일정을 사장이 공석인 가운데 치러야 한다. 시 안팎에서는 공사 사장 임명이 장기화할 수 있다는 우려도 나온다.
차기 공사 사장은 김 시장의 공약을 이행해야 하고, 백운밸리사업을 비롯한 도시개발 사업 전반에 대한 이해도가 높은 인물이어야 한다. 게다가 백운밸리 개발사업과 관련한 검찰 고발 건과 감사원 감사 등의 사태도 수습해야 할 임무를 맡아야 한다. 의왕시 관계자는 “의왕도시공사에 일단 사장 후보자를 재추천했다”며 “오매기 지구 사업, 왕곡 도시개발 등 의왕도시공사가 추진해야 할 사업들이 산적해 있으나 백운밸리 사업 논란이 커지고 있어 마땅한 적임자를 찾을 수 있을지는 의문이다”고 말했다."
https://www.chosun.com/economy/real_estate/2024/02/14/3MG4KGDEFVC7FKLGEIVE6NALDY/,"정부가 ‘지방의 준공 후 미분양 주택에 대한 세제 혜택’ 등을 담은 1·10 대책을 발표한 지 한 달이 넘었지만, 미분양이 많은 대구의 주택사업 경기 전망은 오히려 악화된 것으로 나타났다. 부동산 경기의 불확실성이 여전해 지방 미분양 아파트에 대한 수요가 살아나지 않고 있기 때문이라는 분석이다.
14일 주택산업연구원이 주택사업자를 대상으로 설문조사한 결과, 2월 전국 주택사업 경기전망지수는 전월보다 2.7포인트 하락한 64.0으로 나타났다. 이 수치가 기준선인 100을 넘으면 경기가 좋아질 것으로 보는 업체의 비율이 높다는 것을, 100을 밑돌면 그 반대라는 것을 의미한다.
특히 대구의 경우 62.5를 기록해 전월보다 18.4포인트 떨어졌다. 하락폭은 조사 대상 17개 시·도 가운데 가장 컸다. 대구는 작년 12월 기준 미분양 주택 수가 1만245가구에 달하고, 준공 후에도 분양되지 않은 ‘악성 미분양’ 역시 1044가구로 전국에서 가장 많은 수준이다. 주택산업연구원은 “실질적인 주택 경기 활성화로 연결되려면 금리 인하와 실효성 있는 시행 방안 등 후속 조치가 필요하다”고 했다.
수도권은 전월보다 소폭(1.1포인트) 상승한 61.7을 기록했다. 서울과 경기는 각각 2.2포인트(65.9→68.1), 4.6포인트(57.5→62.1) 상승했다. 반면, 인천은 3.8포인트 하락해(58.6→54.8) 두 달 연속 하락세를 보였다. 연구원은 “인천은 전세사기 피해주택 문제 해결에 상당한 시간이 걸릴 것”이라고 했다.
또 태영건설 워크아웃 사태 여파로 프로젝트파이낸싱(PF) 부실 위기감이 커지면서 주택 사업자들이 느끼는 자금 조달 여건도 1년 1개월 만에 가장 나쁜 것으로 조사됐다. 전국 자금조달지수는 전월보다 7.7포인트 하락한 58.4로 작년 1월(50.0) 이후 최저치를 기록했다."
https://www.chosun.com/economy/real_estate/2021/03/13/UO4AJF35MNCTJAWRLFAKKQZJWI/,"이틀 연속 소속 직원의 사망 사고 소식이 알려지면서 LH(한국토지주택공사)는 초비상 상태다.
13일 LH에 따르면, 이날 경기 파주시 법원읍의 한 농장 컨테이너에서 LH 파주사업본부 소속 직원 A씨가 숨진 채 발견됐다는 소식이 전해진 후 본부장급 이상 임원 전원과 파주 및 경기본부 소속 직원 수십명이 출근해 사태를 파악하고 있다.
LH 관계자는 “A씨가 국가수사본부와 경기남부경찰청의 수사 대상 100명에는 포함되지 않는 것으로 알고 있다”며 “이틀 연속된 직원 사망 소식에 모두들 참담한 심정”이라고 말했다.
A씨는 이날 새벽 가족과 통화한 뒤 ‘먼저 가서 미안하다’는 내용의 휴대전화 문자 메시지를 보낸 것으로 전해졌다. 경찰이 A씨를 발견했을 때 그는 숨져있는 상태였으며 현장에서 유서는 발견되지 않았다. 경찰은 A씨 유족과 동료 직원 등을 대상으로 사망 경위를 조사하고 있다.
A씨가 발견된 컨테이너는 A씨가 2019년 2월 토지를 매입한 뒤 설치한 것으로 전해졌다. 앞서 일부 언론이 LH 파주지사 소속 직원들의 땅투기 의혹을 제기했는데 A씨가 여기에 포함된 것으로 알려졌다."
https://www.chosun.com/economy/real_estate/2025/06/09/23QBRDF3VZDEFE2EXXZMI6IVKU/,"대우건설과 두산건설 컨소시엄이 이달 말 서울 영등포구 영등포동5가 32-8번지 일원에서 ‘리버센트 푸르지오 위브’를 분양한다. 영등포 1-13 재정비촉진구역 정비 사업으로 공급하는 단지다. 지하 4층~지상 33층 5동(棟) 659가구 규모로 조성되며, 이 중 175가구를 일반에 분양한다. 일반 분양 물량은 전용면적 59㎡ 17가구, 76㎡ 41가구, 84㎡는 세 가지 주택형으로 117가구다.
리버센트 푸르지오 위브가 들어서는 1-13 구역은 주변에 교통·교육·생활 인프라가 풍부해 영등포 뉴타운 사업지 중 핵심 입지라는 평가를 받는다. 서울 지하철 5호선 영등포시장역이 인접해 여의도와 광화문 같은 서울 대표 업무 지구로 쉽게 이동할 수 있어 ‘직주근접(職住近接)’ 단지로 손색이 없다.
◇서울 주요 업무 지구 접근성 우수
영등포 뉴타운 사업은 노후 상가, 주택이 밀집한 지하철 5호선 영등포시장역 일대를 주상 복합촌으로 재개발하는 프로젝트다. 모든 구역의 개발이 완료되면 약 4000가구가 입주하는 미니 신도시급 주거 구역으로 재탄생한다.
리버센트 푸르지오 위브는 뉴타운 사업지 중에서도 철도 대중교통망이 가장 잘 갖춰진 곳으로 꼽힌다. 걸어서 이용 가능한 영등포시장역 외에도 1호선과 KTX가 정차하는 영등포역이 가깝다. 신길역·당산역·여의도역 등 1·2·9호선 환승역 이용이 편리해 수도권 전역으로 쉽게 이동할 수 있다.
향후 신안산선과 GTX(수도권광역급행철도)-B 노선 개통도 계획돼 있는 것도 호재로 작용할 전망이다. 서쪽으로는 인천 송도, 동쪽으론 서울역과 청량리 방면으로 이동 시간을 대폭 단축할 수 있게 된다. 자동차를 이용하는 경우에도 경인고속도로, 서부간선도로, 올림픽대로 등 주요 간선도로를 이용하기 쉽다.
◇백화점·종합병원 등 이용 편해
영등포역을 중심으로 생활 편의 시설이 다양하게 들어선 점도 장점으로 꼽힌다. 우선 장보기, 외식, 쇼핑 등을 한자리에서 할 수 있는 복합 상업 시설이 상당히 많다. 영등포구청역 방면으로 코스트코와 롯데마트, 영등포역 근처에 타임스퀘어, 롯데백화점, 신세계백화점, 이마트 등이 있다. 전통 시장인 영등포시장도 단지 바로 근처다. 한림대 한강성심병원, 이대목동병원, 가톨릭대 여의도성모병원 등 종합 병원이 가깝고, 영등포구청을 포함한 행정 시설도 인접해 있다. 여의도공원, 한강공원 등 서울의 대규모 녹지 공간도 멀지 않아 운동과 휴식을 즐길 수 있다.
단지 인근에 어린 학생들이 걸어서 통학할 수 있는 영중초등학교가 있다. 양화중, 영원중, 장훈고, 영등포여고 등 중·고등학교가 주변에 다수 있고, 서울 서부권 대표 학원가로 꼽히는 목동 학원가 접근성도 좋아 학부모 수요자들의 관심이 클 것으로 기대된다.
리버센트 푸르지오 위브는 전 가구를 남향 위주로 배치해 일조권과 조망권을 극대화했다. 일부 타입은 대우건설과 두산건설의 특화 설계를 적용해 실용성을 높였다. 편의와 여가 활동을 고려해 피트니스센터, 작은 도서관, 실내 골프 연습장, 어린이집 등 커뮤니티 시설이 들어선다. 대우건설 관계자는 “교통, 교육, 생활 편의 인프라를 고루 갖춘 입지에 들어서기 때문에 실거주 수요가 많을 것으로 기대한다”며 “영등포 뉴타운 정비 사업이 모두 끝나면 주거 환경이 더욱 좋아질 것”이라고 말했다."
https://www.chosun.com/economy/real_estate/2022/06/20/Z3ZUKNPMP5AUVAOU6O3UGMEXRI/,"서울 정릉골 재개발 시공사 선정
포스코건설이 공사비 6028억원 규모의 서울 성북구 정릉골 재개발 사업의 시공사로 최종 선정됐다고 19일 밝혔다. 지하 2층~지상 4층 81개 동, 1411가구 규모의 고급 테라스 하우스 단지를 지을 계획이다. 포스코건설은 “국내에 없던 대단지 테라스 하우스로 지역의 랜드마크가 될 것”이라고 설명했다. 포스코건설은 올해 정비사업에서만 1조5558억원을 수주했다.
서울 이문4구역 9500억 규모 재개발 수주
롯데건설과 현대건설 컨소시엄이 서울 동대문구 이문4구역 재개발 사업을 수주했다고 19일 밝혔다. 이문동 86-1번지 일대에서 지하 5층∼지상 40층 아파트 20개 동, 3720가구를 짓는 사업으로 총공사비는 9528억원이다. 컨소시엄 측은 “단지에 40층 높이의 스카이브리지를 적용하고 축구장 5배 크기 규모의 초대형 중앙광장을 설치할 계획”이라고 설명했다.
동탄신도시 복합업무시설 다음달 분양
경기도 화성시 동탄2신도시 지원시설용지 40-1블록에 들어서는 업무시설 ‘더챔버 라티파니’가 다음 달 분양된다. 지하 3층~지상 20층 규모 건물에 지식산업센터와 기숙사(110실), 근린생활시설 등이 조성된다. 동탄 테크노밸리는 한미약품 연구센터를 비롯해 첨단 기업들이 입주할 예정이다. 홍보관은 경기 용인시 수지구 손곡로 10에 마련된다."
https://www.chosun.com/economy/real_estate/2025/05/30/JR6E32L3K5FPRDFUQJZ32QHINE/,"서울 성북구 성북동 한 고급 주택 단지의 2층짜리 단독주택이 지난 3월 119억7000만원에 팔렸다. 올해 전국 모든 단독주택 중 가장 비싸게 거래됐다. 매수자가 누구인지 관심을 끌었는데, 새 주인은 중국 국적자로 나이는 33세에 불과했다. 국내 금융기관의 근저당 설정이 없어 전액 현금으로 산 것으로 추정된다.
서울 강남 아파트 시장도 중국 ‘큰손’이 주요 고객이 된 지 오래다. 1988년생 중국인이 강남구 도곡동 ‘타워팰리스’ 펜트하우스를 89억원에 사들였는데, 자금 조달 계획서에 ‘전액을 외국 은행 대출로 충당했다’고 적었다. 압구정이나 잠실 등 강남권 알짜 재건축 아파트를 사들여 ‘장기 투자’하는 중국인도 늘었다. 한 외국인 전문 공인중개업소 관계자는 “외국인은 자국 은행이나 부모 도움을 받았는지 자금 출처가 명확하지 않은 경우가 많아서 우리 국민보다 부동산 사기가 훨씬 수월한 편”이라고 했다.
최근 수년간 국내에서 아파트나 단독주택, 땅을 사들이는 중국인이 크게 늘어 이들의 부동산 거래를 제한하거나 엄격히 심사할 필요가 있다는 지적이 나온다. 특히 자금력을 갖춘 중국인들은 사실상 투기 목적으로 부동산을 사들여 가격을 왜곡하고 집값 상승 등 과열을 부추긴다는 것이 이유다. 다주택자로 임대 사업을 하면서 세금 탈루 우려도 제기된다. 실제로 몇 년 전 유학 비자로 입국한 30대 중국인이 아파트 8채를 소유해 놓고 신고 없이 전·월세 수입을 챙긴 일이 적발되기도 했다.
또한 중국인을 포함한 외국인 수요자들 때문에 부동산 시장 안정을 위한 정부의 대출 규제가 제대로 작동하지 않는다는 지적도 있다. 외국인도 국내에서 LTV(주택 담보 인정 비율) 등 대출 규제, 양도세나 종합부동산세 등을 똑같이 적용받지만, 자기 나라에서 조달하는 자금 출처나 가족 간 증여 등을 정확히 파악하기 어려워 실효성이 떨어진다는 것이다. 실제로 우리 정부 감시를 피해 외국환은행을 거치지 않고 거액을 불법 반입해 부동산을 사들이고 목적과 다른 대출금을 유용한 외국인의 투기성 행위가 작년에만 433건 적발됐다. 이 중 192건(44.3%)이 중국인이 저지른 것이었다.
1998년 정부가 외자 유치를 위해 부동산 시장을 전면 개방하면서 국내 외국인 토지 거래 관련 제도는 허가제에서 신고제로 크게 간소화됐다. 군사 시설이나 서·남해안 국경 도서 지역 일부만 ‘외국인 토지 거래 허가 구역’으로 묶여 있을 뿐 그 외 지역에선 외국인이 부동산을 사는 데 별다른 제약은 없다.
◇중국인 소유주 급증, 강남 매수도 늘어
29일 법원 등기정보광장의 외국인 소유권 이전 자료를 분석한 결과, 국내에서 아파트, 빌라, 상가, 토지 등 부동산을 소유한 중국인은 2020년 5만4320명에서 지난달 9만6955명으로 5년 만에 78.5% 급증했다. 외국인 중 중국인 비율은 같은 기간 35.5%에서 41.6%로 뛰었다. 중국인 열 명 중 일곱 명은 서울과 경기, 인천 등 수도권 지역의 부동산을 소유하고 있었다. 2020년 3만8419명이 수도권 부동산을 갖고 있었는데, 지난달엔 79.1% 늘어 6만8819명이 됐다. 최근엔 차이나타운이 있는 금천구나 영등포구 외에 상대적으로 땅값이 비싼 서울 강남 지역 매수도 늘고 있다.
중국인 집주인 증가에 국내에선 불만이 커진다. 내국인이 복잡한 절차를 지키고 각종 규제를 적용받아 부동산을 사는 것과 달리 중국인들은 자유롭게 국내 부동산을 매입하고 있어 ‘역차별’ 문제가 있다는 것이다. 한·중 간 토지 거래 분야에서 ‘상호주의’를 적용해야 한다는 주장이 많다. 중국 내 토지는 기본적으로 외국인이 매입할 수 없고, 주택을 사려 해도 1년 이상 거주해야 하는 등 조건이 까다롭다. 반면 중국인들이 국내에서 부동산을 살 때 적용받는 규제는 없는 것이나 마찬가지라는 지적이다. 가령 해외에 있는 지인이나 법인에서 돈을 빌려 저자본으로 국내 부동산을 사는 경우 국내 규제 당국이 출처를 정확히 파악하기 어렵다. 외국인에게 다주택자 규정을 적용하려 해도 가구원 파악이 안 돼 세금을 징수하지 못하는 경우도 적지 않다.
◇‘수도권 외국인 거래 제한’ 법안 발의
일각에선 해외 사례를 참고해 중국인을 상대로 토지 거래를 제한해야 한다는 얘기도 나온다. 호주는 지난 4월부터 비거주자 외국인의 기존 주택(신축 등 제외) 구매를 금지했다. 중국인들이 호주 부동산을 집중적으로 사들이자 최대 도시인 시드니를 중심으로 집값이 급등하고 현지 주민들 사이에선 “외국인 때문에 집 사기가 어려워졌다”는 불만이 팽배했다. 2020년부터 2년간 밴쿠버 같은 대도시 집값이 50% 정도 급등한 캐나다에선 중국인 투자자를 겨냥해 2023년부터 외국인의 주거용 부동산 구매를 금지했다.
국내 여론이 들끓자 최근 정치권에선 ‘수도권 외국인 토지 거래 허가제’ 도입 법안이 제출됐다. 중국처럼 우리 국민의 부동산 매입을 금지·제한하는 국가의 국적자에게 우리도 똑같은 규정을 적용해야 한다는 ‘상호주의’ 내용이 포함됐다. 안보 차원에서 군사 시설 보호 구역이나 인근에서 외국인의 토지 거래를 금지해야 한다는 내용의 법안도 발의됐다. 중국 정부가 서울 대통령실과 미국 대사관 인근의 토지를 대거 사들인 사실이 최근 드러나 논란이 된 바 있다."
https://www.chosun.com/economy/real_estate/2020/11/25/UE6KC3G25FDKZBLWKCT6JGDHH4/,"[땅집고] “개정 공인중개사법 시행 후 서울 아파트 매물이 30% 감소했다.”(홍남기 경제부총리)
“임대차법 시행 2주 만에 서울의 아파트 전세 매물은 3만8557건에서 3만2505건으로 15.7% 줄었다.”(A 인터넷 언론사 보도)
최근 정부와 일부 언론기관이 민간업체와 공공기관이 제공하는 아파트 매물 통계, 매매가격지수 등 각종 통계를 검증 없이 그대로 인용하거나, 입맛에 맞게 포장해 보여주는 사례가 속출해 주택 시장 왜곡 우려가 크다는 지적이다.
부동산빅데이터 업체인 ‘아실(아파트 실거래가)’의 자료가 대표적. 아실은 ‘매물 증감’코너를 통해 기간별·지역별로 매매와 전세·월세 물량 데이터를 실시간으로 제공한다. 일반적으로 매물은 공인중개사만 알고 있는데, 이 숫자를 보여준다는 것은 매우 어렵기 때문에 언론 보도는 물론 정부 발표에도 종종 인용된다.
문제는 이 데이터가 전국 모든 매물을 정확하게 파악한 것이 아니라는 점이다. 아실 관계자는 “매물을 갖고 있어도 인터넷에 올리지 않거나 1개 매물을 여러 중개사가 중복해서 올리는 경우도 있어 정확한 매물 숫자는 아니다”라며 “데이터는 추이를 확인하는 정도의 참고 자료로 봐야 한다”고 밝혔다.
하지만 정부 발표나 언론 보도에서는 이런 문제점을 대부분 밝히지 않고 있다. 주택 시장 참여자들은 마치 정확한 통계인 것처럼 오해할 소지가 다분한 것이다. 인터넷 부동산 허위매물을 관리하는 한국인터넷자율정책기구(KISO) 역시 “전체 매물 수량은 실시간으로 변하기 때문에 정확한 파악이 어렵다. 자료 해석에 주의가 필요하다”고 했다.
홍남기 경제부총리가 개정 공인중개사법 시행 효과로 허위 매물이 줄었다고 주장하면서 아실 자료를 그대로 인용한 것은 부적절했다는 비판이 나온다. 그는 지난 8월26일 부동산점검 관계장관회의에서 “민간 부동산통계업체에 따를 경우 시행 첫날 서울 아파트 매매·전세·월세 매물 모두 20일 대비 24일 기준으로 약 30% 감소한 것으로 파악된다”고 말했다.
우동윤 우대빵부동산아카데미 대표는 “이전에는 집주인이 중개업소 한 곳에 내놓은 매물을 여러 업소가 자기 매물인 것처럼 인터넷에 올려 광고했지만 중개사법 시행 이후 허위 매물 단속을 두려워해 자기 매물이 아니면 올리지 않는다”며 “언뜻 매물 숫자가 크게 줄어든 것처럼 보일 수 있지만, 그것이 허위 매물이 감소했다는 의미는 아니다”라고 말했다.
개정 임대차법 시행 후 아파트 전세 매물이 급감했다는 보도 역시 마찬가지다. 최근 전세 매물 감소는 임대차법 시행에 따른 부작용 때문이라는 것은 틀림없지만, 아실이 집계하는 전세 매물이 감소하는 데에는 다른 요인도 있다. 이를테면 가을 이사철이 지나면서 상당수 매물이 이미 계약된데다 허위매물 단속 우려로 중복 매물도 줄었다. 이런 고려 없이 단순히 아실의 통계만 보면 임대차법 시행 부작용의 효과를 실제보다 과대 평가할 수 있다.
한국감정원과 KB국민은행의 서로 다른 시세 통계도 이용자 입맛에 따라 사용된다는 점에서 맥락이 같다. 국토교통부는 감정원의 아파트 매매지수와 전세가격변화를 근거로 부동산 정책이 효과를 보고 있다고 자평한다. 반면 비판론자들은 KB국민은행 시세 자료를 근거로 ‘정책 무용론’을 펼친다.
송언석 의원은 지난달 국토부 국정감사에서 한국감정원과 KB국민은행의 서울 아파트 매매가격지수는 이명박 대통령 재임 기간에 0.4%포인트 수준, 박근혜 대통령 재임 시절에는 2.1%포인트 차이를 보였다는 자료를 냈다. 반면 문재인 대통령이 취임한 2017년 5월~올 8월까지 두 기관 매매가격지수 변동 폭은 2배 차이(한국감정원 15.7% 증가, KB국민은행 30.9% 증가)를 보였다.
이은형 대한건설정책연구원 책임연구원은 “정부는 집권 초기 공급 부족은 없고 집값이 투기세력 때문에 올랐다는 논리를 펼치다가 최근에 이를 뒤집었다”면서 “정부 정책 실패에 대한 반성없이 되레 정책 효과를 홍보하려다보니 멋대로 된 통계 인용이 일어나고 있다”고 했다. /장귀용 땅집고 기자 jim332@chosun.com
▶내년부터 세금 폭탄. 전국 모든 아파트 5년치 보유세 공개. ☞땅집고 앱에서 확인하기!!"
https://www.chosun.com/economy/real_estate/2022/11/22/ISXA2PJEYNFFFJIS6XY4Y2D3DY/,"올해 마지막으로 열리는 12월 땅집고옥션이 국내 최고 상권 중 하나로 꼽히는 서울 강남구 신사동 가로수길 일대 알짜 빌딩 매물을 골라 ‘가로수길 특별전’으로 진행한다. 출품 매물은 4건이며 전체 매도 희망가격은 총 1085억원이다. 150억원 안팎 건물 3건과 600억원대 빌딩 1건이다. 건물별로 대지면적은 165~800㎡(50~250평대) 규모다. 이번에 매물을 출품한 땅집고옥션 파트너사인 알스퀘어 육재복 매입매각본부 팀장은 “강남 상권 핵심인 가로수길 꼬마빌딩 가운데 투가 가치 있는 물건을 골라냈다”고 했다.
이번 특별전은 이전 옥션 진행 방식과 큰 차이가 있다. 우선 가로수길 특별전은 매도자 요청에 따라 온라인으로 매물 정보를 제공하지 않고 오프라인 현장 설명회에서 상세 정보를 제공한다. 현장 설명회 참석자에게만 정확한 매물 위치와 임대현황, 가격 등을 공개한다. 현장 설명회는 12월 8일이며 1,2부로 나뉜다. 1부(상권 설명회)는 알스퀘어 회의실(서울 강남구 테헤란로 31)에서 진행하고, 2부(매물 설명회)는 가로수길로 이동해 매물을 직접 확인한다. 설명회 참가는 무료이며 참가자는 20명 안팎으로 제한한다. 참가 신청은 땅집고옥션 운영사인 BTG컨설팅에서 전화로 받는다.
또 12월 옥션부터 매수자들이 ‘매수 희망가’를 써내는 방식으로 진행한다. 적정 매수희망가격을 써낸 매수자를 압축해 우선협상대상자군(숏리스트)을 최대 3명까지 지정하고 이후 최종 가격 협상을 통해 낙찰자를 정하는 방식이다. 정을용 BTG컨설팅 대표는 “사고 싶은 매물이 옥션에 나오면 주변 시세와 매도 희망가격을 고려해 적절한 매수 희망가격을 제시할 수 있다”면서 “가격 협상 여지가 있어 매수자 폭이 확대될 것으로 기대한다”고 말했다."
https://www.chosun.com/economy/real_estate/2021/04/23/PJQ44EXDPFDGVNOMPWYO3JEOUY/,"올해 부동산 트렌드쇼에서는 부동산 투자 관련 세미나뿐 아니라 건축 인문학, 주식 투자 등의 특별 강연도 진행된다.
30일 오후엔 경제 전문 유튜브 채널 ‘삼프로TV’를 운영하는 김동환 대안금융경제연구소장이 ‘주식의 시대, 투자의 자세’를 주제로 강연한다. 김 소장은 1992년부터 20여년간 증권업계에 종사하며 하나IB증권(현 하나금융투자) 이사·리딩투자자문 대표 등을 지냈다. 2018년 김 소장이 기자 출신 이진우씨(이 프로), 팟캐스트 진행자 정영진씨(정 프로)와 경제 분야 팟캐스트로 시작한 ‘삼프로 TV’는 유튜브로 자리를 옮겨 현재 구독자가 134만명에 달할 정도로 인기를 끌고 있다.
김 소장은 자산 배분, 포트폴리오 구축, 투자 시기 선택 등 기본적인 투자 전략과 유망 분야, 해외 투자 등에 대해 이야기를 나눌 예정이다. 2030세대의 주식 투자 열풍, 세대별 투자 전략도 분석한다. 김 소장은 “최근 젊은 층을 중심으로 금융과 경제에 대한 관심이 높아지고 있는데, 건전한 자산 운용에 도움이 될만한 이야기를 준비했다”고 했다.
둘째 날인 1일 오후엔 TV 예능 프로그램 ‘알쓸신잡’에 출연해 대중에게도 잘 알려진 유현준 홍익대 교수(유현준건축사사무소 대표 건축가)가 연단에 선다. 유 교수는 연세대 건축공학과를 졸업하고, 미국 매사추세츠공과대학(MIT)과 하버드대에서 건축설계 석사 학위를 받았다. 하버드대를 졸업한 후 세계적 건축가 리처드 마이어의 건축사무소에서 실무를 익혔고, 30여 차례 국제·국내 건축상을 받았다. 쓴 책으로 ‘도시는 무엇으로 사는가’ ‘어디서 살 것인가’ ‘공간이 만든 공간’ 등이 있다.
유 교수는 ‘공간의 미래’를 주제로 도시의 역사를 훑어보고, 기술 혁신이 건축에 미치는 영향 등을 인문학적으로 분석한다. 포스트 코로나 시대에 공간과 집의 의미가 어떻게 변할지, 앞으로 도시의 기능은 어떻게 달라질지 등에 대한 이야기도 들려준다. 유 교수는 “도시와 그 안에 사는 사람들 간의 관계가 어떻게 바뀌고 있는지 청중들과 함께 살펴볼 생각”이라며 “건축과 도시에 관심 있는 분이라면 재미있게 들을 수 있다”고 했다."
https://www.chosun.com/economy/real_estate/2022/10/11/OVMXWZUXXVC75GNNH4GJDIJPIA/,"정부가 지난 2020년 임대사업자의 전세 보증금 반환 보증 가입을 의무화한 이후 올해까지 발생한 전세 보증금 미반환 사고의 97%가 특정 법인 5곳에 집중된 것으로 나타났다. 정부가 이 업체들 대신 돌려준 전세 보증금만 1000억원이 넘는다. 세입자를 보호하려는 조치가 악성 업체들의 돈벌이 수단으로 전락했다는 지적이다.
10일 유경준 국민의힘 의원이 주택도시보증공사(HUG)로부터 제출받은 ‘임대보증금 보증 사고 현황’에 따르면, 2020년부터 올해 8월까지 집계된 보증금 미반환 사고 1219건 중 1180건(97%)이 5개 법인에서 발생했다. 이들이 돌려주지 않아 정부가 대신 물어준 보증금은 총 1021억원이다. 보증 사고가 가장 많았던 업체는 A종합건설로 3년 사이 총 765건, 685억원의 보증금을 돌려주지 않았다. 이 회사를 포함한 보증 사고 상위 5개 업체 모두 회사명에 ‘건설’ ‘토건’ 등 건설업과 관련된 단어가 포함돼 있다. 건설 업계 관계자는 “다세대주택을 전문적으로 지어 분양 또는 임대하는 ‘빌라 업자’로 추정된다”고 말했다.
HUG의 전세금 보증 상품은 세입자가 가입하는 전세금 반환 보증과 임대인이 가입하는 임대보증금 반환 보증 두 가지다. 가입 주체만 다를 뿐 임대인이 보증금 반환을 못 하면 HUG가 대신 돌려주고 임대인에게 구상권을 청구하는 구조는 똑같다. 정부는 세입자 보호 명목으로 2020년 7월 임대사업자의 보증 가입을 의무화했다. 그 결과 2019년 16만6700가구였던 임대보증금 반환 보증 가입 주택이 지난해 30만8900가구로 85% 늘었다.
부동산 업계에서는 과거부터 보증금 반환 보증 제도에 대한 악용 우려가 끊이지 않았다. 빌라 업자가 지역 공인중개사와 결탁해 시세보다 높은 가격에 신축 빌라의 전세 계약을 맺고 반환 보증에 가입한 후 의도적으로 보증금을 돌려주지 않아도 이를 사전에 적발하기가 어렵기 때문이다. 빌라는 아파트와 달리 적정 시세를 알기 어렵고, 확정일자만 받으면 전세 보증금을 지킬 수 있다는 인식 때문에 부동산 거래 경험이 적은 신혼부부나 청년층이 이런 식의 전세 사기를 당할 위험이 높다. 아예 처음부터 임대인과 세입자가 짜고 보증 사고를 낸 후 HUG로부터 받은 보증금을 나누는 사례도 있는 것으로 알려졌다.
더 큰 문제는 보증 사고를 상습적, 또는 고의적으로 일으키는 사업자들을 걸러내기 힘들다는 점이다. HUG는 대신 돌려준 전세금을 갚지 않은 사업자에 대해 추가 보증을 거부하고 있지만, 세입자가 보증료를 대신 내는 경우는 가입을 허가하고 있다. 보증료를 세입자에게 떠넘기는 경우나 임대인과 세입자가 공모(共謀)한 전세 사기에 속수무책으로 당할 수밖에 없는 구조다. 지자체 차원에서 임대사업자 등록을 말소할 수도 있지만 세입자가 소송을 제기하는 경우에만 가능하기 때문에 현실적으로 어렵다. 이 같은 제도적 허점 탓에 보증 사고 상위 5개 법인 명의로 보증에 가입된 주택이 아직 7624가구 남아 있다.
유경준 의원은 “전세 사기 위험이 큰 특정 법인들이 법적 허점을 악용해 돈을 벌고 세제 혜택까지 누리고 있지만 아무런 조치가 이뤄지지 않고 있다”며 “지금이라도 형사고발 조치와 함께 특단의 대책을 마련해야 한다”고 말했다."
https://www.chosun.com/economy/real_estate/2022/01/04/LN37SOO5TJHW5PRVR4SZHUXGQ4/,"미국·영국·캐나다·호주 등 부동산 전문기관이 “작년보다 상승폭은 줄겠지만, 올해도 집값 상승 기조가 이어질 것”이라는 전망을 잇따라 내놓고 있다. 저금리 기조 속 풍부한 유동성과 집을 사려는 수요에 못 미치는 공급량, 코로나 장기화에 따른 넓은 집에 대한 수요 증가가 근거로 꼽힌다. 최근 ‘거래 절벽’ 속 집값 하락세가 확산하는 국내에서도 주요 연구기관들이 올해 집값이 더 오를 것으로 예측하는 이유와 다르지 않다.
◇”작년 19% 오른 미국, 올해도 11% 상승”
미국 부동산 테크 기업인 ‘질로’는 최근 “올해 미국 집값이 11% 상승할 것”이라는 전망을 발표했다. 질로는 “작년 집값 상승률인 19.5%에는 미치지 못하지만, 올해도 강력한 상승세가 이어질 전망”이라며 “주택 거래량도 작년(612만 가구)보다 증가한 635만 가구로 늘어나 2006년 이후 최대치를 기록할 것”이라고 밝혔다. 미국 주요 언론들도 “주택 공급 부족, 코로나 이후 늘어난 원격 근무, 낮은 금리로 인한 주택 수요 증가 등 2년 동안 판매자에게 우위를 제공한 요인이 올해도 지속할 것”이라고 전망했다.
지난해 호주는 1989년 이후 가장 높은 집값 상승률을 기록했다. 시드니가 25.8%로 가장 가격이 많이 올랐고 브리즈번(25.1%), 캔버라(24.5%) 등에서 급등세를 보였다. 2%가 채 안 되는 모기지 금리가 부동산 가격을 끌어올렸다는 분석이다. 이런 상황에서 내셔널호주은행과 커먼웰스은행 같은 호주 금융기관들은 올해 집값 상승률을 4.9~8% 수준으로 예상했다. 작년만큼은 아니지만, 올해도 만만치 않은 상승률을 보일 것이란 전망이다.
작년 10%의 집값 상승률을 기록한 영국 역시 올해 집값이 3~5% 오른다는 예측이 많다. 영국 일간지 가디언은 영국의 종합 부동산 그룹 세빌스를 인용해 “최근 몇 달 사이 주택 거래가 둔화하는 분위기지만, 코로나 상황에도 올해 집값은 여전히 오를 것”이라고 보도했다. 세빌스는 올해 런던은 6%, 영국 전체는 3.5% 수준의 가격 상승을 예상했다. 또 왕립감정평가사협회(RICS)는 영국 전체가 5% 이상 오를 수 있다고 발표했다. 또 로이터는 부동산 전문가 설문조사를 통해 캐나다 집값이 5% 오를 것으로 예측했다.
◇”금리 인상에도 공급 부족이 집값 끌어올려”
해외 각국 전문가들은 올해 집값 강세의 이유로 “매수 수요가 충분하고, 금리가 여전히 낮다”는 점을 들고 있다. 역대 최저 수준의 금리가 지속하면서 미국에서는 작년 한 해 1조6100억달러(1917조원)의 주택담보대출이 이뤄졌다. 2020년(1조4800억달러)보다 8.8% 늘어난 것으로 종전 최대치였던 2005년(1조5100억달러) 기록을 경신했다.
미국 연방준비제도(Fed)가 올해 세 차례 금리 인상을 시사했지만, 주택 수요를 잠재우지는 못할 것이라는 분석이 나온다. 캐나다 토론토도미니언은행 소속 리시 손디 연구원은 “올해 금리가 올라도 북미 지역의 집값 인상은 계속될 것”이라며 “집을 사려는 수요를 해소하기엔 공급이 부족하다”고 분석했다. 미국 경제매체 CNBC는 “주택 재고가 부족한 것은 물론 매물로 나온 주택 수도 사상 최저 수준”이라고 보도했다.
국내 연구기관의 집값 전망도 해외 주요국과 비슷한 상황이다. 지난해 전국 아파트값이 19년 만에 최고 상승률(19.2%. KB국민은행 기준)을 기록했지만, 국토연구원·주택산업연구원·한국건설산업연구원 등 주요 연구기관은 “올해 전국 집값이 2~5% 상승할 것”이라고 전망했다. 여전히 금리가 낮은 편이고, 수급 불균형이 완전히 해소되지 않았다는 이유다. 주택산업연구원은 “현 정부의 잘못된 부동산 정책으로 누적된 주택 공급 부족이 집값 상승을 유발하고 있다”고 지적했다."
https://www.chosun.com/economy/real_estate/2024/05/13/SW72KWVQKJCSRMRCN7JTC7H4HM/,"HL디앤아이한라는 올 1분기 매출 3985억원, 영업이익 183억원을 기록했다고 12일 밝혔다. 작년 같은 기간보다 매출은 18.4%, 영업이익은 105.6% 증가했다. 회사 측은 “부천 소사역 아파트 입주와 인천 작전동 아파트 공사 본격화 등 분양 완료된 자체 사업장이 실적 상승을 이끌었다”고 설명했다.
HL디앤아이한라는 새 아파트 브랜드 ‘에피트’를 적용할 경기도 이천 사업이 지난달 중순 본 PF(프로젝트 파이낸싱) 전환을 마치면서 PF 우발채무 우려도 상당 부분 해결했다고 밝혔다. HL디앤아이한라 관계자는 “1분기 호실적과 재무 안정성을 토대로 양질의 수주를 확대해 나가겠다”고 말했다."
https://www.chosun.com/economy/real_estate/2023/07/12/3UGTIW3I25CNVIFD2BUSDFYN54/,"그동안 아파트 분양에 대해 부정적이었던 주택 사업자들의 전망이 긍정적으로 변하기 시작했다.
11일 주택산업연구원(주산연)이 주택 사업자 500명을 대상으로 설문조사한 결과, 7월 수도권 아파트 분양전망지수는 지난달보다 11.3포인트 오른 102.7을 기록해 작년 5월(102.9) 이후 14개월 만에 기준선인 100을 넘어섰다. 이 지수는 주택 사업자 입장에서 분양 여건을 종합적으로 판단한 지표로, 지수가 100을 넘으면 분양을 ‘긍정적’으로 전망한다는 응답이 ‘부정적’ 전망보다 더 많다는 의미다. 서울은 지난달 대비 10.3포인트 상승한 116.2를 기록했고, 인천(92.0)과 경기(100.0)도 전월보다 상승했다.
지방은 긍정 전망이 지난달보다 늘긴 했으나, 여전히 100 아래였다. 지방 광역시는 12.3포인트 오른 93.7, 기타 지방은 16.8포인트 오른 98.3으로 각각 집계됐다. 이에 따라 7월 전국 아파트 분양전망지수는 14.3포인트 오른 97.5를 기록했다. 주산연은 “정부의 활성화 대책과 함께 사업자가 공급 물량을 조절하고 할인 분양에 나서면서 수도권 청약 경쟁률이 개선됐고, 분양 시장에 대한 긍정적 인식도 높아진 것으로 보인다”고 했다.
이달 아파트 분양가격 전망지수는 14.6포인트 올라 117.7을 기록했다. 이 지수도 100 이상이면 분양 가격이 오를 것이라는 전망이 더 많다는 의미다. 주산연은 “건설 원가 상승이 가장 큰 요인이지만, 청약 경쟁률과 분양 가능성이 커지면서 지수 상승을 이끌었다”며 “경기 부진과 자금 조달 어려움, 미분양 리스크 등으로 분양 시기를 미뤄왔던 사업자들이 다시 분양에 나서기 시작하면서 분양 물량도 늘어날 전망”이라고 했다."
https://www.chosun.com/economy/real_estate/2022/09/22/FBQOPXAVGBCEVE6JK7BML7N2EY/,"정부가 21일 세종시를 제외한 지방 전역과 수도권 일부까지 규제 지역에서 푼다고 발표하자 부동산 전문가들 사이에선 “예상보다 훨씬 파격적인 결정”이란 반응이 나왔다. 애초 시장에선 비수도권 중심으로 규제를 완화하더라도 부산 해운대·수영구 같은 잠재 수요가 많은 곳은 제외할 것이란 전망이 많았다. 또 수도권은 최근 집값 하락세가 가속하는 분위기지만, 기존 규제 지역을 유지할 것이란 관측이 지배적이었다. 함영진 직방 빅데이터랩장은 “정부로선 지금 규제 지역을 대거 해제해도 단기간에 주택 수요가 급증해 집값이 과열될 위험이 낮다고 판단한 것 같다”고 했다.
최근 아파트 거래가 역대 최저 수준으로 줄고, 수도권 일부 지역의 실거래가가 이전 최고가 대비 30~50%씩 내리면서 내수 침체 우려까지 나오는 점도 정부의 적극적 규제 완화 결정에 영향을 미친 것으로 풀이된다.
◇서울 1주택자, 지방에 한 채 더 사도 규제 無
이번 조치로 지방 5대 광역시인 부산·대구·광주·대전·울산과 충북 청주, 충남 천안, 전북 전주 등이 모두 비규제 지역이 됐다. 이 지역에서 집을 보유하고 있거나 새로 거래하는 사람은 지금껏 적용받던 10여 가지 규제에서 풀려난다. 맨 먼저 집값의 최고 70%까지 담보대출을 받을 수 있고, 집을 처분할 때까지 입주하지 않아도 대출을 회수당하지 않는다. 청약에 당첨된 후 입주하기 위해 지켜야 했던 기존 주택 처분 의무도 사라진다.
비규제 지역이 되면 다주택자 세금 규제가 대폭 줄어든다. 가령 지금은 서울에 집을 한 채 가진 사람이 부산에 집을 더 사면 취득세율이 8%였지만, 앞으로는 1~3%만 내면 된다. 비규제 지역에선 다주택자 종부세 최고 세율도 6%에서 3%로 낮아지고, 보유 기간에 따라 최고 30%까지 세금을 감면받는 양도세 장기 보유 특별공제 혜택도 챙길 수 있다.
이날 조정대상지역에서 해제된 지자체마다 환영 일색 반응이 나왔다. 부산시 관계자는 “실수요자의 거래 숨통은 트일 것”이라고 했고, 전주시에서도 “부동산 경기가 다시 살아날 것”이라고 했다. 정장선 평택시장은 “수차례 건의한 규제 해제 노력이 결실을 보았다”고 말했다.
◇”집값 자극 가능성 작아”
규제 완화 방안이 공개되기 전에는 “규제를 너무 급하게 풀면 어렵게 안정을 찾은 시장에 악영향을 미칠 수 있다”는 신중론도 나왔다. 실제 지난 정부는 2019년 11월 부산 해운대·수영·동래 등 인기 지역을 조정대상지역에서 해제했다가 단기간에 집값이 급등하는 부작용이 나타나자 1년 만에 다시 조정지역으로 묶기도 했다.
하지만 이번 규제 지역 해제에 대해서는 대다수 전문가가 “집값을 자극할 가능성은 크지 않을 것”이라고 전망한다. 장기간 집값 상승에 따른 피로감이 여전히 크고, 금리 부담이 높아진 탓에 규제가 풀리더라도 주택 수요가 즉각 살아나기는 어렵다는 것이다. 임병철 부동산R114 리서치팀장은 “지난 6월 대구와 전남 광양 등 규제 지역에서 해제된 곳 집값이 여전히 약세를 보이고 있다”고 했다. 이은형 대한건설정책연구원 연구위원도 “서울과 수도권 인기 지역은 규제가 그대로인 데다 금리·환율 등 거시 경제 환경도 여전히 부정적”이라고 말했다.
일각에선 수도권 내에서 비규제 지역이 된 곳에 대해 ‘풍선 효과’를 우려하는 목소리도 나온다. 한국부동산원 집계로 올해 들어 8월까지 경기도 집값은 평균 0.74% 떨어졌는데, 이번에 규제가 해제된 안성 집값은 1.45% 올랐다. 평택(0.98%), 파주(1.96%)도 마찬가지다. 이상우 인베이드투자자문 대표는 “안성과 평택은 경부고속도로가 가깝고, 파주는 운정신도시와 GTX-A노선 호재가 있어 서울과 거리는 멀지만 주택 수요가 꽤 있다”며 “비규제 지역이 되면서 저가 주택 위주로 투자 수요가 몰리면서 집값이 꿈틀거릴 가능성도 있다”고 말했다.
권혁진 국토교통부 주택토지실장은 “정상적 주택 거래를 돕자는 차원에서 우선 지방 규제 지역을 풀고 수도권 외곽 지역도 풀었다”며 “앞으로 시장 상황을 살펴 불안정이 나타나면 언제든지 탄력적으로 재지정할 수 있다”고 말했다."
https://www.chosun.com/economy/real_estate/2021/08/17/VUTGSVG7PZDVZJU3OJ7KAUTOEU/,"조선일보가 종합 부동산 미디어 플랫폼 땅집고, 물류 개발 PM 전문회사인 콜드트레인팩토리와 함께 ‘물류 부동산 개발 실전과정’ 4기 수강생을 모집한다. 4기 과정은 오는 9월 8일부터 시작한다.
물류 부동산 개발 사업에 대한 실전형 지식과 노하우를 배우고, 네트워킹을 구축할 수 있는 전문 교육 강좌로 국내 최초 물류센터 개발 플랫폼인 ‘스마트 물류 얼라이언스’에 참여한 물류 전문기업 임직원이 강사진으로 참여한다. 강의는 총 8회에 걸쳐 ▲물류 개발 최신 트렌드 ▲자금 조달 전략 ▲사업성 검토 ▲인허가 ▲지역별 입지 여건 분석과 개발 전략 수립 ▲스마트 물류 시스템 구축 ▲시설 관리 방안까지 물류 개발에 관한 모든 부분을 다룰 예정이다.
[물류 부동산 개발 실전과정 4기 모집]
▲교육 일정: 9월 8일(수)~ 10월 8일(금) / 매주 수·금 오후 3시 30분~6시
▲장소: 땅집고아카데미교육장(서울 중구 태성빌딩 2층)
▲수강료: 1인당 200만원(2인 이상 동시 수강 시 각각 10% 할인)
▲모집 인원: 선착순 30명 내외
▲수강 신청: 홈페이지(realtyevent.chosun.com)에서 신청
▲문의: (02)724-6382"
https://www.chosun.com/economy/real_estate/2022/11/28/PGUVCA6LTFEJJBLPL2563JJPFM/,"최근 수도권 아파트 시장에선 수개월 사이 실거래가격이 30% 안팎으로 내린 단지가 속출하고 있다. 정부가 주택시장 경착륙을 막기 위해 최근 서울을 뺀 수도권 대부분을 비규제지역으로 풀었지만, 집값 내림세에 더욱 속도가 붙는 모습이다. 부동산 전문가들은 “과거 집값 상승기에 정부가 규제를 찔끔찔끔 내놓으면서 시장 왜곡만 부추긴 선례가 있다”면서 “부동산 경기 침체가 경제 전반의 위기로 확산하는 것을 막으려면 규제 완화가 시장의 예상보다 더 빠르게 이뤄져야 한다”고 지적한다.
◇서울 외곽 아파트 값 30% 가까이 내려
서울 노원구(-7.17%)와 도봉구(-7%)는 올 들어 아파트 값이 7% 넘게 내렸다. 최근 1~2년 사이 무주택 서민층의 주택 매수가 집중된 지역에서 부동산 경기 침체가 더 심하게 나타나고 있다는 뜻이다. 실제로 서울 강북구 미아동 ‘SK북한산시티’ 전용면적 59㎡는 지난 7일 24층 매물이 5억6000만원에 팔렸다. 같은 면적 21층 매물이 4월 초 7억5300만원에 팔린 것과 비교하면 7개월 만에 26% 내렸다. 서울 구로구 개봉동 ‘현대아파트’ 전용 114㎡(8층)는 이달 초 8억5000만원에 매매 계약됐다. 작년 12월 초 18층 매물이 12억원에 팔렸는데 1년도 안 돼 실거래가가 29% 하락했다.
집값 하락 외에도 미분양 물량 증가, 경매 물건 급증 등 전형적인 부동산 시장 침체의 징후가 곳곳에서 나타나고 있다. 국토교통부가 집계한 9월 말 기준 전국 미분양 주택은 4만1604가구로 작년 말(1만7710가구)의 2.3배 수준이다. 경매 시장 동향도 부동산 경기 침체를 잘 보여준다. 주택 소유자가 빚을 제때 못 갚아 지난달 경매를 신청한 건수(2648건)는 전월 대비 37.6% 급증했다. 이남수 신한은행 행당동 지점장은 “가파른 금리 인상으로 대출을 활용해서 집을 산 사람들이 채무 상환에 어려움을 겪고 있다는 뜻”이라고 말했다.
여러 방면에서 주택경기 경착륙 우려가 나타나지만, 정부는 아직 추가 규제 완화에 조심스러운 모습이다. 원희룡 국토부 장관은 최근 서울 아파트 값 하락과 관련해 “정상적인 가격 수준인지 면밀히 조사하고 있다”며 “서울을 규제지역에서 해제하는 것은 좀 더 지켜봐야 한다”고 했다. 이에 대해 고종완 한국자산관리연구소장은 “주택담보대출 금리가 7%대에 달하고, 최근 집값 추가 하락이 유력한 상황에서 누가 집을 사려고 하겠느냐”며 “정부가 시장의 기대를 뛰어넘는 부동산 경기 진작 방안을 마련해야 한다”고 말했다.
◇”아직 덜 내렸다” vs “대폭락은 없다”
최근의 집값 내림세가 얼마나 길게 이어지고, 언제쯤 변곡점이 나타날 것인가에 시장의 관심이 쏠린다. 일부 전문가들은 “최근 시장 상황은 초기 하락장의 모습으로 더 심한 침체가 닥칠 것”이라는 전망을 내놓고 있다. 그러나 IMF 외환 위기나 글로벌 금융 위기 때 같은 상황이 반복될 가능성은 작기 때문에 과도한 비관론을 경계해야 한다는 지적도 나온다.
‘아파트 투자는 사이클이다’ 등의 책을 낸 이현철 아파트사이클연구소장은 최근 본지 인터뷰에서 “(집값이) 평균적으로 40% 하락할 것이고, 하락장이 7년 정도 지속할 가능성이 있다”고 비관적인 전망을 밝혔다. 그는 “지금은 집값이 내렸다고 해도 집주인들이 반신반의하면서 여전히 버티고 있어 거래가 많지 않다”며 “이들이 버티기에서 매도로 급변하면, 하락 거래가 본격화할 것”이라고 했다.
반면 익명을 요구한 한 시중은행 부동산 팀장은 “단기간에 주택 경기가 반등하진 않겠지만, 서울과 수도권 요충지는 ‘대폭락’을 우려할 정도는 아니다”라며 “15억원 이상 고가 주택에 대한 담보대출이 재개되고, 금리 인상이 멈춘다는 신호가 감지되면 다시 주택 매수 수요가 회복될 것”이라고 말했다.
박합수 건국대 교수는 “정부는 집값이 다시 불안해질 것을 우려해 ‘속도 조절’을 고민하지만, 이미 시장 수요가 얼어붙었기 때문에 규제 완화에 속도를 내야 한다”며 “서울도 강남권 일부 지역을 제외하고는 문재인 정부 이전 수준으로 규제를 풀어야 한다”고 말했다."
https://www.chosun.com/economy/real_estate/2022/10/26/U2RXNU7FWJBQRJZB3FY4YV7R5I/,"▲한일시멘트▷사장 전근식▷상무보 이자규
▲한일현대시멘트▷전무 박진규
▲한일산업▷상무보 이종훈
▲한일L&C▷부사장 정욱준▷상무보 최형욱"
https://www.chosun.com/economy/real_estate/2022/12/05/7O4BE2GDRJAY3JNP6QP4V2MY4E/,"레고랜드 사태 이후 부동산 PF(프로젝트파이낸싱) 시장이 얼어붙으면서 건설 업계가 유동성 확보에 사활을 걸고 있다. 이런 가운데 태영건설이 1000억원이 넘는 신규 자금을 조달한 것으로 확인됐다.
태영건설은 지난달 30일 신규 기업어음(CP)을 발행해 운영 자금 500억원을 확보했다고 4일 밝혔다. 또한 같은 날 전북 전주 에코시티 15블록 임대주택 사업과 관련해 525억원 규모의 신규 PF 대출 약정도 체결했다. 하루에 총 1025억원을 조달하는 데 성공한 것이다. 전주 에코시티 15블록 사업은 전주시 송천동2가 1293-65번지 일원에 공공지원 민간임대주택 748가구를 조성하는 사업이다.
이에 앞서 태영건설은 지난달 17일 서울 강서구 공항동 지역주택조합 사업의 기존 대주단과 PF 대출 연장 계약을 완료했다. 이 사업은 공항동 61-41번지 일원에 450가구 규모의 공동주택을 짓는 사업으로 총 사업비는 3007억원이다. 건설 업계 관계자는 “레고랜드 사태 이후 신규 PF 대출은 아예 막혔고, 기존 PF 대출 연장이나 차환 역시 쉽지 않은 상황”이라며 “태영건설이 시장 침체 속에서도 양호한 분양 실적 덕분에 자금 조달에 성공한 것 같다”고 말했다.
지난달 태영건설이 공급한 경기도 광주시 ‘광주 더파크 비스타 데시앙’은 1073가구 모집에 6000건이 넘는 청약이 접수됐다. 강원도 고성군 토성면에 공급하는 ‘아야진 라메르 데시앙’ 역시 지난달 평균 경쟁률 4.1대1을 기록했다. 태영건설 관계자는 “새로 분양한 아파트 단지마다 모두 계약을 마감한 것이 안정적인 재무구조 유지에 큰 도움이 되고 있다”고 말했다."
https://www.chosun.com/economy/real_estate/2023/07/26/NHBK6IBPFVCN3EAGO6WLENZJOE/,"국토교통부는 역전세로 인해 기존 세입자의 전세금 반환에 어려움을 겪는 집주인을 위한 역전세 반환대출 규제 완화가 27일부터 1년간 한시적으로 시행된다고 26일 밝혔다.
우선 집주인이 전세금 반환용도로 은행권(인터넷 은행 제외) 대출을 이용할 경우, DSR(총부채원리금상환비율) 40% 대신 DTI(총부채상환비율) 60%를 적용한다. DTI는 주택담보대출 원리금 상환액 외 다른 대출은 이자상환액만 더해 한도를 계산하지만 DSR은 모든 대출의 원리금 상환액을 기준으로 심사한다. 이에 따라 집주인이 대출받을 수 있는 한도가 늘어나게 된다. 임대사업자에게 적용되는 RTI(부동산임대업 이자상환비율)의 경우 1.25~1.5배가 1배로 완화된다. RTI는 연간 임대소득을 이자비용으로 나눈 값으로 임대사업자의 대출 적정성을 평가하는 지표다.
정부는 후속 세입자가 당장 구해져서 전세금 차액분(기존 전세금-신규 전세금)을 대출받는 경우뿐만 아니라, 당장 후속 세입자를 구하지 못한 경우에도 전세금이 기존 세입자에게 원활히 반환될 수 있도록 완화된 대출규제를 적용하기로 했다. 다만 1년 이내에 후속 세입자를 구해 해당 전세금으로 대출 금액을 상환하도록 할 예정이다.
또한 집주인이 기존 세입자 퇴거 후 직접 입주하는 경우에도 자력반환 능력(현재 거주주택의 전세보증금 등)을 엄격히 확인하는 것을 전제로 반환자금을 대출받을 수 있도록 지원한다. 이 경우 집주인은 대출 실행 후 1개월 내 입주해야 하며, 최소 2년 이상 실거주 여부 모니터링 등 엄격한 관리가 병행될 예정이다.
이번 대책은 역전세 문제를 해소하기 위해 한시적으로 대출 규제를 완화하는 것인 만큼 다른 용도로 대출 자금이 활용되지 않도록 엄격히 관리할 예정이다. 지원 대상은 역전세 반환대출 규제 완화가 발표된 7월 3일 이전에 임대차계약이 체결된 경우 중 내년 7월 31일까지 임대차 계약 만료 등 반환 수요가 발생하는 경우로 한정한다. 지원 과정에서 집주인이 대출 외 다른 방법으로 전세보증금 상환을 할 수 있는 방법이 없는지도 확인할 계획이다.
아울러 대출금을 현 세입자에게 직접 지급해 집주인이 해당 자금을 전세금 반환 외 다른 용도로 사용하지 못하도록 관리할 방침이다. 또 반환대출 이용기간 동안은 집주인이 신규 주택을 구입할 수 없다. 주택 구입이 적발되는 경우 대출 전액 회수와 함께 3년간 주택담보대출 취급이 금지되는 등 페널티를 부과할 계획이다.
규제 완화를 적용받기 원하는 집주인은 후속 세입자와 ‘전세금 반환보증 가입’을 특약으로 하는 임대차계약을 체결해야 한다. 집주인은 후속 세입자가 입주한 후 3개월 이내에 전세금 반환보증에 가입하거나 보증료를 납입해야 한다. 이런 의무를 이행하지 않을 경우 대출금 전액 회수 등 제재 조치가 이뤄질 수 있다.
정부는 집주인이 후속세입자 보호를 위한 의무사항을 손쉽게 이행할 수 있도록 새로운 보증보험 상품도 한시적으로 운영할 예정이다. 27일부터 출시되는 ‘전세보증금 반환 특례보증’은 지역별 전세보증금 상한(수도권 7억원, 그 외 지역 5억원)을 적용하지 않고, 보증료율은 아파트는 0.13%, 아파트 외의 경우 0.15%로 설정한다. 후속세입자가 가입하고 집주인이 보증료를 납부하는 보증은 27일부터 HUG(주택도시보증공사) 영업지사나 홈페이지에서 신청할 수 있다. 집주인이 가입하고 보증료도 납부하는 보증은 8월 중 출시할 예정이다."
https://www.chosun.com/economy/real_estate/2020/10/30/7SL4XIXV2RAELGEOYA23CVHKHA/,"서울 아파트 전셋값이 다시 상승 폭을 키우며 70주 연속 올랐다. 수도권과 전국 전셋값은 5년 만에 가장 큰 폭으로 뛰었다. 문재인 대통령이 28일 국회 시정연설에서 “전세 시장을 기필코 안정시키겠다”고 했지만, 전세난은 오히려 속도가 붙어 전국적으로 확산하는 모습이다.
29일 한국감정원에 따르면, 서울 아파트 전셋값(26일 기준)은 1주일 전보다 0.1% 올라 70주 연속 상승했다. 최근 8주간 0.08~0.09% 상승률을 기록하다가 이번 주 들어 상승 폭이 커졌다. 강남권에서 오름세가 더 가팔랐다. 송파구가 일주일 사이 0.11%에서 0.19%로, 강남구는 0.1%에서 0.18%, 서초구가 0.1%에서 0.16%로 각각 상승률이 커졌다. 한국감정원은 “저금리, 실거주 요건 강화, 전·월세 계약갱신청구제, 청약 대기 수요 등으로 매물 부족 현상이 나타나며 교통·학군이 양호한 주요 단지 위주로 올랐다”고 설명했다.
수도권 아파트 전셋값은 0.23% 올랐다. 2015년 11월 첫째 주(0.23%) 이후 5년 만에 가장 높은 상승률이다. 인천(0.48%), 오산(0.4%), 광명(0.39%), 화성·용인(0.37%) 등에서 상승률이 두드러졌다. 전국 기준으로도 아파트 전셋값이 한 주 동안 0.22% 올라 2015년 4월 이후 5년 6개월 만에 최대 오름 폭을 기록했다. 신규 전세 수요는 꾸준한데 새 임대차법 시행 이후 전세 매물이 급감, 수천만원씩 오른 가격에도 전세 물건이 부족한 상황이다.
전세 공급에 숨통을 틔워 줄 입주 물량도 내년 큰 폭으로 감소한다. 부동산 정보업체 ‘부동산114’에 따르면 내년 서울 입주 물량은 2만6940가구로 올해보다 44.7% 적다. 경기도 역시 18.1% 줄어든다. 민간택지 분양가 상한제 영향으로 분양 물량도 줄고 있다. 국토교통부에 따르면 지난달 서울 공동주택 분양 물량은 165가구로 전년 동기(1931가구) 대비 91.5% 급감했다."
https://www.chosun.com/economy/real_estate/2020/09/25/WHJXO57WZFHSNKK6FMX4BEUHCI/,"서울 서초구 ‘반포주공 1단지’ 3주구(住區) 아파트 조합원에게 초과이익 환수 명목으로 1인당 4억원 넘는 재건축 부담금이 통보되면서, 초과이익 환수제발(發) 재건축 부담금 공포가 현실화하고 있다. 정부가 최근 안전진단 요건 강화, 분양가 상한제 등 재건축 관련 규제를 잇달아 강화하는 가운데 수억원대 부담금까지 현실화하면서 재건축이 지연되고 새 아파트 공급이 위축될 것이란 우려가 나온다. 본인이 살던 집을 고치는 것인 데다, 아직 실현되지도 않은 이익에 대해 거액의 부담금을 내는 것에 대한 논란도 계속되고 있다.
23일 반포주공1단지 3주구 조합에 통보된 4억200만원(예정액)은 재건축 초과이익 환수제가 시행된 이후 최대 부과액이다. 업계에선 이 금액이 강남권 대규모 재건축 단지 부담금의 기준이 될 것으로 보고 있다.
초과이익 환수제는 조합원이 재건축으로 얻은 이익의 최고 50%를 부담금으로 환수하는 제도다. 현재 부담금 최종 금액을 냈거나 예정액을 통보받은 단지는 60여 곳으로, 대부분 소규모 아파트다. 부담금 1억3568만원으로 이전까지 가장 액수가 컸던 서초구 ‘반포현대’ 역시 80가구에 불과하다.
반면 반포주공 3주구는 1490가구가 2091가구로 탈바꿈하는 대단지다. 이 때문에 재건축 초과이익 환수제 대상인 강남구 대치동 ‘은마’, 송파구 잠실동 ‘잠실주공5단지’ 등 강남권 주요 재건축 단지에도 영향을 미칠 것으로 보인다.
지난 6월 국토부가 내놓은 ‘강남권 5개 단지 시뮬레이션’ 결과를 보면 단지별로 평균 4억4000만~5억2000만원의 부담금이 부과될 것으로 예상됐다. 가장 적은 곳이 2억1400만~2억2800만원, 가장 많은 곳이 6억3300만~7억1300만원 수준이다.
초과이익 환수제는 지난해 말 헌법재판소에서 합헌 판결을 받았다. 하지만 ‘미실현 이익에 대한 과세’라는 점에서 논란이 계속되고 있다. 부과 시점보다 집값이 떨어져도 이를 보전하는 장치는 없다. 강남권의 한 재건축 조합 위원장은 “(반포3주구가 통보받은) 4억원은 조합원 입장에선 엄청나게 큰 돈”이라며 “특히 소득이 없는 고령 은퇴자들에겐 부담이 될 수밖에 없다”고 했다.
정부가 내세우는 집값 안정 효과도 미지수다. 정부는 2018년 재건축 초과이익 환수제를 전면 시행한 데 이어 3월 안전진단 요건을 강화했고 지난 7월부터는 분양가 상한제도 시행하고 있다.
이렇듯 재건축 규제가 누적되면서 결국 서울 주택 공급이 위축될 수밖에 없다는 지적이 나온다. 초과이익 환수제 등으로 수익성이 떨어진다고 판단한 재건축·재개발 조합원들이 사업에 적극적으로 나서지 않으면서 공급 물량은 줄어들 가능성이 크다는 것이다. 실제 대치동 ‘대치쌍용 1차’는 지난해 이후 사업을 멈춘 상태다. 인근 공인중개업소 관계자는 “조합원들이 재건축 부담금에 대해 크게 우려하고 있다”며 “정부의 각종 규제로 불확실성이 커져 앞으로 몇 년 간은 사업이 진척되기 어려울 것”이라고 했다.
지난해 기준 서울에서 새로 공급된 아파트 81%가 재건축·재개발 등 정비사업을 통해 나왔다. 정비사업 속도가 늦어지면 그만큼 주택 공급도 줄어들 수밖에 없다. 한국건설산업연구원은 지난해 12월 “최근 서울시 내 다수 정비사업에서 사업 지연이 발생하고 있어 과거 추정했던 것보다 실제 공급되는 양이 많이 감소했다”는 내용의 보고서를 내기도 했다. 이태희 부연구위원은 “주변 환경이 좋아지고 공급 물량이 늘어나는 등 공적 이익이 분명한데도 재건축을 전방위적으로 규제하다 보니 사업 자체가 위축되고 있는 상황”이라고 했다.
심교언 건국대 교수는 “공급 위축으로 신규 아파트가 귀해져 오히려 아파트 값을 더 올릴 가능성이 크다”며 “아파트에 수십 년 산 조합원은 돈을 내는데, 분양가 상한제로 시세의 50~70% 수준으로 아파트를 분양받는 일반 청약자는 시세 차익을 전혀 환수당하지 않는 것도 모순”이라고 했다."
https://www.chosun.com/economy/real_estate/2023/07/11/WLMYA77GSNHGTHHJ25JYKM64QA/,"서울 중구 충무로에 지하철역 4개를 끼고 남산이 한 눈에 보이는 세종빌딩이 400억원에 매물로 나왔다. 도심에서 보기 드물게 대지가 200평 이상으로 넓고 중소기업 사옥이나 갤러리·리테일 용도 등으로 단독 사용하기에 좋다.
이 건물은 대지 768.6㎡(232.5평), 연면적 3425.55㎡(1036평), 지하 1층~지상 7층 규모다. 당초 1994년 준공해 주차빌딩으로 쓰였는데 2019년 근린생활시설 겸 공장으로 리모델링을 마쳐 신축이나 다름없다.
충무로 일대는 광화문이 가깝고 강남권 진입이 편리해 오피스 수요가 풍부한 편이다. 대로변에 있어 눈에 잘 띄면서 지하철 4개 노선을 걸어서 이용 가능한 소위 ‘쿼드러플 역세권’이어서 충무로 일대 건물 중 알짜라는 평가를 받는다. 지하철 3·4호선 충무로역까지 걸어서 3분, 2·4·5호선 동대문역사문화공원역까지 10분여 걸린다.
이 매물을 중개하는 정을용 BTG부동산중개법인 대표는 “입지가 좋아 사옥으로 쓰기 적합한데 리모델링을 거쳐 외관이 독특하고 깔끔해 고급 갤러리도 가능하다”며 “층마다 화물 엘리베이터와 카 리프트(Car Lift)가 설치돼 리테일 화물·공장·물류용으로도 좋다”고 했다.
옥상에는 한옥도 만들었다. 남산이 한눈에 들어올만큼 조망이 좋아 공연이나 문화 행사, 외부 초청 이벤트 등을 열 수 있다. 게스트하우스로 꾸며 별도 임대 수익을 올릴 수도 있다.
세종빌딩 주변에는 개발 호재도 있다. 서울시가 세운재정비촉진지구를 지정해 낡은 저층 주택과 상가를 재개발하고 있다. 개발이 끝나면 고층 주거·상업시설을 포함하는 신(新) 도심으로 탈바꿈할 전망이다.
세종빌딩은 매도 희망가격이 400억원, 토지 기준 3.3㎡(1평)당 1억8000여만원으로 주변 시세와 비슷하다. 정 대표는 “프라임급 빌딩을 제외하면 서울 도심에서 대지 200평 넘는 사옥용 단독 빌딩을 찾기 힘들다”며 “건물 입지를 고려하면 가격도 경쟁력이 있다”고 했다."
https://www.chosun.com/economy/real_estate/2024/09/06/HJMDGL6M2JD5JJZGKAHRUMPV6M/,"서울 아파트 매매가격이 일주일 새 0.21% 오르며 24주 연속 오름세를 이어갔다. 이달부터 스트레스 DSR(총부채원리금상환비율) 2단계 규제가 시행되면서 상승 폭은 전주(0.26%)보다 0.05%포인트 줄었다. 부동산 시장에선 이번 대출 규제가 ‘똘똘한 서울 아파트 한 채’로 몰렸던 주택 매수 수요를 잠재울지 주목하고 있다. 전문가들은 “정부가 8·8 대책을 통해 중장기적으로 주택 공급이 확대될 것이란 신호를 주고, 대출 규제로 주택 수요 관리에 들어갔다”며 “아파트 매수 수요를 억눌러 집값을 잡겠다는 취지인데, 미국 금리 인하 등 대외 변수에 실수요자가 어떻게 반응할지가 관건”이라고 지적한다.
◇24주 연속 오름세… 상승 폭은 줄어
5일 한국부동산원에 따르면, 이번 주 서울 아파트 값 상승률은 0.21% 상승했다. 2018년 9월 이후 최대 상승률을 기록한 8월 둘째 주(0.32%) 이후 3주 연속 오름 폭이 줄어드는 추세다. 성동(0.43%)과 서초(0.41%)는 집값 상승세가 여전하고, 강남·송파·마포 같은 인기 주거지도 0.3%대 상승률을 기록했지만 모두 지난주보다는 상승 폭이 줄었다. 한국부동산원은 “수요자들이 대출 여건을 관망하고, 아파트 값 단기 급등에 따른 피로감으로 매물이 소진되는 속도가 둔화했다”고 분석했다. 서울 아파트 전셋값(0.15%)도 68주 연속 올랐지만, 2주 연속 상승 폭이 줄어들고 있다.
부동산 시장에선 DSR 규제 강화 전 집을 사려는 수요가 어느 정도 소화되면서 ‘폭등세’였던 서울 아파트 값이 다소 진정될 것으로 기대하고 있다. 실제로 지난 6~7월 급증했던 서울 아파트 거래량은 8월부터는 주춤한 추세다. 8월 서울 아파트 거래량은 5일 기준 3972건으로 아직 신고 기한이 이달 말까지 남아있지만, 최종적으로 7월 거래량(8769건)에는 미치지 못할 전망이다. 박원갑 KB국민은행 부동산수석위원은 “2단계 스트레스 DSR 규제로 일부 ‘영끌’ 수요가 감소해 단기적으로 거래량이 줄어들고 집값 상승 폭이 둔화할 것”이라고 말했다.
대출 한도가 줄어든 영향은 강남 3구 같은 고가 아파트 밀집 지역보다 서울 외곽과 경기도 지역에서 효과가 나타날 것이라는 전망이다. 김효선 NH농협은행 수석전문위원은 “대출 한도가 줄어들면서 서울에서 시작된 아파트 값 상승세가 수도권 전역으로 확대되는 것을 늦출 수 있을 것으로 본다”고 말했다. 이번 주 경기(0.1%)와 인천(0.13%) 아파트 값 상승률은 일주일 전보다 0.01~0.02%포인트 감소했다.
◇”美 금리 내리면 규제 효과 반감될 수도”
스트레스 DSR 2단계 시행이 아파트 값 상승 속도를 조금 늦췄을 뿐, 추세적으로는 수요 쏠림과 가격 오름세가 이어질 것이라는 의견도 많다. 최근 서울 아파트 값 상승은 3040세대 실수요자가 주도했기 때문에 ‘살 사람은 결국 산다’는 것이다. 집값 폭등에 대한 불안감으로 ‘패닉 바잉’ 수요가 몰렸던 2020~2021년과 다른 양상이라는 것이다.
이은형 대한건설정책연구원 연구위원은 “초저금리였던 문재인 정부 시절에는 투자 목적으로 빚을 내 집을 사고, 오피스텔이나 생활 숙박 시설 같은 수익형 부동산까지 활황이었지만, 최근 서울 아파트 시장은 실거주 수요가 많다”며 “대출 한도가 몇천만원 줄었다고 내 집을 장만하거나 상급지로 ‘갈아타는’ 수요가 사라지진 않을 것”이라고 했다.
조만간 미국의 기준금리 인하가 확실한 상황이어서 이번 규제가 집값 안정에 미치는 영향이 크지 않을 것이라는 분석도 있다. 이상우 인베이드투자자문 사장은 “미국에 이어 우리나라도 기준금리를 내리는 수순이어서 대출 한도 축소를 통한 수요 감소 효과가 미미할 것”이라고 전망했다.
올해 아파트 값 상승을 주도한 강남 3구(강남·서초·송파)와 마용성(마포·용산·성동)에서 집을 사들이는 수요층은 대출 규제에 민감하게 반응하지 않는다는 의견도 있다. 고종완 한국자산관리연구원장은 “현금이 풍부한 일부 수요층은 ‘정부가 DSR에 이어 추가 규제를 내놓을 것’이라고 생각해 고가 주택 매수 시기를 앞당길 수 있다”고 말했다."
https://www.chosun.com/economy/real_estate/2021/03/16/2HLZJMBXRVC2XDVKJC7V35VIGA/,"인천시 미추홀구 용현학익지구 1블록 도시개발사업인 ‘시티오씨엘(CITY O CIEL)’이 첫 분양을 시작한다.
사업 시행자인 DCRE 측은 “총 9개 단지 1만3000여 가구 중 업무1블록 주거복합인 ‘시티오씨엘 3단지’ 모델하우스를 지난 12일 열었다”고 15일 밝혔다. 시티오씨엘 3단지는 지하 4층~지상 46층 8동에 총 1879가구로 아파트 977가구(전용면적 75~136㎡), 주거용 오피스텔 902실(전용면적 27~84㎡)로 이뤄진다.
시티오씨엘은 미추홀구 용현동 일대 옛 OCI 인천공장과 인근 부지 154만여㎡를 개발해 도심 속 미니 신도시로 조성한다. 주택 1만3000여 가구와 업무·상업·문화시설, 공원, 학교 등이 들어선다. 시공은 HDC현대산업개발·현대건설·포스코건설이 맡는다.
시티오씨엘의 개발에 맞춰 현재 무정차역으로 운영 중인 수인분당선 학익역이 개통될 예정이다. 학익역에서 한 역 떨어진 송도역은 KTX 복합환승센터로 개발한다. 송도역에서는 2025년 말 완공할 인천발 KTX 직결 사업이 마무리되면 경부선과 바로 연결된다.
시티오씨엘 3단지는 전체 단지 중 지하철역과 중심상업·업무시설 접근성이 가장 좋은 편이다. 학익역을 걸어서 이용할 수 있다."
https://www.chosun.com/economy/real_estate/2024/05/16/DEGYQTZLANGXRHWP74TQR6VJWY/,"올해 분양가상한제 아파트의 청약 경쟁률이 비(非)분상제 아파트 대비 6배 높은 것으로 나타났다.
16일 분양평가 전문회사 리얼하우스에 따르면, 올해 5월까지 분양가상한제가 적용된 아파트의 1순위 평균 청약 경쟁률은 19.5대1로 나타났다. 분양가상한제가 적용되지 않는 아파트의 1순위 경쟁률(3.2대1)보다 6배가 높았다. 분양가상한제란 투기수요 억제와 실수요자 보호를 위해 주택 분양가를 일정 수준 이하로 설정하는 제도로, 현재 규제지역인 서초·강남·송파·용산의 공동주택과 공공택지 내 공동주택 등에 의무 적용된다.
올해 가장 높은 경쟁률을 보인 아파트는 서울 서초구 잠원동의 ‘메이플자이’로 1순위 경쟁률이 평균 442.3대1을 기록했다. 분상제가 적용된 메이플자이의 전용 59㎡ 분양가격은 최고가 기준 17억4200만원으로, 주변단지 시세보다 10억원가량 낮다.
작년 초 대거 규제지역이 해제되면서 분상제가 적용되는 아파트의 비율은 점차 줄어가는 추세다. 올해 5월까지 1순위 청약을 받은 민간아파트 총 5만998가구 가운데 10.5%인 5353가구만 분양가 규제를 받았다. 반면, 지난해엔 전체 분양 물량 12만9342가구 중 29.9%가 분상제를 적용받았고, 2022년에는 31.9%가 분양가 규제를 받았다.
이처럼 분상제 아파트 희소성이 커지면서 분상제 쏠림 현상이 더욱 두드러지고 있다. 2022년과 2023년에는 분상제 아파트 1순위 경쟁률이 비분상제 아파트 보다 1.8배 높았으나, 올해는 그 차이가 6배로 벌어졌다."
https://www.chosun.com/economy/real_estate/2022/04/05/CDQ5TGVRABDXXNUGIR4IMUOQ5I/,"“1인 가구와 반려동물을 키우는 가정이 늘고 있죠. 건물주라면 이 같은 라이프스타일 변화를 세심하게 파악할 필요가 있죠. 생활 패턴이 달라지면 공간도 달라지고, 인기를 끄는 임차 업종도 무수히 늘어납니다.”
부동산 MD(상품기획) 전문가인 이효린<사진> 인창개발 리테일마케팅팀 부장은 “최근 성장하고 있는 업종이 무엇인지 파악하고 변화를 이해한다면 보다 다양한 세입자를 구할 수 있고 건물 가치도 높일 수 있다”고 했다. 그는 일본 모리빌딩 등에서 근무하며 서울 신림동 ‘포도몰’, 사당동 ‘파스텔시티’ MD 컨설팅 등에 참여했다. 그는 오는 12일 땅집고가 국내 중소형빌딩 건물주 대상으로 진행하는 ‘중소형빌딩 자산운영관리 설루션’ 3기 교육 과정에서 ‘중소형 빌딩의 자산가치 향상 방안: MD구성 중심으로’란 주제로 강의한다.
이 부장은 최근 1인가구 증가와 취미 생활 다양화로 20~30대 골프 인구가 증가한 점을 예로 들었다. 그는 “골프연습장이 연습만 하는 곳이 아닌 복합문화공간으로 변신했다”며 “스크린 골프, 용품 구매, 식사까지 한 곳에서 즐길 수 있는 공간들이 생겼다”고 했다. 그는 “강아지 피트니스, 애견 펜션도 뜨고 있다”며 “강아지가 마실 수 있는 일명 ‘멍푸치노’와 사료를 조합한 식음료 서비스가 제공되기도 한다”고 했다.
다양한 공유 공간도 여전히 인기다. 공유 주택, 공유 오피스, 공유 주방은 물론 최근엔 공유 미용실까지 생겨났다. 헤어 디자이너들이 한 브랜드에 속하지 않고 설비만 공유하면서 각자 손님을 받아 운영한다. 이 부장은 “이런 공간은 방문객에게 얼마나 색다른 경험을 제공할 수 있느냐에 따라 성패가 갈린다”며 “경험과 재미를 주는 공간을 늘리는 것은 건물이 가치를 올리는데 중요하다”고 했다.
중소형빌딩 자산운영관리 설루션 3기는 건물 임대 수익률과 매각 가치를 극대화하고 싶은 건물주라면 반드시 알아야 할 노하우와 전략을 알려주는 강의다. 4월12~27일까지 총 6회로 진행하며 현장 스터디 1회를 포함한다. 수강료는 130만원. 홈페이지에서 신청하면 된다."
https://www.chosun.com/economy/real_estate/2021/02/25/6BIOW3X5UJE7LPHKEIKLEDGW6U/,"정부의 ‘2·4 공급' 대책 이후 잠시 숨 고르기를 하던 수도권 아파트값이 이번주 다시 상승폭을 키운 것으로 조사됐다.
25일 한국부동산원 ‘주간 아파트 가격 동향’ 자료에 따르면, 이번주(22일 기준) 수도권 아파트값은 0.31% 올라 지난주(0.30%)보다 상승폭이 커졌다. 수도권 아파트값은 1월 마지막주부터 이달 둘째주까지 3주 연속 0.33% 오르며 통계 작성 이후 최고치를 기록했다가, 지난주 0.3%로 오름세가 다소 둔화했다. 그러다 이번주 다시 오름폭이 커진 것이다.
서울은 0.08% 올라 지난주와 같은 상승률을 기록했다. 마포·양천·서초구(0.11%), 강남·송파구(0.10%) 등의 상승폭이 비교적 컸다. 부동산원은 “강남권은 설 연휴 직후 재건축 기대감이 반영되며 상승폭이 확대됐다”고 설명했다. 양천구 역시 목동 일대 아파트들의 재건축 기대감이 반영된 결과로 풀이된다.
경기도에서는 GTX-C노선 정차 기대감이 있는 의왕시(0.92%)를 비롯해 안산시(0.80%), 남양주시(0.71%), 의정부시(0.70%), 양주·시흥시(0.64%), 고양·군포시(0.54%) 등의 순으로 상승률이 높았다. 부동산원은 “남양주시는 화도읍 등 비규제지역 위주로 올랐다”고 했다.
인천은 지난주 0.34%에서 이번주 0.39%로 오름폭을 키웠다. 연수구(0.55%) 상승률이 가장 높았고, 서구(0.53%)는 검단신도시 인근 지역 위주로 많이 올랐다.
한편 전국 아파트 전셋값은 0.19% 올라 전주와 같은 상승률을 보였다. 서울은 0.08%에서 0.07%로 상승폭이 줄면서 5주 연속 오름폭이 둔화했다. 부동산원은 “전반적인 매물부족 현상으로 상승세가 지속되고는 있지만, 방학 이사수요가 마무리되고 아파트 입주물량이 증가하면서 전주 대비 상승폭이 축소됐다”고 했다."
https://www.chosun.com/economy/real_estate/2023/03/06/PWCILDWONJE5DOIQECP3SYUG3A/,"서울 강동구 ‘올림픽파크 포레온(둔촌주공 재건축)’ 아파트의 무순위 청약이 오는 8일 시행된다. 3일 둔촌주공조합과 시공사업단은 한국부동산원 청약홈에 전용면적 29~49㎡ 899가구에 대해 무순위 청약을 시행한다는 내용의 모집 공고문을 게재했다. 면적별 대상은 전용면적 29㎡ 2가구, 39㎡ 638가구, 49㎡ 259가구다. 분양가는 전용 29㎡가 5억1580만원, 39㎡는 6억7360만~7억140만원, 49㎡는 8억2970만~8억8100만원이다. 올림픽파크 포레온은 지난달까지 4786가구에 대해 일반분양 및 당첨자 계약을 했고, 계약률은 약 81%인 것으로 알려졌다. 전용 59㎡와 84㎡는 모두 계약됐다.
이번 ‘올림픽파크 포레온’ 무순위 청약은 거주 요건 등이 폐지된 정부의 ‘주택공급규칙 개정안’이 처음으로 적용되는 것이다. 만 19세 이상이면 거주지와 주택 소유 여부, 청약통장과 무관하게 청약할 수 있다. 이에 따라 지방의 다주택자들도 청약이 가능해지면서, 임대사업 등을 고려한 투자 수요가 가세할 가능성이 있다. 조합과 시공사업단은 청약 후 오는 13일 당첨자 발표를 하고, 계약은 오는 20일 하루만 받는다."
https://www.chosun.com/economy/real_estate/2022/12/15/G7PRKALIO5EJVJHB7IGSIXEMFY/,"정부가 부동산 시세 대비 공시가격 비율(현실화율)을 2020년 수준으로 되돌리면서 내년도 토지와 단독주택 공시가격이 큰 폭으로 내렸다. 정부 통계상 올해 토지와 단독주택 시세가 작년보다 소폭 올랐음에도 공시가격은 2000년대 말 글로벌 금융 위기 직후보다 더 많이 떨어졌다. 이 때문에 올해 가격 내림세가 두드러진 아파트는 내년 공시가격이 더 큰 폭으로 내릴 전망이다. 전문가들 사이에선 “지난 정부 때 공시가격이 급등한 서울과 수도권을 중심으로 10% 이상 급락하는 사례가 속출할 것”이란 관측이 나온다.
◇시세 2% 올랐는데 공시가는 6% 내려
14일 국토교통부에 따르면, 올 들어 10월까지 전국 단독주택은 1.86%, 서울은 2.51% 올랐다. 하지만 공시가격은 전국 평균 5.95% 내렸고, 서울은 8.55% 급락했다. 시세 상승에도 공시가격이 내린 것은 정부가 지난달 발표한 ‘공시가격 현실화 계획 수정안’의 영향이다. 애초 문재인 정부는 단독주택 공시가격 현실화율을 올해 58.1%에서 내년엔 60.4%까지 높이는 것이 목표였는데, 정부는 내년 현실화율을 2020년 수준인 53.5%로 되돌렸다.
시세 15억원 이상 단독주택의 현실화율은 올해 67.4%에서 내년 58.4%로 10%포인트 가까이 내렸다. 그 결과 집값이 비싼 서울에서 공시가격 하락 폭이 두드러졌고, 강남구(-10.68%)와 서초구(-10.58%) 단독주택은 두 자릿수 하락률을 기록했다.
공시가격이 낮아지면 부동산 보유자의 재산세와 종합부동산세 부담이 줄어든다. 여기에다 1주택자 종부세 기본 공제를 11억원에서 12억원으로 높이고, 2주택자도 종부세 중과(重課) 대상에서 제외하는 법 개정안도 여야가 합의한 상태다. 이 법이 국회를 통과하면 종부세 기본세율도 기존 0.6~3%에서 0.5~2.7%로 낮아져 납세자들이 체감하는 세금 경감 효과는 더욱 커질 전망이다.
이런 요소를 감안해 부동산 세금 계산기 ‘셀리몬’으로 모의 계산한 결과, 서울 성동구 행당동의 한 단독주택은 공시가격이 올해 13억5600만원에서 내년 11억8700만원으로 12.4% 하락하는데 보유세는 380만원에서 255만원으로 32.9% 줄어든다. 이 주택의 시세는 20억원 정도로 추산된다. 중랑구 신내동에 있는 공시가격 7억3400만원(내년 6억5000만원)짜리 단독주택 보유세는 올해 109만원에서 내년 89만원으로 감소한다.
◇아파트 공시가격 10% 넘게 떨어질 듯
표준지와 표준 단독주택 공시가격이 큰 폭으로 내리면서 내년 3월 공개될 공동주택(아파트·연립·다세대주택) 공시가격 하락률에 관심이 쏠린다. 아파트 값은 최근 정부 발표에서 매주 역대 최대 하락 기록을 경신하는 중인데, 지난 2년간 치솟았던 현실화율이 2020년 수준으로 내리는 효과까지 더해지면 공시가격이 10% 넘게 내릴 가능성이 크다.
한국부동산원 집계로 전국 아파트 매매 가격은 올 들어 10월까지 2.83% 내렸다. 시장에서 체감하는 것보다 누적 하락률이 작아 보이지만, 10월에만 1.2%가 내리면서 하락 폭이 급격히 커지는 추세다. 11월과 12월 통계가 집계되면, 연간 기준 아파트 값 하락률은 5%를 넘길 가능성도 있다. 여기에다 정부는 올해 71.5%인 공동주택 공시가격 현실화율을 내년엔 69%로 하향 조정한다고 발표한 상태다.
과거에도 공시가격이 매매 가격보다 더 큰 폭으로 움직인 사례는 많다. 2021년 서울 아파트 매매 가격이 8.02% 올랐는데, 지난 3월 발표한 2022년 아파트 공시가격은 14.22%나 올랐다. 2021년 공시가격 상승률은 19.89%로 전년 아파트 값 상승률(3.01%)의 6배가 넘었다. 고종완 한국자산관리연구원장은 “최근 아파트 시세와 공시가격 변동의 연관성을 종합해봤을 때, 올해 아파트 매매 가격이 5% 정도 떨어지면 내년 공시가격은 10% 이상 떨어질 것이 확실해 보인다”며 “고가 아파트가 많은 서울 인기 주거지에선 20% 가까이 내리는 단지도 나올 수 있다”고 말했다.
한편 국내 최고 ‘금싸라기’ 땅도 내년 공시가격이 대폭 내리는 것으로 나타났다. 서울 중구 충무로1가에 있는 네이처리퍼블릭 부지(169.3㎡)는 내년 공시가격이 1㎡당 1억7410만원으로 올해(1억8900만원)보다 7.9% 내렸다. 코로나 사태 장기화로 명동 상권이 타격을 받으면서 올해(-8.5%)에 이어 2년 연속 공시가격이 내렸지만, 1평(3.3㎡)에 5억7000만원이 넘는다."
https://www.chosun.com/economy/real_estate/2024/10/02/UYWX7BYQ2REIJP6QXZE7PHARTE/,"문재인 정부 시절인 2021년 ‘패닉 바잉(공황 매수)’ 열풍으로 ‘영끌 매수’의 한 축을 담당했던 20대가 올해는 서울에서 대출로 집을 사들인 경우가 눈에 띄게 줄었다. 다만, 일단 주택 매수에 뛰어든 20대는 3년 전 집값 급등기보다 더 많은 돈을 빌려 공격적으로 투자하는 경향을 보였다.
1일 국민의힘 엄태영 의원실이 국토교통부에서 받은 자금 조달 계획서를 분석한 결과, 올해 1~7월 대출을 끼고 서울 주택 매수에 나선 20대는 304명으로, 대출로 집을 산 전체 거래(2만444건)에서 1.5%를 차지하는 데 그쳤다. 2021년 전체 대출 거래(3만9380건) 중 20대가 2425명을 차지하고, 거래 비율도 6.2%를 기록한 것과 비교하면 빚을 내서 집을 산 인원이 급감한 것이다.
2021년 20대 영끌족은 평균적으로 1억8600만원의 빚을 내 4억9000만원짜리 집을 샀다. 반면, 올해는 소수의 20대가 평균 3억5500만원의 대출을 받아 9억600만원짜리 주택을 사들였다. 대출을 더 크게 일으켜, 더 비싼 집을 사들인 것이다.
20대가 대출을 받아 집을 산 지역도 바뀌었다. 2021년에는 노원구가 235건으로 가장 많았고 이어 은평구(175건), 강서구(169건), 도봉구(149건), 구로구(140건) 순으로 중저가 아파트 밀집 지역이 주였다. 그러나 올해는 송파구가 39건으로 가장 많았고, 용산구(26건), 서초구(24건), 강남구(22건), 성동구(21건) 순으로 고가 아파트 밀집 지역에 집중됐다.
20대 영끌이 과감해진 원인으로는 정부의 규제 완화와 정책 대출 상품 활용이 꼽힌다. 현 정부는 2022년 하반기부터 생애 최초 주택 구매의 경우 지역과 집값, 소득에 관계없이 LTV(주택담보대출비율)를 6억원 한도 내에서 최대 80%까지 완화했다. 올해 20대의 주택 구입 사례를 보면 6억원을 꽉 채워 대출받은 경우가 많았다."
https://www.chosun.com/economy/real_estate/2025/04/21/5KF622FPABHJNE5PRXG43LIMOI/,"정부가 재개발·재건축 사업으로 얻어진 입주권 거래를 토지거래허가 대상으로 판단했다. 아파트가 지어지기 전 입주권을 사는 경우엔 향후 입주 가능한 시기부터 2년간 실거주하겠다는 확약을 하도록 했다. 재개발·재건축 지역의 주택이 철거되기 전 입주권을 산 경우엔 해당 주택에서 살았던 기간을 ‘실거주 의무 2년’ 기간에 포함하기로 했다.
국토교통부는 21일 서울 강남·서초·송파·용산구에서 시행 중인 토지거래허가구역 제도와 관련해 허가 지자체의 원활한 업무 처리를 지원하기 위해 주요 업무 처리 기준을 마련했다고 밝혔다.
기준에 따르면, 유주택자도 정해진 기간 안에 기존 주택을 처분하는 경우 토지거래허가구역 안에서 새로 아파트를 살 수 있다. 이 경우 매수자는 6개월 안에 기존 주택을 팔거나 임대로 내놓는다는 계획을 지자체에 제출해야 한다.
재개발·재건축 지역 입주권을 거래할 땐 기존 부동산의 유형이나 멸실 여부와 관계없이 토지거래허가를 받아야 한다. 재개발 지역 연립·다세대 주택으로 취득한 입주권도 토허제 대상이란 것이다. 국토부는 “부동산 거래신고법 제11조에 따라 토지에 관한 소유권·지상권 취득을 목적으로 권리를 이전하거나 설정하는 계약도 허가 대상으로 규정하고 있는 데 따른 것”이라고 설명했다.
입주권 매수자는 신축 아파트가 준공된 다음 실제로 입주가 가능한 시기 이후 2년간 실거주하겠다는 내용의 확약을 해야 한다. 허가 관청은 공사 일정(착공·준공 등), 확약 내용 등을 확인해 토지거래계약 허가 여부를 판단한다. 분양권을 거래할 때도 마찬가지다.
재개발·재건축 입주권 매수자가 기존의 부동산이 철거되기 전 해당 주택에서 거주한 경우, 이 기간을 실거주 의무 2년 기간 안에 포함하기로 했다. 예를 들어 관리처분 인가 이후 입주권을 구입한 A씨가 해당 주택에서 1년을 살고 나서 주택이 철거되면, A씨는 새 아파트에서 1년만 살면 실거주 의무 2년 기간을 다 채우는 것이다.
국토부는 “서울시와 함께 허가 관청의 토지거래계약허가 업무 처리가 효율적으로 이루어질 수 있도록 지속적으로 지원하고, 토지거래허가를 받은 건에 대해서는 이용 실태를 조사해 실거주 의무 준수 여부를 철저히 단속해 나가겠다”고 밝혔다."
https://www.chosun.com/economy/real_estate/2021/05/24/NXRPPR3SRZCR7H53OJGV2J3AKY/,"현대건설은 전북 전주에서 4246억원 규모의 재개발 사업을 따내며 올해 도시정비사업 수주 1조원을 돌파했다고 23일 밝혔다. 전주 덕진구 덕진동 2가 327-1번지 일대 11만3156㎡ 부지에서 지하 2층∼지상 17층 아파트 27개 동에 1994가구와 부대시설 등을 짓는 사업이다. 현대건설은 단지 이름을 ‘힐스테이트 아너원’으로 정하고, 복층형 펜트하우스, 테라스하우스, 스카이 커뮤니티 등을 적용한 고급 주거단지로 꾸밀 계획이다.
현대건설은 올해 1월 용인 수지 신정마을 9단지 리모델리사업(2280억원)을 시작으로 이번 전주 하가구역 재개발까지 도시정비사업에서 총 1조2919억원을 수주하며 작년 같은 기간 실적을 넘어섰다고 소개했다. 현대건설 관계자는 “올해 하반기 시공사 선정을 앞둔 부산 범천4구역, 서울 송파 마천4구역, 안양 관양현대아파트 등에서도 최고의 사업을 제안하겠다”고 말했다."
https://www.chosun.com/economy/real_estate/2022/01/25/TWJ5HR6J7BFTBA4QMCRWKP7MNI/,"SK에코플랜트가 베트남에서 공장 지붕을 활용해 태양광 발전을 하고, 이를 통해 확보한 탄소배출권을 국내에서 유통하는 사업에 나선다.
SK에코플랜트는 베트남 태양광 전문 기업 ‘나미솔라(Nami Solar)’와 손잡고 앞으로 4년간 총 2억달러(약 2397억원)를 투자해 250㎿(메가와트) 규모의 지붕 태양광 사업을 추진한다고 25일 밝혔다. 베트남 내 산업단지 4곳에서 공장과 창고 지붕에 태양광 패널을 설치하는 방식이다. 생산된 전력은 지붕을 제공한 공장에서 쓰거나 베트남전력공사(EVN)에 판매한다. 올해 6월 베트남 동나이성 ‘소나데지 산업단지’에서 전력 생산을 시작해 20년간 운영한다.
SK에코플랜트는 태양광 발전을 통해 확보한 탄소배출권을 국내로 들여와 의무 할당 기업에 판매하는 사업도 계획 중이다. SK에코플랜트 관계자는 “베트남 산업단지 4곳의 태양광 프로젝트가 모두 마무리되면 연간 소나무 233만그루를 심는 효과인 약 33만t의 탄소배출권을 확보할 수 있다”고 말했다."
https://www.chosun.com/economy/real_estate/2023/08/25/I4F3WMABK5FZJCSVLQAURBY3R4/,"정부가 14년째 꽁꽁 묶어 놨던 레미콘 트럭 수를 2년 더 동결하기로 하면서 레미콘업계의 반발이 예상된다.
국토교통부는 25일 건설기계 수급조절위원회를 열어 레미콘 믹서트럭 등의 신규 등록 제한을 2년 더 연장하기로 의결했다. 국토부는 “토요휴무제 영향으로 조업일수가 감소하긴 했으나, 건설경기 전망 부진에 따라 2025년까지 공급이 부족하지 않을 것으로 추정돼 수급 조절을 유지하기로 했다”고 했다. 다만 정부는 건설투자 급증이나 재난 등으로 건설기계 수요가 급증할 경우 수급조절위원회의 재심의를 거쳐 수급계획을 변경하기로 했다. 심의 결과는 규제개혁위원회의 규제심사를 거쳐 올 연말 확정된다.
레미콘 믹서트럭은 레미콘 공장에서 시멘트, 골재, 물 등을 섞어 만든 레미콘을 운송하는 수단이다. 2009년부터 시행된 건설기계관리법에 따르면 레미콘 트럭을 새로 등록하려면 국토부 산하 건설기계 수급조절위원회 심의를 거쳐야 한다. 2009년 이후 2년마다 열린 수급조절위원회 심의는 2021년까지 7차례 결정에서 매번 레미콘 트럭 신규 등록을 허락하지 않았다.
이번에도 레미콘 믹스트럭 신규 등록이 또 동결되면서 레미콘업계에선 반발이 심화할 전망이다. 지난해 기준 전국 레미콘 공장 수는 1082개로 수급 조절을 시작한 2009년 대비 21.2% 늘었다. 하지만 믹서트럭 공급이 막히며 공장당 평균 차량 계약은 2009년 23.5대에서 지난해 20대로 14.8% 줄었다. 레미콘업계는 지난해 출하량 1억4082만 ㎥와 등록대수 2만6326대 기준으로 약 1660대의 믹서트럭을 증차해야 한다고 보고 있다.
레미콘업계 관계자는 “믹서트럭 증차가 막혀 있어 운송사업자들이 과도한 운반비 인상을 요구하며 운송을 거부해도 들어줄 수밖에 없는 구조”라며 “운송사업자 고령화와 차량 노후화도 심각해 안전을 위해서라도 증차를 허용해야 한다”고 했다."
https://www.chosun.com/economy/real_estate/2024/08/22/5FGZP54BBFHDHCYZMVPROFLGPQ/,"HL디앤아이한라㈜가 23일 경기도 용인시 수지구 풍덕천동에 견본주택을 열고 ‘용인 둔전역 에피트’ 분양에 들어간다고 22일 밝혔다.
단지는 용인시 처인구 포곡읍 금어리 640-1번지 일원에 지하 3층~지상 최고 29층 13동에 1275가구 규모로 조성된다. 전용면적 기준으로 68㎡ 273가구, 84㎡ 837가구, 101㎡ 165가구다. HL디앤아이한라가 27년 만에 ‘한라비발디’에서 ‘에피트’로 아파트 브랜드를 바꾸고 용인에서 처음 선보이는 단지다. 입주는 2027년 7월 예정이다.
용인 둔전역 에피트 분양가는 84㎡ A형 기준으로 4억8000만원이다. 한국주택금융공사가 프로젝트 파이낸싱(PF)을 보증하는 사업장으로 분양가상한제에 준하는 가격을 적용받는다. 분양 관계자는 “올해 용인 지역에서 분양한 아파트 중 가장 저렴한 가격으로 동일 면적 대비 최대 1억2000만원 정도 차이가 난다”고 했다.
단지가 들어서는 용인 처인구엔 ‘첨단 시스템 반도체 국가산업단지’(728만㎡)와 ‘용인 반도체 클러스터 일반산업단지’(416만㎡) 등이 조성될 예정이다. 전 가구를 남동·남서향 위주로 배치해 채광과 통풍이 잘된다. 전면과 후면 확장으로 서비스 면적이 넓고, 광폭 설계로 안방과 주방의 쾌적성을 높였다.
단지 이름에서 드러나듯 경전철 에버라인 둔전역을 걸어서 이용할 수 있다. 지하철 수인분당선 기흥역(환승)까지 20분대로 이동할 수 있고, 분당선을 통해 서울 강남과 경기 분당·판교로 연결된다.
한국부동산원 청약홈에서 오는 9월 2일 특별공급을 시작으로 3일 1순위, 4일 2순위 청약을 접수한다. 주택 소유 여부와 상관없이 1순위 청약이 가능하며, 당첨자 발표일로부터 6개월 뒤 전매도 허용된다. 재당첨 제한도 받지 않는다."
https://www.chosun.com/economy/real_estate/2023/03/04/2ZUGHN5DRNFMJDGETDC3KTLX6M/,"[땅집고] ‘조물주 위에 건물주’라는 말이 나올 정도로, 한때 건물주는 막강한 힘을 가졌었다. 그러나 경기 침체 가속화로 공실이 늘면서 건물주의 고민이 커지고 있다. 전문가들은 불황일수록 꾸준한 수요를 내는 세입자 구하기와 효율적인 건물 관리가 중요하다고 조언한다.
최근 업계는 경기도 동탄, 강화도 등 서울 외곽의 대형 건물들이 베이커리 카페로 탈바꿈한 뒤 성공한 사례에 주목하고 있다. 이들의 성공 배경에는 공통점이 있다. 도심보다 상대적으로 임대료가 저렴한 비도심 입지에, 외관과 인테리어를 새단장한 뒤 돋보이는 아이템을 내세웠다는 점이다. 실제로 서울 근교지역 중대형 카페는 단순히 빵을 먹고 차를 마시는 공간을 넘어, 휴식을 취하는 곳으로 자리잡았다.
땅집고가 주관하는 ‘토지주와 건물주를 위한 베이커리 카페 유치와 개발의 모든 것 2기’ 교육 과정이 3월7일 개강한다. 중대형 카페를 준비하는 개인이나 법인을 대상으로 중대형 카페 개발 방향과 임대수익을 극대화하는 방안을 제시한다.
강의는 현장스터디 투어 1회를 포함해 총 6회로 진행한다. 커피익스플로러의 위국명 대표는 ‘포스트코로나시대, 카페시장은 어떻게 변했나’를 주제로 근교 베이커리 카페와 리조트형 카페 유형을 분석하고 트렌드를 제시한다.
슬로베이커리를 운영하는 이상훈 대표는 ‘케이스 스터디-근교형 베이커리 카페의 성공조건’이라는 주제로 대형카페 입지와 개발조건, 수익화 전략, 지역상권에 맞는 카페 유형 선정 방법 등을 강의한다. 이 대표는 수강생들과 동탄신도시 ‘골드헤겔’을 방문해 현장스터디도 진행한다.
‘무지개케이크’로 유명한 도레도레의 김경하 대표는 휴식을 위한 리조트형카페 사례를 중심으로 ‘케이스 스터디-카페 종류에 따른 개발 및 성공 노하우’를 전수한다. 24년 점포개발경력을 가진 스타벅스 점포개발팀 송훈석 팀장은 ‘스벅DT(드라이브스루) 입지와 개발조건’을 주제로 실제 수익률을 분석해본다.
김창균 유타건축 소장은 근교 대형카페를 지을 때 필요한 인허가 조건과 예산에 대해 알려준다. 호감을 얻는 건축 디자인과 공간 활용도를 높이는 방법에 대해서도 강의한다.
수강료는 180만원이며 사전등록하면 10만원 할인한다. 강의 장소는 서울시 중구 세종대로21길 22, 태성빌딩 2층 땅집고 아카데미 교육장이다. 수강 신청은 땅집고M 홈페이지(zipgobiz.com ▶바로가기)에서 하면 된다. (02)6949-6176."
https://www.chosun.com/economy/real_estate/2023/11/13/BTNJFJR67VC3HD7GSUN7OMWEHU/,"삼성물산 건설 부문은 에너지 분야 전문 국제 인증기관인 DNV(Det Norske Veritas)로부터 세계 최대 용량의 액화 수소 저장 탱크 설계 인증을 획득했다고 12일 밝혔다.
액화 수소는 기체 상태의 수소를 극저온으로 냉각해 액체 상태로 만든 것이다. 이번에 삼성물산이 인증받은 액화 수소 저장 탱크 용량은 4만㎥다. 초저온 상태의 액화 수소를 약 2800t까지 저장할 수 있으며, 수소차 50만대를 한 번에 충전할 수 있는 규모다.
액화 수소 저장 탱크는 영하 252.8도의 액체 수소를 극저온 상태로 보관해야 하는 만큼 고도의 설계와 시공 역량이 필요하다. 삼성물산은 에너지 저장 시설 전문 설계 업체인 영국 웨소(Whessoe)와 함께 올해 초부터 DNV 인증을 위한 액화 수소 저장 탱크 기술 개발에 집중해왔다. 탱크의 안정성을 높이고, 액화 수소가 다시 기체 상태로 바뀌는 것을 방지하는 시스템을 적용해 실사를 거친 뒤 최종 설계 인증을 받았다.
삼성물산은 이번 액화 수소 저장 탱크 국제 인증을 계기로 그린 수소·암모니아 사업 확대에도 속도를 낼 계획이다. 윤종이 삼성물산 건설 부문 EPC사업부장 부사장은 “지속적인 기술 개발을 통해 사업 경쟁력을 확보해 나가겠다”고 말했다."
https://www.chosun.com/economy/real_estate/2024/11/29/4PUGNO2PTRHJ3KILKZK7G5VR2M/,"지난달 서울 아파트 거래가 대출 규제 여파로 9월보다 19% 이상 감소한 것으로 나타났다. 전국 미분양 주택은 총량은 소폭 줄었으나 악성으로 분류되는 ‘준공 후 미분양’ 주택은 1000가구 이상 증가하면서 15개월 연속 증가세를 이어갔다.
국토교통부가 29일 발표한 ‘10월 주택통계’에 따르면 지난달 서울 아파트 거래량(이하 신고일 기준)은 4000건으로 전월(4951건) 보다 19.2% 줄어들었다. 이는 지난 4월(4840건) 이후 6개월 만에 가장 적은 수준이다. 대출 규제 강화로 인해 주택구매 자금 마련이 어려워지고 아파트값 상승에 대한 기대가 꺾이면서 거래도 감소하는 것이다. 서울 아파트 거래량은 지난해 12월(1790건)부터 지난 7월(9518건)까지 7개월 연속 증가했다. 금융당국이 대출 규제에 시동을 걸기 시작한 8월에는 7609건으로 줄었고, 2단계 스트레스 총부채원리금상환비율(DSR)이 적용된 9월에는 4951건으로 떨어졌다.
10월 전국 주택 거래량(5만6579건)은 전월 대비 10.4% 증가했는데, 이는 대출 규제 영향을 덜 받는 지방의 거래량이 크게 증가했기 때문이다. 지난달 지방 주택 거래량은 3만1568건으로, 전월(2만5438건)보다 24.1% 증가했다.
지방 주택 거래량이 늘면서 10월 기준 전국 미분양 주택(6만5836가구)은 전월보다 1.4%(940가구) 줄어들었다. 지난 7월부터 4개월 연속 감소세다. 수도권(1만3948가구)은 전월보다 0.4% 증가한 반면, 지방(5만1888가구)은 1.9% 감소했다. 다만 악성으로 분류되는 ‘준공 후 미분양’ 주택은 전국 1만8307가구로, 한 달 새 1045가구(6.1%) 늘었다. 지난해 8월부터 15개월 연속 증가세를 이어가고 있는 것으로, 2020년 7월(1만8560가구) 이후 4년 3개월 만에 가장 많은 수치다. 준공 후 미분양 주택 증가분은 인천에서 대거 나왔다. 인천의 준공 후 미분양은 9월 555가구에서 10월 1547가구로 2.8배가량 증가했다. 전국적으로는 전남의 악성 미분양이 2480가구로 가장 많았고, 이어서 경기(1773가구)와 부산(1744가구) 순이었다.
주택 공급지표는 착공, 분양이 전년보다 회복세를 보였지만, 인허가는 부진한 흐름이 이어졌다. 10월 전국 주택 인허가 물량은 2만6136가구로 1년전(2만273가구)보다 28.9% 증가했다. 하지만 1~10월 누계는 전년 동기(30만2744가구) 대비 19.1% 적은 24만4777가구로 집계됐다. 아파트 누계 인허가는 17.3%, 빌라 등 비아파트는 30% 감소했다.
주택 착공은 2만4170가구로 1년전(2만1976가구)보다 10% 증가했다. 1~10월 누계 착공 물량은 21만8177가구로 지난해 같은 기간(16만2873가구)보다 34% 증가했다. 유형별로는 아파트 누계 착공(18만9676가구)이 49.7% 증가한 반면, 비아파트는 21.2% 감소했다.
지난달 분양(승인 기준)과 준공 물량은 전년동월 대비 각각 38.9%, 25% 감소했지만, 1~10월 누계 기준으로는 분양의 경우 18만2373가구로, 전년 동기(14만2117가구) 대비 28.3% 늘었다. 준공도 누계 기준 36만1527가구로, 지난해(34만6517가구)보다 4.3% 증가했다."
https://www.chosun.com/economy/real_estate/2021/12/29/4666DTQC4FH75AKXCQHY3U2E2M/,"글로벌 호텔그룹 ‘윈덤(Wyndham)’이 위탁 운영하고 신세계건설이 시공하는 생활숙박시설 ‘윈덤 강원 고성’이 이달 초 분양 홍보관을 열고 본격적인 분양에 돌입했다. 강원도 고성군 토성면 봉포리 258-9 일원에 지하 4층~지상 28층, 전용면적 27~148㎡ 489실 규모로 조성된다. 분양 관계자는 “세계 최대 호텔그룹 윈덤과 신세계건설이 손을 잡고 국내에서 지금껏 찾아볼 수 없던 5성급 고급 숙박시설을 선보이겠다”고 말했다.
◇글로벌 호텔 체인이 위탁 운영
최근 생활숙박시설이 아파트 대체 상품으로 인기를 누리면서 과대광고도 기승을 부리고 있다. 생활숙박시설은 엄연한 숙박시설이기 때문에 시설 관리와 운영이 중요한데, 대형 건설사의 브랜드를 앞세워 분양만 하고 관리는 제대로 하지 않는 경우도 있다. 미숙한 운영으로 공실이 늘어나거나 시설물이 파손되면 이는 고스란히 분양받은 사람의 수익 감소로 연결된다.
윈덤 강원 고성은 글로벌 호텔 체인이 직접 운영한다는 점에서 관리 부실 우려가 적다. 윈덤그룹은 1981년 설립돼 전 세계 80여 국가에서 약 9200개의 호텔을 운영 중이다. 국내에서도 서울, 부산, 제주, 여수, 속초 등지에서 라마다, 라마다앙코르, 하워드존슨, 데이즈 등 4개 브랜드로 약 40개의 호텔을 운영하고 있다.
단지는 5성급 고급 호텔처럼 지어질 예정이다. 489개 전 객실에서 바다를 볼 수 있도록 설계되며 일부 타입에서는 바다와 산을 동시에 조망할 수 있게 된다. 동해안의 명물인 울산바위를 방 안에서 감상할 수 있다. 최상층에는 인피니티풀과 스카이라운지 등 커뮤니티 시설이 들어선다.
윈덤 강원 고성은 걸어서 2분 거리에 봉포해수욕장이 있어 휴양 수요가 많을 것으로 전망된다. 또 단지 주변에 천진해수욕장과 천진호, 봉포호, 설악산 국립공원 등 다양한 관광지가 있고 파인리즈CC도 가깝다.
◇전 세계 호텔·리조트 이용할 수 있어
윈덤 강원 고성을 분양받으면 ‘윈덤 데스티네이션’ 회원에 무상(일부 타입 제외)으로 가입된다. 윈덤 데스티네이션 회원이 되면 세계 곳곳에서 윈덤이 운영 중이거나 파트너쉽을 맺은 호텔 및 리조트 9만5000여 곳을 이용할 수 있는 ‘윈덤 리워즈’ 포인트를 받을 수 있다. 예를 들어 연간 1만 포인트를 받으면 비수기 평일 기준으로 발리를 7일 여행할 수 있다. 분양 타입별로 포인트는 차등 지급된다.
신세계건설이 시공을 맡았다는 점도 이목을 끈다. 신세계건설은 아파트 등 주택 시장에서는 대형 건설사들과 비교하면 인지도가 높지 않지만, 아난티 남해를 시공하는 등 호텔·리조트 분야에서는 실력을 인정받고 있다.
윈덤 강원 고성이 법적으로 생활숙박시설로 분류돼 규제가 덜하다는 점도 투자자들에겐 매력적인 부분이다. 청약통장이 필요 없고, 전매 제한도 없어 언제든 처분할 수 있다. 주택 수에도 포함되지 않기 때문에 종합부동산세 등 다주택자 세금 중과 걱정도 없다. 분양 관계자는 “최근 정치권에서 생활숙박시설 분양 금지 법안을 추진하고 있기 때문에 규제가 강화되기 전 분양되는 상품의 희소성이 높아지고 있다”며 “윈덤 강원 고성은 글로벌 호텔그룹 윈덤이 운영을 위탁받는 만큼 다른 생활숙박시설보다 안정적인 운영이 가능할 것”이라고 말했다. 분양 홍보관은 서울 강남구 자곡동 666번지에 있다. 1877-3873"
https://www.chosun.com/economy/real_estate/2021/07/13/3XYGIAQY6ZHQRLCR7ZO3UEJHGY/,"“법을 장난으로 만드나?” “정부 말 믿고 이사한 사람만 불쌍하다.”
정부가 작년 ‘6·17 대책’을 통해 발표한 재건축 아파트 조합원의 ‘2년 실거주 의무’ 규제를 12일 전면 백지화하자 온라인 부동산 커뮤니티 등에는 불만의 글들이 쏟아졌다. 뒤늦게 규제를 철회한 것은 다행이지만 정부와 국회가 1년 넘게 시간을 끈 탓에 굳이 겪지 않아도 될 불편과 재산상의 손해를 떠안은 것을 성토하는 글이 대부분이었다. “아마추어 정부”라는 글도 보였다.
◇어설픈 규제에 헛돈·헛심만 썼다
지난 1년 재건축 아파트 소유주들은 실거주 의무를 채우려 ‘울며 겨자 먹기’식으로 낡은 아파트에 입주했고, 이 과정에서 세입자들이 밀려나면서 부동산 시장은 대혼란에 빠졌다. 정부 말만 믿고 서둘러 이사한 재건축 소유주들 사이에선 허탈함과 분노가 터져 나온다.
경기도 성남의 한 중소기업 대표 김모(48)씨는 지난 4월 서울 강남구의 본인 소유 아파트에 입주하기 위해 5000만원을 들여 인테리어 공사를 했다. 분당 아파트에 전세로 살던 김씨는 실거주 2년을 채워야 분양권을 얻을 수 있다는 정부 발표를 듣자마자 이사를 서둘렀다. 그는 “재건축 사업 속도가 갑자기 빨라지기라도 하면 거주 기간 2년을 못 채울 수 있다는 걱정에 미리 움직였는데, 헛돈 쓰고 헛심만 뺐다”고 말했다. “부동산 정책이 무슨 베타 테스트냐” “지하 주차장도 없는 아파트에 2년 살아 보겠다고 세입자 내보내고, 전세금 빼주고, 이사하고. 무슨 X개 훈련 시키나”라고 분통을 터뜨린 네티즌도 있었다.
또 다른 네티즌은 인터넷 커뮤니티에 “실거주 요건을 채우느라 등록임대주택이던 재건축 아파트의 임대 등록을 말소하고 2000만원 넘는 벌금까지 물었다”는 사연을 전했다. 정태우 변호사는 “재건축 소유주들은 정부 정책에 대한 신뢰를 바탕으로 움직였겠지만, 관련 법이 통과된 것은 아니었기 때문에 재산상 피해를 봤더라도 사실상 구제받을 방법이 없다”고 말했다.
세입자들의 피해는 더 심각하다. 실거주 규제와 작년 7월 말 주택임대차법 개정까지 맞물리면서 최악의 전세난을 맞닥뜨렸기 때문이다. 지난달 서울 아파트 평균 전셋값은 6억2678만원으로 1년 전(4억9148만원)보다 28% 뛰었다. 5억원짜리 전셋집에 살던 사람이 비슷한 전셋집을 구하려면 보증금 인상분에다가 중개 수수료 같은 각종 비용까지 더해 1억5000만원 이상을 더 조달해야 한다는 뜻이다.
서울에서 경기도로 거처를 옮긴 세입자들도 급증했다. 30대 직장인 최모씨는 올봄 서울 마포구의 전세 아파트를 비워주고 일산으로 거처를 옮겼다. 최씨는 “서울에 있는 직장까지 출퇴근하는 게 너무 힘들지만 어쩔 수 없었다”고 말했다. 양지영 R&C연구소 소장은 “일부 세입자들은 수억원의 빚을 지거나 빌라 등 선호도가 떨어지는 주택으로 옮겨갈 수밖에 없다”며 “투기를 막기 위한 실거주 규제가 주거 약자인 세입자의 ‘주거 하향 이동’을 부추긴 셈”이라고 했다.
◇”임대차 3법도 원점 재검토해야”
문재인 대통령 집권 후반기 들어 부동산 정책 기조가 뒤집히는 일이 잇따르고 있다. 정부는 출범 초기엔 주택 공급이 충분하다는 입장이었지만, 작년 말부터 공급 정책을 최우선 순위에 두고 있다. 주택 임대사업자 정책 역시 정권 초반엔 장려했지만, 작년 7·10 대책에서 전면 규제 기조로 돌아섰다. 최근엔 여당이 제도 자체를 폐지하겠다고 밝혔다가 임대사업자들의 반발에 ‘원점 재검토’로 다시 입장을 바꿨다. 보유세 현실화 명분으로 공시가격을 급격히 올려놓고, 최근엔 재산세·종합부동산세 완화 정책을 내놓는 실정이다.
전문가들은 이런 정부의 오락가락 행보가 정책에 대한 국민 신뢰를 떨어뜨려 주택시장 불안을 부추길 수 있다고 우려한다. 이창무 한양대 교수는 “정부가 시장 안정 의지가 있다면 임대사업자 규제나 임대차 3법처럼 부작용이 많은 다른 정책도 원점에서 재검토하려는 노력이 필요하다”고 했다."
https://www.chosun.com/economy/real_estate/2022/05/11/REY6UIZB2FGTDPQOBSOCI7AYZU/,"서울 강남구 오피스텔 분양가가 5년 만에 3배 수준으로 올라 아파트 분양가를 추월한 것으로 나타났다. 분양가 규제를 적용받는 아파트와 달리 오피스텔은 분양가 규제가 없고, 최근 주택 규제가 강화되면서 오피스텔로 수요가 몰리면서 벌어진 이례적인 현상으로 해석된다.
11일 부동산 정보업체 부동산인포가 부동산R114의 분양가 통계를 분석한 자료에 따르면, 지난해 강남구에서 분양한 오피스텔의 분양가는 3.3㎡당 5468만원으로 2016년 1843만원의 약 3배(2.96배)로 올랐다. 2016년까지 3.3㎡당 1000만원대, 2017년~2019년 사이엔 2000만원대를 유지하다 2020년 들어 갑자기 5000만원대를 훌쩍 뛰어넘었다. 올해 들어 5월까지 분양한 오피스텔의 평균 분양가는 5868만원이다.
오피스텔 분양가가 급등하면서 아파트 분양가를 앞지르게 됐다. 강남구에서 마지막으로 아파트가 분양됐던 때는 2020년으로, 당시 3.3㎡당 평균 분양가는 4801만원이었다. 그해 오피스텔 평균 분양가(5561만원)보다 800만원가량 낮다. 강남구는 주택도시보증공사(HUG)에서 ‘고분양가 관리지역’으로 지정해 분양가를 시세보다 훨씬 낮은 수준으로 통제했으며 2020년 7월부터는 분양가 상한제가 적용됐다. 결국 강남권에서 분양가를 제대로 못 받게 되자 아파트 공급이 끊기면서 오피스텔로 수요가 옮겨갔고, 이런 수요층을 겨냥한 초고급 오피스텔이 나오면서 오피스텔 분양가가 높아졌다는 분석이다. 2020년 이후부터는 3.3㎡당 분양가가 1억원이 넘는 초고가 오피스텔도 속속 등장하고 있다.
권일 부동산인포 리서치팀장은 “지난해 10억원 이상의 오피스텔 매매 거래량이 2년 전 대비 3배 이상 증가했을 만큼 고가 오피스텔 시장 규모가 빠르게 커지고 있다”며 “땅값, 자재값, 인건비 등이 일제히 급등하고 있어 오피스텔의 분양가 상승세도 한동안 이어질 것”이라고 말했다."
https://www.chosun.com/economy/real_estate/2022/06/29/T7HMOXZJSFGFBJDWLQWUDUTZ7A/,"한국건설산업연구원은 27일 서울 강남구 건설회관에서 열린 ‘2022년 하반기 건설·부동산 경기 전망 세미나’에서 올해 하반기 집값이 수도권은 0.5% 하락, 지방은 0.7% 내릴 것으로 전망했다.
연구원은 올해 상반기 전국 집값 상승분(0.2%)을 고려할 때 연간으로는 전국적으로 0.5% 하락할 것으로 예상했다. 전국 전셋값은 상반기 0.1% 상승한 데 이어 하반기에는 2.5% 올라 연간 2.6% 상승할 것으로 전망했다. 발표를 맡은 김성환 부연구위원은 “하반기에 경제 상황이 더욱 나빠질 수 있어 매매 시장에선 가격 변곡점이 나타날 가능성이 크다”며 “전세 시장은 수도권 공급 물량이 많지 않아 하반기에 상승 압력을 받을 것”이라고 말했다.
한편 하반기 국내 건설수주는 3.7% 감소하면서 올해 연간 210조9000억원을 기록할 전망이다. 박철한 연구위원은 “정부 지출 구조조정, 금리인상 등의 영향으로 수주가 부진할 것”이라고 했다."
https://www.chosun.com/economy/real_estate/2025/03/07/JENVWS7RUJD6FP4QD4AIIHBSM4/,6일 인천 남동구 인천시청 중앙홀에 마련된 ‘천원 주택’ 접수처 앞에 신청자들이 줄을 서 있다. ‘천원 주택’은 인천시가 추진하는 인구 감소 극복 사업 중 하나다. 입주자는 보증금 최대 3000만원을 내면 월세 3만원(하루 임차료 1000원꼴)으로 최장 6년까지 거주할 수 있다. 연내 500가구를 공급할 예정이다. 14일까지 신청받고 6월 5일 입주자 선정 결과를 발표한다.
https://www.chosun.com/economy/real_estate/2022/11/29/GUU3ZY5KRVE7JHUXR7LKCIY3YQ/,"서울 서초구 잠원동에 들어서는 3100가구 규모 재건축 단지 신반포4지구(메이플자이)가 공사비 증액을 두고 조합과 건설사 간 내홍에 빠졌다. 건설사 측에서 설계 변경과 물가 및 금리 인상 명분으로 공사비를 50%가량 올려달라고 요청했는데, 조합 측은 물가 변동분은 인정할 수 없다는 입장이다.
29일 건설업계에 따르면 GS건설은 최근 신반포4지구에 공사비를 기존 9300억원에서 1조4000억원으로 4700억원 증액해달라고 요청했다. 설계 변경으로 늘어난 공사비 2900억원에 금리 인상 및 착공 지연으로 늘어난 금융비용과 물가 상승률을 반영한 재경비 1800억원을 더한 금액이다.
조합은 건설사 측의 이 같은 요구에 대해 ‘일부만 수용할 수 있다’는 입장이다. 설계 변경으로 공사비가 늘어나는 것은 타당하지만, 경비가 늘어났다고 무작정 공사비에 반영할 수는 없다는 것이다. 김학규 신반포4지구 재건축 조합장은 “설계 변경은 우리도 약속한 것이라 공사비에 반영하겠지만 계약서에 물가 상승률 반영 조건을 ‘도급 계약 후부터 착공 전까지’로 설정해놓고 착공 후 물가 상승률을 반영해달라는 것은 받아들일 수 없다”고 말했다.
GS건설 측은 “향후 한국부동산원의 공사비 검증을 통해 구체적인 공사비 증액 규모를 확정할 예정”이라며 “물가 상승률 등 늘어난 비용을 반영하는 부분에 대해선 조합과 협의할 것”이라고 말했다.
이처럼 강남 알짜 재건축 사업장에서 공사비 증액을 두고 갈등이 빚어진 것은 최근 워낙 공사비가 급격히 오른 영향이 크다. 2017년 GS건설과 조합의 계약 체결 당시 3.3㎡(1평)당 공사비는 498만원 수준이었는데 이후 코로나 사태, 러시아·우크라이나 전쟁 등이 터지면서 원자재 값이 단기간 급격하게 올랐다. 이달 시공사가 선정된 용산구 한남2구역 재개발은 조합에서 제시한 공사비가 평당 770만원에 달한다. 이런 와중에 최근 부동산 프로젝트파이낸싱(PF) 시장이 얼어붙고 금리도 가파르게 치솟고 있어 시공사 입장에선 대출 연장을 거부당하지 않으려면 크게 늘어난 이자를 부담해야 할 상황이다.
최근 공사가 재개되긴 했지만 6개월간 공사가 중단된 강동구 둔촌주공도 결국 공사 중단의 발단이 된 것이 공사비 증액 이슈였다. 서초구 래미안 원베일리도 시공사인 삼성물산이 공사비를 1조1277억원에서 2500억원 올려달라고 요청한 상태다.
재건축·재개발 조합과 건설사 간 공사비 갈등이 결국에는 분양가를 밀어올리는 요인으로 작용할 수밖에 없다는 관측이 나온다. 정비업계 관계자는 “건설사 입장에서도 밑지고 사업을 할 수는 없기 때문에 어떻게든 늘어난 비용을 보전하려 할 것이고, 그 과정에서 둔촌주공처럼 공사를 중단하는 극단적 선택을 할 수도 있다”며 “자체적으로 사업을 이어갈 만한 전문성이나 자금력이 없는 조합은 결국엔 건설사와 타협할 수밖에 없고 늘어난 비용은 분양가에 녹아들게 된다”고 말했다. 분양가 상한제가 적용되는 지역에서는 건설원가와 적정 이윤을 기준으로 분양가가 매겨지기 때문에 조합 입장에선 늘어난 공사비를 최대한 분양가에 반영할 수밖에 없다.
공사비 급등 여파로 이미 무주택자들이 부담해야 할 분양가는 상당히 높은 수준까지 치솟았다. 다음 달 분양 예정인 서울 성북구 장위4구역(장위자이래디언트)은 분양가 상한제를 적용받았음에도 분양가가 평당 2834만원으로 책정됐다. 전용 84㎡ 분양가는 9억5000만원 수준으로 주변 신축 아파트 시세와 비슷하다. 둔촌주공도 84㎡ 분양가가 13억원대로 중도금 대출이 안나온다."
https://www.chosun.com/economy/real_estate/2022/08/16/AYAUGEYLJBF7DAHNRHRVWLJYUM/,"정부가 민간 재건축 사업의 최대 걸림돌로 지적되던 초과이익 환수제와 안전진단 규제 완화에 나선다. 과도한 규제로 재건축 사업이 지연되면서 주택 공급이 막히는 부작용을 막기 위해 합리적인 수준으로 규제를 개편하는 것이다.
정부는 16일 발표한 ‘국민 주거안정 실현방안’을 통해 이 같이 밝혔다.
먼저 정부는 재건축 초과이익 환수제 개편 방안을 9월 중 마련하고 관련 법 개정안을 발의할 방침이다. 재건축 초과이익 환수제는 2006년 도입된 이후 미실현 이득에 대한 과세라는 점 때문에 논란이 끊이지 않았다. 주택 공급을 저해한다는 우려 때문에 수차례 유예되다가 2018년 재시행 후 올해 첫 부과가 시작될 예정이다.
하지만 최근 집값이 급등하면서 현행 부과 기준으로는 수도권은 물론, 지방에서조차 과도한 부담금이 책정돼 사업에 걸림돌이 될 것이란 우려가 나온다. 국토부 시뮬레이션에 따르면 대구(1억6000만원), 창원(1억원) 등 지방에서도 억대 부담금이 부과될 예정이다. 현행 재건축 부담금은 조합원당 개발이익이 3000만원을 넘으면 부과되기 시작하고 1억원이 넘으면 최고 요율인 50%가 적용된다.
국토부 관계자는 “적정선을 넘어선 과도한 부담금은 도심 주택 공급 위축으로 이어지고, 이는 조합원 부담뿐만 아니라 도심에서 임대주택과 일반분양을 기다리는 다수의 국민 불편으로 이어진다”며 “현행 부과기준을 현실화하고 1주택 장기보유자∙고령자 등에 대한 배려방안을 마련하는 한편, 임대주택 공급 등 공익에 기여하는 사업장은 감면받을 수 있도록 할 계획”이라고 말했다.
정부는 재건축 안전진단 제도도 현실적인 방향으로 개편할 방침이다. 과거 구조 안전성의 비중은 20%였는데 문재인 정부 시절인 2018년 3월 50%로 높아졌고, 공공기관의 적정성 검토 절차도 의무화됐다. 이로 인해 과거 3년간 56곳에 달했던 안전진단 통과 단지가 제도 변경 후 5곳으로 급감했다.
정부는 구조 안전성의 비중을 30~40% 수준으로 낮추고 지자체가 시장 상황에 따라 탄력적으로 배점을 조정할 수 있도록 권한을 부여한다. 다만 정부는 부동산 시장 과열을 예방하기 위해 안전진단의 구체적 적용범위와 시행시기는 당장 공개하지 않고 연말까지 제시한다는 방침이다.
정부는 조합의 전문성·투명성 부족으로 인한 재건축 사업이 지체되는 사태를 막고자 신탁사를 통한 재건축을 유도하기로 했다. 신탁 방식 재건축에 필요한 토지 소유자 동의 요건을 완화하고 표준 계약서를 도입해 신탁사와 주민 간 갈등을 예방한다. 또 신탁사를 통해 재건축할 경우 인허가 절차를 간소화해 조합 설립 및 인허가 등에 소요되는 사업기간을 3년 이상 단축할 수 있도록 지원한다."
https://www.chosun.com/economy/real_estate/2023/03/07/PJUBCN6YZBEKNMNYQQ34MMN2PI/,"서울 강남구 신사동 꾸욱꾸욱 빌딩은 신사역(지하철 3호선·신분당선)과 압구정역(3호선) 인근 이면도로 코너에 있는 올 근생건물이다. 대지면적 271㎡, 연면적 494㎡이며 지상 5층 규모다. 차량 8대 주차(자주식)가 가능하다. 알파카중개법인 관계자는 “을지병원 교차로에서 진입하기 수월하다”면서 “코너에 있어 멀리서도 눈에 잘 띄며 접근성도 좋은 편”이라고 했다. 2020년 내외부 리모델링을 해 건물이 깨끗한 편이다. 현재는 전층을 유명 CF제작사 사옥으로 쓰고 있다. 임대보증금은 3억원, 월 임대료는 3000만원이다. 매각 희망 가격은 121억5000만원이다."
https://www.chosun.com/economy/real_estate/2022/11/07/GTKFQ4A3J5HTJLRYQX3OEPNF2Q/,"올해 안에 사전청약을 진행하는 서울 강동구 고덕강일지구에서 500가구 규모로 ‘반값 아파트’가 나올 전망이다. 토지는 공공이 소유하고 건물만 분양하는 토지임대부 주택 방식으로 분양가가 시세의 절반 수준으로 공급된다.
6일 국토교통부와 서울주택도시공사(SH) 등에 따르면, 서울 고덕강일 3단지 500호가 토지임대부 주택으로 공급된다. 분양가에서 큰 비중을 차지하는 땅값이 빠지기 때문에 주변 시세보다 훨씬 저렴한 가격에 분양이 가능하다. 대신 입주민은 매달 정해진 토지 임대료를 별도로 내야 한다. 국토부와 SH는 고덕강일을 반값 아파트로 분양하고서 추가 공급 지역을 검토할 계획이다.
고덕강일 3단지가 들어설 입지와 인접한 ‘강동리버스트 4단지’의 경우 전용면적 59㎡ 호가가 10억원 정도다. 토지임대부 주택 방식으로 공급하면 분양가가 5억원 안팎으로 책정될 수 있다. SH 측은 “분양 시점의 건축비와 금리 등을 고려해 분양가를 정할 것”이라고 밝혔다.
정부는 연내 고덕강일 3단지를 비롯해 3기 신도시인 고양창릉에서 1322가구, 경기도 남양주 양정역세권 549가구 등을 ‘나눔형’ 공공분양 주택으로 사전청약을 받을 계획이다. 나눔형 공공분양 아파트는 주변 시세의 70% 이하 분양가로 공급하고, 5년 의무거주 기간이 지난 뒤 공공에 되팔 때 시세 차익의 70%를 가져가는 방식이다."
https://www.chosun.com/economy/real_estate/2023/06/16/MLLIDDLNDBECREMJGWXD2X7TWI/,"땅집고가 오는 29일부터 서울 청담동 르피에드 갤러리에서 ‘땅집고 멤버 초청 썸머 토크 콘서트’를 연다. 국내 최고 전문가들이 소비자 관심이 많은 건축, 세무, 미술품 투자, 와인을 주제로 강연한다. 땅집고는 오는 8월 말까지 르피에드 갤러리에서 커피와 차, 미팅룸 등을 언제든지 무료 이용하는 이벤트도 진행한다. 르피에드 분양 계약 시에는 명품 핸드백도 제공한다.
럭셔리 주거 브랜드 르피에드가 후원하는 이번 콘서트는 오는 29일~7월20일까지 매주 1~2회 오후 2~4시까지 진행하며 총 6회다. 1인당 1회만 신청 가능하며 1회당 참석 인원은 선착순 70명 안팎이다. 모든 강연은 무료다.
세무 강연은 부동산 투자 전문가이자 세무 유튜버로 유명한 제네시스 박(본명 박민수) 더스마트컴퍼니 대표가 맡는다. 박 대표는 ‘혼돈의 부동산, 올바른 투자 전략과 돈 버는 절세 노하우’를 주제로 최근 부동산 흐름을 감안한 상급지ㆍ분양권 거래, 오피스텔 절세 방법 등을 알려준다. 박지현 비유에스건축사사무소 소장은 ‘건축가의 집 짓기, 습관을 만드는 건축’을 주제로 콘서트에 나선다. 건축가이자 건축주로서의 경험, 집을 완성하기까지 과정과 그 후 삶에 대한 이야기 등을 공유한다. 박 소장은 ‘2020년 젊은 건축가상’, ‘2022 대한민국 목조건축대전 최우수상’ 등을 받으면서 가장 주목받는 신진 건축가로 꼽힌다.
정태희 서울옥션 경매사는 ‘미술품 투자 트렌드와 좋은 작품 고르는 법’을 주제로 세계 미술 트렌드와 미술품 경매 시장의 현 주소, 주목해야 할 작가, 좋은 작품 고르는 법 등을 알려준다. 박수진WSA와인아카데미 원장은 ‘WSET(Wine & Spirit Education Trust) 디플로마(Diploma)가 알려주는 와인의 정석’을 주제로 강연한다. 타입별 와인 구분법, 상황별 와인 에티켓, 좋은 와인 고르는 법 등을 소개한다. 와인 시음도 진행한다. 박 원장은 국제 와인전문가 과정인 WSET 최고 인증서인 디플로마를 땄고, 국내 유일 남프랑스 마스터 레벨 자격도 땄다.
땅집고는 회원만을 위한 특별한 혜택도 제공한다. 오는 8월 말까지 두 달간 청담동 르피에드 갤러리를 상시 무료 이용할 수 있다. 갤러리는 미술 작품 전시를 비롯해 커피와 티를 마실 수 있는 카페테리아를 운영한다. 갤러리 라운지와 개별 회의실, 주차장도 무료로 쓸 수 있다. ‘그랑 르피에드 둔산’ 분양 계약 시에는 명품백(또는 명품잡화)을 준다.
땅집고 홈페이지에서 회원 가입과 함께 참석 신청하면 된다."
https://www.chosun.com/economy/real_estate/2020/09/15/JIFY5QOCBZHSXJSEM6XM3LVVSQ/,"◇용인 기흥역세권 제과점 상가=구갈동 대단지 아파트 밀집 지역 버스정류장 앞에 위치한 전용면적 36㎡인 1층 점포가 6억3000만원이다. 융자 3억원, 보증금 3000만원, 월 250만원에 대기업 유명 프랜차이즈점으로 장기 임대 중이다. (031)8017-3114
◇양양 동호리 해수욕장 인근 토지=양양국제공항에 인접한 바다 조망권 토지 4768㎡와 건물 374㎡가 3.3㎡당 83만원, 총 12억원이다. 사계절 서핑 캠프나 대형 펍(PUB), 펜션, 교육원 등으로 바로 건축 가능하며 투자용으로도 적합하다. 010-4999-1600
◇수원시 인계동 중심상권 상가=유동인구가 풍부한 중심 상업지역 코너 5층 건물의 4층 238㎡ 점포가 10억원이다. 보증금 5000만원, 월 380만원에 임대·성업 중이다. (02)565-0338 강남 미스터홈즈 고상철
동탄신도시 대로변 1층 편의점 6억원
◇동탄신도시 대로변 1층 수익형 편의점=중심 상업지 대로변 삼거리코너 상가 건물 중 1층 67㎡ 점포가 6억원이다. 융자 3억3000만원, 보증금 5000만원, 월 250만원에 프랜차이즈 편의점으로 장기 임대 중이다. 010-5305-9797 수지 동문114공인 이창수
◇하남시 창우동 투자용 토지=스타필드 하남 인근 토지 3개 필지, 1127㎡가 17억500만원이다. 일부 그린벨트 해제되어 투자용으로 적합하다. 010-5424-4989 하남 미사강변공인 김판옥
◇송파구 방이동 역세권 단독주택=지하철 9호선 한성백제역과 올림픽공원, 방이시장에 인접한 대지 195㎡, 연면적 249㎡인 2층 단독주택이 22억원이다. 사옥이나 재건축 후 임대수익용으로 적합하다. 010-5265-4821 상일 고덕연합공인 곽문경
◇고양 원흥역 메디컬 빌딩 13층 임대=역 출구 바로 앞 지하 4층, 지상 13층 신축 대형 상가 빌딩 중 13층 전체 전용 800㎡를 보증금 3억원, 월 1500만원에 임대한다. 골프 관련 업종이나 피트니스, 패밀리레스토랑, 안과, 산부인과, 비뇨기과, 사무실 등으로 적합하며 분할 임차도 가능하다. 010-4546-7479
◇동탄2신도시 수익형 마트 상가=2000여 가구 대단지 아파트 대로변 주 출입구 코너의 1층 점포 2칸 전용 72㎡가 11억5000만원이다. 보증금 1억원, 월 500만원에 단지 내 독점 수퍼마켓으로 임대·성업 중이다. 010-5224-3132 동탄 롯데캐슬공인 한출우"
https://www.chosun.com/economy/real_estate/2022/12/21/USYELLT4BFD55FOFTDFCF2DQ2A/,"지난해 서울에서 집을 사려면 월급을 한 푼도 안 쓰고 14년간 모아야 하는 것으로 조사됐다. 집값이 치솟으면서 1년 만에 ‘내 집 마련’ 기간이 2년 더 늘어났다. 지난해 ‘영끌 매수’가 집중된 수도권의 자가 보유율은 13년 만에 최고치를 기록했다.
21일 국토교통부가 발표한 ‘2021년도 주거실태조사’에 따르면, 지난해 수도권 지역의 중위 PIR(연소득 대비 주택가격비율)은 10.1배로 전년(8.0배)보다 높아졌다. PIR은 월급을 한 푼도 안 쓰고 모았을 때 집을 살 때까지 소요되는 기간을 뜻한다. 10.1년치 월급을 쓰지 않고 꼬박 모아야 수도권에서 내 집 마련이 가능하다는 뜻이다. 수도권 PIR은 2008년부터 2019년까지 10년 넘게 6.7~6.9배 수준에 머물렀으나, 집값이 급등한 2020년 8.0배로 뛰었고 지난해 사상 처음으로 두 자릿수를 기록했다.
특히 서울의 PIR은 2020년 12.5배에서 지난해 14.1배로 뛰었다. 세종(10.8배)과 경기(9.9배)도 내 집 마련에 10년 안팎이 걸리는 것으로 조사됐다. 이 밖에 광역시(7.1배), 도 지역(4.2배) 모두 전년보다 PIR이 상승하면서 전국 PIR도 5.5배에서 6.7배로 뛰었다. 생애최초 주택을 마련하는데 걸리는 기간은 7.7년으로 2020년과 동일했다.
지난해 주택 자가 보유율은 2020년과 동일한 수준인 60.6%였다. 영끌 매수가 집중됐던 수도권 자가 보유율은 2020년 53%에서 작년 54.7%로 상승했다. 이는 2008년(56.6%) 이후 13년 만에 최고치다. 반면 광역시 등은 62.2%에서 60%로, 도지역은 71.4%에서 69%로 감소했다. 자가보유주택에 거주하는 비율을 나타내는 자가점유율은 57.3%로 전년 대비 0.6%포인트 하락했다. 자가점유율은 2019년(58.0%) 이후 2년 연속 내렸다.
지난해 전체 가구의 평균 거주기간은 7.5년으로 집계됐다. 자가 가구(10.5년)가 임차가구(3.0년)에 비해 오래 거주하는 것으로 나타났다. 지난해 주택 보유 의식은 88.9%로, 2020년(87.7%)보다 증가해 대부분이 ‘내 집을 보유해야 한다’고 응답했다. 청년층의 주택 보유 의식이 81.4%로 전년(78.5%) 대비 큰 폭으로 증가했다. 신혼부부 가구 역시 90.7%가 내 집을 보유해야 한다고 응답했다.
청년 가구는 대부분 임차(81.6%)로 거주하고 있으며, 단독 주택에 거주하는 비율이 37.5%로 가장 높은 것으로 나타났다. 청년층의 최저 주거 기준 미달 가구 비율은 7.9%로 일반 가구(4.5%)보다 높았고, 1인당 주거면적도 30.4㎡로 일반가구(33.9㎡)보다 좁았다.
신혼부부 가구의 경우 43.9%가 자가에 거주하고 있고, 대부분 아파트(72.5%)에 사는 것으로 나타났다. 최저 주거 기준 미달 가구 비율은 2.4%로 일반가구(4.5%)보다 낮은 편이나, 평균 가구원수가 많아 1인당 주거면적(27.5㎡)은 일반가구(33.9㎡)보다 좁은 것으로 나타났다. 가장 필요한 주거지원으로 청년층은 ‘전세자금 대출지원’(38.1%)을 꼽았고, 신혼부부 가구는 ‘주택 구입자금 대출지원’(49.3%)을 선택했다."
https://www.chosun.com/economy/real_estate/2022/09/13/QZCQOMJJLFCBJNDGIFLVCNCBX4/,"제이알글로벌리츠가 대표적인 글로벌 리츠 투자 관련 벤치마크 지수에 편입됐다. 투자 자금 유입과 함께 주가 안정에도 긍정적인 영향을 미칠 전망이다.
13일 리츠업계에 따르면, 제이알글로벌리츠는 최근 ‘FTSE EPRA Global Nareit Developed Asia’ 지수 편입이 전날 확정됐다. 실제 지수에 반영되는 시점은 이달 16일 장 마감 이후인 9월 19일이다.
이 지수는 상장 부동산 회사와 리츠사를 전문적으로 편입시키는 것으로 8월 말 기준 전체 시가총액은 약 2200조원 규모다. 이 중 Developed Asia 부문의 편입 종목은 130여 개, 시가총액은 495조원에 달한다. 국내 상장 리츠가 이 지수에 편입된 것은 ESR 켄달스퀘어리츠, 롯데리츠에 이어 세 번째다."
https://www.chosun.com/economy/real_estate/2023/12/12/FKMWZIDDVBEDFBTKMSJGWDAIKU/,"부동산 종합 미디어인 땅집고가 부실채권(NPL) 해법을 찾아내기 위해 설립한 한국NPL솔루션 포럼이 지난 11일 전략적 업무협약을 체결했다고 12일 밝혔다. NPL이란 흔히 3개월 이상 연체한 대출채권을 말한다.
양사는 이번 업무제휴를 통해 NPL 매물을 거래하는 플랫폼을 구축하고 전문 컨설팅 서비스도 제공할 계획이다. 다양한 문제를 안고 있는 NPL 물건별로 실질적인 설루션과 출구전략을 찾기 위한 상설 협의체와 포럼도 운영한다. NPL관련 풍부한 노하우와 경험을 보유한 국내 최고 회계법인과 법무법인, 감정평가법인, 부동산신탁회사, 자산운용회사 등이 포럼 운영진으로 참여한다.
송정화 한국NPL솔루션포럼 대표는 “향후 부동산 시장에서 NPL 처리 문제가 최대 현안 중 하나로 떠오를 것”이라며 “NPL 솔루션 서비스 전문가 집단과 협업을 통해 투자자와 기업, 금융권 모두에 도움이 되는 NPL 해법을 제시하겠다”고 했다.
그는 “경기 침체에 따른 대출 연체율이 급등하면서 NPL 물건이 시장에 대량으로 풀리고 있지만, 체계적이고 신뢰할만한 정보 교류 네트워크는 없는 게 현실”이라며 “NPL 물건 선정부터 심사, 투자자 매칭, 거래 청산까지 실질적인 설루션을 제공하는 포럼이 될 수 있도록 하겠다”고 했다."
https://www.chosun.com/economy/real_estate/2021/05/25/OGYSO7FQW5BPVOYS3E3XVPZYOI/,"서울 강남구 압구정동 등 4월 말 토지거래허가구역으로 추가 지정된 4곳에서 최근 한 달간 단 한 건의 주택 거래도 이뤄지지 않은 것으로 나타났다. 투자 목적으로 집을 사는 게 불가능해지면서 수요가 급감한 것으로 해석된다. 하지만 거래 급감에도 호가(呼價)가 그대로 유지되는 등 집값은 내리지 않고 있다.
24일 국토교통부에 따르면, 지난달 27일 이후 이날까지 계약 및 신고된 서울 강남구 압구정동의 아파트 매매 거래는 0건이다. 아직 신고 기간(계약 후 30일)이 남았지만, 4월 1~26일에 31건의 거래가 이뤄진 것과 비교하면 거래가 완전히 끊긴 분위기다. 압구정동과 함께 토지거래허가구역으로 묶인 양천구 목동에선 9건의 매물이 팔렸지만, 거래허가구역인 목동 신시가지아파트에선 한 건의 거래도 없었다. 영등포구 여의도동도 주요 재건축 단지의 거래는 완전 끊겼다. 성동구 성수동 역시 거래허가제가 적용되는 ‘성수전략정비구역’의 주택 거래량은 ‘제로'다.
거래가 끊겼지만, 통계 지표상 아파트값은 계속 오름세다. 한국부동산원이 집계한 지난주 강남구 아파트값 상승률은 0.13%로 거래허가구역 지정 직전인 지난달 26일(0.13%)과 같다. 양천구(0.1%), 영등포구(0.12%)도 상승세를 이어가고 있다. 거래허가 규제를 피한 서초구는 같은 기간 0.13%에서 0.2%로 상승 폭이 확대돼 ‘풍선 효과’라는 해석도 나온다. 매매 가격 통계는 구(區) 단위가 최소여서 동(洞) 단위 분석은 어렵다.
개별 단지 호가도 내리지 않고 있다. 압구정동 현대 1차 43평형은 지난달 23일 40억원에 거래되며 최고가 기록을 세웠는데, 지금 나와있는 매물의 호가도 대부분 40억~40억5000만원 수준이다. 인근 한 중개업소 관계자는 “지난해 대치동, 청담동 등이 거래허가구역으로 지정되고도 가격이 더 오르는 것을 지켜본 주택 소유자들이 ‘더 오를 것’이란 확신을 갖고 버티는 분위기”라고 전했다."
https://www.chosun.com/economy/real_estate/2023/05/22/SKVNA4XJ3VD77FEHYAT72H7T2Y/,"신세계건설이 서울 은평구 연신내역 인근에 짓는 ‘빌리브 에이센트’를 분양 중이다. 은평구 불광동 305-3번지에 지하 5층~지상 24층 규모로 건설되며, 전용면적 49~84㎡ 오피스텔 492실과 상업시설로 구성된다. 입지가 좋고, 신세계건설의 다양한 특화 설계가 더해져 지역을 대표하는 복합시설이 될 수 있다는 기대가 있다.
◇높은 천장에 전용 창고 제공
신세계건설은 빌리브 에이센트에 아파트 수준의 설계를 적용했다. 천장 높이를 일반 아파트에 비해 20㎝ 더 높은 2.5m로 설계해 개방감을 극대화했고, 높은 천장에 맞춰 창호를 높여 일조량을 늘렸다. 천장이 높아진 만큼 수납 공간이 늘어났다. 거실에는 중간 프레임이 없어 탁 트인 느낌을 주는 유리난간 창호를 적용했다. 무거운 짐이나 캠핑용품 등을 보관할 수 있도록 층별로 세대 전용 창고(일부는 지하층 설치)가 제공된다.
주력 평형인 전용 84㎡타입은 4베이(거실과 방 3개의 창문이 같은 방향으로 배치된 구조) 평면을 적용해 햇볕이 잘 들도록 했다. 아파트 대형 평형에 주로 쓰이는 ‘듀얼웨이’ 평면도 적용된다. 외부먼지 차단이 잘 되고 다용도실을 효율적으로 배치해 가사 동선을 줄여주는 구조다. 다용도실은 보조주방, 창고 기능까지 더해진 다기능 공간으로 조성된다.
빌리브 에이센트에는 광폭 강마루, 프리미엄 주방 상판 등 고급 마감재가 적용되고 천장형 시스템 에어컨이 무상 제공된다. 3구 인덕션 쿡탑, 전기 오븐, 식기세척기, 냉장고, 김치냉장고(일부 평형) 등 주방가전도 대부분 빌트인(매립형)으로 들어간다.
◇주거·업무·문화생활 원스톱으로
빌리브 에이센트는 주거, 업무, 쇼핑, 문화, 교육 등을 한번에 해결할 수 있는 복합공간으로 구성된다. 오피스텔, 공공임대로 구성된 주거공간과 서울시에서 육성하는 신성장 동력산업 업종으로 구성된 업무시설, 서울시가 운영하는 돌봄시설이 조성될 예정이다.
지하 1층부터 3층 사이엔 단지 내 상업시설 ‘빌리브 에이센트 더 플레이스’가 조성된다. 중앙광장을 품은 스트리트형 상업시설로 만들어지며, 1000석 규모 메가박스 영화관이 입점할 예정이다. 분양 관계자는 “이미 상권이 활발한 로데오거리, 연서시장도 인접해있어 단지 조성이 마무리되면 유동인구 유입이 활발할 것으로 전망된다”며 “합정동 메세나폴리스나 영등포 타임스퀘어 같은 지역 랜드마크로 자리매김할 것”이라고 말했다.
단지 내 상가 외에도 NC백화점 불광점, 롯데몰 은평점, 이마트 은평점, 스타필드 고양 등 주변에 쇼핑 시설이 풍부하고 청구성심병원, 가톨릭대학교 은평성모병원 등 생활 편의시설도 잘 갖춰져 있다.
빌리브 에이센트는 입지적 가치도 있다. 단지 바로 앞 연신내역에는 GTX(수도권광역급행철도)-A노선이 내년부터 일부 개통될 예정이다. 서울 지하철 3, 6호선이 뚫려있어 서울 서북권 교통 요지가 될 전망이다. 향후 GTX-A노선 모든 구간이 개통되면 연신내에서 삼성역까지 9분 만에 갈 수 있게 된다. GTX-A노선의 서울 내 정차역은 연신내를 포함해 4개 뿐이어서 희소싱이 있는 것으로 평가받는다.
서울 은평구 수색로 235에 들어선 빌리브 에이센트 견본주택은 유명 디자인 기업 디스트릭트와 협업한 미디어아트가 적용돼 방문객들에게 색다른 경험을 선사한다."
https://www.chosun.com/economy/real_estate/2024/10/28/7NS5SFWZCFE7NIS4JN67WTNC2Y/,"“누구나 스마트폰을 쓰는 시대에도 재건축 같은 도시 정비 사업은 여전히 20년 전처럼 종이 서류를 들고 다니며 집집마다 돌아다녀야 일이 진행되더라고요.”
아파트 실소유주 기반의 커뮤니티 플랫폼 ‘얼마집’을 운영하는 송지연<사진> 한국프롭테크 대표는 “재건축 사업에 IT를 접목하면 사업 진행도 빨라지고, 정보의 비대칭성 때문에 생기는 비리도 줄일 수 있다고 생각했다”고 말했다. 얼마집은 아파트 소유주들이 재건축을 빠르고 투명하게 추진할 수 있도록 각종 정보를 공유할 수 있는 채팅방과 전자투표·서명 서비스를 제공하는 앱이다. 재건축 추진 과정에 필요한 각종 동의 절차를 앱 안에서 가능하도록 해 주민 참여도를 높이고 시간을 단축할 수 있다. 지난 2022년 말 출시 이후 서울과 경기·부산 지역 아파트 단지 1100여 곳이 얼마집 서비스를 이용하고 있으며, 이중 서울 양천구 ‘목동아파트 3단지’, 경기 성남시 분당구 ‘양지마을’ 등 40여개 단지가 재건축 전자투표·동의 서비스를 활용하고 있다. 최근에는 부천도시개발공사, 서대문구청 등 공공기관도 얼마집을 활용해 재건축, 재개발을 추진하고 있다.
서울대 경제학과 졸업 후 KT에서 직장 생활을 처음 시작한 송 대표는 이후 글로벌 벤처캐피털(VC) 소프트뱅크벤처스로 자리를 옮겨 스타트업 업계와 인연을 맺었다. 그가 부동산과 IT를 접목한 프롭테크 창업에 직접 뛰어든 것은 부모님이 소유한 아파트가 재건축을 추진하는 과정을 직접 경험한 것이 계기가 됐다. 송 대표는 “우편으로 서류를 보내거나 관계자들이 직접 집으로 찾아오는 것이 반복되는 상황을 보고 사업 아이디어를 구상했다”며 “세계적인 IT 강국인 우리나라에서 여전히 과거 방식에 머물러 있는 재건축 프로세스를 개선하고픈 사람이 많을 것으로 생각했다”고 했다. 사업 초기에는 ‘재건축 아파트 소유주는 60대 이상 장년층이 많은데 스마트폰 앱 서비스가 통하겠느냐’는 우려도 있었지만, 쓸데없는 걱정이었다. “오히려 나이 드신 주민분들이 ‘왜 이런 기능은 없느냐’ ‘다른 서비스도 추가해달라’고 요청하는 경우가 많아요.”
송 대표는 “재건축 사업을 두고 ‘온갖 비리가 판을 친다’는 부정적인 인식이 생긴 데엔 전통적인 일 처리 방식과 조합 임원진 같은 특정 집단에 쏠린 정보의 비대칭성 때문”이라며 “재건축 사업 과정을 투명하게 공개하고, 사람들이 원하는 정보를 쉽게 얻을 수 있게 돕는 기술 개발에 매진하겠다”고 말했다."
https://www.chosun.com/economy/real_estate/2021/12/16/QA7XZ75YKJEODAWZQVLT7SR4YQ/,"“국유지 비중이 높은 국가에서 가능한 제도이다.” “집값 안정 효과도 확인되지 않았다.” “환매조건이라면 임대주택과 무엇이 다른가.”
오세훈 서울시장이 임명한 김헌동 서울주택도시공사(SH) 사장은 토지임대부 주택을 통해 ‘강남 5억원, 강북 3억원’에 30평 아파트 공급을 약속했다. 김 사장은 강남구 삼성동 옛 서울의료원 부지 등 구체적 입지까지 거론하며 내년 토지임대부 주택 공급을 언급하고 있다. 토지임대부 주택은 토지는 임대하고 건물만 분양하는 제도이다. 김 사장은 토지임대부 주택으로 집값을 안정시킬 수 있다고 주장한다.
그러나 서울시가 주최한 정책 토론회에서 전문가들의 비판이 쏟아졌다. 부동산 전문가들은 토지임대부 주택을 공급할 토지 확보가 쉽지 않고, 집값 안정효과도 미지수라는 입장을 보였다. 현행 법상 매각시 공공기관에 팔아야 하기 때문에 사실상 임대주택이라는 비판도 나왔다.
서울시뿐만 아니라 이재명 더불어민주당 대통령 후보의 분양형 기본주택, 윤석열 국민의힘 대통령 후보의 역세권 첫 집 주택도 토지임대부 주택이다. ‘국민의 힘’ 서울시당과 서울시가 공동 주최한 ‘서울시 주택개발정책의 동향과 과제’ 토론회는 15일 국회에서 열렸다. 서울정책연구원(원장 유경준)이 주관한 이 행사에는 오세훈 시장이 축사를 했다.
◇토지 국유지 비중 높은 스웨덴 등 도입, 부작용으로 정책 전환
지규현 한양사이버대 교수는 주제 발표를 통해 “토지임대부 주택은 주택금융이 발달되지 않은 시대에 도입된 제도”라며 “시유지가 많지 않은 서울시가 토지임대부 주택을 도입하는 것이 적절한 지 의문”이라고 했다. 지 교수에 따르면 스웨덴 스톡홀름시가 1907년 저렴한 임대주택 공급과 지가 상승에 따른 불로소득의 공공환수를 위해 토지임대부 주택을 도입했다. 당시 스톡홀름시는 토지의 70%를 소유하고 있었다.
하지만 각종 부작용이 발생, 정책이 상당히 후퇴했다. 초기 계약자는 저렴한 가격으로 토지임차권을 사들이지만 일반 주택과 비슷한 가격에 임차권을 매각했다. 초기 계약자만 혜택을 본다는 비판이 나왔다. 시간이 지나면서 물가상승 및 지가상승이 토지 임대료에 반영되면서 저렴한 주택 공급이라는 명분도 퇴색했다.
◇토지 국유화한 도시국가 싱가포르는 성공
1896년 토지임대부 주택을 도입한 네덜란드의 경우, 암스테르담 토지의 80%가 국유지였다. 프랑스도 1964년 이 제도를 도입했지만, 국유지가 많지 않아 일부 임대주택에만 적용됐다.
건국 당시부터 토지국유화를 추진한 싱가포르는 토지임대부 주택에 전국민의 80%가 거주, 성공적이라는 평가를 받고 있다. 싱가포르의 토지임대부 주택은 5년 거주후 매매로 시세차익이 가능하다. 분양가에 토지임대료가 포함돼 있어 사실상 한국의 공공분양 아파트와 유사하다. 30년 간 장기집권한 고 리콴유 총리가 일관되게 추진한 정책이라는 점을 감안하면 서울시가 도입하기에는 무리가 있다. 한국은 대통령뿐만 아니라 서울시장이 바뀌어도 전임자의 정책이 중단되는 일이 다반사이다.
◇토지임대부, 로또 분양이냐 임대주택이냐?
지규현 교수는 “토지임대부 주택은 국가 토지소유가 많은 나라에서 도입됐지만, 집값 안정효과는 확인되지 않았다”고 말했다. 집값이 비싸기로 악명 높은 홍콩도 토지사용권을 50년간 임대하는 방식으로 주택을 공급한다. 중국도 토지는 원칙적으로 국가소유이며 토지 사용권만 매각하지만, 집값 폭등 문제가 발생하기는 마찬가지이다.
이명박 정부가 서초동과 세곡동에서 분양한 토지임대부 아파트는 분양가 대비 7~8배 가격이 올랐다. 최초 계약자만 ‘로또 분양’의 혜택을 누렸다는 비판이 나온다. 당시 집값 안정은 토지임대부 주택보다는 그린벨트를 해제해 지은 18만 가구의 수도권 보금자리 주택이 효과를 발휘했다. 이명박 정부도 토지임대부 주택의 한계를 확인하고 시범 사업만 했을 뿐이다. 이명박 정부의 보금자리주택은 시세의 70~80% 수준에 공급되면서 수도권에 민간아파트 미분양이 급증했다. 보금자리 주택 대량공급과 리먼쇼크와 남유럽 재정위기 등 세계경제 침체로 투자심리가 위축되면서 주택가격이 전반적으로 하락했다.
현행 토지임대부 주택은 법률상 10년 의무 거주해야 하고 매매시 LH공사에 우선매각해야 한다. 지 교수는 “공공기관 환매조건의 토지임대부 주택은 분양받아도 자산 축적의 기회를 상실하는 것이고 환매 조건이 없으면 ‘로또 분양’으로 전락한다”고 말했다.
토론자로 참여한 이상영 명지대 교수는 “토지 임대부 분양방식은 공급 규모가 작을 경우, 혜택을 본 계층과 그렇지 못한 사람들간의 형평성 문제가 제기될 수 있다”고 말했다. 김진유 경기대 교수는 “장기적으로 의미 있는 정책이지만 토지비축을 통해 저렴한 택지의 확보를 추진한후 대량 공급이 가능한 시점에 추진하는 것 바람직하다”고 말했다. 토지 비축이 이뤄지지 않은 상황에서는 효과적인 정책일 수 없다는 의미이다.
◇반값 아파트, 주택 포퓰리즘인가? 만병통치약인가?
토론회에 참석한 김선수 서을시 주택과장은 “현재의 토지임대부주택은 법률상 공급은 SH가 하고 환매는 LH가 하는 등 사업주체의 이원화 문제가 발생하고 공공환매 등 과도한 규제로 실수요자의 호응이 높지 않을 수 있다”면서 “얼마나 어떻게 공급할지는 아직 확정되지 않았다”고 말했다.
김헌동 사장은 언론 인터뷰 등을 통해 강남구 삼성동 옛 서울의료원 북측 부지 등을 토지임대부 주택 후보지라고 밝혔지만, 강남구청 등 해당 부지가 있는 구청들은 강력하게 반발하고 있다. 오세훈 시장의 정책과도 일부 충돌한다. 김 사장은 강남 30평대 5억원 아파트 공급을 약속했지만, 오세훈 시장이 역점적으로 추진하는 장기전세주택의 전세보증금도 강남권은 8억~10억원이나 한다. 지규현 교수는 “민간의 역할을 강화할 필요가 있다”면서 “중산층의 임대불안을 해소할 민간임대주택 정책이 시급하다”고 말했다. 집값 폭등으로 발생한 주택문제를 한꺼번에 해결할 만병통치약은 있을 수 없다. 토지임대부 주택이 자칫 시장경제에 역행하는 포퓰리즘으로 흐르지 않도록 합리적 대안을 마련해야 한다."
https://www.chosun.com/economy/real_estate/2025/04/07/UUOSIZJRGRHWFBYCAKV3TCDVSA/,"라이브커머스 방송(라방)에 서울 시내 대단지 아파트 상가까지 등장했다. 라방은 유튜브 등을 활용해 실시간으로 제품을 판매하는 방식을 말한다. 주로 의류나 가전, 식료품 판매 등에 사용돼 왔는데, 이제 분양 업체의 상가 판매에도 동원된 것이다.
6일 분양 업계에 따르면, 서울 동대문구 휘경자이 디센시아(1806가구) 상가 분양 대행업체는 지난달 31일 자사 유튜브 채널에서 ‘라방’을 진행했다. 오는 9일 분양 계약을 앞두고 전문 쇼호스트 두 명이 1시간 넘게 상권을 설명하며 계약 상담을 유도했다. 커피·와인 등 경품도 내걸었다. 쇼호스트들은 “난리가 났다. 예약이 폭주 중”이라며 분위기도 띄웠다. 분양 규모는 10실에 그치지만, 초유의 상가 라방 소식에 조회 수는 60만회를 넘었다.
계속된 상가 분양 시장 침체에 이전과 다른 마케팅 아이디어를 시도한 것이란 분석이 나온다. 서울 지역 집합 상가 평균 공실률은 꾸준히 증가해 작년 말 10%에 육박했다. 주민이란 확실한 고객이 있는 아파트 상가마저 분양이 안 돼 통매각으로 넘겨지거나 유찰되는 일이 많다."
https://www.chosun.com/economy/real_estate/2022/10/04/DUXX7X24QZBURH6VPWSKKYHPCY/,"국내 첫 민간 대여금고인 볼트 1932 압구정점에서 이용 가능한 금고는 4개 종류, 총 1600여개가 있다. 가장 작은 금고(너비 30㎝X길이 55㎝X높이 12.7㎝)는 은행 대여금고 2배쯤 되며 가장 큰 금고(너비 44㎝ X 길이 55㎝ X 높이 88㎝)는 최대 10배 크기다. 수장고는 총 13실이 있으며 이 중 10실은 미술품 전용인 아트 볼트다.
월 이용료는 금고 크기에 따라 월 10만~50만원이다. 보증료는 각 금고 1개월 이용료에 해당한다. 아트 볼트는 이용료는 월 300만원, 연간 기준으로 3000만원이다. 계약자 외에 최대 2명까지 지정사용자로 등록해 함께 이용할 수 있다.
볼트 1932는 신규 장기계약 고객에게 할인 혜택을 제공한다. 금고 종류에 관계없이 3년 계약은 10%, 5년 15%, 10년 30%로 계약 기간이 늘어날수록 높은 할인율을 적용한다."
https://www.chosun.com/economy/real_estate/2024/06/17/RLC3SXJLCBFRXMTRAKRVODDIIQ/,"국토교통부가 17일 오전 열린 경제관계장관회의 의결을 거쳐 ‘리츠(REITs·부동산투자회사) 활성화 방안’을 발표했다. 리츠란 다수로부터 자금을 모아 부동산에 투자하고 이익을 나눠주는 부동산 투자회사로 국내엔 2001년 도입됐다. 업무용·상업용 부동산은 개별 자산의 가격이 높아 일반 국민들이 직접 투자하기 어렵지만, 리츠에 편입되면 소액으로도 투자할 수 있다는 장점이 있다. 현재 국내 리츠 375개의 보유 자산은 약 98조원으로 규모가 큰 것 같지만 비슷한 시기 리츠를 도입한 일본, 싱가포르 등에 비해선 10분의 1미만 수준에 그치고 있다.
우선 정부는 주택과 오피스 분야에 70% 이상 집중되어 있는 국내 리츠의 투자 대상을 확대할 방침이다. 현재는 ‘부동산투자회사법’ 시행령에 열거된 자산에 한해 리츠 투자가 가능하지만 앞으로는 국토부 승인시 다양한 자산에 투자 가능하도록 허용할 계획이다.
대표적으로 꼽히는 투자처가 고령화와 AI(인공지능) 산업 발전에 대응한 헬스케어, 테크 자산 등이다. 헬스케어 리츠란 리츠가 시니어 주택을 개발, 운영하면서 의료 커뮤니티등 관련 서비스를 제공하고 여기서 얻는 수익을 투자자에게 배분하는 것을 뜻한다. 현재 국내에선 화성 동탄2 유휴부지에 시니어주택 약 3000가구를 개발하는 헬스케어 리츠 선도 사업이 추진 중이다. 국토부는 헬스케어 리츠를 확대해 2025년까지 3곳 이상, 2030년까지 10곳 이상 공모를 추진하기로 했다. 헬스케어 리츠가 시니어 주택을 개발하는 사업지는 2·3기 신도시의 택지가 활용될 예정이다. 테크자산의 경우 신성장 미래산업의 필수 자산인 데이터 센터나 태양광, 풍력발전소 등 청정에너지 자산에 투자를 허용하는 방안이 추진될 예정이다.
국토부는 또 부동산 PF(프로젝트파이낸싱) 위기에 대응하는 차원에서 공공지원 민간임대리츠를 활성화하는 방안을 마련했다. 브릿지론(토지매입을 위한 단기금융)을 못갚아 본 PF로 전환하지 못하고 경매 위기에 놓인 민간 분양주택 사업장 토지를 공공지원 민간임대리츠가 인수할 수 있도록 한 것이다. 이 경우 주택도시기금과 기존 투자자들이 함께 리츠를 설립해 브릿지론을 상환하고, 매입한 토지에서 공공지원 민간임대주택 사업을 추진한다. 국토부는 최근 건설경기 부진에 따른 건설 실적 부족을 감안해 시공사 참여 요건을 현행 ‘3년간 300세대 건설’에서 ‘5년간 300세대 건설’로 완화해주기로 했다.
정부는 미분양 주택이 쌓여가는 문제(현재 전국 1만2000가구)를 해결하기 위해 지난 3월 CR리츠(기업구조조정 리츠)를 재도입하기로 했는데, 이에 대한 세부 지원책도 마련했다. CR리츠는 지방의 준공후 미분양 아파트를 매입해 임대주택으로 제공하고, 이 과정에서 취득세 중과 배제와 종부세 합산 배제 등 세제 혜택을 받을 수 있다. 여러 투자자로부터 자금을 모아 미분양 주택을 사들인 뒤 우선 임대로 운영하고, 시장 상황이 좋아지면 분양 전환해 수익을 내는 구조다. 국토부는 미분양 CR리츠의 자금 조달 금리를 낮춰 사업성을 개선할 수 있도록 주택도시보증공사(HUG) 내규를 개정해 ‘모기지 보증’을 활용할 계획이다. 모기지 보증이란 채무자가 모기지 대출을 상환하지 않을 경우 보증기관이 대신 상환할 것을 보증하는 것으로, 대출 금리를 낮추는 데 필요하다.
국토부는 지난 4월 CR리츠 사전 수요조사를 실시했는데 미분양 주택 약 5000가구가 접수됐다. 국토부 관계자는 “4만6000가구의 미분양 주택이 발생했던 2009년 당시 CR리츠가 매입한 미분양 주택이 2200가구 정도였는데, 현재는 미분양 가구가 1만2000가구 정도인데도 5000가구가 CR리츠 매입을 희망할 정도로 CR리츠를 원하는 수요가 많아졌다”고 말했다.
이밖에 정부는 리츠가 기존 부동산을 매입하지 않고 직접 부동산을 개발할 경우 인허가와 공시 의무 등 규제가 많다는 지적에 따라 ‘프로젝트 리츠’를 도입하기로 하고, 올 하반기 안으로 관련 내용을 담은 부동산투자회사법 개정안을 발의할 계획이다. 프로젝트 리츠는 부동산 개발 단계에서 받아야하는 인가를 ‘등록제’로 완화하고, 현재 57개에 달하는 각종 공시, 보고 의무도 재무 현황을 확인할 수 있는 투자 보고서만으로 대체하도록 할 예정이다.
또 일반적인 리츠는 불특정 다수로부터 주식을 공모받는 형태로 운영되나 부동산이 건립되는 지역 주민들에게 이익이 우선적으로 돌아가야하는 경우에는 그 지역 주민들이 리츠 주식을 우선 배정받을 수 있도록 하는 ‘지역 상생 리츠’도 도입할 계획이다. 현재는 투자자들에게 1년에 한번 수익을 배당하는게 일반적인데 앞으로는 매달 배당하는 것도 가능하도록 부동산투자회사법 개정안을 발의할 예정이다."
https://www.chosun.com/economy/real_estate/2022/08/26/FKBX5J7UHFB73MOE4RVEY3DAIU/,"[땅집고] “와, 요즘 아파트 대문은 무슨 예술품이나 궁궐 대문 같네요.”
첫인상을 결정하는 ‘아파트의 얼굴’이 더욱 웅장하고 화려해지고 있다. 대문 역할을 하는 문주(門柱)를 특화해 ‘비싼 티’를 내는 아파트 단지가 늘어나고 있는 것. 크기에서 위용을 자랑하는 초대형 대문부터 디자인 어워드를 수상하는 미적 요소를 가미한 문주까지 등장하고 있다.
건설사는 브랜드 가치를 높여서 좋고, 입주민 입장에서는 아파트의 고급스러움을 과시할 수 있어서 문주 특화가 새로운 트렌드로 자리잡고 있다. 특히 비용 측면에서도 외벽, 커뮤니티 등에 돈을 들이는 것 보다 가성비가 좋기 때문에 갈수록 문주는 화려해질 전망이다.
문주는 2000년대 초반 각 건설사의 아파트 브랜드와 함께 등장한 건축 양식이다. 초기에는 아파트 이름을 알리는 머릿돌 형태에 불과했으나, 2007년께 통로 폭 규모의 게이트 형태가 등장한 이후 문주는 계속 업그레이드하고 있다.
우선 크기부터가 입이 떡 벌어지게 만든다. 서초우성1차 아파트를 재건축한 서울 서초구 서초동 ‘래미안 리더스원’의 문주는 커다란 수경시설로, 길이만 무려 70m에 달한다. 래미안 리더스원은 지하 3층~지상 35층, 총 12개동 1317가구 규모로 2020년 9월 준공했다.
강남 재건축 대어 반포우성 아파트를 재건축해 오는 31일 입주를 앞둔 서초구 잠원동 ‘반포르엘’의 문주 길이는 래미안 리더스원 보다 더 긴 100m 정도이다. DL이앤씨는 북가좌6구역 주택재건축 정비사업을 수주하면서 무려 530m 길이의 문주를 제안했다. 단지 제안 명칭은 ‘아크로 드레브 372′다. 문주를 단지 좌우에 있는 상가와 연결하는 형태로 디자인해 이 같은 길이가 가능해졌다.
디자인을 예술작품 수준으로 특화하는 단지도 생기고 있다. 서울 서초구 반포동 삼호가든 3차를 재건축해 지난 5월 입주를 시작한 ‘디에이치 라클라스’의 주 출입 문주 ‘디에이치 게이트 32-8′은 지난 5월 세계 3대 디자인상으로 꼽히는 독일 ‘iF 디자인 어워드’의 본상을 수상했다.
아파트 외벽에서 시작해 지상까지 흘러내리는 모양으로, 8m 높이에 길이는 70m에 달한다. 문주 안쪽에는 수천 개의 LED 광원을 달아 화려한 야간 경관도 연출한다. 단순 출입구가 아닌 예술 조형물이라는 평가를 받는 이유다.
문주 특화 단지들의 공통점은 재건축 단지라는 점이다. A 대형건설사 관계자는 “재건축이나 2, 3차 수주를 해야 하는 단지일수록 문주가 화려하다”며 “아무래도 입찰 제안서에 가장 먼저 보이는 장면이 아파트의 입구인 문주이기 때문에 건설사들이 선택을 받기 위해 최대한 멋을 부린 형태의 문주를 제안하는 경우가 많다”고 말했다.
업계에서는 문주 자체가 집값을 끌어올리는 역할까지는 아니더라도 브랜드 가치를 높이는 데 유용하다고 입을 모은다. 특히 건물 외벽 디자인이나 커뮤니티 등에 비해 설치 비용은 덜 드는 대신 폼은 폼대로 나 가성비가 좋다.
B대형건설사 관계자는 “가장 눈에 잘 보이고 상징성이 크다 보니 문주를 크고 잘생기게 지어달라는 입주민 요구가 많다”며 “문주가 도시정비사업으로 들어갈 경우 조합원 부담금에 포함되기 때문에 건설사 입장에서도 비용 부담은 없고, 브랜드 가치를 올릴 수 있어 선호도가 높다”고 말했다.
문주 때문이 아니더라도 문주 특화 단지 중 집값이 크게 뛴 곳도 있다. ‘iF 디자인 어워드’ 수상에 빛나는 디에이치 라클라스는 부동산 매수심리가 꺾이면서 작년 말까지 보류지 4가구가 세 번 이상 유찰됐다. 그러나 올 3월 전부 매각에 성공한 뒤 지금은 집값이 2배 가까이 올랐다. 디에이치 라클라스 전용 84㎡C는 올 5월 33억원으로, 분양가인 17억4200만원보다 15억원 이상 올랐다.
▶ 더 많은 기사는 <땅집고>에서 볼 수 있습니다"
https://www.chosun.com/economy/real_estate/2024/08/12/657WLCVHUNF4BFQYASY6SMBG7U/,"주택도시보증공사(HUG)는 ‘HUG 든든전세주택’ 제1차 입주자 모집이 평균 경쟁률 89대1을 기록하며 관심 속에 마감됐다고 12일 밝혔다.
든든전세주택은 HUG가 임대인을 대신해 임차인에게 전세금을 되돌려 주고(대위변제), 경매를 신청한 주택을 HUG가 ‘직접 낙찰’ 받아 무주택 세대에게 공급하는 공공임대주택이다. 무주택세대 구성원은 소득·자산과 관계없이 누구나 신청할 수 있다. HUG가 집주인이라 전세금을 안전하게 돌려받을 수 있고, 최장 8년간 주변 시세의 90% 수준의 보증금으로 거주할 수 있다는 장점이 있다.
이번 1차 모집은 즉시 입주가 가능한 총 24호(서울 10호, 부천 14호)를 대상으로 7월 24일부터 8월 7일까지 2주간 진행됐다. 총 24호 모집에 2144명이 신청했으며, 서울은 10호에 1654명이 신청해 평균 경쟁률 165대1, 부천은 14호에 490명이 신청해 평균 경쟁률 35대1을 기록했다. HUG는 정당한 신청자 중 무작위 추첨을 통해 21일 당첨자를 발표할 예정이다.
HUG는 1차 입주자 모집공고를 시작으로 매월 말 입주자를 모집할 예정이며, 공급 물량을 순차적으로 확대할 계획이다. 제2차 입주자 모집은 8월 30일부터 9월 13일까지 2주간 진행될 예정이다."
https://www.chosun.com/economy/real_estate/2023/08/10/LMNFKKWI7FEF5C34KXOZ2LTZWY/,"부산의 한 법인은 2021년 12월 법인이 분양하는 아파트를 직원에게 신고가인 3억4000만원에 팔았다. 이전 시세는 3억~3억2000만원 수준이었다. 이 계약 이후 법인은 신고가와 비슷한 수준으로 보유 중인 아파트 여러 채를 팔아치웠고, 직원과 맺었던 계약은 작년 9월 해제해버렸다. 직원에게 받았던 계약금도 그대로 돌려줬다. 국토교통부는 이 거래를 ‘집값 띄우기’를 위한 자전 거래로 의심하고 지자체에 통보했다.
국토부는 10일 실거래 시스템에 고가의 허위계약 신고를 올렸다가 취소해 시세를 교란하는 사례에 대한 기획조사 결과를 발표했다. 이번 기획조사는 2021년 1월부터 올해 2월까지 전국에서 이루어진 아파트 거래 중 신고가 거래 신고를 하고 장기간 경과 후 해제한 거래, 특정인이 반복해 신고가 거래 후 해제한 거래 등 1086건을 대상으로 진행했다. 국토부는 거래당사자 간 특수관계나 계약서 존재, 계약금 수수 여부 등을 확인해 집값 띄우기를 위한 허위 신고 의심 거래 32건을 적발했다. 또 소득세 탈루가 의심되는 거래 등 법령 위반 의심사례 541건을 적발해 국세청과 경찰청, 지자체에 통보했다. 적발 건수의 약 80%가 아파트값이 급등했던 2021년 1월부터 작년 1월까지 거래된 것으로 확인됐다.
대표적인 집값 띄우기 유형으로 ①법인과 법인 직원 간 자전거래 ②공인중개사 개입 ③가족 간 거래 ④외지인 거래 등이 확인됐다. 경기도의 한 아파트는 2021년 3월 신고가인 3억7800만원에 팔렸으나, 2개월 뒤 계약이 해제됐다. 원래 3억~3억5000만원 수준이었던 해당 아파트값은 이 계약 이후 4억원으로 뛰었다. 그러나 해제된 거래를 살펴보니 계약금 4000만원의 실제 지급 여부가 확인되지 않았고, 중개수수료가 지급된 사실도 확인되지 않았다. 이 건을 중개한 공인중개사와 거래 당사자들은 계약 해제와 동시에 계약서를 파기했다고 주장했다. 그러나 국토부는 허위의 매매계약을 신고한 것으로 의심하고 지자체와 경찰청에 통보했다.
국토부는 이 밖에 아파트 거래 등기부 자료와 거래 신고 자료 분석을 통해 잔금지급일 후 60일 내 소유권이전등기를 신청하지 않은 거래 내역을 지자체에 통보해 위법사항 317건에 대해 과태료 등 조치를 취했다. 국토부는 현재 진행 중인 ‘AI를 활용한 부동산 이상거래 선별 고도화 방안 연구’ 결과를 바탕으로 미등기 거래 중 상습 위반이 의심되는 건에 대해서는 허위 신고 여부를 직접 조사해 경찰청에 수사의뢰 할 계획이다. 또한, 전체 해제거래에 대해서도 동일 중개인, 거래 당사자의 여러 단지 반복 해제거래는 시세조종 여부에 대해 집중 모니터링할 예정이다."
https://www.chosun.com/economy/real_estate/2022/10/26/EJCLB7W6CZADRO664JSD3DA5QE/,"포스코건설 컨소시엄이 대전 서구 용문동에 짓는 ‘둔산 더샵 엘리프’를 곧 분양한다. 단일 재건축 단지로는 대전 최대 규모인 데다 교통이 편리하고 주변에 생활 편의시설도 잘 갖춰져 있다.
용문동 1·2·3구역 재건축을 통해 들어서는 둔산 더샵 엘리프는 지하 3층~지상 최고 33층, 23개 동 2763가구 중 전용면적 48~84㎡ 1935가구가 일반 분양된다. 롯데백화점이 차로 3분 거리에 있으며 갤러리아백화점, 홈플러스, 이마트 등 다른 쇼핑시설도 주변에 많다. 충남대병원, 가톨릭대 대전성모병원, 대전시청, 대전지방법원, 정부대전청사 등 병원과 관공서 이용도 편하다. 학교로는 문정중, 탄방중 등이 있고 학원가도 가깝다.
대전 지하철 용문역을 걸어서 이용할 수 있다. KTX 서대전역, 대전역 등 광역철도는 물론, 경부고속도로, 호남고속도로 지선 등 고속도로 진입도 편리하다. 쾌적한 주거 환경도 장점이다. 단지 옆으로 유등천이 흐르고, 중촌 시민공원, 남선공원이 가깝다.
단지 내에는 다양한 커뮤니티 시설이 들어선다. 피트니스센터, 필라테스룸, 골프연습장, 사우나 등 스포츠 시설부터 독서실, 북카페, 도서관, 워크라운지 등 학습·업무 공간까지 마련될 예정이다.
포스코건설은 더샵 브랜드에 걸맞게 조경에서도 타 단지와 차별화를 꾀한다. 포스코를 상징하는 철과 자연을 결합한 정원 페르마타 가든, 자연을 느낄 수 있는 잔디 광장 더샵필드, 어린이 물놀이장 등 다양한 조경 공간을 조성할 예정이다.
둔산 더샵 엘리프에는 포스코건설의 스마트홈 서비스인 ‘아이큐텍’(AiQ TECH)이 적용돼 단지 내 놀이터, 스쿨존 등을 실시간 모니터링할 수 있고, 엘리베이터 자동 호출, 거주층 자동 연결 등의 첨단 기능도 제공된다. 분양 관계자는 “대전을 대표하는 입지에 최대 규모 브랜드 대단지라는 상품성까지 더해져 지금껏 볼 수 없던 랜드마크 단지가 될 것”이라고 말했다. 1566-5945"
https://www.chosun.com/economy/real_estate/2022/01/06/OQ6OETQZCZDGTJ737JHZSLDIDQ/,"서울과 3기 신도시 등 수도권 공공택지에서 1만3000여 가구 규모의 4차 사전 청약이 시작된다.
6일 한국토지주택공사(LH)에 따르면, 오는 10일부터 수도권 공공택지 총 12개 지구, 1만3552가구의 사전 청약 접수가 진행된다. 공공분양 아파트 6400가구와 신혼희망타운 7152가구다.
3기 신도시에선 남양주 왕숙 2352가구, 부천 대장 1863가구, 고양 창릉 1697가구가 공급된다. 또 안산 신길(1372가구), 시흥 거모(1325가구), 구리 갈매(1125가구)에서도 1000가구 이상의 물량이 나온다. 서울 유일 사업지인 대방지구에선 115가구에 대한 사전 청약을 받는다. 추정 분양가는 서울 대방 전용면적 55㎡가 7억2000만원대, 고양 창릉 전용 84㎡는 6억7000만원대이다. 다른 지역은 대부분 3억~5억원대다. 분양가 상한제가 적용돼 주변 시세 대비 20~40% 정도 저렴하다는 게 LH 설명이다.
사전 청약 접수는 공급유형(공공분양, 신혼희망타운), 신청자격(특별공급, 일반공급), 해당 지역 거주 여부 등에 따라 일정이 다르다. 공공분양은 10~14일까지 5일간 특별공급(생애최초, 신혼부부, 다자녀, 노부모 부양, 기타) 청약 접수가 진행된다. 17일은 해당 지역 거주, 무주택 기간 3년, 청약저축 납부금 600만원 이상의 조건을 충족한 사람만 청약이 가능하다. 18일에는 1순위 대상자 중 해당 지역 거주자를 대상으로, 19~21일은 수도권에 거주하는 1순위 대상자들의 청약을 받는다. 신혼희망타운은 10~14일 해당 지역 거주자를 대상으로 청약 접수를 하고, 17~21일 다른 수도권 거주자 청약을 받는다.
청약 접수는 인터넷 접수가 원칙이지만, 고령자와 장애인 등을 위한 현장 접수처도 운영한다. 2월 17일 당첨자를 발표할 예정이다."
https://www.chosun.com/economy/real_estate/2022/12/23/GFZPYNVJIVA7VP7IETKPCZFZZA/,"정부가 부동산 시장 연착륙을 위한 각종 대책을 내놓고 있지만 아파트 매수심리는 좀처럼 살아나지 못하고 있다.
23일 한국부동산원에 따르면, 12월 셋째주(19일 기준) 전국 아파트 매매수급지수는 71.0으로 지난주(72.1)보다 1.1포인트 떨어졌다. 2012년 7월 부동산원이 매매수급지수를 조사하기 시작한 이후 가장 낮은 것으로, 4주 연속 역대 최저를 경신했다. 아파트 매매수급지수는 기준선인 100보다 낮을수록 시장에 아파트를 사려는 사람보다 팔려는 사람이 많다는 뜻이다.
이번주 서울 아파트 매매수급지수도 64.0으로 지난주 64.8에 비해 0.8포인트 하락했다. 2012년 7월 첫째주(58.3) 이후 10년 5개월 만에 가장 낮은 수치다. 서울 아파트 매매수급지수는 작년 11월 셋째주(99.6) 이후 1년 넘게 100을 밑돌고 있다.
서울 대부분 지역의 매수 심리가 악화됐다. 은평·마포·서대문구 등이 속한 서북권의 지수가 지난주 59.5에서 이번주 58.0으로 떨어져 서울 5개 권역 중 가장 낮았다. 영등포·양천구 등이 있는 서남권은 62.4에서 61.3으로 하락했다.
‘노도강’(노원·도봉·강북구)이 있는 동북권도 63.4에서 62.2로 떨어졌다. 종로·용산구가 포함된 도심권역 지수는 66.6에서 64.6으로 2.0 포인트 내려 하락폭이 가장 컸다. 강남3구(강남·서초·송파구)가 속한 동남권만 71.9에서 72.8로 0.9포인트 반등에 성공했다.
아파트 매수심리가 서울에서 가장 낮은 서북권과 서남권에선 실거래가 하락세가 더 가팔라지고 있다. 은평구 녹번동 ‘북한산푸르지오’ 전용 84㎡는 지난달 8억7000만원에 팔려 최고가(13억6500만원) 대비 5억원 가까이 내렸다. 마포구 신수동 ‘밤섬경남아너스빌’ 전용 84㎡도 지난달 최고가(14억원)보다 4억원 넘게 내린 9억8000만원에 거래됐다.
영등포구 신길동 ‘래미안에스티움’ 전용 84㎡는 지난달 11억4000만원에 팔려 최고가(16억9000만원)보다 5억5000만원 하락했다. 양천구 신월동 ‘목동센트럴아이파크위브1단지’도 지난달 최고가(13억원)보다 4억원 넘게 내린 8억9500만원에 손바뀜 됐다.
전세 시장은 매매 시장보다 수급지수가 더 빠른 속도로 하락하고 있다. 이번주 서울 아파트 전세수급지수는 61.8로 지난주 63.1에 비해 1.3포인트 하락했다. 전국 아파트 전세수급지수도 72.1에서 70.8로 1.3포인트 내렸다."
https://www.chosun.com/economy/real_estate/2022/03/29/EEAKF3OLEFEZJBO4BPRJVBMNWQ/,"정부가 지난 1월 광주광역시 ‘화정 아이파크’ 아파트 신축 공사 현장에서 붕괴 사고를 낸 HDC현대산업개발에 대해 서울시에 1년 영업정지 또는 등록 말소를 요청했다.
국토교통부는 28일 정부세종청사에서 브리핑을 열고 “사고의 중대성과 국민적 우려 등을 종합적으로 고려해 가장 엄중한 처분을 내려 달라고 요청했다”고 밝혔다. 건설 업계는 “정부가 사실상 등록 말소를 요구한 것”으로 해석하고 있다. 정부가 부실 시공을 이유로 등록 말소를 요청한 것은 1994년 무너진 성수대교 시공사 동아건설(1997년) 이후 처음이다.
서울시가 최종 처분을 결정하기까지는 6개월 정도 걸릴 전망이다. 현대산업개발이 처분 결과에 불복해 소송을 제기할 가능성도 있다.
정부가 HDC현대산업개발에 대해 법정 최고 수위 제재인 등록 말소 처분을 요청한 것은 올해 1월 말 중대재해처벌법 시행 이후 산업 안전에 대한 국민적 관심이 높아진 상황에서 비슷한 사고 재발을 막기 위한 ‘일벌백계’ 의도로 해석된다. 노형욱 국토부 장관도 사고 직후인 지난 1월 17일 “법이 규정한 가장 강한 페널티(처벌)가 주어져야 하지 않을까 싶다”며 고강도 처벌을 시사했다.
등록 말소나 영업정지를 당해도 HDC현대산업개발이 현재 건설 중인 아파트 공사는 끝까지 마무리되고, 이미 수주한 사업도 공사가 진행된다. 하지만 등록 말소가 결정되면 기존 일감이 다 떨어진 후 사실상 사업을 접어야 한다. 국내 10대 건설사 중 한 곳이 사라지는 셈이다. 건설 업계 일각에서는 “안전 관리를 제대로 못 한 것은 분명한 잘못이지만, 공사 일정 압박과 협력업체 문제 등 외부 영향도 있는데 모든 것을 기업 책임으로 돌리는 것은 과하다”는 목소리도 나온다.
◇10대 건설사 HDC현산 퇴출당하나… 공은 서울시로
서울시는 국토부에서 정식 요청을 받는 대로 현대산업개발 징계 수위를 검토한다는 방침이다. 서울시 관계자는 “국토부 조사 결과와 함께 필요하다면 경찰⋅검찰 수사 내용까지 요청해 사실관계를 신중히 검토하겠다”며 “업체 청문 절차와 자료 검토를 거쳐 6개월 내 처분을 내리겠다”고 말했다.
국토부가 서울시에 등록 말소를 요구한 근거는 건설산업기본법(건산법) 83조의 10항이다. ‘고의나 과실로 부실하게 시공해 시설물의 구조상 주요 부분에 중대한 파손을 일으켜 공중(公衆)의 위험을 발생하게 한 경우’ 건설업 등록을 말소하거나 1년 이내 영업정지를 요청할 수 있다는 내용이다. 다만 서울시는 신중한 검토를 위해 이번 사건에 해당 법 조항을 적용할 수 있는지 국토부에 문의해 놓았다. 시 관계자는 “국토부 답변이 오는 대로 적용 여부를 검토하겠다”고 밝혔다. 권혁진 국토부 건설정책국장은 “서울시가 현행 건설산업기본법을 근거로 등록 말소 처분을 내릴 수 있다”고 말했다.
건설업 등록이 말소되면 HDC현대산업개발은 현재의 법인과 브랜드로 사업을 할 수 없게 된다. 그룹 내 다른 계열사를 통해 건설업을 지속한다 하더라도 지금껏 쌓아온 실적이 사라지기 때문에 타격이 불가피하다. 규모가 큰 공공 사업은 과거 사업 수행 실적이 없으면 입찰에 참여하기 어렵고, 민간 공사 역시 과거 실적이 가장 중요한 평가 지표로 쓰인다. 해외 사업도 마찬가지다. 국토부 관계자는 “등록 말소는 회사의 역사가 없어지는 것이어서 유사한 이름의 다른 법인을 설립한다 하더라도 다시 실적을 쌓아야 하는 한계가 있다”고 말했다.
◇퇴출 확정되면 법정 공방 이어질 듯
만약 서울시가 현대산업개발에 대한 등록 말소 처분을 결정하면 법정 공방이 불가피할 전망이다. 현대산업개발은 사고 이후 대형 법무 법인을 선임해 소송을 준비하는 것으로 전해졌다.
당초 건설 업계에서는 현대산업개발이 6개월~1년 영업정지 수준의 처분을 받을 것이란 전망이 많았다. 부실 시공에 따른 등록 말소 사례가 거의 없는 데다, 대기업 건설사가 퇴출당하면 직원들의 대량 실직과 협력사 피해 등 사회에 미치는 파문이 너무 크기 때문이다. 현대산업개발 역시 최근 파격적 조건을 내세워 수도권에서 잇달아 재건축 사업권을 따내는 등 영업정지로 인한 ‘수주 절벽’에 대비해왔다. 하지만 국토부가 사실상 등록 말소 처분을 요구하자 당황스러워하는 분위기다. 회사 관계자는 “처벌을 받는 처지여서 특별히 할 말이 없다”고 말했다.
이은형 대한건설정책연구원 책임연구원은 “부실 시공 사고에 대한 강력한 처벌은 긍정적이지만, 기업 처벌만으로 안전한 건설 문화가 정착되긴 어렵다”며 “무리한 시공을 하지 않도록 적정 공사비와 기간을 보장해줄 기반을 만들어야 한다”고 말했다."
https://www.chosun.com/economy/real_estate/2021/06/28/IKDY4V7IRJD7DCAEUDG74W5PQU/,"서울 아파트 중위(中位)가격이 문재인 정부 출범 후 4년여 만에 70% 가까이 오르며 사상 처음으로 10억원을 돌파했다. 중위가격은 조사 대상 아파트를 가격 순으로 줄 세웠을 때 한가운데 위치하는 아파트 가격으로, 서울 아파트의 절반 이상이 10억원을 넘어섰다는 뜻이다.
28일 KB국민은행의 ‘월간주택가격동향’에 따르면, 6월 서울 아파트 중위 매매가격은 지난달(9억9833만원)보다 1584만원(1.6%) 오른 10억1417만원으로 집계됐다. KB국민은행이 관련 통계를 작성하기 시작한 2008년 12월 이후 최고치다.
지난 3~4월만 해도 서울 아파트값은 ‘2·4 대책’ 같은 정부의 주택 공급 확대와 다주택자 절세(節稅) 매물 출현에 대한 기대감으로 상승 폭이 다소 주춤하는 추세였다. 하지만 이달 들어 서울 아파트값 상승세는 다시 가팔라지고 있다. 가을 이사철을 대비한 전세 수요가 몰리면서 전셋값도 가파르게 오르고 있다. 전문가들은 “정부 공급 정책의 효과를 단기간에 기대하기 어렵고 전세시장도 불안해 무주택자들의 불안감이 더 심해지고 있다”고 진단했다.
◇서울 아파트 절반이 10억 넘었다
문재인 정부가 출범한 2017년 5월의 서울 아파트 중위가격은 6억635만원이었다. 4년 1개월 만에 4억원 넘게 오른 것이다. 상승률로 따지면 67%다. 작년 1월(9억1216만원) 처음 9억원대를 돌파한 뒤 1년 5개월 만에 1억원이 더 올랐다. 지역별로는 한강 이남 11구(區)의 중위가격이 12억4666만원, 한강 이북 14구 중위가격은 8억6833만원으로 조사됐다.
중위가격에 앞서 서울 아파트 평균 매매가격은 이미 작년에 10억원을 돌파했다. 서울 아파트 평균 매매가격은 작년 9월 처음으로 10억원을 돌파(10억311만원)한 데 이어 지난 9개월 사이 14% 올랐다. 이달에는 11억4283만원으로 한 달 전(11억2374만원)보다 1909만원 올랐다. 이남수 신한은행 지점장은 “작년 하반기부터 서울 평균을 밑돌던 노·도·강(노원·도봉·강북구) 같은 외곽 지역 저렴한 아파트값이 가파르게 오르면서 중위가격까지 10억원대로 끌어올린 것”이라고 설명했다.
수도권 평균 아파트값도 이번 달 7억1184만원으로 처음으로 7억원대에 진입했다. 지난해 10월(6억455만원) 처음 6억원을 돌파하고서 8개월 만에 1억원 넘게 올랐다. 전국적인 집값 상승의 여파로 전국 평균 아파트값(5억462만원)까지 5억원을 돌파했다.
◇절세 매물 사라지며 집값 상승 폭 확대
올해 초 서울 아파트값 상승률은 경기·인천 등 수도권 다른 지역이나 지방 광역시에 비해 낮은 수준으로 유지됐다. 집값이 너무 올랐다는 인식이 퍼지면서 수요가 다소 줄고, 세금을 아끼려는 다주택자 일부가 매물을 내놓은 영향이었다. 하지만 6월 다주택자에 대한 양도세 중과 조치가 시작되면서 시장에 나온 매물이 급감했고, 집값 상승 폭은 다시 확대됐다.
KB국민은행은 6월(14일 기준) 서울 아파트 매매가격은 지난달보다 1.66% 올랐다고 발표했다. 5월(1.01%) 대비 0.5%포인트 이상 확대된 것으로, 작년 9월(2%) 이후 가장 높은 상승률이다. 전셋값 상승률 역시 1.48%로 올해 1월(1.52%) 이후 최대다. 부동산 빅데이터업체 ‘아실’ 집계에 따르면, 28일 기준 서울 아파트 매매 매물은 4만3484건으로 두 달 전(4만8399건)에 비해 10.2% 줄었다. 심교언 건국대 교수는 “정부가 기존에 발표한 장기 공급 정책은 정상적으로 추진하면서 양도세 완화 등 세제 개편을 통해 매물을 늘릴 수 있는 방안을 궁리해야 한다”고 말했다."
https://www.chosun.com/economy/real_estate/2023/12/14/WALDYB3NRJCQHKPOVOXJUI2YME/,"삼성물산이 다국적 기업들과 손잡고 오만에서 초대형 그린암모니아 프로젝트를 수주했다. 그린암모니아는 태양광·풍력 등 신재생에너지로 생산한 전력으로 물을 전기 분해해 생산한 그린수소를 보관·수송하기 쉽도록 질소와 섞은 화합물이다.
삼성물산 건설 부문은 오만 국영 에너지 기업 OQ, 일본 마루베니, 아랍에미리트(UAE) 듯코(Dutco)와 컨소시엄을 구성해 오만 ‘살랄라 H2 그린암모니아 프로젝트’의 사업권을 확보했다고 13일 밝혔다. 살랄라 프로젝트는 오만 남부 항구도시인 살랄라 자유무역지대 내에 연간 100만t 규모 그린암모니아 생산에 필요한 설비를 짓는 사업이다. 삼성물산은 정확한 사업비 규모와 지분은 당사자 간 협약에 따라 공개하지 않았다.
삼성물산 컨소시엄은 오만 수도 무스카트에서 발주처인 하이드롬과 사업 개발 및 토지 사용 협약을 체결했다. 하이드롬은 오만 정부가 친환경 에너지 사업을 위해 설립한 회사다. 2027년 공사를 시작해 2030년 그린암모니아 생산을 시작한다. 생산된 그린암모니아는 한국, 일본 등 글로벌 시장으로 수출될 예정이다."
https://www.chosun.com/economy/real_estate/2022/02/08/Y3FC7DS6CFGF3AFKDT5IMZYMGQ/,"포스코건설은 지난 3일 ‘지구의 내일을 지키는 친환경 아파트를 공급하겠다’는 약속의 의미로 자사의 아파트 브랜드 ‘더 샵’(THE SHARP) TV CF를 공개했다고 밝혔다.
배우 김수현을 모델로 한 이번 광고는 ‘Green Tomorrow’라는 포스코그룹의 경영 슬로건을 반영한 ‘Green Life With THE SHARP’을 메인 슬로건으로 한다.
포스코건설은 앞으로 아파트를 시공할 떄 저탄소 시멘트 등 친환경자재 사용을 늘리고, 생태계를 감안한 단지조경, 실내 맞춤정원 특화설계 등 환경 친화적인 인프라를 적극 반영한다는 계획이다.
포스코건설 관계자는 “더샵 아파트에 산다는 것만으로도 지구 환경 보존에 동참한다는 자부심을 가질 수 있도록 친환경 철강재 사용, 태양광 에너지 활용 확대 등에 노력할 것”이라고 말했다."
https://www.chosun.com/economy/real_estate/2023/04/14/6LYMS3EX4BEJREYASPYKY7ZEHQ/,"[땅집고] “초보 건축주에게 가장 큰 고민은 ‘어떻게 하면 사기 안 당하고 좋은 시공사 찾을 수 있을까’입니다. 시공사를 잘못 고르면 피해가 어마어마하기 때문이죠. 몇 가지 스텝만 잘 밟으면 시공사 고르는데 실패하지 않을 수 있습니다.”
단독주택과 상업용 건물 모두 풍부한 설계 노하우를 가진 현상일 구도건축 소장에게 ‘시공사 선정 어려움’을 토로하자 돌아온 답이다. 현 소장은 “한국건축가협회에서 매년 선정하는 ‘건축명장’ 시공사는 객관적으로 어느정도 검증된 곳”이라며 “건축명장 중심으로 고르되, 건축주가 원하는 건축물을 전문으로 하는지, 전문인력은 충분한지 등을 확인하면 좋다”고 했다. 그는 배우 이영애씨 자택을 설계한 건축가로 유명하다.
현 소장은 땅집고가 오는 4월18일 개강하는 ‘건축주대학 27기 과정’에서 ‘신축 빌딩 설계, 어떻게 차별화할 것인가’를 주제로 강의하고 수익형 건축물 현장에서 필드 스터디도 진행한다. 현 소장에게 시공사를 잘 선정해야 하는 이유와 좋은 시공사를 선정하는 꿀팁에 대해 미리 들었다.
－좋은 시공사를 골라야 하는 이유는.
”건축주는 아무래도 돈을 지불해야 하다보니 조금이라도 저렴한 견적을 뽑아주는 시공사에게 혹할 수 있다. 잘 따져보지 않고 저렴한 곳만 찾다보면 날림ㆍ부실 시공, 최악의 경우 시공사 부도 문제에 직면할 수 있다. 이 경우 건축주 피해는 엄청나다. 보완 공사를 해야 한다면 비용이 2배 이상 든다. 예컨대 인테리어의 경우 시공사는 협력업체가 있기 때문에 비용을 낮출 수 있다. 그러나 건축주가 갑자기 새 인테리어 업체를 찾아야 한다면 제값보다 비싼 돈을 지불할 가능성이 크다. 공사 기간도 늘어난다. 최악의 경우 손해배상소송까지 가게 되면 계획보다 시간이 배 이상 든다.”
―실패 사례를 꼽아본다면.
“건축주 A씨는 건물 인테리어 공사를 위해 두 곳에서 견적을 받았다. 한 곳은 24억원, 다른 한 곳은 22억원을 각각 제시했다. A씨는 2억원 저렴한 시공사를 선택했다. 실적이 다소 부족하고 견적이 명확하지 않았지만 조금이라도 비용을 줄이고 싶었던 것이다. 그런데 시공사가 일처리를 제대로 하지 않고 결국 잠적했다. A씨는 빨리 공사를 마무리해야 수익을 낼 수 있기 때문에 울며 겨자먹기로 직영 시공에 나섰다. 결국 총 비용은 38억원으로 불어났고, 시공기간도 처음 계획한 1년 반에서 2년 반으로 늘어났다. 2억원을 아끼려다가 16억원을 더 쓰고, 완공 날짜는 1년이나 밀린 것이다. 결국 A씨는 시공사 상대로 소송까지 벌여야 했다.”
―시공사 선정은 어떤 프로세스를 거치나.
”사업 규모가 작아도 시공사 선정은 공식적인 입찰 방식을 밟아야 한다. 여러 시공사와 접촉해 입찰을 진행해야 한다. 이 때 중요한 것이 공사형 도면이다. 도면을 제대로 작성하는 설계사무소를 잘 선정하는 것이 좋은 시공사를 찾는 첫 단추다. 공사형 도면을 가지고 최소한 3~5군데 시공사에 견적을 의뢰한다. 견적을 비교한 후 설계사와 함께 적정 공사비인지 항목별로 따져본다. 최종 내역표를 건네받아 각각 건설사별 포트폴리오, 신용등급, 전문인력 보유 상황 등을 따져본 후 시공사를 선정하면 된다.”
―시공사 후보군은 어떻게 추려낼 수 있나.
”후보군을 고를 때부터 최대한 안전하게 가야 한다. 한국건축가협회가 매년 주관하는 ‘건축명장’에 등록된 업체 리스트에서 7~8군데를 후보군으로 추리는 것이 좋다. 규모는 작지만 시공사로서 실력이나 신용이 괜찮다고 인증받은 업체들이다. 건축명장 책자를 보고 원하는 규모나 용도에 부합하는 건물을 많이 지어본 회사를 골라야 한다. 집을 짓고 싶은데 상가 실적이 많으면 의미가 없다. 10년 이상 업력을 유지한 회사인지도 중요하다. 현장소장 같은 전문 시공인력을 직접 고용형태로 많이 데리고 있는 업체가 추후 하자보수 같은 일처리를 제대로 해준다. 이런 과정을 거치면 자연스럽게 후보 업체는 3~5곳으로 압축된다.”
－시공사를 뽑을때 눈여겨봐야 하는 것은.
”후보 시공사를 추린 후에는 각각 회사로부터 구체적인 공사 내역표를 받아 비교해야 한다. 가급적 설계사무소와 함께 시공사를 만나 비싸거나 빠진 항목은 조율하며 최종 선택에 나선다. 이 과정에서 시공사의 재무재표, 은행신용등급표, 현장에 파견할 현장소장 등을 꼼꼼하게 체크해야 한다. 이렇게 산정한 최종 견적을 보고 시공사를 고르면 사기를 당하거나 시공사가 부당이익을 취하는 일은 없다. 처음부터 시공사를 잘 선택해야 비용도 아끼고 소송 등 불필요한 일을 겪지 않는다.”
<돈 버는 건축법 배워가세요…'건축주대학 27기’ 18일 개강>
국내 최고 실전형 건축스쿨인 땅집고 건축주대학이 봄 건축 시즌을 앞두고 4월 18일 27기 과정을 개강한다. 이번 교육은 수익형 빌딩에 관심 있는 예비 건축주를 대상으로 한다. 건축주대학은 단순한 집짓기 기초 교육이나 건축 인문학 강의가 아니라 ‘돈 버는 건축’ 노하우에 초점을 맞춘다. 2017년 개설 이후 1500여명이 수강했고 실제 건축에 나선 건축주도 많다.
강의는 케이스 스터디 중심으로 총 12회 진행한다. 건축 성공 노하우를 눈으로 직접 보고 배우는 현장 스터디 2회를 포함한다. 심영규 프로젝트데이 건축PD가 성공하는 건축 기획 전략을 제시한다. 김종석 에이티쿠움파트너스 대표와 홍만식 리슈건축 소장은 건물 가치를 높이는 설계 노하우를 소개한다.
김형섭 마고퍼스종합건설 대표는 시공에서 놓치지 말아야 할 실전 노하우를 강의하며, 김예림 변호사가 건축 소송 및 부동산 분쟁 예방 포인트를, 조하림 세무사는 상속·증여·양도 세무 전략을 각각 알려준다.
수강료는 190만원이며 사전 신청하거나 부부가 함께 등록하면 할인한다. 수강 신청은 땅집고M 홈페이지(www.zipgobiz.com)에서 하면 된다. 문의 (02)6949-6190."
https://www.chosun.com/economy/real_estate/2021/01/27/ZT2WM4MJBRG3LMCSJ2QL4LNLZI/,"서울 도봉구에서 처음으로 전용면적 84㎡ 아파트가 10억원 넘는 가격에 팔렸다. 지난해 강북구와 관악구 등에서 30평형대 아파트가 차례로 10억원을 넘어선 데 이어 서울에서 집값이 가장 저렴했던 도봉구에서도 10억원대 아파트가 등장한 것이다. 이로써 서울 25개 자치구가 모두 ’10억 클럽'에 가입하게 됐다. 전용 84㎡ 아파트는 주택 시장에서 가장 수요가 많은 평형이어서 흔히 ‘국민평형’으로 불린다.
27일 국토교통부 실거래가시스템에 따르면 도봉구 창동 주공19단지(창동 리버타운) 전용 84.9㎡가 지난 22일 10억5000만원에 손바뀜됐다. 지난달 9억500만원에서 한 달 만에 가격이 1억4500만원 껑충 뛰었다. 입주 34년차인 이 아파트는 최근 재건축을 추진 중이다. 지난달엔 전용 99.6㎡ 매물이 10억7000만원에 팔리기도 했다.
노·도·강(노원·도봉·강북구)과 금·관·구(금천·관악·구로구) 등은 서울에서 비교적 집값이 저렴한 지역으로 꼽혔다. 그러나 지난해 12·16 대책의 풍선효과와 새 임대차법 이후 전세난이 겹치면서 가격이 급등하기 시작했다. KB국민은행에 따르면 지난해 노원구 아파트값은 21.28% 올라 서울에서 가장 큰 오름폭을 기록했다. 강북구(17.08%), 구로구(16.4%) 등도 서울 평균(13.06%)보다 더 많이 올랐다.
집값이 뛰면서 10억원 넘는 아파트도 속속 등장했다. 노원구에서는 중계동 ‘청구3차’ 전용 84㎡가 지난해 6월 10억원을 돌파했다. 강북구와 관악구 등에서도 전용 84㎡ 기준 10억원에 실거래된 아파트가 나왔다. 서울 아파트값 상승세는 앞으로도 당분간 이어질 것으로 보인다. 여경희 부동산114 수석연구원은 “서울시장 선거를 앞두고 재건축 규제 완화 기대감이 커지고 있는데다 전세가격이 큰 폭으로 오르면서 매매로 갈아타려는 세입자들 움직임이 늘어날 가능성도 있다”고 했다."
https://www.chosun.com/economy/real_estate/2020/09/29/VCX5QHJOQ5AAZI2OZOTPGXXRX4/,"땅집고는 올 1월 출범한 부동산 공인중개사 전용 프로그램 ‘땅집고 리얼터’에 대한 테스트를 마치고 다음 달 19일부터 유료 서비스를 시작한다고 밝혔다. 이에 앞서 유료 서비스 사전 신청자 대상으로 50명을 추첨해 동영상을 무료 제작해준다. 당첨된 공인중개사는 자신이 중개하는 아파트와 지역(동네)에 대한 입지·가격·투자 포인트를 중심으로 브리핑하고, 이를 영상으로 만들어 땅집고TV 유튜브 채널을 통해 송출한다.
땅집고 리얼터의 핵심 서비스는 공인중개사 전용 세금계산기(취득세·재산세·종합부동산세·양도소득세 등)이다. 땅집고 리얼터를 개발한 이선구 아티웰스 대표는 “최근 고객들로부터 부동산 세금 관련 질문이 급증하고 있는데 공인중개사가 ‘나도 모르겠다’고 할 수는 없지 않느냐”며 “리얼터 전용 부동산 세금 계산기를 이용하면 세무사 도움 없이 기본적인 보유세, 양도세 계산을 할 수 있다”고 했다.
땅집고 리얼터는 온라인과 모바일로 고객·매물 관리를 할 수 있는 프로그램, 고객 전화가 오면 스마트폰과 PC에 고객·매물 정보를 보여주는 서비스도 함께 제공한다. 또 리얼터 소속 공인중개사들이 보유한 매물을 공동 중개할 수 있는 전국 공동중개망 기능도 선보인다.
땅집고 리얼터 서비스 이용료는 월 2만9000원이며, 홈페이지(네이버에서 ‘땅집고 리얼터 검색’) 또는 고객센터를 통해 신청할 수 있다. /이지은 땅집고 기자"
https://www.chosun.com/economy/real_estate/2021/03/23/5NWZTFUCPFFALLUMHBQ3APWHTM/,"신도시, 철도망 등 공공이 주도하는 부동산 개발 사업이 아니더라도 투기 대상이 될 수 있는 프로젝트는 많다. 기업이 대규모 자금을 투입해 짓는 공장이나 연구단지 주변이 대표적이다. 기업이 들어서면 유동인구가 늘어 상권이 활성화되고, 부동산 가격도 오른다. 기업이 의사결정을 하는 과정에서 중앙정부 또는 지방자치단체와의 협의가 필수이기 때문에 공식 발표 전 관련 정보가 유출될 가능성도 있다. 이 때문에 민간 개발 정보를 악용한 투기도 점검해야 한다는 지적이 나온다.
22일 한국부동산원에 따르면, 경기 용인시의 순수토지 거래량(건축물 부속토지를 제외한 통계)은 2014년 1만2809건에서 2017년 2만1695건으로 69.4% 급증했다. 2018년에도 2만건 가까운 토지 거래가 이뤄졌다. SK하이닉스의 반도체 공장 투자 소식은 2018년 12월 산업통상자원부의 2019년 신년 업무 보고를 통해 처음 공개됐다. 반도체 공장 설립 소식이 알려지기 전부터 해당 지역과 인근 토지 거래가 급증한 것이다.
삼성전자가 15조원을 투자해 반도체 공장을 건설한 경기 평택시 역시 토지 거래량이 2013년 8256건에서 2014년 1만1148건으로 35% 늘었다. 삼성의 투자 소식은 2014년 10월 발표됐다. 그해 거래량을 월별로 따져보면 1월 595건에서 7월 1010건으로 늘었다. 용인과 마찬가지로 대기업의 투자 소식이 알려지기 직전 토지 거래가 급증한 것이다. 7월 거래량의 40%가 땅투기에 흔히 쓰이는 지분 쪼개기 거래였다.
재계 관계자는 “조 단위 돈이 투입되는 공장 건설은 대기업 입장에서 굉장히 신중하게 결정하는 사안”이라며 “내부 검토에만 최소 3~4년 걸리고 지자체와의 협의 기간까지 감안하면 더 오랜 시간이 걸리기 때문에 관련 정보가 임직원이나 지자체 담당 공무원, 지인에게 흘러들어갈 가능성이 있다”고 말했다.
고종완 한국자산관리연구원장은 “민간 주도의 대규모 개발이 주변 부동산 시장에 미치는 파급효과는 신도시와는 비교도 안 될 정도로 크고 단기간에 나타난다”며 “이번 LH 사태를 계기로 민간 개발 정보를 이용한 땅 투기에 대해서도 대대적인 조사가 이뤄질 필요가 있다”고 말했다."
https://www.chosun.com/economy/real_estate/2022/11/07/WD27OD5TOFBQJAPDXMZVW4E63Y/,"올해 서울 정비사업 ‘최대어’로 꼽히던 서울 용산구 ‘한남2구역’ 재개발 사업 수주전에서 대우건설이 승리했다.
대우건설은 5일 열린 한남2구역 재개발 조합 임시총회에서 410표를 얻어 시공사로 선정됐다. 이날 총회엔 전체 조합원 908명 중 760명이 참석했다. 대우건설은 프리미엄 브랜드를 적용한 ‘한남 써밋’<조감도>에 호텔급 서비스를 제공하고, 첨단 설계로 단지를 한강변의 랜드마크로 재탄생시킨다는 내용을 강조해 조합원의 표심을 잡았다.
한남2구역은 서울 용산구 보광동 일대 11만5000여㎡ 부지에 지하 6층∼지상 14층 아파트 30개 동, 총 1537가구(임대 238가구 포함)와 근린생활시설을 조성하는 사업이다. 재개발을 추진 중인 한남뉴타운 5개 구역 중 두 번째로 사업 속도가 빠른 곳으로 일반분양 가구가 많아 사업성이 좋은 것으로 평가된다."
https://www.chosun.com/economy/real_estate/2025/04/08/L4HLEDVVX5DF5IS5JQ4BB3PEEM/,"한국토지주택공사(LH)가 무주택 청년·신혼부부와 중산층·서민층 등을 위한 매입 임대 주택 청약 접수를 시작했다고 7일 밝혔다. 이날부터 9일까지 LH청약플러스에서 신청받아 4월 중 서류 심사 대상자를 안내한다. LH는 이번 공고를 통해 전국에 매입 임대 주택 3003호를 공급한다.
매입 임대 사업은 LH가 도심 내 교통 접근성이 높은 신축 및 기존 주택을 매입해 저렴하게 임대하는 제도다. 지난해 청년 매입 임대 주택의 평균 경쟁률은 53대1, 신혼·신생아 매입 임대 주택은 평균 6대1을 기록했다.
이번에 공급되는 매입 임대 주택 유형은 청년 매입 임대 주택 1666호, 신혼·신생아 매입 임대 주택 1337호다. 청년 매입 주택은 19~39세 청년, 대학생, 취업 준비생 등을 대상으로 주변 시세보다 40~50% 저렴하게 공급하며 최장 10년까지 거주할 수 있다. 신혼·신생아 매입 임대 주택은 결혼 7년 이내 (예비) 신혼부부와 신생아 가구 등이 대상이다."
https://www.chosun.com/economy/real_estate/2021/06/15/GIUM7C6GZNDE5IBPQD6LD2EY3E/,"부동산 플랫폼 직방이 아파트 중개 시장에 본격적으로 진출한다. 안성우 직방 대표는 15일 ‘직방 10주년 기자간담회’를 열고 “파트너로 등록한 공인중개사가 직방 플랫폼을 통해 비대면 중개를 하고, 중개 수수료는 직방 중개법인 자회사와 나누는 형식의 서비스”라고 소개했다.
매수자는 집주인이 내놓은 매물 내·외부를 VR(가상현실)·3D(3차원) 기술로 둘러보고, 직방 파트너 공인중개사와 화상 통화로 상담할 수 있다. 직접 만나는 것도 가능하다. 계약을 할 때는 공인중개사와 직방의 중개법인 자회사가 공동 날인한다. 직방도 계약 내용에 책임을 지는 구조로, 대신 중개 수수료를 절반씩 나누게 된다. 일종의 공동 중개인 셈이다. 직방은 이를 위해 100억 원 규모의 보증보험에 새로 가입했다.
직방은 파트너 맺기를 희망하는 공인중개사에게 최소 4주의 디지털 중개 컨설팅 교육을 제공할 예정이다. 미개업 공인중개사가 온라인 창업을 하면 1년간 전속 계약을 체결하고, 연간 5000만원의 수익을 보장한다는 계획이다.
새로운 사업 모델이 기존 공인중개업계의 반발을 불러올 것이라는 우려도 나온다. 한국공인중개사협회 관계자는 “직방이 자회사를 통해 사실상 중개 시장에 직접 뛰어든 것으로 보인다”며 “현재는 파트너 형태지만 나중엔 직방이 시장을 독식할 가능성도 있다”고 했다. 이에 대해 직방 관계자는 “기존 공인중개사의 중개 거래를 돕는 역할이지 직접 중개 형식은 아니다”라며 “공인중개사와 소비자 모두에게 도움이 될 것”이라고 했다."
https://www.chosun.com/economy/real_estate/2021/07/12/Y7Y7JM7YJVEOJAA4XHV4L7PXSE/,"‘강릉 롯데캐슬 시그니처’ 이달 분양
롯데건설은 강원도 강릉시 교동 1018-1 일대 민간공원 특례사업으로 짓는 아파트 ‘강릉 롯데캐슬 시그니처’를 이달 분양한다. 지하 3층~지상 최고 29층 11동, 전용면적 84~185㎡ 1305가구다.
‘월드메르디앙 양주 옥정 라피네트’ 분양
㈜에스엠홀딩스는 경기도 양주시 옥정동 880-1~5번지에 188가구 규모의 블록형 단독주택 ‘월드메르디앙 양주 옥정 라피네트 더 테라스’를 분양 중이다. 지하철 1호선 덕계역이 차로 5분 거리이다.
시화 MTV부지에 ‘이비자 가든’ 분양
도원레이크㈜는 경기 시흥시 시화 MTV 조성사업부지에서 ‘이비자 가든’을 이달 분양할 예정이다. 지하 1층~지상 7층 규모로 근린생활시설과 주차장 등으로 구성된다."
https://www.chosun.com/economy/real_estate/2025/04/22/NOR5WFZO5ZH65AELR6WP4GDS2Q/,"서울 강남 3구와 용산구 등 토지거래허가구역에서 집을 사들이는 유주택자는 기존 집을 6개월 이내에 팔거나 세를 줘야 한다. 용산구 한남3구역, 서초구 방배13구역 등 토지거래허가구역 내 재개발 입주권을 살 때도 관할 구청의 허가를 받아야 한다.
국토교통부는 서울시와 협의해 이런 내용의 토지거래허가구역 가이드라인을 21일 발표했다. 지난달 24일 서울 강남·서초·송파·용산구 전체 아파트가 토지거래허가구역으로 확대 지정된 후 구청별로 일부 규정이 제각각 시행되자 통일된 업무 기준을 정한 것이다. 실제로 유주택자가 집을 살 때 기존 주택 처분 기한은 강남·송파구는 1년, 서초구는 6개월, 용산구는 4개월로 기준이 달랐다. 국토부는 처분 기한을 6개월로 통일하고, 처분 방식은 매매와 임대 모두 허용하기로 했다.
토지거래허가구역에서 재개발·재건축 입주권 매수자는 기존 부동산의 유형이나 철거 여부와 관계없이 허가를 받아야 한다. 이때 입주권 매수자는 신축 아파트가 준공돼 실제로 입주가 가능한 시기부터 2년간 실거주하겠다는 내용의 확약을 지자체에 제출해야 한다. 분양권도 전매 시엔 같은 기준이 적용된다.
입주권 매수자가 기존 주택이 철거되기 전 해당 주택에서 일정 기간 거주했다면, 이 기간은 실거주 의무 기간(2년)에 포함된다. 예를 들어 한남3구역의 연립주택 입주권을 산 사람이 철거 전 이 집에서 6개월을 살았다면, 나중에 새 아파트에서 1년 6개월만 더 거주하면 되는 것이다."
https://www.chosun.com/economy/real_estate/2024/08/10/EQSMF6R7E5BMLI2I27Q4Q2GZZQ/,"정부가 서울 그린벨트(개발제한구역)를 대거 해제해 수도권에 아파트 8만 가구를 추가 공급하기로 한 가운데, 11월 발표하는 새로운 택지가 어디가 될지 관심이 집중되고 있다. 부동산 업계를 중심으로 한강 이남 강남구 세곡지구, 서초구 내곡·우면동, 송파구 방이동, 강서구 김포공항 인근 등이 후보지로 거론되고 있다. 이에 서울시는 서울 그린벨트 전역을 토지거래허가구역으로 묶은 데 이어 최근 아파트 값이 치솟는 인기 주거지까지 규제 지역으로 지정하는 방안도 검토하고 나섰다. 강남 3구(강남·서초·송파구)와 용산구 전역을 토지거래허가구역으로 지정하는 방안이 흘러나오고 있다.
◇토지거래허가구역 어디까지 확대되나
오세훈 서울시장은 9일 기자 설명회를 열어 “정부의 이번 주택 공급 대책이 집값을 안정시키는 데 꼭 효과를 거두기를 바란다”면서 “(하지만 자칫 투기 세력이 몰려들 수도 있어) 토지거래허가구역 확대를 검토하고, 신고가(新高價)가 나오는 지역 동향을 예의주시하겠다”고 말했다. 토지거래허가구역은 일정 규모 이상의 집이나 땅을 거래할 때 관할 기초자치단체장의 허가를 받아야 하는 규제다. 현재 서울에선 압구정동, 여의도, 목동, 성수동 등이 토지거래허가구역으로 지정돼 있다.
오 시장은 토지거래허가구역 대상지에 대해 “특정 지역을 언급하는 게 적절할지 모르지만, 이미 전문가나 부동산에 관심이 많은 분은 짐작하실 것”이라며 “신고가가 나오면 어느 지역이라는 건 다 아는 사실”이라고 했다. 최근 국민 평형인 전용면적 84㎡ 실거래가가 50억원을 기록한 서초구나 고가 아파트가 많은 강남구, 용산구를 지목한 것으로 보인다.
그린벨트 해제 지역은 산이 많은 서울 북부 지역이 아닌 한강 이남이 유력하다는 전망이 많다. 국토부는 8일 서울시 송파구 방이·오금·마천동과 하남시 감일·감북동 일대 그린벨트 10.59㎢를 토지거래허가구역으로 새로 지정했다. 이명박 정부 당시 보금자리 주택지구로 개발된 강남구 세곡지구와 서초구 내곡·우면동 일대도 후보지로 꼽힌다. 강남으로 집중되는 주택 수요를 상당수 흡수할 수 있는 입지다. 한강 이남 중에는 강서구에도 넓은 그린벨트가 있다. 2026년 착공이 예정된 김포공항 혁신지구 사업지 중 북측 9만㎡가 해제 후보지로 거론된다.
서울시는 그린벨트 해제 지역엔 ‘신혼 20년 전세 자가주택(장기 전세주택)’ 등 신혼부부를 위한 주택을 확대 공급한다는 방침을 밝혔다. 장기 전세주택은 신혼부부가 전세로 입주한 뒤 아이를 하나라도 낳으면 최장 20년까지 살 수 있게 해주는 제도다. 오세훈 시장은 그린벨트 해제에 반대하던 종전 방침을 바꾼 데 대해 “저출생이 적어도 한국에서만큼은 자연환경 보존만큼이나 절체절명 과제라고 봤다”고 말했다.
◇아파트 매매 거래 비율 역대 최고
정부가 집값 안정을 위해 서울 그린벨트 해제라는 ‘초강수’까지 꺼낸 배경 중 하나로 아파트 ‘수요 쏠림’이 꼽힌다. 실제로 올해 상반기 전국 주택 매매 거래에서 아파트 비율이 76%를 돌파, 역대 가장 높은 것으로 나타났다. 단독주택, 빌라 거래량을 다 더해도 아파트의 3분의 1이 안 되는 것이다.
9일 한국부동산원의 주택 유형별 매매 거래량에 따르면, 올해 1~6월 전국 주택 매매 31만751건 가운데 아파트 거래는 23만6374건으로 76.1%를 차지했다. 이는 한국부동산원이 관련 통계를 집계하기 시작한 2006년(상반기 기준) 이래 가장 높은 비율이다. 아파트 매매 비율은 지난 2020년 72.8%, 2021년 66.7%, 2022년 59.3%로 하락하다 지난해 74.1%로 올랐고, 올해는 역대 최고치를 기록했다. 고종완 한국자산관리연구원장은 “전세 사기 여파로 빌라 기피가 심해지자 아파트로만 수요가 쏠리면서 아파트 전셋값이 치솟고, 매매가격까지 밀어올리는 악순환이 벌어진 것”이라고 말했다.
☞토지거래허가구역
투기 거래가 성행할 우려가 있는 지역에 땅 투기를 방지하기 위해 설정하는 구역을 뜻한다. 토지거래허가구역으로 지정되면 토지 용도별로 일정 규모 이상의 토지 거래는 시·군·구청장의 허가를 받아야 하고, 허가받은 목적대로 이용하지 않으면 처벌받을 수 있다."
https://www.chosun.com/economy/real_estate/2020/09/04/OT362P23LFEADAOHCOG3SQOFII/,"최근 부동산 관련 온라인 커뮤니티에서 김현미 국토부 장관의 유튜브 ‘구독 목록’이 화제가 됐습니다. 김 장관의 유튜브 계정에 들어가면 구독 중인 채널 목록이 뜨는데, 부동산 관련은 ‘라이트하우스’와 ‘쇼킹부동산’ 등 부동산 시장 하락을 강조하는 것으로 유명한 2개가 전부였기 때문입니다. 논란이 불거지자 2일 오후 김 장관의 유튜브 계정은 돌연 비공개로 전환됐습니다. 김 장관을 소개하는 네이버 인물정보에서도 유튜브 연결 링크가 사라졌습니다.
라이트하우스 채널에 올라온 동영상을 보면 ‘집값 폭락할 때 벌어지는 일들’ ‘재건축 아파트 폭락 시작됐다’ ‘부동산 폭락 시간문제다’ ‘집값 100% 폭락합니다’ 등 시종일관 집값이 떨어진다는 주장들입니다. 쇼킹부동산도 기본적으로 부동산 투자와 시장 전망을 비관적인 시각으로 보는 채널입니다. 이 채널들은 종종 ‘거짓말쟁이’라는 비판을 받습니다. ‘집값 폭락’을 줄기차게 외치는데, 문재인 정부 들어 서울을 중심으로 집값이 크게 올랐기 때문입니다.
김 장관의 유튜브 구독 목록이 알려지자 많은 사람이 “국토부 장관이 부동산 시장에 대한 편향된 시각을 가진 것 아니냐”는 우려를 나타냈습니다. 한 누리꾼은 “국토부장관이 근거도 없는 일개 폭락 유튜브를 구독하면서 정책을 짜다니”라는 글을 올렸고, 다른 누리꾼은 “왜 문재인 정부 들어 집값이 폭등하고 스무 번 넘게 대책을 내놔도 무용지물이었는지 알겠다”고 썼습니다.
김 장관이 유튜브로 라이트하우스나 쇼킹부동산 채널을 보는 것 자체가 문제는 아닙니다. 부동산 정책을 총괄하는 김 장관이 과연 부동산 시장의 다양한 목소리를 편견 없이 듣고 있는지 걱정되는 것입니다. 최근에 만난 한 시중은행 부동산 담당자는 “은행은 정부 눈치를 볼 수밖에 없어 부동산 정책에 비판적인 의견을 말하기 꺼려진다”고 했습니다. 다른 민간 부동산 전문가는 “예상 가능한 정책의 문제점과 보완책을 지적해도 국토부는 요지부동이니 힘이 빠진다”고 했습니다.
주택 시장 안정을 위한 효과적인 ‘정책 처방’은 정확한 ‘시장 진단’에서 출발할 것입니다. ‘영끌’로 집을 사는 30대를 안타까워하기 이전에 왜 젊은 세대가 어떻게 해서든 집을 사려고 하는지 제대로 파악하는 게 국토부 장관이 해야 할 일 아닐까요."
https://www.chosun.com/economy/real_estate/2021/11/03/4WAPYCH53BFQHJYUIUQ5SSE66U/,"지난 4월 정부의 건설기술인 교육 훈련을 위한 종합교육기관으로 선정된 ‘스마트건설교육원’이 수강생을 모집하고 있다. 1980년 도입된 건설기술인 교육제도는 건설기술인의 전문성 강화와 업무역량 향상을 위해 일정 기간 의무 교육을 이수하도록 하고 있는데, 전통적인 건설기술 위주로 구성돼 4차 산업혁명 등 시대 변화에 대응하지 못하고 있다는 지적이 제기됐다. 이에 국토교통부는 작년 2월 건설기술인 교육제도 개선안을 발표하고, 심의를 거쳐 올해 4월 종합교육기관 7곳과 전문교육기관 8곳을 지정했다.
신규 선정된 스마트건설교육원은 국토부가 새로운 중점 교육 사항으로 내건 스마트건설기술과 해외시장 진출지원 프로그램 등에 중점을 두고 교수진의 50%를 해당 교육 과정에 투입하고 있다. 코로나 사태로 현재 모든 과정은 비대면 온라인 교육으로 진행하고 있다. 이국형 스마트건설교육원장은 “드론, 인공지능, 빅데이터 등 건설 현장에 적용되는 최첨단 기술에 대한 교육을 주축으로 하고 있다”고 말했다."
https://www.chosun.com/economy/real_estate/2025/07/11/JMPUEO7EVZB5PF7CGMOKS4DFBQ/,"우리나라 국민 10명 중 4명이 토지를 소유하고 있는 것으로 나타났다. 토지 보유자 중에서도 상위 10%가 전체 토지의 78% 이상을 소유하고 있었다.
11일 국토교통부가 발표한 ’2024년 토지소유현황 통계’에 따르면, 전국 주민등록 인구 5122만 명의 38.4%인 1965만 명이 토지 소유자로 집계됐다. 나이대별로는 60대(30.2%)가 가장 많았다. 다음으로는 50대(21.2%), 70대(20.8%), 80대(14.6%) 순으로 과반이 60대 이상 고령층이었다. 성별로는 남성 54.5%, 여성 45.5%로 나타났다. 남녀 격차는 2006년 이후 점차 감소하고 있다.
상위권 쏠림 현상도 두드러졌다. 개인 소유자 중 보유 면적 기준 상위 10%에 해당하는 가구가 전체 토지의 78.4%를 차지하고 있었다. 법인과 비법인 역시 상위 10%가 각각 92.3%, 68.9%의 토지를 소유하
소유 주체별로는 개인이 소유한 면적이 4만6258㎢로 가장 많았다. 이 중에선 임야(2만 6629㎢)와 농경지(1만 5910㎢)가 대부분을 차지했다. 개인 외에 법인은 7404㎢, 비법인 단체는 7823㎢를 보유하고 있었다. 법인 소유 토지 중 임야 비율은 46.8%, 공장용지는 12.2%였다. 비법인은 임야 비중이 92.4%로 압도적으로 높았다.
시도별로는 타 지역 거주자의 토지 소유 비율이 전국 평균 43.6%였다. 세종은 59%로 외지인 비율이 가장 높았고, 서울은 20.6%로 가장 낮았다. 국토부 관계자는 “토지소유현황 통계는 부동산 정책과 학술연구의 기초자료로 다양하게 활용될 것”이라고 말했다."
https://www.chosun.com/economy/real_estate/2021/12/30/Y52XLGVYWZB5NOHKJ5HM7ZC6N4/,"정부가 광주, 울산, 대구 등 지방 광역시와 경기 동두천 등을 조정대상지역으로 유지하기로 했다. 이들 지역은 최근 집값 상승세가 축소되거나 하락세로 전환하고 있어 지방자치단체나 지역 정치인들의 “규제지역을 해제해달라”는 요구가 이어졌지만 정부는 “아직 시장 불안 우려가 있어 규제를 풀기엔 시기상조”라고 판단한 것이다.
국토교통부는 30일 “주거정책심의위원회 회의 결과 규제지역 추가 지정 또는 해제 없이 시장 상황을 추가 모니터링하기로 했다”고 밝혔다.
이날 회의에 참여한 위원들은 최근 정부의 주택공급 노력과 기준금리 인상, 금융당국의 가계부채 관리 등의 영향으로 집값 상승률이 둔화하는 등 시장이 안정세를 찾아가고 있다는 데는 동의했다. 하지만 대부분의 위원이 여전히 낮은 금리수준 및 시중의 풍부한 유동성을 감안하면 규제 강도가 낮아질 경우 국지적 시장불안이 재연될 수 있다는 점을 지적했다고 국토부는 전했다. 특히 공시가격 1억원 이하 주택에 매수세가 쏠리는 등 아직까지 투기 수요가 남아있다는 점도 규제지역 해제를 유보하는 결정을 내리는데 영향을 미쳤다.
국토부 관계자는 “해제 검토대상 지역 대부분에서 주택가격 상승세가 지속되고 있거나 하락 전환 후 시일이 오래 경과하지 않았고, 미분양 주택 수도 여전히 낮은 수준을 유지하고 있는 점을 감안해 추가 시장 모니터링이 필요하다고 판단했다”고 밝혔다."
https://www.chosun.com/economy/real_estate/2021/01/18/55SJ3CCFNREVJLGHU6S7XY4ZFQ/,"전국에서 아파트 평균 거래 가격이 가장 비싼 동네는 서울 강남구 압구정동인 것으로 조사됐다. 지난해 아파트 한 채당 평균 29억9259만원에 팔려 집값이 30억원에 육박했다. 18일 부동산 정보업체 직방이 지난 한 해 동안 전국에서 사고 팔린 80만5183건의 아파트 실거래가를 분석한 결과다.
압구정동 다음으로는 서초구 반포동, 용산구 용산동5가, 강남구 대치동, 용산구 서빙고동, 강남구 도곡동, 서초구 잠원동 등 순서로 평균 실거래가가 높았다. 이들 7개 지역은 모두 평균 거래 가격이 20억원을 넘었다. 2017년에는 압구정동만 유일하게 20억원을 넘었는데, 3년 사이 서울 강남권을 중심으로 지역이 확대된 것이다.
직방은 “용산동5가와 서빙고 등은 파크타워·신동아 등 특정 단지의 영향력이 컸고, 대치동과 도곡동은 재건축 추진 단지나 신축 아파트를 중심으로 전체적으로 거래가격이 높게 형성됐다”고 설명했다.
지난 3년간 서울을 중심으로 집값이 크게 뛰면서 평균 거래 가격이 10억원을 넘는 동네도 급증했다. 2017년에는 34개동에서 평균 실거래가가 10억원을 넘었지만, 2020년에는 113개동으로 3배 이상으로 증가했다.
서울이 32개동(2017년)에서 97개동(2020년)으로 급증했고, 서울을 제외한 지역에서도 2개동에서 16개동으로 늘었다. 경기도에선 분당 구도심과 광명 일직동(광명역세권), 수원 영통구 이의동(광교신도시) 등이 새로 진입했다. 지방에서는 대구 수성구 수성동3가가 유일하게 포함됐다.
평균 아파트 거래 가격은 서울이 8억4000만원으로 가장 높았다. 지난해에는 한강 이북에서 처음으로 평균 거래가격이 10억원을 넘는 자치구가 나타났다. 마포구(10억890만원)와 광진구(10억6468만원), 성동구(11억3178만원)다. 직방은 “마포구와 성동구는 신축 아파트 단지들이 가격을 이끌었고, 광진구는 광장동 일대 학군지 중심으로 실수요층이 꾸준히 진입했다”고 설명했다.
서울 다음으로 평균 거래 가격이 높은 지역은 세종(4억3470만원), 경기(3억8959만원), 부산(3억4605만원), 대구(3억2658만원) 등이었다. 세종은 2017년 8.2 대책에서 투기지역으로 지정돼 강도 높은 규제를 받았지만 3년 만에 서울 다음으로 비싼 도시가 됐다. 부산과 대구는 수도권인 인천을 제치고 집값 상위권에 이름을 올렸다.
직방은 올해도 집값 급등세가 이어지긴 쉽지 않을 것으로 전망했다. 함영진 직방 빅데이터랩장은 “그동안 공급 대비 수요가 많아 가격이 급등했지만, 지난해에 거래가 대거 이뤄지고 실수요 움직임이 소화되면서 올해는 거래량이 다소 감소할 가능성이 크다”며 “투자 수요도 취득세 중과와 대출 제한, 보유세 등으로 제한적일 것”이라고 했다."
https://www.chosun.com/economy/real_estate/2023/05/08/TB6YOJ354RACXGQEGMCPM6NNGU/,"전국과 서울 아파트 값 하락 폭이 4주 연속 줄었다. 서울 용산구는 9개월 만에 하락세가 멈췄고, 강남과 서초구는 상승세를 이어갔다.
7일 한국부동산원에 따르면, 지난주(1일 기준) 전국 아파트값은 0.09% 하락하며 전주(-0.11%)보다 낙폭이 줄었다. 서울 아파트 값도 0.05% 내려 전주(-0.07%) 대비 낙폭이 둔화했다.
서울 용산구(0.00%) 아파트 값은 작년 8월 둘째 주 이후 9개월 만에 하락을 멈추고 보합으로 전환했다. 강남구(0.03%)는 2주, 서초구(0.02%)는 3주 연속 상승했다. 노원구도 0.02% 올라 2주 연속 상승세를 나타냈다. 한국부동산원 관계자는 “지역별 주요 인기 단지 위주로 급매물이 소진되면서 호가가 오름세를 보이고 있다”며 “다만 매수자와 매도자 모두 급할 게 없다는 입장이어서 거래가 활발한 것은 아니다”라고 했다.
인천은 서구(0.08)와 계양·중구(0.05%), 연수구(0.02%) 등이 올라 아파트 값 낙폭이 지난주 -0.03%에서 이번 주 -0.01%로 줄었다. 경기도 역시 같은 기간 -0.12%에서 -0.09%로 하락 폭이 축소됐다.
전국 아파트 전셋값도 이번 주 0.13% 내리며 전주(-0.18%)보다 낙폭이 줄었다."
https://www.chosun.com/economy/real_estate/2022/03/29/KR7KW7TLYFHPZMX5AWLI7OQIZY/,"2017년 개설한 이후 1000명 이상이 수강한 ‘조선일보 땅집고 건축주대학’이 22기 과정을 개설합니다. 4월 19일 개강 예정입니다. 건축주대학은 단순한 집짓기 기초 교육이나 건축 인문학 강의가 아니라 ‘돈 버는 건축’ 노하우를 전달합니다. 지금까지 1000명이 넘는 예비 건축주들이 강의를 수강한 국내 최고의 실전형 건축 과정입니다. 실제 건축에 나선 건축주도 적지 않습니다.
강의는 총 12회로 구성합니다. 모든 강의를 케이스 스터디 중심으로 운영하고, 성공 노하우를 직접 보고 배우는 현장 스터디 3회를 진행합니다.
심영규 글로우서울 이사가 건물 가치를 높이는 건축 기획과 디자인을 소개하고, 윤재선 팀153 소장이 수익형 빌딩 기획과 건축 방법을 알려드립니다. 김종석 에이티쿠움파트너스 대표와 홍만식 리슈건축 소장이 빌딩 가치를 높이는 설계 전략을, 김형섭 마고퍼스종합건설 대표와 박정수 트래콘건설 사장이 시공과 관련한 꼭 알아야 할 실전 노하우를 전달합니다.
공간 기획·운영 전문 스타트업 어반플레이 홍주석 대표와 노창희 리맥스코리아 부사장은 건물 완공 후 공간 기획과 임대차 시장 트렌드에 대해 소개합니다. 조하림 세희세무회계 세무사는 빌딩을 활용한 상속·증여·양도 세무전략에 대해 강의합니다.
선착순 30명 이내이며 수강료는 180만원입니다. 사전 모집 기간(4월 13일)까지 신청하면 10만원 할인합니다."
https://www.chosun.com/economy/real_estate/2021/01/26/PCJH2OMPD5GCHJ3SKLPYUNL6F4/,"26일 한국부동산원 청약홈에 따르면, 쌍용건설이 무순위 청약 방식으로 636가구를 모집한 경기도 안성시 공도읍 ‘쌍용 더 플래티넘 프리미어’에 3606명이 신청, 평균경쟁률 5.7대 1을 기록했다. 펜트하우스인 129㎡P형의 경우 1가구에 147명이 몰려 가장 경쟁이 치열했다. 쌍용 더 플래티넘 프리미어 무순위 청약은 오는 29일 당첨자를 발표하고, 30일부터 사흘 동안 계약이 진행된다.
부동산 업계에선 정부가 무순위 청약 자격을 강화하기로 하면서 1·2월 중 모집하는 무순위 청약을 노리는 수요자가 많을 것으로 보고 있다. 흔히 ‘줍줍’이라고 하는 무순위 청약은 청약 당첨자를 뽑고 나서 계약 취소 등으로 나오는 물량을 공급하는 것이다. 지금까지 무순위 청약은 청약통장 보유, 무주택 여부 등 자격 제한 없이 19세 이상이면 누구나 신청할 수 있었지만, 정부는 ‘주택공급에 관한 규칙’을 개정해 3월부터 해당 지역에 거주하는 무주택자만 무순위 청약을 신청할 수 있게 했다.
경기도 안성시 공도읍 승두리 73번지 일원에 들어서는 쌍용 더 플래티넘 프리미어는 지하 2층∼지상 35층 아파트 14개 동에 전용면적 59∼141㎡ 1696가구 규모의 대단지로 조성된다. 단지는 안성과 평택을 아우르는 더블 생활권이 가능한 입지적 장점이 크다. 경부고속도로 안성IC는 물론 공도버스터미널도 인근에 있어 교통이 편리하다. 지난 7일 오픈한 초대형 복합쇼핑몰 스타필드 안성점이 단지와 직선거리로 1.5km로 떨어져 있다. 또한, 도보 통학이 가능한 공도초등학교와 1km 내에 중·고교가 위치하고 단지 내 국공립 어린이집이 예정되어 있어 교육환경도 훌륭하다.
쌍용 더 플래티넘 프리미어는 인근 지역에서 볼 수 없는 다양한 특화 부대시설도 눈에 띈다. 단지 안에서 즐기는 글램핑 파크를 비롯해 드넓은 중앙광장 녹지 조망이 가능한 루프탑 가든이 마련되고, 여름에는 워터파크, 봄·가을·겨울에는 놀이터로 활용 가능한 플레이 파크가 설치된다.
실내 커뮤니티시설에는 입주자들의 다양한 취미생활이 가능하도록 실내 다목적 체육관과 골프플러스존, 필라테스, GX룸 등이 조성될 예정이다. ‘주차 유도시스템’, ‘차량 위치 인식시스템’ 등을 갖춘 최신 주장을 만든다.
쌍용건설 관계자는 “최근 수도권에서도 대규모로 조성되는 브랜드 아파트일수록 미래가치가 높게 평가되기 때문에 많은 수요자가 문의를 하고 있다”며 “단지 안에서 다양한 여가시설을 즐길 수 있도록 차별화된 설계에 공을 들였고, 무순위 청약으로 진입 장벽을 낮췄다”고 말했다."
https://www.chosun.com/economy/real_estate/2022/04/19/NBNOPAH5YBD2PII6XOXENMIWPI/,"한동훈 법무부 장관 후보자가 배우자와 함께 소유한 서울 서초구 아파트 전세금을 단번에 40% 넘게 올려 논란이 되고 있다. 더불어민주당 등 정치권은 한 후보자가 갱신 계약의 전·월세를 5% 이상 못 올리도록 규정한 주택임대차보호법을 위반한 것이라 주장하고 있지만, 한 후보자는 “세입자가 계약 갱신 포기 의사를 밝힌 후 이를 번복한 신규 계약이어서 문제가 없다”는 입장이다.
2020년 7월말 개정된 주택임대차법에 따르면 임대인이 본인 또는 직계가족 거주 등 특별한 사유가 있지 않는 한 세입자의 계약 갱신 요구를 거부할 수 없으며, 갱신 계약의 임대료 인상률도 최대 5%로 제한된다. 하지만 세입자가 퇴거 의사를 밝혔다가 이를 번복하는 등 개별 사례에 대한 규정은 없어 한 후보자의 법 위반 여부를 직접적으로 판단하기는 어렵다. 다만 법무부와 국토교통부가 2020년 8월 배포한 임대차법 해설집에 대표적인 사례에 대한 유권해석이 있어 이를 토대로 대략적인 추정은 해볼 수 있다.
해설집에 따르면 임차인이 계약 만료일에 맞춰 퇴거하기로 했다 하더라도 이를 번복하고 계약 갱신 청구권을 행사할 수는 있다. 다만, 계약 만료일 2개월 전까지 임대인에게 계약 갱신 의사를 전달해야 한다. 한 후보자의 임차인은 언론 인터뷰를 통해 “계약 만료를 3개월 정도 앞두고 계약을 연장하지 않겠다고 임대인(한 후보자 부부)에게 알렸다”고 전했다. 이 말이 사실이라면 임차인은 퇴거 통보 후에도 이를 번복하고 계약 갱신 청구권을 행사할 수 있는 기간이 한 달 정도 있었던 셈이다. 반대로 계약 만료일에 임박해서 임차인의 생각이 바뀌었다면 한 후보자가 기존 임차인과 계약을 맺거나 임대료를 5% 이내로 올릴 의무는 없었다.
만약 임차인이 계약 기간이 2개월 이상 남은 시점에 갱신 의사를 한 후보자 부부에게 전했다 하더라도 5% 이상 전세금을 올릴 수는 있었다. 해설집에는 “계약 갱신 청구권을 행사하지 않는 경우 임대인과 임차인 합의로 전·월세를 5% 이상 올리는 계약을 체결할 수 있다”는 내용이 있기 때문이다. 한 후보자의 임차인이 지난해 전세를 43% 올렸다면 2년 후인 2023년에 5% 이내로 올리는 조건으로 계약을 한 번 더 연장할 수 있는 권리를 갖는 것이다. 한 공인중개사는 “강남 등 전세 수요가 많은 지역에서는 자녀 교육 등의 이유로 장기간 거주할 전셋집이 필요한 임차인들이 계약 갱신 청구권을 행사하지 않고 아껴두는 경우도 간혹 있다”고 말했다.
정태우 변호사는 “한 후보자의 사례가 국민 정서에 맞지 않을 수는 있겠지만, 후보자 측에서 설명한 내용이 모두 사실이라면 법 위반이라고 판단할 만한 부분은 없어보인다”고 말했다.
한편 이달 초 정부공직자윤리위원회가 공개한 ‘2022년 공직자 정기재산변동사항’에 따르면, 한 후보자는 배우자와 공동 명의로 보유한 서초구 삼풍아파트 전세 보증금을 17억5000만원으로 신고했다. 이는 지난해 신고금액(12억2000만원)보다 5억3000만원(43%) 늘어난 금액이다."
https://www.chosun.com/economy/real_estate/2022/08/30/GSNNCUOUFJFN7FCQS7JJ575QPA/,"금리 인상에 따른 주택 시장 침체로 집값이 하락하면서 주택 구매력과 관련한 지수들도 소폭 개선되기 시작했다.
30일 KB부동산 월간주택가격동향에 따르면 지난 6월 서울의 연소득 대비 집값 비율(PIR)은 17.6(중위값 기준)으로 집계됐다. 중위 소득 가구가 17년7개월간 급여 등의 소득을 한 푼도 쓰지 않고 모았을 때 서울 내 중간가격의 아파트 한 채를 살 수 있다는 뜻이다.
2019년 1분기 12.9였던 서울의 PIR은 집값 급등으로 꾸준히 상승해 지난해 12월 19.0까지 치솟았다. 그러나 올 들어 금리 인상으로 집값이 주춤하면서 올해 1분기 18.4로 떨어졌다. 금리 인상 속도가 더욱 가팔라진 2분기에도 17.6으로 하락했다. 전세가격도 내리면서 서울의 소득 대비 전세가격 비율(J-PIR) 역시 올해 3월 9.8에서 6월에는 9.4로 떨어졌다.
그러나 집값 하락에도 대출 이자가 뛰면서 여전히 서울에서 중산층이 살 수 있는 아파트는 극소수에 불과했다. 올해 2분기 서울 주택구입잠재력지수(KB-HOI)는 2.8로 집계됐다. 이 지표는 중위소득 가구가 은행 대출을 받아 집을 살 때 소득, 자산 등 적정 경제능력 한도 내로 구입할 수 있는 아파트 재고량을 의미한다. 중산층 가구가 감당할 수 있는 수준의 빚을 내서 살 수 있는 서울 아파트 물량이 하위 2.8% 수준에 불과하다는 뜻이다. 올해 1분기(2.6)보다는 소폭 올랐지만, 크게 변화가 없는 수준이다.
중산층이 구입 가능한 서울 아파트 재고량은 올해 2분기 기준 3만8649채로 직전 분기(3만6856채)보다 1793채 늘어나는데 그쳤다. 2년 전(21만311채)과 비교하면 17만채가 증발한 것이다. 금리가 단기간 급등하면서 주택 대출 이자부담이 커져 중산층 구매 여력을 악화시킨 것으로 풀이된다. 올해 2분기 은행 평균 주택담보대출 금리는 3.95%로 2013년 1분기(4.07%) 이후 9년 여만에 최고치를 기록했다."
https://www.chosun.com/economy/real_estate/2020/11/30/GTDHUQYEMJHXZOGK6LHXXMGOKU/,"올 들어 30대 이하 연령층의 서울 아파트 매입 건수가 작년의 2배에 달하는 것으로 나타났다. 정부가 아무리 강력한 부동산 규제를 내더라도 서울 집값이 결국 오르는 것을 경험한 젊은 층이 ‘패닉 바잉’(공황 구매)에 나선 영향으로 해석된다. 최근 전셋값 급등으로 전세 수요가 대거 매매 시장에 유입되고 있는 상황에서 분양가 상한제 등의 여파로 한동안 새 아파트 공급은 줄어들 전망이어서 집값 상승세가 더 가팔라질 것이라는 우려가 나온다.
◇조급한 2030 “지금이라도 사자”
29일 한국감정원에 따르면, 올해 1~10월 30대 이하 연령층의 서울 아파트 매매 건수(신고일 기준)는 2만9287건으로 작년 같은 기간(1만4809건)보다 97.8% 급증했다. 전체 매매 거래량이 4만6662건에서 8만295건으로 72% 늘어나면서 전 연령층에서 아파트 매매 건수가 늘었지만, 30대 이하 젊은 층의 매수가 두드러지게 증가했다.
20대 이하는 절대적인 거래량은 적었지만, 증가 폭은 가장 컸다. 지난해 1352건에서 올해 2933건으로 116.9% 늘었다. 증가 폭은 20대에 이어 30대(95.8%), 40대(69.4%), 60대(60.3%) 순으로 컸다. 30대 이하의 거래가 급증하며 전체 거래에서 이들이 차지하는 비율은 지난해 31.7%에서 올해 36.5%로 높아졌다. 월별 통계로 보면 지난 10월 전체 매매 거래에서 30대 이하의 비율은 43.6%에 달했다.
박원갑 KB국민은행 수석부동산전문위원은 “20~30대는 이미 천정부지로 치솟은 집값이 부담스럽지만, 지금이라도 사지 않으면 평생 무주택자로 살 것이란 불안감이 더 크다”며 “최근에는 전세난까지 심해지고 있어 등 떠밀려 집을 살 수밖에 없는 서글픈 상황”이라고 말했다.
◇'그나마 덜 비싼' 노원구에 매수세 몰려
서울 25구(區) 중 노원구의 거래량이 8658건으로 가장 많았다. 전통적으로 거래량이 많은 송파구(4375건)와 강동구(4083건)를 더한 것보다 많다. 전문가들은 “학군·교통 등 주거 인프라를 감안할 때 노원구가 ‘그나마 집값이 저렴한 편’이라는 인식 때문에 매수세가 집중된 것”이라고 분석했다.
매수 수요가 몰리면 가격은 오를 수밖에 없다. KB국민은행 집계에 따르면, 올 들어 10월까지 노원구 아파트 값은 15.7% 오르며 서울 내 상승률 1위를 차지했다. 강남구(6.36%)의 배(倍)가 넘는다. 노원구 상계동 ‘상계주공7단지’ 전용면적 59㎡ 실거래가는 연초 6억원에서 지난달 7억5000만원으로 뛰었다. 노원구 외에도 강북구(12.6%), 구로구(11.9%), 성북구(11.3%), 금천구(10.8%) 등 집값 상승률 상위를 차지한 곳 대부분은 서울에서 상대적으로 집값이 저렴한 지역이었다. 상계동의 한 공인중개업소 관계자는 “매수자 대다수는 실거주자이지만, 집값이 더 오를 것 같으니 전세 끼고 미리 사겠다는 갭 투자 문의도 꽤 있다”고 전했다.
전문가들은 서울에서 새 아파트 공급이 계속 줄어드는 상황에서 7월 말 주택임대차법 개정 이후 전세난이 심각해지고 있어 전셋값이 집값을 밀어올리는 악순환이 나타날 수 있다고 지적한다. 7월부터 9월 사이 매달 2%가 넘던 서울 아파트 값 상승률이 지난달엔 0.74%로 줄었지만 이달 1.54%로 다시 커졌다.
수도권 아파트 값 상승률도 1.53%로 전월(0.81%) 대비 두 배 가까이 커졌다. ‘비(非)규제지역 프리미엄'을 누리던 김포(7.76%)가 가장 많이 올랐다. 전국 아파트 값 상승률 역시 1.43%로 2003년 5월(1.63%) 이후 최고치를 기록했다.
정부가 전세난을 해소하겠다며 내놓은 ’11·19 대책'이 실수요자들이 찾는 아파트가 아닌 빌라·오피스텔 위주여서 전세 수요를 분산하지 못해 매매 시장 불안을 가중시킬 것이라는 전망도 나온다. 김광석 리얼하우스 대표는 “알맹이 없는 전세 대책에 실망한 실수요자들이 매수 대열에 합류하면서 아파트 매매가격은 또다시 급등할 가능성이 크다”고 말했다."
https://www.chosun.com/economy/real_estate/2024/11/25/CPVBWF55P5E3TFRJWP2JJNMREM/,"최근 수도권 일부 신축 아파트에서 분양가보다 싼 가격에 분양권을 넘기는 이른바 ‘마피(마이너스 프리미엄)’ 급매물이 잇따라 나오고 있다. 지난 9월 이후 대출 규제가 강화되고 주택 매수 수요가 한풀 꺾이면서 잔금 마련에 어려움을 겪는 일부 계약자가 주택 처분에 나선 것으로 보인다.
24일 부동산 업계에 따르면, 다음 달 입주를 시작하는 경기 광명시 광명동 ‘트리우스 광명’은 현재 분양가보다 1000만~5000만원가량 싼 매물이 등장했다. 지난해 전용면적 84㎡ 중간 층 분양가가 11억1910만원이었는데, 현재 10억6910만원부터 매물이 있다. 광명뉴타운 2구역을 재개발한 3344가구 규모의 대단지로 대우건설·롯데건설·현대엔지니어링이 시공했다. 인근의 한 공인중개사 대표는 “집값이 충분히 올랐다는 인식이 강한 데다가 대출 규제로 거래가 잘 안 되고 있다”고 했다.
인천에서도 올해 말부터 내년까지 입주하는 단지에서 분양가보다 3000만원에서 최대 7000만원 정도 싼 매물이 나오고 있다. 연수구에서 내년 7월 입주 예정인 ‘힐스테이트레이크 송도 4차’ 전용 84㎡는 분양가(8억6000만원)보다 7000만원가량 낮은 매물이 나왔고, 다음 달 입주하는 ‘송도자이더스타’ 역시 1000만~3000만원가량 마피가 붙었다. 서울 외곽 지역에서도 저렴한 급매물을 찾을 수 있다. 내년 11월 입주 예정인 강북구 ‘한화포레나 미아’는 전용 80㎡가 분양가(10억8000만원)보다 최고 7000만원가량 낮은 매물이 나왔다.
서울 아파트 분양·입주권 거래도 큰 폭으로 감소했다. 국토부에 따르면 지난달 서울 아파트 분양·입주권 거래량은 79건으로 두 달 연속 줄어들었다. 서울 아파트값이 급등했던 8월 150건까지 늘었다가 2단계 스트레스 DSR(총부채원리금상환비율)이 도입된 9월(95건)부터 감소세로 돌아섰다."
https://www.chosun.com/economy/real_estate/2023/04/11/3RCYY5Q6VJAK5N7AUXAMFMG54I/,"“초보 건축주에겐 ‘어떻게 하면 사기 당하지 않고 좋은 시공사를 만날 수 있느냐’가 가장 큰 고민이죠.”
배우 이영애씨 자택 설계로 유명한 건축가인 현상일 구도건축 소장은 “시공사를 잘못 고르면 그 피해가 막대하다”고 했다. 현 소장은 오는 18일 개강하는 땅집고 건축주대학 27기 과정에서 ‘신축 빌딩 설계, 어떻게 차별화할 것인가’를 주제로 강의한다.
현 소장은 무조건 공사비를 싸게 해주겠다고 약속하는 시공사는 피하는게 좋다고 했다. 자칫 날림 시공으로 이어져 추후 보완 공사를 하게 되면 시간과 비용이 배 이상 들기 때문이다. 건축주 A씨가 대표적 피해사례다. 그는 경쟁업체보다 2억원 낮은 22억원을 공사비로 제시한 시공사를 택했다. 하지만 이 시공사가 중도에 도산해 추가 비용이 들었고, 결국 38억원에 공사를 마쳤다. 공사기간도 계획보다1년 늦어진 2년 반이 걸렸다. 결국 시공사 상대로 소송까지 벌여야 했다.
시공사를 잘 뽑으려면 어떻게 해야 할까. 현 소장은 “우선 공사 도면을 제대로 작성할 설계사무소부터 찾는 것이 중요하다”며 “도면을 완성하면 시공 후보 업체로 3~5곳 정도 추려야 한다”고 했다. 그는 한국건축가협회가 주관하는 ‘건축명장’에 뽑힌 업체라면 일단 믿을만하다고 했다. 이 가운데 건축주가 희망하는 규모와 용도에 부합하는 건물을 많이 지어본 건설사를 골라야 한다. 현장소장 등 전문인력이 많고 업력 10년 이상인 업체를 고르는 것이 안전하다.
건축주도 기본적인 시공 절차와 핵심 체크포인트는 파악하고 있어야 한다. 김형섭 마고퍼스종합건설 대표는 “결국 마지막 결정을 내리고 돈을 내는 주체는 건축주”라며 “건축 강의나 관련 모임에 적극 참여해 건축주 스스로 시공 프로세스를 이해해야 한다”고 했다.
예컨데 B빌딩을 짓는데 필요한 적정 공사비가 10억원이라고 치자. 그런데 A사와 B사가 각각 8억원과 13억원을 제시했다면 건축주는 두 곳 모두 의심해 봐야 한다는 것. 김 대표는 “일반적 공사비보다 과도하게 낮거나 비싼 견적서를 주는 시공사는 부실 시공과 부당 이익 우려가 있다”며 “건축주가 적정 공사비를 파악하는 안목이 있어야 시행착오를 조금이나마 줄일 수 있다”고 했다."
https://www.chosun.com/economy/real_estate/2022/06/13/JRXRR7I2VNEAZCYWRCXRF5GN5E/,"현대건설이 이달 서울시 강남구 삼성동 144-6~8·12번지 일원에서 ‘힐스테이트 삼성’ 오피스텔을 분양한다. 지하 7층~지상 17층, 전용면적 50~84㎡ 165실 규모다. 테헤란로를 포함해 강남권 핵심 업무지구와 인접한 직주근접(職住近接) 입지가 돋보이는 단지다.
서울시는 삼성동 코엑스와 잠실종합운동장을 잇는 199만㎡를 ‘국제교류복합지구’로 개발을 추진하고 있다. 영동대로 지하공간 복합개발, 현대차 GBC(글로벌비즈니스센터) 건립 등에 따라 오피스텔 배후 수요는 더욱 늘어날 전망이다.
스타필드 코엑스몰, 현대백화점 무역센터점, 이마트 역삼점, 서울의료원 강남분원, 강남 세브란스 병원 등 주변에 생활 인프라가 잘 갖춰져 있다. 초·중·고교가 밀집한 지역인 데다가 대치동 학원가도 가까워 교육 환경이 뛰어나다.
전 실이 2~3룸 구조의 주거용 평면으로 설계됐다. 주차가 편리하고, 피트니스센터·골프룸·게스트룸 등 대단지 아파트 못지않은 다양한 커뮤니티시설을 갖췄다.
현대건설 관계자는 “강남 중심 생활권을 누릴 수 있는 ‘힐스테이트’ 브랜드 단지로 주변에 개발 호재가 많아 미래 가치가 높다”고 말했다."
https://www.chosun.com/economy/real_estate/2022/01/18/JUQVDJES25GX5FZGS4FKZ7BFRM/,"조선일보 땅집고 아카데미가 예비 건축주와 새로운 투자처를 찾는 투자자를 위해 2~3월에 전문 강좌를 개설하고 수강생을 모집한다.
먼저 3월3일 개강하는 ‘시공실전 마스터클래스 3기’ 과정이다. 근린생활시설, 다세대·다가구주택 같은 중소형 건물이나 꼬마빌딩 시공을 앞둔 건축주를 위한 강의다. 이번 과정은 공사를 시행하면 되돌리거나 바꾸기 힘들어 큰 부담을 느끼기 쉬운 시공 과정에 대한 필수 정보와 실무 지식을 제공한다. 꼬마빌딩 현장에서 직접 활동하는 시공사 임직원이 직접 강의한다.
총 5회 강의로 현장 스터디 1회를 포함한다. 수강생에게 개별 상담 1회(시공 견적서는 별도)를 무료 제공한다. 수강생이 원할 경우 시공 전문 기업도 연결해 준다.
최근 새로운 투자처로 급부상한 미술품 투자 과정도 마련했다. ‘지금은 미술품 투자의 시대: 트렌드와 시장분석 2기’ 과정이 2월 8일 개강한다. 1기 과정은 개설과 동시에 조감 마감했다. 이번 과정은 미술품 투자자들에게 ▲미술품 투자 기본 지식 ▲시장 트렌드 ▲작품 고르는 법 등을 알려주는 전문 강좌다.
미술품 경매 최고 베테랑으로 꼽히는 김현희 서울옥션 수석경매사 등이 참여해 전 세계 옥션 데이터를 활용한 미술품 투자 흐름과 가격 결정 과정 등을 알려준다. 총 5회 강의로 진행하며 이론 강의 4회와 현장 전시 투어 1회를 포함한다.
모든 강좌는 선착순 마감하고, 땅집고 교육·강연 홈페이지에서 신청하면 된다. ‘시공실전 마스터클래스3기’는 120만원으로 사전예약하면 20만원 할인한다. ‘지금은 미술품 투자의 시대: 트렌드와 시장분석 2기’ 강좌는 100만원이며 사전예약하면 10만원 할인한다."
https://www.chosun.com/economy/real_estate/2022/08/20/WJVI3VZBEFAFDM252OGAGUX2C4/,"대한민국 부동산 트렌드쇼 개막 이틀째인 20일에도 서울 강남구 삼성동 코엑스 D홀에서 다양한 부동산 재테크 강연이 펼쳐진다.
메인 세미나장에선 박합수 건국대 부동산대학원 겸임교수가 ‘부동산 돈맥 결정요인, 철도 역세권 투자전략’을 주제로 첫 강연을 진행한다. 박 교수는 GTX(수도권광역급행철도) 개통 예정지 등 신규 철도망 역세권 투자 해법을 공개한다. 필명 ‘빠숑’으로 유명한 김학렬 스마트튜브 부동산조사연구소장은 ‘새 정부 부동산 정책, 투자법이 달라진다’를 주제로 강연한다.
차학봉 조선일보 부동산전문기자와 심형석 미국 IAU 부동산학과 교수는 ‘주택시장 2가지 시나리오, 욕조론 VS U자형 회복’이라는 테마로 향후 주택시장 흐름을 전망한다. 고종완 한국자산관리연구원장은 ‘아는 만큼 보이는 유형별 부동산 맞춤 전략’을 주제로 강연한다.
트렌드랩(LAB) 강연장에선 최근 부동산 시장에서 새롭게 주목받는 이슈에 대한 강연이 펼쳐진다. 우병탁 신한은행 WM컨설팅센터 팀장은 절세 팁(TIP), 배상영 대신증권 리서치센터 팀장은 리츠 등 부동산 간접투자에 대해 강연한다. 박지민 월용청약연구소 대표는 청약 노하우를 소개하고, 신현강 부와지식의배움터 대표는 금리 상승기 효과적인 투자 기법을 강연할 예정이다. 행사 관련 문의는 전화 070-4006-8508·8110, 이메일 master@rtrendshow.com"
https://www.chosun.com/economy/real_estate/2024/06/03/D57TNPKGWBCBDM3GIQE2MTNNIQ/,"정부가 지난달 22일 1기 신도시 재건축 선도 지구 선정 기준을 공개한 후 해당 지역 주민들의 관심이 집중되고 있다. 일부 단지에선 가격 상승 기대감에 아파트 매물이 급격히 줄고, 정부 기준에 맞춰 재건축 전략을 수정하는 등 주민들의 움직임이 본격화하고 있다.
2일 부동산 빅데이터 업체 아실에 따르면, 통합 재건축을 추진 중인 분당 정자역 근처 정자일로 아파트 단지 5곳(임광보성·한라·화인유천·계룡·서광영남)의 아파트 매물은 정부 발표 일주일 전인 지난달 15일 98건에서 30일 55건으로 44% 줄었다. 같은 기간 분당구 전체 매물은 2% 줄어든 것과 비교하면 감소 폭이 유독 크다. 정자일로 다섯 단지는 주민 동의율이 85%를 넘겨 분당신도시에서 통합 재건축을 추진 중인 단지들 중 가장 진척 속도가 빠르다는 평가가 나온다.
분당 서현역 인근 시범단지 4곳의 매물(248건)은 보름 새 10% 줄었다. 시범단지는 애초 삼성한신, 우성, 한양, 현대 등 네 단지 총 7800여가구가 통합 재건축을 추진할 예정이었는데, 최근 삼성한신·한양과 우성·현대로 분리 추진하는 것으로 전략을 수정했다. 삼성한신과 한양은 지하철역이 가까워 역세권 인센티브를 받을 수 있는 데다, 가구 수가 너무 많으면 주민 동의율을 높이기 어렵다고 판단한 것이다. 정부가 공개한 선도 지구 지정 요건이 3000가구만 넘어도 최고점(10점)을 받을 수 있기 때문에 분리 추진해도 큰 불이익은 없다.
부동산 관련 온라인 커뮤니티에는 분당, 평촌 주요 재건축 단지 주민들이 직접 작성한 것으로 보이는 자가 채점표도 올라오고 있다. 선도 지구 지정 가능성이 높은 일부 단지에서는 집주인들이 매물의 호가를 높이고 있다.
정부와 1기 신도시 관할 지자체는 이달 25일까지 선도 지구 공모 세부 지침을 마련하고 공모를 거쳐 11월 중 1차 선도 지구를 지정할 계획이다. 2027년 공사를 시작해 2030년 첫 입주를 목표로 하고 있다. 김제경 투미부동산컨설팅 소장은 “정부가 1기 신도시 재건축에 드라이브를 걸고 있어 선도 지구 지정이 유력한 단지에 매매 수요가 몰릴 수 있다”며 “다만 정부 계획대로 재건축이 원활하게 진행되지 않을 가능성도 있으므로 단기 시세 차익을 노린 투자는 위험할 수 있다”고 말했다."
https://www.chosun.com/economy/real_estate/2021/06/04/7PQKFQNU7BBI5I66TTA46WOWU4/,"정부가 지난해 ‘8·4 공급 대책’을 통해 발표했던 4000가구 규모의 과천 정부청사 유휴 부지 개발 계획을 전면 취소했다. 대신 대규모 공공택지 중 하나인 과천지구의 업무·상업용지 일부를 주택용지로 전환하고 다른 대체지를 찾아 4300가구를 공급하기로 했다.
국토교통부는 4일 당정협의를 거쳐 주택 공급 계획 수정안을 발표했다. 정부가 지난해 발표한 8·4 대책에는 과천 정부청사 부지를 활용한 주택 공급 방안이 담겼다. 하지만 과천시민들이 “해당 부지는 시민들을 위한 공원으로 만들어야 한다”며 강하게 반발했다. 여당 소속인 김종천 과천시장도 공개적으로 정부의 공급 계획에 반발했다.
이처럼 지역 반발이 격화하자 당정은 협의 끝에 과천청사 대신 인근 과천지구와 다른 유휴 부지를 활용해 4300가구를 공급하는 것으로 방향을 틀었다. 구체적인 주택 공급 입지는 정부와 과천시의 협의를 거쳐 추후 공개할 예정이다. 국토부 관계자는 “과천시와 상생할 수 있는 방안을 마련했다”며 “기존보다 공급 물량도 늘었다”고 말했다. 한 부동산 전문가는 “처음 공급 대책을 발표할 때부터 지역 여론의 반발이 컸었다”며 ”결과적으로 아무것도 못한 채 10개월이라는 시간만 허비한 것”이라고 말했다.
이번 합의는 정부가 8·4 공급 대책을 통해 약속했던 수도권 주택 공급 계획을 지역 반발로 인해 수정한 첫 사례다. 이 때문에 일각에선 정책 신뢰도를 떨어뜨리는 ‘나쁜 선례’가 될 수 있다는 지적도 나온다. 8·4 대책에 포함됐던 서울 노원구 태릉골프장(1만가구)과 마포구 서부면허시험장(3500가구) 등도 주민들이 개발 계획에 반대하고 있다."
https://www.chosun.com/economy/real_estate/2023/08/04/6PLL6AWK4ZBARCTSKRHVSAUR2M/,"“여행객이 접근하기 좋은 위치에 인테리어를 고급화한 숙박시설을 갖추면 숙박료가 수십만원에 달해도 예약률이 90% 이상입니다. 더 이상 저가형 상품으로 출혈 경쟁을 하는 시대는 지났습니다.”(이진호 유에이치씨 이사)
패키지 여행보다 자유 여행을 선호하는 트렌드가 강해지면서 호텔보다도 에어비앤비와 같은 플랫폼을 통해 개인 민박·숙박시설을 이용하는 사례가 늘어났다. 그러면서 이른바 ‘스테이’가 뜨고 있다. 스테이는 도심 외 지역 독채 민박시설이나 도심 내 스위트룸형 숙박시설 등 모텔보다 고급스럽지만 호텔보다는 저렴한 숙박시설로 통용된다.
특히 프리미엄 숙박시설 업체 유에이치씨(UHC)의 도심형 스테이 브랜드 ‘유에이치 스위트’(UH Suite)는 코로나19에도 성장한 숙박산업으로 주목받고 있다. 비결이 무엇일까. 땅집고가 이진호 이사에게 개인이 쉽게 접근할 수 있는 중소형 스테이 사업의 진입 및 운영 노하우를 미리 들어봤다.
이진호 이사는 연세대학교 경영학과를 졸업한 뒤 박성재 UHC 대표를 비롯한 공동 창업자들과 함께 2017년 UHC를 설립했다. 도시 민박, 생활형 숙박, 호스텔 등 도심 지역 스테이 운영 및 마케팅 전문가다. 8월 9일 개강하는 ‘스테이&숙박 콘텐츠 유치와 개발, 경영의 모든 것 2기’에서 도심형 숙박시설 개발·운영 사례를 소개하고 최근 개발한 스테이 건축 현장을 방문한다.
- 최근 성공한 스테이의 공통점이 있다면?
”서울 삼성동, 명동 등 외국인 관광객들의 쇼핑 상권이 인접한 도심지 근처에 있다는 것이 공통점이다. 국내에 방문하는 외국인들은 서울 도심지 ‘핫플레이스’를 주로 찾는데 도심지에는 선호하는 숙박시설이 드물다. 호텔이 있기는 하지만 저렴하지 않다.
그런데 스테이는 호텔 수준의 내부 인테리어, 청결함을 갖췄지만 호텔 숙박비용보다 저렴해 인기가 많다. 실제 외국인 관광객들은 도심형 스테이를 ‘가성비가 좋다’고 평가한다. 서울 중구 유에이치 스위트 명동점의 1박 숙박비용은 40만원인데 비슷한 수준의 호텔 객실을 이용하려면 100만원 넘게 지불해야 한다. 게다가 객실 구성이 2인실보다 많은 다인실이기에 이용 인원으로 나누면 10만 원이 안 된다.
속칭 인스타그램에서 통할 만한 ‘인스타그래머블’한 인테리어를 갖춰 이용객을 유인하는 것도 매력적인 요소로 꼽힌다. 호텔이 비싼 상업지에 최대 수익을 내기 위해 인테리어에 큰 비용을 쏟기보다는 정형화된 형태로 객실을 꾸민다. 호텔이 부대시설이나 체크인 서비스에 들이는 비용을 아껴 인테리어에 투자해 이런 모습을 갖출 수 있었던 것이다.
타겟을 내국인으로 한정하지 않았다는 점도 특징이다. 내국인 타겟 숙박의 가장 큰 문제는 주중 수요가 떨어진다는 점인데 이 때문에 어쩔 수 없이 평일 숙박을 팔기 위해 가격 경쟁을 할 수밖에 없다. 하지만 외국인 여행객들을 받으면 이들이 주중에 객실에 묵기 위해 몇 달 전부터 예약하기 때문에 가격 경쟁을 할 필요 없어진다.”
- 운영자 입장에서 스테이를 운영했을 때 이점은 무엇인가?
”일반상업지에서 수익형 부동산을 운영하는 것에 비해 투자 비용이 저렴하다. 수익형 부동산을 운영하려면 건물을 사는 등 큰 비용이 들고 리스크도 크다. 이럴 경우 생활숙박시설을 운영해 수익을 내는 것이 방법이다. 유에이치 스위트도 일명 생활형숙박시설(생숙)으로 도심 상권 상업 부동산의 용도를 층 단위로 변경하고 취사시설을 포함해 객실을 만든 형태다.
인건비도 호텔에 비해 상대적으로 저렴한 편이다. 호텔은 전체 매출의 30%가량을 인건비로 쓴다. 손님을 응대하는 서비스 측면, 체크인 서비스와 여행사와의 네트워킹을 위해 영업이사를 고용하는 비용 등이 필요하다. 하지만 스테이는 예약, 로비 응대 모두 온라인이라 인건비가 호텔운영할 때에 비해 상대적으로 적다.
홍보 비용도 크게 들지 않는다. 객실에 여행객들이 자랑할 만한 인테리어를 갖추면 고객들이 직접 SNS를 통해 객실 사진을 올리는 등 간접적으로 홍보하는 경우가 많기 때문이다. 여행사를 통해 고객을 끌어오는 등의 비용이 필요 없다.”
- 생숙 투자시 따져봐야 할 조건은 무엇인가?”
생숙의 위치는 기본이다. 또 위탁 운영사가 책임감 있게 생숙을 운영할 수 있는 시스템을 갖추고 있는지도 중요하다. 예를 들어 생숙 운영 시 수익을 내지 못할 경우 위탁운영사가 일정 부분 책임을 지는 조건을 계약 조항에 넣는 것도 방법이다. 그러면 위탁 운영사가 수익을 낼 의지를 다질 수 있다.
생숙은 지상1층 로비, 지상 2층에 상업시설을 갖춰 상업시설에 어떤 콘텐츠를 입히느냐도 수익성을 좌우하는 요소가 될 수 있다. 예컨대 외국인이 타겟이라면 외국인 전용 의료관광을 위해 피부과를 넣을 수도 있고 관광지라면 로컬 상권에서 주목받는 F&B상품 개발 전문가와 협업할 수도 있다. 이처럼 위탁운영사가 누구와 협업을 하는지에 따라서도 숙박시설 매출이 달라질 수 있다.”
<’스테이&숙박 콘텐츠 유치와 개발, 경영의 모든 것’ 2기 모집>
예비 건축주의 멘토 역할을 해 온 땅집고 아카데미가 오는 8월9일 ‘스테이&숙박 콘텐츠 유치와 개발, 경영의 모든 것’ 2기 과정을 개강한다. 이 과정은 활용가치가 낮은 중소형 건물이나 노후 주택 소유자 대상으로 호텔이나 스테이를 유치하고 개발해 자산 가치를 극대화할 수 있는 방안을 제시한다.
강의는 이론 교육 5회와 현장 스터디 1회 등 총 6회로 진행한다. 최근 숙박업 트렌드와 사업성 분석, 운영 노하우 등에 대해 케이스 스터디 중심으로 알려준다.
강사진은 숙박시설 기획, 운영 뿐만 아니라 건축 문제를 해결해 줄 수 있는 전문가들로 구성했다. 이번 과정에서는 심영규 글로우서울 이사가 레지던스 호텔, 스테이 등 숙박업 유형과 트렌드를 소개한다. 김태연 피치매니지먼트 대표는 비즈니스 호텔 사례에서 배우는 기획·운영 노하우를 알려준다.
이승훈 야놀자 클라우드코리아SBD 실장은 저수익 숙박시설의 수익성 업그레이드 전략을 알려준다. 이진호 유에이치씨 이사는 최근 개발한 스테이 현장을 소개한다. 이성범 포머티브건축사무소 소장은 숙박시설 건축 시 인허가 조건, 건축 예산 등과 함께 대중에게 호감을 얻을 수 있는 건축 디자인, 공간 활용 방법을 제시한다.
수강료는 180만원이다. 강의 장소는 서울 중구 퇴계로 10 메트로타워 2층 서울역 상연재다. 서울역 8번 출구 바로 앞에 있다. 땅집고M 홈페이지(zipgobiz.com ▶바로가기)에서 신청하면 된다. (02)6949-6190."
https://www.chosun.com/economy/real_estate/2025/04/14/MBRNZRVOL5GT3PLAI6CEUEP7GA/,"현대건설은 최근 핀란드 신규 원전 건설 사업의 사전업무착수계약(EWA) 대상자로 선정됐다고 14일 밝혔다. 불가리아에 이어 슬로베니아, 핀란드 등 유럽 대형 원전 건설 사업 확장에 속도를 내고 있는 것이다.
핀란드 국영 에너지 기업 ‘포툼(Fortum)’은 에너지 자립도 제고를 위해 신규 원전을 건설하기로 결정하고 다수의 원전 공급사와 포괄적 타당성 조사를 진행했다. 2년간의 조사 끝에 지난달 현대건설·웨스팅하우스 컨소시엄을 포함한 3사가 EWA 대상자로 선정됐다. 이들은 신규 원전 건설 사업에 필요한 심층 조사를 이어갈 예정이다. EWA에 선정된 공급사는 프로젝트 실행에 요구되는 기술 성숙도를 평가하고 인허가 관련 내용을 검토하는 등 사업 전반에 대한 계획을 수립하는 역할을 맡는다.
한편 현대건설은 웨스팅하우스와 슬로베니아 원전 사업에도 참여한다. 유럽 내에서 에너지 안보 강화를 목표로 한 원전 확대 정책이 활발히 추진 중인 가운데 슬로베니아도 새로운 원전 건설에 적극적으로 나서고 있는 것이다. 슬로베니아 국영 전력회사 ‘젠 에너지(GEN Energija)’가 추진 중인 슬로베니아 크르슈코 신규 원전 건설 프로젝트(JEK2)는 수도 류블라냐에서 동쪽으로 약 80㎞ 떨어진 크르슈코 지역의 기존 1호기 원전 인근에 대형 원전 1기를 신규 건설하는 사업이다. 현대건설·웨스팅하우스 컨소시엄 등이 올해 초 최종 공급사 후보로 선정돼 기술타당성조사(TFS)를 진행하고 있다.
현대건설·웨스팅하우스 컨소시엄은 원자로 배치에 대한 타당성 조사를 오는 3분기까지 수행한다. 안정적인 사업 추진을 위한 프로젝트 초기의 핵심 단계로, 이번 평가를 통해 향후 예정된 공사 입찰에서 경쟁 우위를 선점할 것으로 기대를 모으고 있다.
현대건설은 2022년 美 웨스팅하우스와 대형 원전(AP1000)의 글로벌 시장 공동 참여를 위한 전략적 협약을 맺은 뒤, 불가리아 코즐로두이 원전 설계 계약을 체결하며 시장 확대에 나서고 있다. 지난 2월에는 현대건설 이한우 대표를 비롯한 에너지 부문 주요 경영진이 미국을 찾아 웨스팅하우스 경영진과 협력 계획을 논의한 데 이어, 3월에는 불가리아를 방문해 신임 내각의 주요 인사들과 차례로 면담하기도 했다.
에너지 사업이 속도감 있게 진척됨에 따라 최근 현대건설은 관련 조직을 확대 재편하고 전문성을 겸비한 경력 인재 확충에 나서고 있다. 현대건설 관계자는 “2025 CEO 인베스터 데이에서 현대건설은 ‘에너지 트랜지션 리더’로서 원자력 사업을 중심으로 지속 가능한 에너지 혁신을 주도해 나가겠다고 선언한 바 있다”며 “지난 50여 년간 입증해온 독보적인 원전 건설 역량과 성과, 글로벌 파트너사와의 긴밀한 협력을 기반으로 현대건설의 세계 원전 지도를 확장해나갈 것”이라고 밝혔다."
https://www.chosun.com/economy/real_estate/2021/03/07/XYKZIICLMZEKTL3P7XTVDHVD5A/,"한국토지주택공사(LH) 직원들이 지난달 3기 신도시로 지정된 광명·시흥지구의 땅을 본격적으로 매입한 시점부터 일대 토지 거래량이 급증한 것으로 나타났다. 특히 이 기간 서울 거주자의 거래 비중이 높아 대대적인 투기가 있었던 것 아니냐는 의문이 제기되고 있다.
7일 한국부동산원에 따르면 광명시 순수토지(건축물을 제외한 토지) 거래량은 지난해 2520필지로, 관련 통계가 작성되기 시작한 2006년 이후 최대를 기록했다. 이 거래량은 매매, 증여, 교환 등을 모두 포함한 수치다.
광명시 토지 거래량은 2016년 893필지에서 2017년 1036필지, 2018년 1665필지, 2019년 1715필지, 2020년 2520필지로 4년 새 3배 가까이 급증했다. 시흥시의 순수토지 거래량은 2017년 9243필지로 역대 최다를 기록한 후 2018년 8111필지, 2019년 8246필지, 2020년 7352필지로 줄어드는 추세지만 2006~2016년 평균 거래량(3539필지)과 비교하면 여전히 배 이상으로 많다.
LH 소속 직원 A씨는 2017년 8월 광명시 옥길동 밭을 매입한 데 이어 2018년 4월과 2020년 2월 각각 시흥시 무지내동과 과림동의 논을 매입했다. 투기 의혹을 받고 있는 LH 직원들의 토지 매입도 2018~2020년 사이에 집중돼있다.
해당 시점 광명시와 시흥시 토지 매입은 실수요보단 투자 목적이 강한 서울 거주자들이 주도했다. 서울 거주자의 광명시 토지 거래는 지난해 702필지, 시흥시 토지 거래는 2017년 2248필지로 각각 연간 기준 역대 최다를 기록했다. 서울 매수자의 비중으로 보면 두 곳 모두 2018년에 가장 높았다. 그해 광명은 전체 토지 거래량 1665필지 가운데 서울 거주자의 거래가 33.1%(551필지)에 달했고, 시흥은 전체 토지 거래량 8111필지의 24.4%(1980필지)를 서울 사람에 의해 이뤄졌다.
광명·시흥지구는 과거 보금자리지구로 지정됐다가 2014년 해제된 뒤 특별롼리구역으로 관리돼왔다. 2018년 3기 신도시 계획이 수립될 때 가장 유력한 후보로 거론됐지만 당시엔 빠졌다. 그럼에도 불구하고 부동산 정책이 나올 때 마나 신도시 후보지로 거론됐다. 정부가 지난달 2·4 대책을 통해 신규택지를 추가 지정하기로 함에 따라 결국 신도시 예정지에 포함됐다."
https://www.chosun.com/economy/real_estate/2023/11/24/FOR4ZNSCV5CBXD356ESIZTOSAU/,"정부가 무주택 청년들의 주거 안정을 돕기 위해 2%대 저금리로 주택담보대출을 제공한다. 현재 시중은행 주담대 금리가 연 5~6%대인 점을 감안하면 파격적인 혜택이다.
국토교통부는 24일 당정협의 결과 1년간 청약 통장에 가입하면 2%대의 저리대출을 생애 3단계에 걸쳐 추가 우대하는 ‘청년 내집 마련 1·2·3 주거지원’을 추진한다고 밝혔다. 원희룡 국토부 장관은 “미래세대가 가장 불안해하고 고통을 겪고 있는 내 집 마련의 꿈을 응원하고 중산층이 두터운 사회로 가기 위해서, 정부는 전용 청약통장에 가입하면 2%대의 장기 저리 금리로 내 집 마련의 금융 기회를 제공하는 파격적인 정책을 펴고자 한다”고 밝혔다.
이번 방안은 “청년의 주거안정과 희망의 주거 사다리 구축을 위한 정책을 추진”하라는 대통령 지시에 따라 마련했다. 이에 따라 신설하는 ‘청년 주택드림 청약통장’(만 19~34세 무주택자)은 현행 청년 우대형 청약통장 대비 완화된 가입요건(소득 3600만→5000만원, 무주택 세대주→무주택자), 높은 이자율(최대 4.3→4.5%)과 납입한도(최대 50만→100만원)를 적용함으로써 자산형성을 뒷받침하면서 청약 기회도 제공한다. 청년 주택드림 청약통장은 내년 초 출시 예정이다.
해당 통장으로 청약에 당첨된 청년에게는 전용대출인 ‘청년 주택드림 대출’을 통해 낮은 금리로 분양가의 80%까지 구입자금을 지원한다. 청약 당첨시 만 39세 이하이고 소득 기준(미혼 7000만원, 기혼 1억원 이하)을 충족하면, 최저 연 2.2%(소득·만기별 차등) 금리로 만기 최대 40년의 대출 지원을 받을 수 있다. 단, 분양가 6억원 이하, 전용면적 85㎡ 이하 주택만 해당된다.
대출 이용 후에도 결혼, 출산, 다자녀(추가 출산) 가정이 될 경우 추가 금리 혜택을 제공해 전 생애주기에 걸쳐 주거비 부담을 경감한다. 결혼 시 0.1%포인트를 감경하고 최초 출산시 0.5%포인트, 추가 출산 시 1명당 0.2%포인트를 인하해준다. 단, 대출 금리 하한선은 1.5%다.
당장 내집 마련이 어려운 청년 등의 전월세 부담을 낮추기 위한 저리의 주택기금 전월세 대출 지원도 강화하고, 월세 세액공제도 확대한다. 우선 주택기금 주거안정 월세대출의 한도를 월 40만원에서 60만원으로 확대한다. 청년 보증부월세 대출을 받을 수 있는 대상주택은 보증금 5000만원 이하에서 6500만원 이하 주택으로 확대하고, 대출한도 역시 보증금 3500만원에서 4500만원으로 늘린다. 또 현재는 전월세 계약이 종료되면 일시에 대출금을 상환해야 하지만, 계약기간 종료 후 최대 8년 내에 분납할 수 있도록 부담을 완화한다."
https://www.chosun.com/economy/real_estate/2023/04/21/KSSS37DVMFD2TOA3A27OEQ2FPM/,"20일 오전 경기 동탄신도시의 에코스쿨삼거리 오피스텔·주상복합 밀집 지역. 최근 갭 투자(전세를 낀 매매)로 250채를 사들인 임대인 부부의 파산으로 전세 보증금을 돌려받지 못하고 있는 세입자들이 몰려 있는 지역이다. 이 일대 공인중개업소에는 “내가 사는 전셋집은 안전하냐”는 문의 전화가 빗발치고 있다. A 공인중개사는 “작년부터 전셋값이 급락해 보증금을 돌려주지 못할까 전전긍긍하는 집주인이 많은데, 이런 일까지 터져 중개사들도 안절부절”이라고 말했다.
서울 강서구와 인천 미추홀구에서 빌라를 중심으로 발생했던 전세 사기와 보증금 미반환 사고가 오피스텔과 아파트로, 부산·울산 등 전국으로 확산되는 추세다. 부산에서도 최근 오피스텔 110채, 20채를 각각 소유한 임대인들이 전세금을 반환하지 않아 경찰이 수사 중이다.
주택도시보증공사(HUG)의 월별 보증금 미반환 사고 건수는 작년 8월 511건에서 지난 2월 1121건이 돼 갑절 이상으로 급증했다. 같은 기간 보증 건수 대비 미반환 사고 발생 비율은 3.5%에서 6.9%로, 미반환 보증금은 1089억원에서 2542억원으로 늘었다. 정부가 작년 9월 ‘전세 사기’ 관련 범정부 대책을 발표했지만, 시간이 지날수록 보증금 미반환 사고가 불어나는 이유는 뭘까?
◇집값 급락에 전국에 깡통전세 속출
전세금을 반환받지 못하면 세입자는 집을 경매로 넘겨 보증금을 회수하면 된다. 그런데 피해가 발생한 주택은 전세금이 집값보다 높거나 선순위 저당권이 있어 전세금 회수가 불가능한 ‘깡통 전세주택’이다. 집값 하락으로 깡통전세가 기하급수적으로 늘어나고 있다. 국토부가 공개한 실거래를 기반으로 한국도시연구소가 계산한 전국 주택의 전세가율은 2020년 65.1%에서 2021년 75.8%, 2022년 90.6%까지 치솟았다. 고가 아파트가 많은 서울은 57.1%에 불과하지만, 빌라 등 저가 주택이 많은 지역을 중심으로 전세가율이 높다. 최은영 한국도시연구소장은 “개별 단지별로 조사한 결과, 전세가율이 80%를 넘어 깡통전세가 우려되는 단지는 공동주택의 38%나 된다”고 말했다.
전세가율이 폭등한 직접적인 원인은 매매가 급락이다. 국토연구원은 최근 연구보고서를 통해 “전세 보증금 미반환 주택 비율이 가장 높은 시기는 2024년 상반기로 추정되며 매매가가 20% 하락할 경우, 전세를 끼고 매입한 주택의 40%가 보증금 미반환 위험이 있다”고 밝혔다.
◇임대차 3법 이후 빌라-오피스텔 전세화 가속됐다
빌라, 오피스텔은 ‘보증금 미반환 리스크’가 있어 전통적으로 월세 위주 시장이었다. 그런데 전셋값 폭등과 정부 전세 대출 확대 정책으로 빌라와 오피스텔이 월세에서 전세 시장으로 바뀌었다. 문재인 정부가 2020년 서민 주거 안정을 명분으로 전월세 상한제와 계약 갱신 청구권 등 임대차 3법을 도입하자 시장은 정반대로 움직였다. 2020년 서울 아파트 전세 가격(KB국민은행)이 12.25%, 2021년 11.36% 폭등했다. 아파트 매물 부족 사태까지 벌어지면서 젊은이와 서민층은 저렴한 빌라·오피스텔로 몰렸다. 정부의 전세 보증금 대출 확대로 빌라·오피스텔도 전세 계약이 대거 이뤄진다. 전세 자금 대출 잔액이 2017년 48조6000억원에서 2021년에 170조원까지 급증했다. 허윤경 건설산업연구원 연구위원은 “당시 정부의 보증보험 확대, 전세 대출 확대 정책 탓에 빌라에 월세가 아닌 전세로 입주한 사례도 많았다”고 말했다. 당시 정부는 전세보증금 반환보험을 요술방망이처럼 선전했지만. 실제로는 허점 투성이였다. 보증보험에 가입하려면 전입신고와 확정일자를 받아야 하는데, 입주 후에 선순위 채권이 설정돼 있어 보증 대상에서 제외돼 피해를 본 서민도 많다.
◇매매 전세 동반 하락에 ‘전세 폰지게임’ 파탄
전세가 폭등기에 유행했던 갭투자는 누군가가 더 높은 전세금, 더 높은 매매가를 끊임없이 지불하지 않으면 파탄나는 일종의 ‘폰지게임’이다. 고금리로 전세가와 매매가가 동반급락하면서 빌라왕과 같은 사기꾼뿐만 아니라 일반인들의 무자본 갭투자 파산도 속출하고 있다. 한 부동산 전문가는 “2020~2022년 전세가격이 폭등하면서 아파트에 비해 매매가와 전셋값이 덜 오른 오피스텔을 수십채씩 사들이는 무자본 갭투자가 유행했다”면서 “전세와 매매가가 동반급락하면서 갭투자 파산이 이어지고 있다”고 말했다.
보증금 미반환 등으로 경매로 넘어가는 주택이 급증하고 있다. 경매 정보 업체 ‘지지옥션’에 따르면 3월 아파트 경매 진행건수는 2450건으로 전월(1652건) 대비 48.3%, 전년 동월(1415건)에 비해 73.1% 증가했다. 감정 가격 대비 경매 낙찰 가격의 비율인 낙찰가율은 75.1%로, 전년 4월(97.9%)에 비해 급락했다.
◇방치했던 전세 리스크
최은영 한국도시연구소장은 “매매가 하락에 따라 깡통전세가 전국적으로 급증하고 있어 보증금 미반환 사고는 시간이 갈수록 늘어날 것”이라며 “정부가 사기 사건이 아니라 전세시장의 구조적 문제라는 점을 인식해야 근본 대책을 마련할 수 있다”고 말했다. 김진유 경기대 교수는 “2021~2022년 전세 폭등기에 맺었던 전세계약의 2년 만기가 도래하면서 전세금 미반환 사고가 급증할 수 있는 만큼, 피해자 구제를 위한 특단의 대책이 필요하다”면서 “일정 규모이상의 임대 사업자에 대해서는 보증금 상환 능력을 확인할 수 있는 체계 마련 등 전세 관련 제도의 보완이 시급하다”고 말했다."
https://www.chosun.com/economy/real_estate/2021/06/01/V5U537MUDBBZ7CDPN4FZZ7GAMM/,"수도권 아파트 평균 매매가격이 7개월 만에 1억원 가까이 오르면서 7억원 돌파를 눈앞에 뒀다. 서울 아파트 평균 매매가는 1년 만에 2억원 넘게 올랐다.
31일 KB국민은행이 발표한 월간 주택시장동향 시계열 자료에 따르면, 5월 수도권 평균 아파트 매매가격은 6억9651만원으로 한 달 전보다 975만원 상승했다. 작년 10월(6억455만원) 역대 처음으로 6억원을 돌파했는데, 불과 7개월 만에 9196만원(15.2%) 올랐다.
수도권 평균 아파트값은 2016년 10월(4억116만원) 처음 4억원을 돌파한 뒤 2년 1개월 만인 2018년 11월(5억124만원) 5억원을 넘어섰다. 이어 1년 11개월이 지난 작년 10월 6억원을 넘었는데, 이런 추세라면 6월 7억원대 진입이 유력하다. 평균 아파트값 1억원이 오르는 시기가 갈수록 단축되는 것이다.
5월 서울 평균 아파트값은 11억2374만원으로 1년 전(9억1530만원)보다 2억원 넘게 올랐다. 경기(5억1986만원)는 1년 사이 1억2770만원, 인천(3억5067만원)은 같은 기간 6118만원 상승했다.
전셋값 상승률도 가파르다. 5월 서울 아파트 평균 전셋값은 6억1451만원으로 1년 전(4억8656만원)보다 26% 급등했다. 문재인 대통령 취임 다음달인 2017년 6월 서울 아파트 평균 매매가격(6억1755억원)과 비슷한 액수다. 4년 전 서울에서 아파트를 살 수 있던 돈으로 지금은 아파트 전셋집을 겨우 구할 수 있다는 뜻이다. 최근 1년 사이 경기도 아파트 평균 전셋값(3억4437만원)도 31% 치솟았다.
이런 분위기에서 서민들의 내 집 마련은 ‘불가능한 미션’이 되고 있다. KB국민은행이 통계청 가계동향조사 결과를 반영해 ‘소득 대비 집값 비율(PIR)’을 산출한 결과, 올해 3월 기준 연소득 3분위(소득 상위 41∼60%) 가구가 서울의 중간 가격대(3분위 주택) 집을 사려면 17.8년이 걸리는 것으로 나타났다. 가구 소득은 제자리인데 집값은 가파르게 오르면서 작년 12월(16.8년) 이후 3개월 만에 1년이나 길어졌다. 문재인 정부가 출범한 2017년 5월 PIR은 10.9년이었다.
한 부동산 전문가는 “벌어들이는 소득을 한 푼도 안 쓰고 17년 넘게 모아야 한다는 소리”라며 “알뜰히 저축해서 집을 산다는 건 사실상 불가능해졌다”고 했다."
https://www.chosun.com/economy/real_estate/2023/07/26/IW2EYFMDQNGVNDWCOAVZTPZZIM/,"정부가 전세 사기에 취약한 청년과 신혼부부를 보호하기 위해 전세 보증금 반환 보증료를 최대 30만원까지 지원한다.
국토교통부는 사회초년생 등 저소득 청년을 위한 ‘청년 전세보증금 반환보증 보증료 지원 사업’을 26일부터 전국에서 동시 시행한다고 25일 밝혔다. 이번 보증료 지원사업은 전세 사기에 노출될 위험이 상대적으로 큰 청년·신혼부부 등의 전세보증 가입을 유도하기 위한 것으로, 하반기 경제정책 방향의 후속 조치다.
올해 1월 1일 이후 전세보증금 반환보증에 가입한 전세보증금 3억원 이하, 연소득 5000만원(신혼부부 7000만원) 이하인 무주택 청년 임차인이 지원 대상이다. 분양권이나 입주권을 보유하고 있는 경우에는 지원할 수 없다. 청년 연령은 각 지자체 조례에서 정하는 기준에 따라 경기·부산은 만 34세 이하, 전남은 만 45세 이하, 그 외 지역은 만 39세 이하로 정한다. 총 지원 규모는 122억원이다.
우선 신청인이 주택도시보증공사(HUG), 한국주택금융공사(HF), SGI서울보증보험을 통해 보증 가입을 하고 보증료를 납부해야 한다. 이후 임차 주택 주소지 관할 지자체에 지원 사업을 신청하면 심사를 거쳐 지자체가 최대 30만원까지 신청인 계좌로 보증료를 환급해준다.
주소지 관할 시·군·구청 등을 방문해 신청할 수 있으며, 온라인 접수 시스템이 구축된 지자체는 온라인으로도 신청할 수 있다. 대상자 요건, 접수처 등 구체적인 사항은 국토부 민원 콜센터(1599-0001)에 문의하면 된다. 원희룡 국토부 장관은 “이번 사업을 통해 전세사기에 취약한 사회 초년생을 보다 두텁게 보호할 수 있을 것으로 기대한다”고 말했다."
https://www.chosun.com/economy/real_estate/2022/09/20/MEUPFGERMFASZL7CRDPEC47TOE/,"주택도시보증공사(HUG)는 세입자의 전세금을 돌려주지 않는 사고를 내고도 장기간 채무를 상환하지 않는 악성 임대인과 법인, 법인의 연대보증인이 숨겨놓은 재산을 회수하기 위해 ‘은닉재산 신고센터’를 운영한다고 19일 밝혔다. 신고자에게는 재산 회수 절차가 끝난 뒤 회수 금액의 5∼20% 수준에서 포상금을 지급할 예정이다."
https://www.chosun.com/economy/real_estate/2021/05/18/CZRBZARGJBCLTCNG2QQVOWO5GU/,"땅집고가 리모델링 건축을 제대로 배울 수 있는 ‘건축주대학-리모델링 마스터 클래스 1기’ 개설한다. 이번 과정은 오래된 중소형 빌딩과 낡은 주택을 보유하고 있거나 구입해 수익성 높은 건물로 리모델링하려는 건축주를 대상으로 하는 실무형 강의다. 리모델링은 신축보다 비용이 30~40% 적고 용적률·일조권 등에서 유리해 건축주 관심이 많다. 오는 25일부터 6월 10일까지 이론 강의 6회, 현장 스터디 2회 등 총 8회로 진행한다. ▲건물 가치를 올리는 성공적인 리모델링 계획 수립방안 ▲증축 설계 방식과 주차문제 해결 ▲리모델링 성공 사례 분석 ▲공실을 줄이고 수익성을 높이는 임대 전략 ▲리모델링 건축을 활용한 상속·증여·양도 절세 전략 등을 소개한다."
https://www.chosun.com/economy/real_estate/2024/04/22/PTR353CF6NFVPE5B2CCNH34WMI/,"GS건설이 경기도 여주시 교동 500-118번지 일대에 짓는 ‘여주역자이 헤리티지’를 다음 달 분양한다. 여주에서 처음 선보이는 자이 브랜드 단지로 지하 2층~지상 27층, 8동(棟)에 전용면적 59~136㎡ 769가구 규모다. 실수요자가 선호하는 전용 84㎡ 이하 중소형이 663가구를 차지한다.
여주는 최근 10년간 연평균 분양 물량이 400가구에도 못 미칠 정도로 신축 아파트 공급이 적었다. 지난 2020년 2000가구 이상이 새로 공급됐는데 미분양 물량이 없을 만큼 신축 아파트에 대한 안정적 수요가 있는 것으로 분석된다.
단지는 약 5만9000㎡ 규모로 조성 중인 세종도시개발 사업지구에 들어선다. 현재 입주를 마친 여주역세권과 교동·교동2지구에 여주역자이 헤리티지를 더하면 총 3872가구 규모로 여주 최대 주거 단지가 된다. 홍문 1·2지구와 교동1지구까지 포함하면 약 6400가구 규모에 달하는 미니 신도시가 들어서는 셈이다.
◇경강선으로 판교역까지 40분대
여주역자이 헤리티지는 걸어서 이용할 수 있는 경강선 여주역을 통해 판교역까지 40분대에 닿는다. 중부내륙고속도로 서여주IC와 영동고속도로 여주IC, 제2영동고속도로도 가까워 수도권은 물론 전국 어디로든 이동이 편하다. 또 정부가 지난 1월 발표한 GTX(수도권광역급행철도) D노선에 여주역이 포함되면서 향후 대중교통 여건은 더욱 개선될 것으로 전망된다. GTX D 노선은 경기 김포와 하남, 원주 등을 잇는다. 여기에 경강선 복선 전철화 사업이 오는 2028년 개통을 목표로 속도를 내고 있다. 경강선 모든 구간이 개통되면 서쪽으로는 판교와 인천, 동쪽으로는 원주와 강릉까지 연결된다.
교육 여건도 우수한 것으로 평가된다. 세종초·세종중 등 학부모 사이에서 인기가 높은 학교를 걸어서 통학할 수 있다. 반경 1km 내 초·중·고등학교는 물론 대학교(여주대학교)도 있다. 여주초는 오는 2025년 9월 개교를 목표로 여주역세권지구로 이전을 준비하고 있다. 지하 1층~ 지상 4층 규모로 문화 체육 시설을 건립하는 학교 시설 복합화 사업도 2026년 완공을 목표로 진행 중이다.
각종 생활 편의 시설도 잘 갖춰져 있다. 이마트와 신세계 프리미엄 아울렛이 가깝고, 반경 3km 이내에 여주버스터미널, 하이마트, 여주경찰서 등이 있다. 단지 주변으로는 황학산 산림욕장과 수목원, 영월공원, 신륵사 관광지, 세종대왕릉 등 다양한 녹지와 관광 시설이 많다.
◇남향 위주, 3면 발코니 가구도
단지는 채광과 통풍을 고려해 남향 위주로 단지를 배치했고, 4베이(Bay) 판상형 평면을 갖췄다. 일부 가구는 3면 발코니가 적용되며, 대형 드레스룸 등과 같은 차별화된 공간도 있다. 커뮤니티센터인 ‘클럽 자이안’에는 피트니스클럽, 실내 골프 연습장, 입욕 시설을 갖춘 사우나, 작은 도서관, 카페 앤드 라운지 등이 들어선다. 작은 도서관은 교보문고와 손잡고 입주민 취향과 트렌드에 맞춘 도서를 제공할 계획이다.
분양 관계자는 “여주역자이 헤리티지는 여주 역세권 개발 지구에 있는 입지 조건과 여주 첫 자이 브랜드이자 최대 규모 단지라는 상징성이 있다”며 “차별화된 설계와 입주민 서비스로 지역 내 최고 프리미엄 주거지로 손색없는 상품을 선보일 것”이라고 말했다."
https://www.chosun.com/economy/real_estate/2021/09/07/OZDBP3NQIBAZVOW7IQG6RZZVVM/,"땅집고가 쌍용건설과 함께 마련한 ‘유튜브 땅집고TV-맞춤형 라이브 리모델링 사업설명회’ 첫 번째 아파트 단지로 경기도 부천시 ‘한라마을 주공3단지’가 선정됐다. 라이브 설명회 모집에서 신청자가 101명으로 가장 많았다. 1996년 지은 한라마을 주공3단지는 총 1201가구 규모이며, 리모델링 추진을 위한 사전 주민동의율이 42%를 넘어섰다.
설명회는 오는 9월 15일 오후 8시 유튜브 땅집고TV에서 라이브로 진행한다. 쌍용건설 엔지니어들이 출연해 리모델링 해당 단지에 대한 기본 설계안을 공개한다. 단지 배치, 주차장·평면 변화에 대한 1차 검토안을 확인할 수 있고, 방송 중 질의 응답도 진행한다. 해당 단지 주민이 아니어도 유익하다. 리모델링 사업을 진행 중인 아파트 단지 주민들이 반드시 알아야 할 내용들이 영상을 통해 확인할 수 있다."
https://www.chosun.com/economy/real_estate/2024/04/01/VNJYQBHTKFAK5OSEU52RQC5OZA/,"더불어민주당 영입인재인 공영운(경기화성을) 국회의원 후보는 2017년 현대자동차 부사장 시절 현대차그룹 계열사가 관여한 서울 성수동 대형 부동산 호재 발표 직전 해당 지역에 땅을 샀다는 조선닷컴 보도와 관련, 잇달아 해명문을 내고 내부정보 이용 의혹을 부인했다. 해당 호재는 이미 수년전부터 거론돼온 만큼, 자신의 부동산 매입은 내부 정보와 무관하다는 주장이었다.
그러나 업계에서는 “수년째 구전되던 호재에도 하필 그 시점에 샀다면 더더욱 절묘한 매수 타이밍이 아니냐”는 지적이 나온다. 해당 부지의 공시지가는 공 후보 매입 전 5년간은 고작 8% 오르는 등 상승이 지지부진했기 때문이다. 공 후보 매입 후 5년간 상승률은 113%였다.
공 후보는 성수동 부동산 매입에 관한 28일 페이스북 해명문에서 “내부정보를 이용한 부동산 투기가 아니냐는 문제제기가 있다”며 “이는 악의적인 껴맞추기 억지주장”이라고 했다. 이어 “삼표레미콘 부지 이전은 수년 전부터 나왔던 이야기이기 때문”이라고 했다.
실제로 성수동의 부동산 호재였던 삼표레미콘 부지 이전설은 삼표그룹 소유 레미콘공장 부지를 2006년 현대차그룹이 사들이면서부터 시작됐다. 처음엔 110층 규모 글로벌비즈니스센터(GBC)를 짓기로 했고, 2012년 박원순 시장이 취임하고도 레미콘공장 이전 논의는 계속됐다. 박 시장이 “공장 이전 임기 내 해결”을 언급한 2015년 10월 이후에도 일대 땅값에는 뚜렷한 변화는 없었다. 가시적인 진척이 없었기 때문이다.
공 후보 땅 공시지가의 경우, 매입 전 5년간 합계 상승률이 고작 8%였다. 2014년엔 4억480만원이었고 2015년에도 그대로였다. 그 다음해엔 391만원 올랐고, 2017년에도 4억2010만원에 머물렀다.
공 후보는 바로 그해 6월에 그 땅을 샀다. 그리고 7월에 서울시와 현대제철, 성동구, 삼표산업이 협상에 돌입했고, 10월에 공장 이전이 발표됐다.
그때부터 5년간의 공시지가는 수직상승했다. 발표 2개월뒤 집계한 2018년 1월1일 기준 공시지가가 곧바로 10% 이상 뛰어 4억7081만원이 됐고, 2019년엔 6억4894만원, 2020년엔 7억3600만원, 2022년엔 9억원에 육박했다.
이준석 개혁신당 대표는 “현대차 관계자로서 내부정보를 이용한 부동산 투기라는 의심도 할 수밖에 없다”고 주장했다. 그러자 공 후보는 “내가 구입한 주택 지역과 삼표레미콘 사이에 상당한 거리가 있다”며 “이를 테면 용산역에 어떤 낡은 건물을 허무는데 서울역에 집 샀다는 이야기와 비슷하다”고 말했다.
공 후보가 언급한 서울역과 용산역 간 거리는 2.7km로 상권도 다르다. 반면 공 후보의 성수동 땅과 삼표레미콘 공장 부지는 그 절반도 안되는 1.2km 거리이고 같은 성수동 권역으로 분류된다.
내부 정보 없이 가능한 타이밍이었느냐는 의문이 나온다.
이상우 인베이드투자자문 대표는 “흔히 ‘투자는 타이밍의 예술’이라고 하지 않느냐. 언젠가는 터질, 모두가 아는 호재라 하더라도, 타이밍을 모르고 사면 그 호재가 터지기까지 이자비용 혹은 기회비용이 계속해서 발생해 최종 이익이 줄어들거나 심지어 손해가 날 수도 있기 때문”이라고 했다.
예컨대 11억8000만원을 현 시점 기준 아주 낮은 금리인 연 5%에 빌렸다하더라도, 매년 6000만원씩 지출이 발생하고, 여기에 보유세가 추가된다. 공 후보의 경우 이미 성수동 건물 외에 34억원짜리 과천 아파트를 가지고 있기 때문에 종합부동산세 부담도 있었다. 이 대표는 “정보가 없는 상태에서 우연히 그 시기에 산 것이라면 엄청난 행운이고 예술적인 타이밍”이라고 했다."
https://www.chosun.com/economy/real_estate/2022/02/05/PRRD5RHNMVCMNMV2XANZRDEUQE/,"수도권 아파트 값이 2년 반 만에 하락 전환했다. 서울이 2주 연속 내렸고, 지난해 아파트 값 상승률 1·2위를 기록한 인천과 경기까지 이번 주 내림세로 돌아섰다. 고강도 대출 규제와 추가 금리 인상 우려, 대선 불확실성 등의 변수로 집을 사려는 수요가 사라진 영향이다. 지방을 중심으로 미분양 아파트까지 급증하면서 전국적인 집값 하락세에 속도가 붙을 수 있다는 우려가 나온다.
4일 한국부동산원 발표에 따르면, 이번 주 수도권(서울·경기·인천) 아파트 값은 일주일 전보다 0.02% 내렸다. 주간 기준 수도권 아파트 값이 내린 것은 2019년 7월 말 이후 처음이다.
서울(-0.01%)에선 25구(區) 중 19구에서 아파트 값이 내렸고, 강남 3구(강남·서초·송파)를 포함해 6곳은 보합(0%)을 기록했다. 경기(-0.03%)와 인천(-0.04%)은 나란히 2년 5개월 만에 하락 전환했다. 경기와 인천은 GTX(수도권광역급행철도) 개발 호재와 ‘패닉 바잉’ 수요 가세로 작년에만 아파트 값이 20% 넘게 올랐지만, 최근 시장이 급격히 얼어붙었다.
주택 매매 시장에서 ‘거래 절벽’이 심해지고, 미분양 물량이 급증하는 것도 아파트 값 하락세를 부채질하고 있다. 국토교통부는 이날 “작년 12월 전국 주택 매매 거래량이 5만3774건으로 1년 전(14만281건)보다 61.7% 줄었다”고 발표했다. 12월 거래량만 따지면 2008년 이후 최저치다. 또 12월 말 기준 전국 미분양 주택은 1만7710가구로 한 달 사이 25.7%나 늘었다. 고종완 한국자산관리연구원장은 “대출 금리가 가파르게 오르는 상황에서 수도권에까지 미분양 아파트가 확산하면, 주택 경기가 걷잡을 수 없이 가라앉을 수 있다”고 말했다."
https://www.chosun.com/economy/real_estate/2025/01/20/TOQLCAJIR5ADNLOVOUNJAE477Q/,"삼성물산 건설부문이 현대건설을 제치고 사업비 1조5000억원대 한남4구역 재개발 공사를 따냈다. 삼성물산은 지난 18일 서울 용산구 이태원교회에서 열린 한남4구역 주택재개발정비사업 조합원 투표에서 참석자 1026명 중 675명(65.8%)의 선택을 받아 이 구역 시공사로 선정됐다. 현대건설은 335표(32.7%)를 얻었다. 삼성물산 관계자는 개표 직후 “한남4구역의 가치를 높일 수 있는 차별적인 제안이 좋은 평가를 받은 것 같다”고 했다.
한남4구역은 서울 용산구 보광동 16만여㎡ 일대를 재개발해 아파트 51동(棟) 2331가구를 짓는 사업이다. 삼성물산은 전 조합원에게 한강 조망이 가능하도록 아파트를 설계하고, 조합원 분담금 상환 기간을 최대 4년간 유예해주거나 공사비 인상분을 선반영해 314억원을 자체 부담하는 등의 조건을 내세워 표심 잡기에 성공했다. 삼성물산이 제안한 총 공사비는 1조5695억원으로, 3.3㎡당 비용은 940만원에 육박한다. 단지 이름으로는 ‘래미안 글로우힐즈 한남’을 제안했다.
이번 수주로 삼성물산은 서울 강북권에서 ‘대어급’ 정비 사업으로 꼽히는 한남뉴타운 재개발에 처음 진출했다. 한남뉴타운 재개발은 5개 구역으로 나눠 추진돼 왔다. 한남4구역은 한남뉴타운 가운데서도 입지가 좋은 곳으로 손꼽혔다. 특히 일반분양 비율이 높아 한남뉴타운 구역 내 사업성이 가장 높은 것으로 평가된다. 2구역은 대우건설, 3구역은 현대건설이 수주했고, 5구역은 아직 시공사가 결정되지 않았다. 1구역은 정비구역에서 해제된 상태다."
https://www.chosun.com/economy/real_estate/2023/05/02/L7PJ27LLUZAUFMDCQKZ4FRVPGA/,"정부가 6억원 이하 1주택 소유자의 재산세 부담을 덜어주기로 했다. 행정안전부는 “6억원 이하 1주택자에 대한 공정시장가액비율을 작년 45%에서 올해 43~44%로 낮춘다”고 2일 밝혔다. 공정시장가액비율은 과세표준(세금을 매기는 기준)을 구하기 위해 공시가격에 곱하는 비율로 정부가 시행령으로 정할 수 있다. 예컨대 공시가격 5억원 아파트의 경우, 작년엔 0.45를 곱한 2억2500만원을 기준으로 재산세를 매겼는데, 올해는 0.44를 곱한 2억2000만원이 과세 기준이 된다. 6억원 초과 아파트는 올해처럼 0.45를 곱한다. 전국에 6억원 이하 주택 비율은 약 93%다. 특히 올해는 집값 하락으로 공시가격까지 역대 최대인 18% 떨어져 실제 납세자들이 체감하는 재산세 감소 효과는 더 클 전망이다. 행안부는 “1주택자 가구당 평균 7만2000원 정도 재산세 부담이 줄어드는 셈”이라고 말했다.
◇공시가 4억원 아파트 재산세 13% 줄어
본지가 우병탁 신한은행 부동산팀장에 의뢰해 올해 기준 공시가격 6억원 이하 서울 아파트들의 재산세 변동을 모의 계산한 결과, 작년에 비해 세금이 적게는 3~4%, 많게는 10% 이상 줄어드는 것으로 나타났다.
공시가격이 작년 5억1800만원에서 올해 3억8600만원으로 떨어진 강북구 미아동 SK북한산시티 84㎡는 재산세가 59만5244원에서 51만5856원으로 13.3%(7만9388원) 줄어든다. 성동구 하왕십리동 풍림아이원 84㎡의 재산세는 95만5749만원에서 92만2320원으로 3만원 정도 낮아진다.
서울 마포구 아현동 마포래미안푸르지오 84㎡의 재산세는 지난해 339만원에서 올해 252만6000원으로 86만4000원 줄어든다. 비율로 따져도 25.5%에 달한다. 공정시장가액비율은 작년과 같지만, 공시가격 하락에 따른 것이다. 정부 추정으로는 올해 공시가격 7억3000만원짜리 주택의 재산세 감소 폭이 47%로 4억9000만원짜리 주택(24.9%)보다 훨씬 크다. 행안부는 “그 동안 6억원 이하 주택의 공시가격 상승 폭이 상대적으로 작았고 세율도 6억원 초과 주택이 높았기 때문”이라고 설명했다.
공시가격 6억원 이하 주택 소유자들의 재산세 감소 폭이 작은 것은 연간 세금 증가율을 제한하는 ‘세 부담 상한’ 제도 영향도 있다. 재산세 ‘세 부담 상한’ 비율은 공시가격 3억원 이하 5%, 6억원 이하 10%, 6억원 초과는 30%다. 6억원 이하 주택을 가진 사람은 공시가격이 20~30% 올라도 실제 내는 세금은 10%보다 더 늘지는 않는 것이다. 지난해 ‘세 부담 상한’을 적용받아 세금을 적게 냈으면, 올해 세금 인하 효과도 적을 수밖에 없다. 일부 단지에선 오히려 소폭 늘어나는 경우도 있다.
◇종부세는 어떻게 될까
보유세 가운데 재산세는 작년보다 줄었지만, 종합부동산세는 어떻게 결정될지 좀 더 지켜봐야 한다. 보유세 중 재산세는 시·군·구 단위의 기초자치단체 수입으로 잡히는 지방세다. 반면 종부세는 중앙 정부 세수로 잡히는 국세다. 올해 세수 부족에 시달리는 정부로서는 공시가격 하락으로 종부세 세수(작년 기준 6조8000억원)가 작년보다 대폭 줄어드는 상황을 감내하기도 쉽지 않다. 이 때문에 기획재정부는 종부세에 대한 공정시장가액비율을 작년보다 높이는 방안을 검토 중이다.
종부세의 공정시장가액비율은 2018년 80%에서 2021년 95%까지 높아졌다가 작년엔 60%로 인하됐다. 지난해 공시가격 급등으로 세 부담이 급증할 상황이 되자, 정부가 공정시장가액비율을 낮춘 것이다. 기재부는 올해는 80% 수준까지 인상하는 것을 검토 중인 것으로 알려졌다. 기재부는 올해 종부세 공정시장가액비율을 6월 말까지 최종 결정할 예정이다."
https://www.chosun.com/economy/real_estate/2021/03/31/HLP4XVOVGRBMJMVTZVF4VRJURE/,삼성물산이 총 공사비 1조8000억원 규모의 대만 타오위안(桃園) 국제공항 제3터미널 공사를 수주했다고 30일 밝혔다. 연면적 약 55만㎡ 규모로 연간 4500만명을 수용할 수 있는 여객 터미널과 탑승동을 짓는 공사다. 현지 건설사와 컨소시엄을 구성한 삼성물산의 지분은 1조2400억원이다.
https://www.chosun.com/economy/real_estate/2021/04/28/L3NWT6JUGRDZFDFI3KDYB3BT44/,"김현준 LH(한국토지주택공사) 사장이 28일 LH 수도권특별본부에서 ‘2·4 대책 긴급 점검회의’를 주재하며 “정부 주택공급 대책을 속도감 있게 추진해 나가겠다”고 밝혔다. 지난 26일 취임한 김 사장이 연 첫 정책 점검 회의로, 올해 사업 추진 계획과 제도 개선 사항 등을 논의했다.
김 사장은 이 자리에서 “LH는 현재 정부의 핵심 주택공급 대책인 2·4 대책에서 중요한 역할을 수행하고 있다”며 “조속한 성과 창출로 부동산시장 안정화에 적극적으로 기여해야 한다”고 강조했다. 이어 “청년·신혼부부 등 내 집 마련을 희망하는 분들이 3기 신도시와 2·4대책에 거는 기대가 큰 만큼 주택공급 대책을 속도감 있게 추진해 나가겠다”고 말했다.
이날 회의에 앞서 김 사장은 LH 땅 투기 의혹 진원지인 광명·시흥지구 현장을 찾았다. 김 사장은 “재발 방지를 위한 LH 내부통제시스템 강화 등으로 부정부패 없는 청렴한 조직으로 거듭나겠다”고 했다. 이날 현장에 참석한 LH 광명시흥본부 직원들에게 “광명시흥지구는 과거 지정해제 등으로 주민 불편이 있었던 만큼 앞으로는 이런 일이 발생하지 않도록 투명하고 공정하게 국책사업을 추진하자”고 당부하기도 했다.
김 사장은 작년 12월 변창흠 전 사장 퇴임 후 4개월 넘게 공석이던 LH 사장 자리에 26일 공식 취임했다. 행정고시 35회로 공직에 입문한 후 국세청 조사국장, 서울지방국세청장을 거쳐 2019년 7월부터 1년가량 국세청장으로 근무했다. 노무현·박근혜 정부에서는 청와대 공직기강비서관실에 근무하며 감찰과 인사 검증 업무를 맡기도 했다."
https://www.chosun.com/economy/real_estate/2023/11/24/2J6U4FUXMJAOZE4MW3UJL3XD74/,"태영건설 신임 사장에 최진국<사진> 전무가 선임됐다.
태영그룹은 지주사 TY홀딩스와 계열사 태영건설에 대한 정기 임원 인사를 실시했다고 24일 밝혔다. 태영건설 신임 사장에는 최진국 전무가 임명됐다. 이에 따라 지난달 우철식 전 사장의 사퇴로 공석이던 사장 자리가 한 달여 만에 채워졌다.
신임 최 사장은 1958년생으로 서울과기대와 연세대학원을 졸업하고, 지난 1982년 태영건설에 입사했다. 광명역세권복합단지, 서울 마곡지구 CP4 개발 현장 등 국내 대규모 복합시설 개발현장을 비롯해 풍부한 건축현장 경험과 전문성을 가진 현장통으로 알려졌다.
태영건설의 신임 경영본부장(부사장)에는 황선호(55) TY홀딩스 전무가 임명됐고, 신규 임원 3명도 선임됐다. TY홀딩스의 신임 경영관리실장에는 정세형 에코비트 전무가 임명됐다.
태영건설 관계자는 “이번 인사는 풍부한 경험과 전문성을 바탕으로 불확실한 대내외 환경에 기민하게 대응하고, 경기 침체기 극복과 내실 중심의 성장을 위해 이뤄졌다”고 말했다.
▲TY홀딩스▷전무 정세형 ▲태영건설 ▷사장 최진국 ▷부사장 황선호 ▷상무보 박상연 손상국 이용수"
https://www.chosun.com/economy/real_estate/2021/07/11/MAICO4DKCJHRZDSYSI5CUZYQXM/,"지난 1년간 서울에서 집값이 가장 가파르게 상승한 지역은 ‘노·도·강(노원·도봉·강북)’인 것으로 나타났다. ‘지금 아니면 집 못 산다’는 패닉 바잉 현상이 거세지며 중저가 아파트가 상대적으로 많았던 이 지역들에 매수세가 쏠린 탓이다. 재건축 바람과 GTX(수도권광역급행철도) 호재도 영향을 준 것으로 분석된다.
11일 KB국민은행 통계에 따르면 지난 1년간 서울에서 3.3㎡(평)당 평균 매매 가격이 가장 큰 폭으로 오른 곳은 도봉구였다. 작년 6월 2135만원에서 지난달 3011만원으로 41% 상승했다. 도봉구는 1년 전만 해도 서울 25개 자치구 중 가장 아파트값이 저렴한 동네였지만, 지난달엔 은평구(2981만원), 강북구(2920만원), 중랑구(2813만원), 금천구(2661만원)를 제치고 21위에 올랐다.
같은 기간 노원구는 3.3㎡당 2471만원에서 3464만원으로 40% 올라 둘째로 상승률이 높았다. 노원구 아파트값은 작년 6월 서울 25개 구 가운데 20위였으나, 지난달엔 종로구 등을 넘으며 17위에 올랐다. 실거래가에도 이런 상승세가 반영됐다. 상계동 ‘상계주공6단지’ 전용면적 58㎡는 지난달 8억7000만원에 팔려, 1년 전(6억1500만원)보다 2억5000만원 넘게 급등했다.
강북구 평균 매매가격은 지난 1년간 31% 올라 서울에서 셋째로 상승률이 높았다. 구로·강동구(29%), 중랑구(28%), 은평·성북구(27%), 관악구(26%) 등도 서울 평균 상승률(24%)을 웃돌았다."
https://www.chosun.com/economy/real_estate/2021/07/26/IS3WCPV2XRDXPF2GHSFIFHGIKA/,"전국 아파트 중위가격이 사상 처음으로 5억원을 돌파했다. 중위가격은 조사 대상 아파트를 가격 순으로 줄 세웠을 때 한가운데 위치하는 가격이다. 전국 아파트 절반 이상이 5억원을 넘어섰다는 뜻이다.
26일 KB국민은행 ‘월간 주택가격 동향’에 따르면 7월 전국 아파트 중위 매매가격은 5억76만원으로 조사됐다. KB국민은행이 관련 통계를 만들기 시작한 2008년 12월 이후 최고치다.
문재인 정부가 출범한 2017년 5월 전국 아파트 중위가격은 3억624만원이었다. 4년여 만에 2억원 가까이 오른 셈이다. 상승률로 따지면 64% 올랐다.
전국 아파트 중위가격은 2016년 10월(3억9만원) 3억원을 돌파한 뒤 3년11개월 만인 지난해 9월(4억1349만원) 4억원을 넘어섰다. 이후 집값이 가파르게 뛰면서 5억원까지 오르는 데는 불과 10개월밖에 걸리지 않았다. 집값 상승 속도가 그만큼 가팔라진 셈이다.
정부가 규제 지역을 확대할 때마다 규제가 덜한 지역으로 주택 수요가 옮겨가는 ‘풍선효과’가 거세진 데다, 지금 아니면 집 못 산다는 ‘패닉바잉’ 현상, 새 임대차법 이후의 전세난 등이 겹친 영향으로 풀이된다.
수도권 아파트값도 계속 오르고 있다. 이달 서울 아파트 중위가격은 10억2500만원으로, 지난달 10억원을 돌파한 뒤 한 달 새 1000만원 넘게 더 상승했다. 경기도는 지난 4월 5억원을 넘긴 뒤 이달까지 매달 올라 5억3874만원을 기록했고, 인천 역시 지난 4월 3억원을 돌파한 후 이달 3억5230만원까지 올랐다."
https://www.chosun.com/economy/real_estate/2024/10/29/MUXCGSSAHFFFTKTAJEFELXWEC4/,"한국토지주택공사(LH)는 지난 24일 경기 하남시 천현동 ‘하남교산지구 주상복합용지 6′ 분양에 나섰지만, 땅을 사겠다는 건설사가 없어 유찰됐다. 1만3676㎡(약 4137평) 규모인 이 땅에는 아파트 348가구와 함께 상업 시설(20%)을 반드시 지어야 한다.
하남교산지구는 서울 접근성이 뛰어나 3기 신도시 중 수요자들의 관심이 가장 높은 곳이다. 이번에 LH가 공급한 부지는 인근에 지하철 3호선 연장선(송파하남선) 정거장 설치도 확정돼 사업성이 좋은 것으로 평가받는다. 그런데도 작년 11월부터 진행된 4번의 입찰에서 모두 유찰됐다. 건설업계 관계자는 “입지 자체는 괜찮지만, 상업 시설을 같이 짓는 조건이 걸림돌이 됐을 것”이라며 “요즘 상가 분양이 워낙 어렵기 때문”이라고 했다.
교통·생활 인프라가 갖춰진 수도권 택지 지구에 공급되는 주상복합용지들이 상가 경기 침체 장기화에 애물단지로 전락하고 있다. 2000년대 초반 강남 타워팰리스, 목동 하이페리온, 분당 파크뷰 등 초고층 주상 복합들은 도심 한복판 입지와 풍부한 상업 시설 덕분에 지역 랜드마크로 떠오르며 큰 인기를 끌었다. 부동산 경기가 좋았던 2020~2021년만 해도 GTX 같은 교통 호재가 있는 지역의 주상복합용지를 확보하기 위한 건설사 간 경쟁이 치열했지만, 최근엔 입찰에 참여하는 건설사를 찾기 어렵다. 28일 LH에 따르면, 올해 LH가 공급한 주상복합용지 6곳 가운데 4곳이 주인을 찾지 못한 상태다.
주상복합용 땅을 반환하는 사례도 늘고 있다. 올해 1~7월 해약된 공동주택용지 17곳 가운데 절반이 넘는 10곳이 주상복합용지다. 경기 화성 동탄2(5개 필지)·병점복합타운(2개 필지), 파주 운정3(2개 필지), 양주 회천(1개 필지) 등 모두 수도권이다.
최근 소비 트렌드가 오프라인에서 온라인으로 바뀌면서 상가 수요가 줄고, 신도시에서 상가 공실률이 치솟는 것도 영향을 미친 것으로 분석된다. 한국부동산원에 따르면, 지난 2분기 수도권 주요 신도시의 집합 상가 공실률은 남양주 다산 14.5%, 김포 한강 8.9%, 하남 미사 6.1%, 위례 5.7% 등으로 나타났다. 주상복합용지는 10~20%를 반드시 상업 시설로 채워야 하기 때문에 상가 분양에 실패하거나 임차인을 찾지 못하면 손실을 본다."
https://www.chosun.com/economy/real_estate/2022/06/14/U3T4RIWUVBAPLKTFKHUUEI7YKM/,"국내 최고 실전형 건축 강의로 자리잡은 ‘땅집고 건축주대학’이 혁신적인 커리큘럼을 들고 예비 건축주 여러분을 맞이합니다. 오는 21일 개강할 23기 과정에 그동안 수강생 요청이 많았던 건축 자재 분야를 새로 추가했습니다. 건축에 널리 쓰이는 벽돌과 타일 중심으로, 건축주가 꼭 알아야 할 필수 내·외장 자재를 소개합니다.
건축주대학은 단순한 집짓기 기초 교육이나 건축 인문학 강의가 아니라 ‘돈 버는 건축’ 노하우를 전달합니다. 2017년 개설한 이후 지금까지 1000명이 넘는 예비 건축주가 수강했고 실제 건축에 나선 건축주도 적지 않습니다.
강의는 총 12회로 모두 케이스 스터디 중심으로 운영합니다. 성공 노하우를 직접 보고 배우는 현장 스터디도 2회 진행합니다. 심영규 글로우서울 이사는 건물 가치를 높이는 건축 기획과 디자인을, 김종석 에이티쿠움파트너스 대표는 고금리 시대에 대처하는 꼬마빌딩 설계 전략을 각각 알려드립니다. 김형섭 마고퍼스종합건설 대표와 홍만식 리슈건축 소장, 현상일 구도건축 소장이 건축 설계·시공과 관련한 실전 노하우를 전달합니다. 홍주석 어반플레이 대표와 노창희 리맥스코리아 부사장은 건물 완공 후 공간 기획과 임대차 시장 트렌드, 고금리 시대 꼬마빌딩 투자전략을 소개합니다. 선착순 30명 이내로 수강료는 180만원입니다. (02)6949-6190."
https://www.chosun.com/economy/real_estate/2023/12/31/KWLJXV7BFJATLEAJ3V37BIVWWY/,"[땅집고] “3.3㎡(1평) 당 1억5000만원에 산 땅에 오피스 지으려다 그만”
시공능력순위 16위 건설사 태영건설이 28일 워크아웃(기업구조개선작업)을 신청한 가운데, 태영건설이 성수동에 짓던 지식산업센터에 대한 관심이 커지고 있다. 이 사업장과 관련한 PF (프로젝트파이낸싱) 만기가 18일 도래했다. 대주단과의 협의에서 만기를 28일까지 연기했으나 이를 갚지 않고 워크아웃을 신청했다.
특히 태영건설은 이 오피스를 짓기 위해 땅값으로 1600억원을 투입했는데, ‘3.3㎡(1평) 당 금액이 무려 1억5000만원’에 달한다.
■ 성수동에 평당 1억5000만원 쓴 이유? “오피스 때문!”
‘성수동 오피스2 개발사업’은 서울 성동구 성수동 2가에 있는 한 노후 공장부지를 오피스로 개발하는 사업이다. 태영건설은 이 부지를 대지면적 3834㎡, 건축면적 2287㎡, 연면적 3만3376㎡인 지하 6층~지상 11층짜리 업무 시설로 시공할 계획이었다.
이 사업은 이지스자산운용이 자산관리회사(AMC)로 주도하고 태영건설이 약 30% 시행 지분과 책임준공 의무를 갖고 시공사로 참여했다.
태영건설에 따르면 시행사는 지난해 6월 성수동2가에 있는 사업 부지(노후 공장 외 5개 필지)를 1600억원에 사들였다. 이 과정에서 세 차례에 걸쳐 PF 브릿지론 480억원을 토지비로 조달했고, 그 중 48억원을 상환해 현재 대출 잔액은 432억원이다. 이 중 지난 18일 400억원에 대한 상환기일이 10일 연장된 것이다.
업계에선 태영건설이 시공하는 오피스 부지가 대지 기준 ‘3.3㎡(1평) 1억5000만원’에 팔려 지난 3년간 최고가 수준에 거래됐다는 평가도 나왔다. 사업부지 인근 한 꼬마빌딩의 경우 2020년 말 3.3㎡(1평) 당 6000만원에 거래됐는데, 태영건설의 거래로 3년 만에 2배 이상 오른 셈이다. 이 꼬마빌딩은 업무시설 용도로 신축이 예정돼 지난 달 평당 1억5700만원에 되팔렸다.
■ 오피스 개발 열기 ‘활활’ 타올랐던 성수동
태영건설이 이 같은 가격을 주고 성수동 땅을 매입한 이유는 바로 지난 몇 년간 성수동에서 오피스, 지식산업센터 등 업무시설 개발 열기가 뜨거웠기 때문이다.
업계에 따르면 지난 5년간 성수동 오피스 공급량은 광화문(CBD), 여의도(YBD), 강남(GBD)을 제치고 1위(6만8000평)를 차지했다. 성수동 지식산업센터의 경우 한 때 평당 3000만원에 거래되기도 했다.
지난해 2월 2016년 입주한 성수동 지식산업센터 ‘서울숲포유’는 3.3㎡당 3000만원이 넘는 가격에 매매돼 입주 때 가격보다 3배 폭등했다. 태영건설이 성수동에 2020년 준공한 ‘데시앙플렉스 생각공장’ 지식산업센터도 입주 후 평당 1000만원 이상 가격이 상승했다.
■ 부동산 불패 끝나면서 태영건설 부채 급증했다
하지만 계속된 금리 인상과 가파른 공사비 상승 등의 요인으로 최근엔 서울 오피스 공급이 줄고, 거래 가격도 주춤해졌다. 서울의 오피스 거래 규모는 올해 1월 최저점을 찍은 뒤 소폭의 등락을 반복하면서 정체된 양상을 보인다는 평가다.
한 업계 관계자는 “고금리 여파로 시장 유동성이 축소돼 매물이 늘지만 수요는 많지 않은 상황”이라며 “금리 인하는 가능성이 있지만 내년 서서히 이뤄질 것으로 예상돼 당분간 시장 상황의 반전을 기대하기는 어려울 것으로 보인다”고 했다.
업계 분위기가 급변하면서 태영건설의 어려움도 가중됐다. 태영건설 채무는 지난해부터 크게 늘었다. 태영건설이 보증한 PF 대출 잔액은 올 3분기 말 기준 총 4조4100억원이며 이 가운데 PF 우발채무가 7200억원에 이른다. 자기자본대비 채무비율이 3.7배로 과중하다는 평가다."
https://www.chosun.com/economy/real_estate/2022/04/16/AOI6UJSOWND3JFL3JAQM65UHZ4/,"‘단군 이래 최대 재건축’으로 불리는 서울 강동구 둔촌주공 재건축 공사가 15일 전면 중단됐다. 현대건설·HDC현대산업개발·대우건설·롯데건설로 구성된 시공단은 ‘공사대금을 받기 전까지 점유권을 행사한다’는 의미의 ‘유치권 행사중’ 플래카드를 남기고 이날 오전 0시 현장에서 인력·장비를 모두 철수시켰다. 기존 5930가구 아파트를 지상 최고 35층, 85동, 1만2032가구로 재건축하는 공사는 현재 공정률이 52%에 이른다. 시공단은 2020년 당시 조합 집행부와 공사비 5600억원 증액 계약을 맺었지만 새 조합 집행부가 이를 인정할 수 없다고 주장하면서 공사 중단으로까지 이어졌다."
https://www.chosun.com/economy/real_estate/2020/11/13/Y7MXV7N7YJGE7DOOE47SXKWDW4/,"임대차법 개정 후 전셋집 공급 부족이 일으킨 ‘전세대란’이 전국으로 확산하면서 좀처럼 진정되지 않고 있다. 정부가 뾰족한 대책을 내놓지 못하는 가운데 서울과 지방을 가리지 않고 1주일 사이 아파트 전셋값 상승률이 더 커졌다.
한국감정원은 “이번 주 전국 아파트 전셋값은 0.27%, 서울 아파트 전셋값은 0.14% 올랐다”며 “청약 대기 수요 증가와 집주인 실거주 강화 정책 등의 영향으로 거래 가능한 전세 매물이 부족하다”고 12일 밝혔다.
서울 전셋값 상승률은 1주일 전보다 0.02%포인트 더 높아져 임대차법 개정 직후 기록한 올해 주간 최고 상승률(0.17%)에 육박했다. 고가 아파트가 많은 서초(0.22%)·강남(0.21%)·송파구(0.21%) 등 ‘강남 3구’가 나란히 상승률 1~3위를 차지했다. 인천 아파트 전셋값은 0.61% 올랐는데, 특히 연수구(1.83%)가 급등세를 보였다. 연수구 주변 중개업소들은 “전세 물량은 있지만, 임대차법 개정 영향으로 신축 아파트 집주인들이 4년치 전셋값 인상분을 미리 받으려 한다”고 최근 시장 분위기를 전했다.
비(非)수도권 지역 아파트 전셋값 상승률도 지난주 0.23%에서 이번 주 0.29%로 더 높아졌다. 부산은 남구(0.59%)와 연제·동래(0.54%)·기장(0.52%)·해운대구(0.45%) 등 0.5% 내외 오르는 등 전반적으로 전셋값이 강세를 보였다. 전세 시장 불안이 최근 부산 아파트 값 급등에도 영향을 미친다는 분석이다. 대구는 수성구(0.82%), 울산은 북구(0.59%)와 남구(0.56%), 대전은 유성구(0.51%)를 중심으로 전세값이 많이 올랐다."
https://www.chosun.com/economy/real_estate/2024/04/02/F2ZHD4PV4REUJFOCZYHCWL4I3A/,"한국부동산원 ‘청약홈’ 개편과 총선으로 미뤄진 아파트 분양 물량이 이달부터 본격적으로 쏟아지면서 전국에서 두 달 동안 약 5만 가구가 분양에 나선다.
1일 부동산 리서치 업체 리얼투데이 등에 따르면, 이달 전국 35개 단지에서 2만9221가구가 일반 분양을 계획하고 있다. 5월에는 26개 단지, 2만1476가구가 일반에 공급될 예정이다.
서울에서는 이달 강동구 성내5구역을 재개발한 ‘그란츠 리버파크’(일반 분양 327가구), 영등포구 영등포 1-13구역을 재개발한 ‘영등포 센트럴푸르지오위브’(216가구) 등이 일반 분양을 진행한다. 인천 ‘계양 롯데캐슬 파크시티 3·4블록’(3053가구), 충남 ‘더샵 탕정인피니티시티 2차’(1050가구) 등도 분양 예정이다.
5월에는 주변 시세보다 낮은 분양가로 ‘로또 청약’이라 불리는 서울 강남권 단지들이 분양을 계획하고 있다. 서초구 ‘래미안 원펜타스’(292가구)와 강남구 ‘래미안 레벤투스’(133가구)가 대표적이다. 강북 지역에서는 마포구 ‘마포 자이힐스테이트’(456가구), 성북구 ‘라디우스파크 푸르지오’(718가구), 서대문구 ‘서대문 센트럴 아이파크’(409가구) 등이 분양에 나선다.
청약에 관심이 있는 실수요자라면 최근 개편된 청약 제도를 확인하는 것이 좋다. 일반 공급 가점제에서 배우자 통장 기간의 50%(최대 3점)를 합산할 수 있게 됐고, 다자녀 특별 공급 자녀 수 요건도 ‘3명 이상’에서 ‘2명 이상’으로 완화됐다. 입주자 모집 공고일 기준 2년 이내 출생한 자녀가 있을 경우 ‘신생아 우선 공급’ 대상에 포함될 수 있다."
https://www.chosun.com/economy/real_estate/2022/03/04/KNU73PVVTFHBLL2X5ICOUTJSRM/,"아파트 시장의 열기가 싸늘하게 식은 가운데, 작년 아파트보다 많은 거래량을 기록하며 호황을 맞았던 빌라 시장도 급격히 냉각되는 모습이다. 거래량이 줄어든 것은 물론, 가격 상승폭도 줄어들고 있다.
올해 들어 서울 빌라 거래량은 급격히 감소하고 있다. 서울부동산정보광장의 부동산 거래 현황에 따르면 지난 1월 한달간 빌라 거래량은 2793건이었다. 전월(작년 12월) 거래량인 3375건보다 17% 줄어들었고, 1년 전인 작년 1월(5909건)이 비해서는 52% 줄어들었다. 아직 등록 기한이 남았지만, 지난 2월 거래 건수도 현재까지 등록된게 1284건에 불과하다.
거래 절벽에 빠지면서 급매 위주의 하락세를 보인 아파트 값처럼, 빌라 가격도 상승폭을 줄여나가고 있다. KB부동산에 따르면 지난 1월 서울 연립주택 매매가격은 전월 대비 0.23% 상승하는데 그쳤다. 서울 연립주택 매매가격 상승률은 작년 6월 0.22%에서 한달 뒤인 7월 0.63%로 뛰더니 같은 해 10월에는 1.43%까지 치솟았다. 다주택자 종부세 등이 현실화한 11월부터 상승폭이 줄어들기 시작하더니 지난달 0.23%로 낮아진 것이다.
부동산 업계에서는 “대선 등의 변수로 아파트 시장이 얼어붙은 상황에서 아파트 대체재로 꼽히는 빌라 시장까지 관망세가 짙어지고 있다”고 말한다."
https://www.chosun.com/economy/real_estate/2021/06/08/FLFI232DVZFELBKS42GFGGVE6E/,"“주택 시장 규제 강화로 꼬마빌딩을 찾는 투자자가 크게 늘었습니다. 주택을 근린생활 건물로 바꾸거나 낡은 건물을 사들여 리모델링하는 하는 사례도 많습니다.”
빌딩 투자 컨설팅에 잔뼈가 굵은 노창희 리맥스코리아 부사장은 “요즘엔 기존 자산가는 물론 40대 이하 신흥 영리치들까지 꼬마빌딩 투자에 뛰어들고 있다”고 했다. 국내 단기 부동자금만 1300조원이 넘는데 그동안 주력 투자 상품이던 주택이 세금과 규제에 꽁꽁 묶였기 때문이다. 노 부사장은 “최근 서울 강남과 용산, 성수, 합정동 일대 중소형 빌딩은 몸값이 하루가 다르게 뛰고, 매물을 찾기가 하늘의 별따기 만큼 힘들다”고 했다.
땅집고는 최근 부동산 시장에서 가장 핫한 아이템으로 떠오른 빌딩 투자 노하우를 알려주는 ‘중소형 빌딩 실전투자스쿨 2기’ 과정을 오는 22일 개설하고 사전 예약을 받는다.
전문가들은 빌딩 가격이 단기간에 오른 반면 임대수익률은 낮아지고, 공실률 증가도 우려되는 만큼 묻지마 투자를 주의해야 한다고 조언한다. 이번 과정에선 빌딩 투자 결정에 앞서 반드시 알아야 할 빌딩 시장 최신 트렌드, 지역별 시장·매물 분석, 수익성을 2배로 높이는 리모델링 기법, 공실 최소화를 위한 빌딩 운영·세입자 관리 노하우 등을 소개한다.
이번 과정에서는 실제 투자 성공사례를 눈으로 보고 배울 수 있도록 현장 케이스 스터디 중심으로 운영한다. 서울 강남과 마포, 용산 등 최고의 빌딩 투자 핫 플레이스 3곳을 선정해 사전 시장 분석을 거쳐 현장에서 물건을 직접 보면서 수익성 분석 등 실전 노하우를 배운다. 빌딩 투자 결정에서 가장 중요한 증여·취득·양도세 산정 방식, 법인금융권 대출 한도 산정 방식도 강의한다.
이번 과정은 6월22일~7월21일까지 매주 2회씩 총 9회 강의한다. 20명 안팎을 모집하며 수강료는 1인당 120만원이다. 오는 13일까지 사전예약하면 20만원 할인 혜택을 준다. 신청은 홈페이지에서 하면 된다."
https://www.chosun.com/economy/real_estate/2023/01/10/ML2IPZWX2VBYJP4WKEC65MSAMU/,"삼성엔지니어링이 대만 기업과 손잡고 카타르에서 세계 최대 규모 에틸렌 공장 건설 프로젝트를 따냈다.
삼성엔지니어링은 카타르 ‘RLPP 에틸렌 플랜트 패키지 1번 사업’을 EPC(설계·조달·시공) 일괄 형태로 수주했다고 9일 밝혔다. 삼성엔지니어링은 대만 건설사 CTCI와 합작해 이 프로젝트를 수주했다. 총 계약 금액은 3조1000억원이며, 이 중 1조6000억원어치 공사를 삼성엔지니어링이 맡는다. 공사 기간은 3년 8개월이다.
‘RLPP 프로젝트’는 카타르의 ‘라스라판 석유화학’이 발주한 것이다. 카타르 수도 도하에서 북쪽으로 80㎞ 떨어진 라스라판 산업단지에 에틸렌 생산·기반 시설을 건설하는 사업이다. 삼성엔지니어링이 에틸렌 생산 시설을, CTCI는 기반 시설을 짓는다. 완공되면 석유화학 기초 소재 에틸렌을 세계 최대 규모인 연간 208만t씩 생산해 주변 화학회사에 공급하게 된다.
삼성엔지니어링 관계자는 “카타르는 원유와 가스 수출에 치우친 산업 구조를 다변화하기 위해 최근 화학 산업 투자를 확대하고 있다”며 “중동에서 오랫동안 쌓은 경험을 바탕으로 공사를 성공적으로 마무리해 시장 입지를 더욱 강화할 것”이라고 말했다."
https://www.chosun.com/economy/real_estate/2022/02/25/HA54UQB5IJF33B2C6NK4OSOWDA/,"청약 불패의 시대가 저물고 있다. 1순위 청약에서 미달돼 2순위까지 넘어가는 단지들이 속출하고, 만점짜리 통장이 몰려들던 수도권에서 10점대로 청약에 당첨되는 경우도 나온다.
25일 한국부동산원에 따르면 두산건설이 경기 광주에 공급한 두산위브 광주센트럴파크 전용 59㎡에서 19점짜리 당첨자가 나왔다. 전용 84㎡에서도 21점이 최저 가점이었다. 지난달 말 경기도 화성시에서 분양한 ‘화성비봉호반써밋’에서도 10점대로 당첨됐다.
대형 건설사가 분양하는 브랜드 아파트도 예외는 아니다. 2월 인천에서 분양한 ‘송도 럭스오션 SK뷰’ 전용 84㎡에서도 청약 점수 17점으로 당첨된 경우가 있었다.
청약 가점 10점은 무주택 기간 4년 이상~5년 미만이면 받을 수 있는 점수이다. 여기에 부양가족이 1명만 있어도 10점이 더해진다.
작년까지만 해도 ‘당첨만 되고 보자’는 분위기였던 아파트 청약 열기가 급격히 식는 모양새이다. 부동산 R114에 따르면 올해 1월 전국 아파트 청약 경쟁률은 15.5대 1로 작년 평균(19.7대 1)보다 낮았다. 수도권 청약 경쟁률은 31대 1에서 17.4대 1로 절반 가까이 떨어졌고, 서울은 164.1대 1에서 34.4대 1로 5분의 1 수준으로 줄어들었다.
작년까지만 해도 3~4인 가족 만점 통장인 64~69점으로도 청약 당첨이 어려웠던 수도권 평균 당첨 가점은 31점으로 급락했다.
건설사들은 분양 일정을 최대한 미루고, 계약금·중도금 혜택을 제공하면서 미분양을 막기 위해 노력 중이다. 이달 초 경북 포항에서 분양한 ‘포항자이 애서턴’은 계약금 1000만원, 중도금 무이자 60%를 내세워 분양에 성공했고, 평택 화양지구에서 분양하는 ‘평택 화양 휴먼빌 퍼스트시티’도 계약금 정액제와 중도금 무이자를 내세웠다."
https://www.chosun.com/economy/real_estate/2021/02/25/H3TOCL3VTZFPNJEPQBUUBMUTKA/,"수도권 6번째 3기 신도시인 경기도 광명시흥지구에서 공급되는 주택 7만가구 중 4만6000가구가 분양형 주택으로 구성될 전망이다.
윤성원 국토교통부 1차관은 25일 아침 KBS 라디오 ‘최경영의 최강시사’에 출연해 광명시흥지구 전체 물량 중에서 40%인 2만8000가구는 민간분양으로 나오고, 나머지 물량 중 1만8000가구는 공공 분양으로 나온다”고 밝혔다.
광명시흥지구는 2·4 공급대책의 후속 조치로, 지난 25일 발표됐다. 3기 신도시 6곳 중 공급규모가 가장 크다. 공공분양과 민간분양을 더하면 전체 공급 규모의 65%에 달한다. 일각에서 “신도시에 공공임대만 짓는 것 아니냐”는 여론을 의식해 분양 물량을 늘린 것으로 해석된다.
3기 신도시에 적용되는 공공주택특별법 상 공공임대 물량은 35% 이상, 공공분양은 25% 이하, 민간분양은 50% 이하로 규정돼있다. 윤 차관 발언대로 계산하면 광명시흥지구의 공공분양은 법령상 최고치이며, 임대주택은 최소 수준이다. 임대주택을 줄여 분양 물량을 늘리는 대신 분양 물량 중 최대한 많은 부분을 공공분양으로 배정한 셈이다.
한편 윤 차관은 서울 내 강남·송파 등지 그린벨트(개발제한구역)를 풀어 주택을 공급하는 방안에 대해 “지난해 8·4 대책을 마련할 때 강남 지역의 그린벨트를 풀자는 의견이 나와서 정치권과 정부에서도 논란이 됐다”며 “미래를 위해서 서울지역 내에선 남겨놓는 땅도 필요하다는 합의 하에 논란이 정리됐다”고 말했다. 현재로써는 그린벨트를 해제할 계획이 없음을 못박은 것이다."
https://www.chosun.com/economy/real_estate/2021/11/24/7XANEGNSZRDG3JMREJT3XQSHOI/,"노형욱 국토교통부 장관이 지난달 서울 아파트 실거래가가 하락세로 접어드는 등 집값이 조정 국면에 접어들었다며 다시 한번 추격 매수 자제를 요청했다. 또 올해 종합부동산세 부담으로 전·월세 가격이 오를 것이란 시장 우려에 대해선 ‘과장된 얘기’라고 일축했다.
노 장관은 24일 오전 CBS라디오에 출연해 최근 시장 동향과 정책 현안들에 대한 의견을 밝혔다. 그는 최근 시장 상황과 관련해 “아파트 매매가격을 보면 서울은 12주 연속, 수도권은 9주 연속 상승률이 떨어지는 추세이며 서울 실거래가 잠정치가 마이너스로 전환돼 확실한 조정국면에 돌입했다”며 “세종, 대구는 이미 마이너스라는 시장의 흐름 자체도 주목할 필요가 있다”고 말했다. 실제 한국부동산원 ‘실거래가지수’ 통계에 따르면, 서울 아파트 실거래가지수 변동률은 9월 1.52%에서 10월에는 -0.46%로 돌아섰다. 다만 이 수치는 잠정치여서 추후 변동될 가능성도 있다.
노 장관은 “KB국민은행의 주택심리지수도 64.9로 나타났는데, 100 이하면 집 살 사람보다 집을 팔려는 집주인이 많다는 의미”라고도 덧붙였다.
문재인 정부 출범 후 집값 급등에 대해서는 “금리인하 단행으로 유동자금이 풀린 시점이 집값 상승기와 맥을 같이하고 있고, 5~10년 전 인허가 물량이 줄었던 것이 현재 공급의 시차를 발생시켰다”고 말했다.
노 장관은 향후 꾸준한 가계대출 관리의 필요성도 언급했다. 그는 “2008년 금융위기 이후 대부분 국가가 모두 가계부채를 줄여나갔는데, 우리나라만 증가하고 있다”며 “이자부담이 가계에 미치는 영향은 물론, 인플레이션 문제, 금리인상에 따른 유동성 회수에 동조하지 않을 경우 자본의 유출 문제 등이 뒤따른다”고 말했다.
올해 종부세가 급증하며 실수요자에게 부담이 되고, 나아가 임대료로 전가될 것이라는 지적에 대해서는 “이번 총부과금액 중 86%는 3주택자와 법인이 부담하고 1가구 1주택부담은 전체 3.5% 수준”이라고 반박했다. 임대료 전가에 대해서는 “가격은 수급에 좌우되는데 최근 전세시장에 매물이 쌓이며 가격이 안정화되는 흐름”이라며 “현재 거주 중인 임차인에 대해 전세 보증금을 올리기는 쉽지 않다”고 말했다.
노 장관은 또 “불과 10년 전만 해도 하우스푸어 등이 세계적인 문제가 됐고, 2006년 대비 2013년 집값이 40%까지 떨어진 적도 있다”며 “올라가는 집값은 언젠가는 조정될 수밖에 없고, 앞으로는 하방압력이 강하기 때문에 과도한 추격매수는 다시 생각해볼 필요가 있다”고 말했다."
https://www.chosun.com/economy/real_estate/2025/05/25/L55QDLDGHBETXNPVPX7QACZIEA/,"이달 서울 아파트·빌라·단독주택 등 주택 종합 평균 매매 가격이 처음으로 10억원을 넘어선 것으로 나타났다.
아파트 값이 꾸준히 상승하면서 전체 주택 평균 가격을 끌어올리고 있는 것으로 풀이된다.
25일 KB부동산 ‘월간 주택가격 동향’에 따르면 5월 서울 주택의 평균 매매 가격은 10억398만원을 기록했다. KB부동산이 관련 통계를 발표한 2008년 12월 이후 가장 높은 금액이다. 지난 4월 9억9246만원에서 한 달 만에 1100만원 이상 올랐다.
‘똘똘한 한 채’ 수요 증가에 아파트가 서울 주택 가격 상승을 이끄는 모양새다. 이달 아파트 평균 매매 가격은 13억4543만원으로 한 달 만에 1577만원 뛰었다. 지난 1월 12억7503만원과 비교하면 반년도 안 돼 약 7000만원 올랐다.
특히 서울 5분위(상위 20%) 아파트 평균 가격은 30억942만원으로 처음으로 30억원을 넘었다. 1분위(하위 20%) 평균 가격은 4억9044만원이다.
5분위 가격으로 1분위 가격을 나눈 ‘5분위 배율’은 6.1로 더 커졌다. 그만큼 양극화가 한층 심화됐다는 얘기다.
서울 아파트 값은 1년째 상승세가 계속되고 있다. 강남 3구 등 주요 지역을 중심으로 2024년 6월(0.12%)부터 12개월 연속 올랐다.
이달 자치구별 상승률은 서초구가 1.93%로 가장 높았고, 양천구(1.86%), 강남구(1.76%), 성동구(1.15%)가 뒤를 이었다."
https://www.chosun.com/economy/real_estate/2022/11/22/NT6NQOR4NBDVDDXS7E7GQP4KLU/,"“신사동 가로수길은 쇼핑·관광·오피스 등 모든 수요가 결합한 서울 강남의 대표적인 ‘하이엔드 상권’입니다. 코로나 팬데믹이 끝나면서 회복세가 강하기도 합니다. 다만, 가로수길 빌딩은 가격이 다소 높은 편이어서 자산가 중에서도 자금력 있는 투자자가 선호하는 지역입니다.”
지난 18일 서울 강남구 신사동 가로수길 중간쯤에 위치한 애플스토어에는 신상품을 둘러보는 젊은 고객들로 하루종일 북적였다. 이 매장은 2018년 1월 국내 최초로 오픈한 직영점이다. 코로나 팬데믹이 끝나면서 MZ세대가 매장 앞에 줄을 선 모습을 쉽게 볼 수 있다.
서울의 대표적 하이엔드 상권인 신사동 가로수길이 살아나고 있다. 손님 발길이 늘면서 상권 전체 매출이 작년보다 20% 가까이 뛰었다. 빈 점포가 줄고 임대료는 다시 오름세다. 메인 상권 뿐만 아니라 세로수길·나로수길 등 이면도로 상권도 활기를 띠고 있다.
이를 감안해 민간 부동산 경매시스템인 ‘땅집고옥션’은 국내 최대 상업용 부동산 서비스 기업 중 한 곳인 ‘알스퀘어’와 함께 12월 땅집고옥션을 ‘가로수길 특별전’으로 진행한다. 가로수길 일대 알짜 빌딩 4건이 나오며 총 매도희망가격은 1085억원이다. 땅집고옥션 운영사인 BTG컨설팅 정을용 대표는 “가로수길은 코로나 팬데믹으로 상권이 쪼그라들던 시기에도 꼬마빌딩 매물이 거의 없어 가격이 초강세를 보였다”며 “금리가 오르면서 그나마 가격 협상이 가능한 매물이 나오고 있다”고 했다.
◇애플·젠틀몬스터 등 핫한 브랜드 몰려
가로수길은 통상 기업은행 신사동지점부터 신사동주민센터까지 이어지는 약 600m 구간을 말한다. 고급 레스토랑·카페 등 식음료, 명품, 의류·뷰티 안테나샵 등 핫한 매장이 대거 몰려 있다. 선글라스 브랜드인 젠틀몬스터는 애플스토어와 함께 가로수길 대표 매장으로 꼽힌다. 대로변에는 ‘메종키츠네’, ‘아르켓’, ‘딥티크’, ‘탬버린즈’, ‘아미’ 같은 패션·화장품 업체들이 플래그십 스토어를 운영 중이다. CJ ENM 뮤지컬 ‘킹키부츠’의 임시 홍보 매장, 코오롱 FnC의 골프 의류 ‘왁’이 헬로키티와 협업한 임시 매장도 문을 열었다.
가로수길 상권은 점점 몸집을 키우는 모양새다. 이제 메인 상권인 대로변은 물론 이면도로까지 각종 매장이 속속 들어서고 있다. 세로수길, 나로수길, 다로수길 등으로 불리며 이면도로 상권도 커지고 있다. 육재복 알스퀘어 팀장은 “가로수길은 트렌디한 카페나 주점, 디저트 전문점 중심의 식음료 상권을 넘어 이제 리테일 상권으로 진화하고 있다”고 했다.
이면도로 상권 중 가장 핫한 곳은 세로수길이다. 전하나 에이트빌딩 이사는 “코로나가 극심했던 지난해에도 세로수길 일대 빌딩 거래는 30여건으로 활발했다”며 “올해 가파른 금리 인상에도 불구하고 빌딩 거래가 이미 20건을 넘을만큼 투자자 관심이 여전하다”고 했다. 가로수길 메인 상권은 임대료가 상대적으로 높아 공실이 제법 있지만 세로수길은 빈 점포를 찾기 힘들다.
◇상권 매출 명동과 전국 1·2위 경쟁
코로나 팬데믹으로 다른 상권과 마찬가지로 가로수길도 공실이 늘며 위기를 맞았지만 올 들어 빠른 회복을 보이고 있다. 한국부동산원에 따르면 신사역 일대 중대형 상가 공실률은 작년 4분기 15.5%에서 올 3분기 12.1%로 떨어졌다. 임대료는 오름세다. 작년 4분기 3.3㎡(1평)당 평균 8만2110원에서 올 4분기 평균 8만4230원으로 올랐다.
점포당 매출 전국 최고 수준이다. 알스퀘어에 따르면 가로수길 상권 월 평균 매출액은 명동과 함께 전국 1·2위를 다투고 있다. 지난 8월 기준 명동이 320억원, 가로수길이 310억원을 각각 기록했다.
빌딩 가격은 토지 기준으로 메인 상권이 3.3㎡당 3억원대 후반, 세로수길은 1억원대 후반에 각각 형성돼 있다. 정 대표는 “가로수길은 우리나라 최고 부촌(富村)인 압구정동을 끼고 있고 강남과 광화문을 잇는 지하철 신분당선이 지난다는 점에서 미래가치가 높다”며 “작년만해도 절대적인 매도자 우위 시장이어서 가격 협상 자체가 불가능했지만 이제는 가격 협상이 가능할 것으로 본다”고 말했다."
https://www.chosun.com/economy/real_estate/2024/12/29/KRL67BUNX5GW3MUSCTN4M3W7KQ/,"올해 전국에서 아파트·다세대 등 집합건물을 사들인 사람 10명 중 4명은 생애 최초 구입자인 것으로 집계됐다. 지난 2013년 이후 11년 만에 가장 높은 비율이다.
29일 대법원 등기정보광장의 집합건물(아파트·오피스텔·다세대·연립 등) 소유권 매매 이전등기 통계에 따르면, 올해 11월까지 전국에서 매매를 원인으로 이전등기 된 90만1479건 가운데 생애 최초로 부동산을 구입한 경우는 37만9067건(42.1%)으로 집계됐다. 작년 생애 최초 구입 비율(40.2%) 대비 2%포인트 가까이 늘어난 것이다.
집합건물의 생애 최초 매수자 비율은 주택 거래가 침체한 2010~2013년 40%를 넘었다. 이 기간 집값이 약세를 보이고 거래량도 줄자 상대적으로 저리의 정책대출 지원 혜택이 있는 생애 최초 주택 구입자가 많았던 것으로 분석된다. 이후 주택 가격이 오르고 거래가 증가하면서 생애 최초 매수 비율은 2014년 37.9%, 2015년 36.9%로 감소했다. 이후 집값이 크게 오른 2020년과 2021년에는 생애 최초 매수 비율이 각각 34.4%, 34.5%로 줄었다.
금리 인상 여파로 집값이 급락하고 ‘거래 절벽’이 나타난 2022년에는 이 비율이 34.1%까지 떨어졌으나 2023년 들어 다시 40%대로 뛰었다. 지난해 정부가 생애 최초 주택 구입자에 대한 대출을 확대하고, 특례보금자리론을 공급하는 등 저리의 정책대출 지원을 늘린 것이 영향을 미친 것으로 풀이된다. 올해 들어서는 집값, 전셋값 상승으로 작년보다 주택 거래가 늘어난 가운데 신생아 특례대출이 출시되며 생애 첫 주택 구입자가 증가한 것으로 분석된다.
지역별로 집합건물 생애 최초 매수 비율이 가장 높은 곳은 세종시(51.9%)였다. 아파트 등 집합건물 매수자의 절반 이상이 생애 최초 구입자인 것이다. 대구가 48.1%로 두 번째로 높았고, 뒤이어 울산(47.3%), 대전(45.7%), 경기(44.8%) 등도 평균을 웃도는 것으로 조사됐다. 서울도 생애 최초 매수자 비율이 36.0%로 지난해(33.0%)보다 증가한 것으로 나타났다."
https://www.chosun.com/economy/real_estate/2020/12/07/JJQBWAPDJFFSPG2JOL2VUEGDHA/,"“여기가 그 유명한 변품아(‘변창흠이 품은 아파트’라는 의미)인가요. 5.9억원에서 변리미엄(변창흠+프리미엄) 1000만원 더해서 6억원에 매수를 희망합니다. ”
변창흠 국토교통부 장관 후보자의 주택 신고 가액을 놓고 논란이 일고 있는 가운데, 부동산 정보앱 ‘호갱노노’에는 이를 비꼬는 네티즌의 풍자 댓글이 이어지고 있다. 이 앱에는 아파트 단지별로 정보 공유를 위한 게시판이 마련돼 있다. 주로 거주한 이들이 학군이나 교통 등의 생활정보를 올리는 용도다.
변 후보자 내정 이전, 그가 살고 있는 아파트의 게시판에는 글이 없었다. 14가구의 ‘나홀로 아파트’라는 특성이 반영된 것으로 보인다. 호갱노노를 보면 변 후보자가 소유한 전용 129.73㎡(55평) 아파트의 마지막 거래는 2006년 6월 16일로, 당시 5억2300만원에 매매됐다.
변 후보자는 지난 3월 공개된 공직자 재산신고에 이 아파트의 가액을 5억9000만원이라고 신고했다. 이를 놓고 재산을 축소 신고한 것 아니냐는 비판이 쏟아졌다. 이 단지는 최근 실거래가 없어 정확한 시세를 알기 어렵지만, 주변 단지와 비교할 때 15억원가량은 될 것이라는 예상이 우세하다. 인접한 384가구짜리 아파트의 전용 147㎡(53평) 주택은 지난 6월 20억1000만원에 매매 거래됐다.
호갱노노 내 변 후보자 아파트의 게시판에는 7일 오후까지 약 20개의 글이 올라왔다. 변 후보자 지명 이전에는 글이 없었지만 ‘성지 순례'처럼 네티즌의 댓글이 이어지고 있는 것이다. 게시판에는 “현재 가액 5억 9000만원이라는데 매수 의향 있다” “5억 9000만원이라면 제가 매수하고 싶다. 예비 장관님은 연락달라”는 댓글이 올라왔다. 또 다른 네티즌은 “전세 구할 것도 없이 6억원에 ‘영끌(영혼까지 끌어모아)’ 해서 매입하겠다”고 했다.
‘세금폭탄’ 논란을 낳고 있는 종합부동산세에 대해 지적한 네티즌도 있었다. 한 네티즌은 “‘변품아'는 종부세 얼마나 내느냐. (신고가액이) 5억 9000만원이면 안 내는 것이냐”며 “방배동 이수역 역세권 55평 아파트이지만, ‘변품아’는 피할 수 있는 신박한 종부세로직”이라고 썼다.
경기 고양시 일산서구에 산다는 한 네티즌은 “우리집과 비슷한 금액”이라고 썼다. 이 지역은 개각으로 물러나게 되는 김현미 국토교통부 장관이 거주하는 지역이다. 그가 사는 일산서구 덕이동 아이파크 1단지 149㎡(45평)은 6억원대 중반 수준에 거래되고 있는 것으로 알려졌다."
https://www.chosun.com/economy/real_estate/2020/12/29/FMPTEGHO65CUHOSJTVW3UZ6QWM/,"전문가들은 각종 규제에도 불구하고 내년 집값이 올해만큼 오를 가능성이 높다고 예상했다. 무주택자라면 집을 사는 게 좋다는 조언이 많았다.
땅집고가 내년 1월 4일부터 유튜브 채널 ‘땅집고TV’를 통해 진행하는 ‘땅집고 라이브 슈퍼위크-2021 집값 대전망’에 출연할 전문가 대상으로 설문 조사한 결과, 응답자 8명 중 7명이 ‘내년에도 집값이 오를 것’이라고 답했다. 상대적으로 가격이 덜 올랐던 서울 외곽 지역 상승 가능성이 크다고 봤다. 대부분 전문가들은 내년 부동산 시장 불안 요인으로 입주 물량 감소와 전세난을 꼽았다.
‘땅집고 라이브 슈퍼위크-2021 집값 대전망’에는 내년 1월4~13일 주말을 제외한 주중 낮 12시30분부터 1시간 동안 국내 최고 부동산 전문가 8명이 출연, 내년 집값 전망을 주제로 라이브 토크 콘서트를 펼친다.
◇”서울 외곽·경기도 저렴한 지역 오를 것”
설문에 답한 전문가 8명 중 이창무 한양대 교수, 김학렬 스마트튜브부동산조사연구소장, 심형석 미국 SWCU 교수, 홍춘욱 EAR리서치 대표 등 4명은 “내년 집값이 올해만큼 상승할 것”이라고 예상했다. 이들은 공통적으로 주택 공급 부족과 전세난을 이유로 제시했다. 제네시스 박은 “집값이 올해보다 더 오를 것”이라고 답했고, 이상우 인베이드투자자문 대표는 “올해 집값이 20%(서울 아파트 평균값 기준)올랐는데 내년엔 9.9% 오를 것”이라며 내년에도 큰 폭의 상승을 예상했다. 권대중 명지대 교수는 “상반기에는 상승을 이어가다가 다주택자 양도소득세 중과세율 인상과 보유세 인상이 현실화하는 하반기부터 약보합으로 변화할 것”이라고 봤다. 설문에 참여한 전문가 중 심교언 건국대 교수만 유일하게 집값이 오르지 않을 것이라고 점쳤다.
이창무·심교언·심형석 교수는 공통적으로 내년에 서울 외곽과 경기도 지역 집값 상승 가능성이 크다고 봤다. 이 교수는 “그 동안 서울 강남권 등 중심지 집값 상승폭이 컸던 반면 경기도는 상대적으로 덜 올랐기 때문”이라고 했다. 심교언 교수는 “서울에서 소외받은 지역이 내년 4월 서울시장 보궐 선거와 맞물려 ‘제2의 마·용·성’(마포·용산·성동구)을 만들겠다는 공약과 함께 상승할 가능성이 높다”고 했다. 심형석 교수는 “결국 정부 규제가 전국으로 확산하면 규제 변별력이 사라지는 평준화 효과가 나타나면서 서울 도심 가격이 다시 상승할 것”이라고 전망했다.
이상우 대표는 내년에 눈여겨볼 지역과 관련해 “서울 서초구, 부산 연제구, 경기도 고양·안양·과천 등 ‘서연고안과’ 5곳이 유망하다”고 말했다. 제네시스 박은 “양질의 일자리가 몰려 있는 경기 과천·판교·분당·용인 수지 등 경기 남부 라인을 주목해야 한다”고 조언했다.
◇”무주택자는 내년이라도 집 사고, 다주택자는 자제”
전문가 8명 중 6명은 무주택자라면 내년에 집을 사는 게 좋다고 답했다. 다만, 심교언 교수는 “장기적으로는 1주택 보유가 안정적이지만 단기적으로 보면 고점 매수일 가능성이 있는 만큼 기다려보는 것도 좋다”고 했다. 집값이 단기간 집중적으로 오른데다 신종 코로나바이러스 감염증 사태로 인한 경기 위축과 정부 규제 강화가 더해질 우려가 있다는 것이다. 권대중 교수 역시 “등록 임대주택 160만 가구가 등록 기간이 끝나는 2022~2023년에 대거 매물로 나오는데다 3기신도시 입주가 2023년부터 시작하는 점을 감안하면 내년에 굳이 주택 구입에 나설 필요는 없다”고 했다.
다주택자라면 보유세가 급등하는 가운데 보유 주택 감소를 고민할 때라는 의견이 다수였다. 김학렬 소장은 “중심 지역·상품으로 업그레이드 해 ‘똘똘한 한 채’만 남기거나 세금 감당이 안 되는 상품은 과감하게 정리하는 것이 좋다”고 말했다. 홍춘욱 대표도 “세금 증가로 실수익률이 낮아진데다 2023년부터 3기신도시 등 입주 물량이 급증할 우려가 있어 무주택자가 아니라면 추가 매수를 자제하는 게 좋다”고 말했다.
전문가들은 내년 부동산 시장 최대 변수로 입주 물량 감소와 전세난을 꼽았다. 제네시스 박은 “내년 재·보선과 후년 대선을 앞두고 정부·여당의 정책 변화 가능성을 지켜봐야 한다”는 의견을 냈다. 이창무 교수는 “공시가격 상승과 종합부동산세 세율 인상에 따라 보유세 급등을 체감하면 집주인들이 매물을 대거 내놓을 수 있다”며 “정상적인 시장 사이클은 하락할 시기이지만 이를 넘어서 상승 추세로 급변할 가능성도 있어 예측이 어려운 한 해가 될 것”이라고 했다."
https://www.chosun.com/economy/real_estate/2024/05/17/FKB6EJ5KGNHEFCJVVSYI4LFBZM/,"수도권 1기 신도시 통합 재건축의 첫 타자가 될 ‘선도지구’ 선발 기준과 규모가 이달 22일 공개된다.
국토교통부는 17일 ‘노후 계획도시 정비 특별위원회’ 첫 회의를 열고 선도지구 선정 및 이주 단지 조성에 대한 정부안을 보고했다고 밝혔다. 특위는 정부안을 토대로 지자체와 업계 의견 수렴 등의 절차를 거쳐 최종안을 마련해 이달 22일 열리는 국토부와 1기 신도시 지자체장과의 간담회에서 공개할 계획이다. 하반기 공모 과정을 거쳐 올 연말쯤 맨 먼저 재건축에 들어가는 아파트 단지들이 선정될 예정이다. 신도시 규모가 큰 분당과 일산은 각각 3~4개 단지, 평촌·산본·중동은 1~2개 단지씩 선정될 가능성이 높다.
노후 계획도시 특별 정비구역에서는 재건축 때 안전진단이 완화되거나 면제되고, 용도지역 변경, 용적률 상향 등의 혜택으로 사업 수익성이 높아진다.
정부는 1기 신도시 같은 노후 계획도시 정비 관련 논의를 전국 단위로 확대하기 위한 작업에도 곧 착수한다. 오는 23일 부산을 시작으로 인천 연수구, 경기 안산·용인시, 대전 등에서 차례로 주민 설명회를 열고 6월 중으로 국토부와 지자체 간 상시 협의체를 구성할 예정이다. 박상우 국토부 장관은 “미래도시 펀드 등 기존 발표된 지원 방안 외에 추가적인 지원책을 발굴해 노후 계획도시가 성공적으로 정비될 수 있도록 추진하겠다”고 말했다."
https://www.chosun.com/economy/real_estate/2024/03/24/LFU43RI6INB27ISSEDKTJBZAVE/,"[땅집고] 정부가 서민·중산층 노인들이 지내는 분양형 실버타운의 부활을 예고했으나, 발표 직후부터 실효성 논란이 벌어지고 있다. 도심이 아닌 인구감소지역(89곳)에서만 허용되기 때문이다. 고령화(66세 이상 인구 비율 7% 이상)는 물론, 초고령화(65세 이상 인구 비율 20% 이상)가 진행된 지역이라도 정부가 인구감소지역으로 지정한 곳이 아니면 대상이 될 수 없다.
통계청에 따르면 2023년 10월 기준 부산(22.4%)과 대구(19.5%), 서울(18.8%),대전(16.8%), 인천(16.4%), 광주(16.3%) 등 대도시도 이미 고령화를 넘어 초고령화 사회에 근접한다. 이들 지역에 사는 고령인구(65세 이상)는 400만명이 넘는다. 수도권 고령인구는 430만 명으로, 강원권(36만)의 10배 수준이다.
■ 2015년 금지됐던 분양형 실버타운 풀렸다
21일 정부는 건강하고 행복한 노후를 논의하기 위해 ‘국민과 함께하는 22번째 민생토론회’를 개최하면서 시니어 레지던스 확대를 위해 분양형 노인복지주택을 재도입한다고 밝혔다.
재도입되는 분양형 노인복지주택의 입주 문턱은 대폭 낮아진다. 기존에는 입주 자격이 ‘독립된 생활이 가능한 자’로 한정됐는데, 앞으로는 60세 이상 어르신이라면 누구나 들어갈 수 있다.
또한 리츠사, 장기요양기관, 호텔업체 그리고 보험사 등 민간 기업들의 참여를 유도하기 위해 노인복지주택 위탁 운영 경험이 없더라도, 운영할 수 있게 제도를 개선한다.
정부 관계자는 “인구감소 지역에서 2015년 폐지된 분양형 노인복지주택을 재도입해 민간 공급 활성화를 도모하겠다”며 “분양형 제도에서 문제가 됐던 불법행위나 부실 운영 등을 예방하기 위해 보완방안을 마련할 것”이라고 말했다. 정부는 이를 위해 올 상반기 안에 노인복지법 일부 내용을 개정할 예정이다.
■ 인구감소지역 89곳만 가능...지방 살리기 대안? “글쎄”
이러한 제도 개선은 금융회사나 건설사 등 분양형 실버타운을 공급하는 주체들의 요청을 반영한 것이다. 국내 실버타운(노인복지주택)은 수요 대비 턱없이 부족하다. 노인복지주택은 2018년 35개에서 2023년 38개로, 5년간 고작 3개 늘었다. 노인복지주택 입소 인원은 8840명 정도다. 일부 실버타운은 유료양로시설로 운영 중인데, 공공이 운영하는 무료시설과 함께 집계돼 정확한 파악이 어렵다. 반면 우리보다 일찍 초고령사회에 진입한 이웃 일본에선 유료노인홈(우리나라의 시니어타운)은 1만6724곳으로, 총 63만4395명의 어르신을 모실 수 있다.
최근 주요 실버타운 업계에선 수요 대비 공급이 적어 ‘실버타운 난민’이라는 말이 나올 정도로 대기 기간이 길다. 입주보증금이 8억 원에 달하는 한 유명 실버타운에 들어가려면 2~3년을 기다려야 한다.
다만, 이는 사실상 도심에서만 일어나는 일이다. 비수도권에선 입주자 모집에 어려움을 겪다가 끝내 문을 닫은 실버타운이 상당하다. 나이가 들수록 기존 살던 지역을 선호하고, 자녀와 친구 등 지인 교류를 더욱 중요시하는 경향이 짙어서다.
업계에선 분양형 실버타운 족쇄가 풀렸어도, 일찌감치 실효성이 떨어질 것이라는 잿빛 전망이 나온다. 수요가 많은 도심에서 공급량을 늘리기 어려워서다. 재도입된 분양형 실버타운은 행안부가 지정한 인구감소 지역에서만 공급 가능하다.
전국에 있는 인구감소지역은 충북 괴산, 경기 연천, 강원 철원, 전남 신안, 경남 하동 등으로, 총 89곳이다. 부산(동구·서구·영도구), 대구(남구·서구·군위군) 등 일부 광역시가 포함돼 있으나 대부분이 인구 5만 미만의 군 단위 지자체다. 경북 울릉군은 인구가 9050명으로, 1만명을 밑돈다.
전문가들은 도심형 실버타운을 늘려야 한다는 입장이다. 박동현 전국노인주거복지시설협회장은 “이른바 ‘액티브 시니어’라고 불리는 신중년층은 오랜 직장 생활로 도심이 익숙하고 여가나 문화생활도 활발히 즐긴다”면서 “나이가 들수록 기존 생활권을 고수하는 경향이 짙다”고 했다.
한 개발업계 관계자는 “시니어주택은 중상위 계층을 타깃으로 우수한 입지에서 개발되고 있다”며, 일본과 미국 등 해외 선진국도 도심과 같이 교통이 좋은 곳에 실버타운을 짓는 추세”라고 말했다."
https://www.chosun.com/economy/real_estate/2023/12/21/SNDFETXIH5A5ND4L57E4IP75BQ/,"한 외국인 부부는 전세 15억원에 살던 서울 강남의 한 아파트를 30억원에 매수했다. 이들은 전세금과 금융기관 예금액으로 자금을 조달했다고 소명했으나, 금융기관 예금액 15억원에 대한 자금 출처가 확인되지 않았다. 국토교통부는 해외자금 불법 반입을 의심하고 관세청에 통보했다.
또 다른 외국인은 서울 관악구에서 다세대주택 6가구를 30억원에 일괄 매수한 뒤 보증금과 월세를 받으며 임대업을 했다. 그러나 이 외국인은 방문취업 비자(H2)를 소지하고 있어 영리활동을 할 수 없었다. 국토부는 무자격 비자 임대업 혐의로 이 외국인을 법무부에 통보했다.
국토부는 외국인 주택 및 오피스텔 거래 불법행위 단속을 위한 실거래 기획조사 결과, 총 272건(주택 127건, 오피스텔 145건)의 거래에서 423건의 위법의심행위가 적발됐다고 21일 밝혔다. 주요 위법의심행위로 해외자금 불법반입, 무자격비자 임대업 등이 적발됐다.
외국인이 부동산 취득을 위해 해외에서 1만달러를 초과하는 현금을 휴대반입하면서 신고하지 않거나, 외국환은행을 거치지 않고 소위 ‘환치기’를 통해 부동산 취득자금을 반입하면서 신고하지 않은 것으로 의심되는 36건에 대해서는 관세청에 통보했다. 위반 사실이 확인되면 1년 이하의 징역 또는 1억원 이하 벌금을 물게 된다.
방문취업 비자(H2) 등 영리활동이 불가능한 자격으로 체류하면서 활동허가 없이 임대업을 한 17건은 법무부에 통보했다. 위반 사실 확인 시 3년 이하 징역 및 3000만원 이하 벌금을 물게 되고, 강제 퇴거도 당할 수 있다. 이 밖에 편법증여, 대출용도 외 유용, 신고가격 거짓신고 등도 적발해 국세청, 지자체, 금융위 등 관계기관에 통보했다.
위법의심행위를 매수인 국적별로 나눠보면 중국인이 226건(53.4%)으로 가장 많았고, 이어 미국인(14.9%), 필리핀인(5.4%), 캐나다인(4.0%), 러시아인(2.4%) 순이었다. 중국인의 위법의심행위 유형으로는 거짓신고가 142건으로 가장 많았고, 탈세 의심(45건), 해외자금 불법반입(22건), 무자격임대업(12건), 편법대출(5건) 순으로 나타났다. 매수 지역별로는 서울이 161건(35.4%)으로 가장 많았고, 경기 102건(27.6%), 인천 63건(18.9%) 순으로 수도권이 전체의 77.1%를 차지했다."
https://www.chosun.com/economy/real_estate/2024/05/24/XLY5ZIFWTZDKZFR5UVRY6DWYWM/,"SK에코플랜트는 김형근<사진> SK E&S 재무부문장을 신임 사장으로 내정했다고 23일 밝혔다. 김 신임 사장은 SK 재무1실장, SK에어가스 대표이사, SK 포트폴리오 매니지먼트 부문장 등을 지냈다. 회사 측은 “성공적인 기업공개(IPO)를 추진하기 위한 인사”라고 설명했다."
https://www.chosun.com/economy/real_estate/2024/07/25/T3VX5IPMZVCQLGTJ67Y6GGDFAE/,"서울 강남 3구(강남·서초·송파구)와 마용성(마포·용산·성동구) 등 인기 주거지에서 시작한 아파트 값 상승세가 경기도로 확산하는 조짐이 나타나고 있다. 과천·성남·하남·용인 등 서울 강남권과 인접한 경기도 일부 지역에서 거래가 급증하면서 아파트 값도 눈에 띄게 오르는 분위기다. 서울에서 신규 아파트 공급이 줄면서 전셋값과 매매 가격이 동반 상승하자 상대적으로 가격이 덜 오른 경기도로 눈을 돌리는 수요자가 늘어난 영향으로 풀이된다. 전문가들은 “수도권 주택 공급 부족에 안일하게 대처했다가 전국적인 집값 폭등을 자초한 문재인 정부의 실수가 되풀이되지 않게 대비해야 한다”고 지적한다.
◇6월 경기 아파트 거래, 34개월 만에 최다
24일 경기도에 따르면, 이날 기준 6월 경기도 전체 아파트 매매 거래는 1만2984건으로 집계됐다. ‘패닉 바잉’이 기승을 부리던 2021년 8월(1만3479건) 이후 2년 10개월 만에 가장 많다. 6월 아파트 거래 신고가 이달 말까지 접수하는 것을 감안하면 거래량은 1만5000건 안팎에 이를 전망이다. 작년 12월 거래량(5655건)과 비교하면 6개월 만에 3배 가까이로 증가했다.
경기도에서 주택 거래 증가가 가장 두드러진 곳은 과천, 성남, 하남, 용인, 광명 등 서울 강남권과 인접한 지역이다. 6월 과천 아파트 거래량은 162건으로 올해 1월(32건) 대비 5배 이상으로 늘었고, 성남 거래량(1058건)도 같은 기간 3.5배 증가했다. 하남시(2.7배), 용인시(2.1배), 광명시(2.1배) 등도 연초 대비 거래량이 2배 이상 늘었다.
부동산 전문가들은 최근 서울 아파트 값 상승세에 부담을 느낀 실수요자들이 서울과 멀지 않으면서도 주거 환경이 좋은 경기도 남부권을 눈여겨보고 있다고 설명한다. 박원갑 KB국민은행 부동산 수석전문위원은 “서울 아파트 전셋값이 1년 넘게 오르고 있는 데다가 최근 들어 매매가와 분양가도 급상승해 내 집 마련이 쉽지 않아졌다”며 “자연스럽게 상대적으로 집값이 싼 경기도로 주거 수요가 유입되는 것”이라고 했다. 지난 1월 출시된 신생아 특례 대출이 경기도 거래량 증가에 영향을 미쳤다는 분석도 있다. 아파트 평균 매매 가격이 12억원을 돌파한 서울과 달리 경기도에선 신생아 특례 대출을 받을 수 있는 9억원 이하 아파트를 상대적으로 쉽게 찾을 수 있기 때문이다.
◇과천·분당서 역대 최고가 거래 줄이어
거래가 활발해지면서 매매 가격 상승세에 속도가 붙고 있다. ‘준강남’으로 통하는 과천은 지난주(15일 기준) 아파트 값이 일주일 전보다 0.44% 오르며 경기도 내 최고 상승 폭을 기록했다. 특히 지하철 4호선 과천역과 정부과천청사역 일대 아파트 단지에 수요가 몰리면서 최근 3개월간 역대 최고가 거래가 16건이나 쏟아졌다.
과천 중앙동 ‘과천푸르지오써밋’ 84㎡(5층)는 지난 5일 21억8000만원에 팔려 1년 전 18억4500만원(4층) 대비 3억원 넘게 뛰었다. 지난해 7월 18억원에 거래된 원문동 ‘과천위버필드’ 84㎡(12층)는 같은 층이 지난 12일 3억1500만원 오른 21억1500만원에 팔렸다. 부동산 업계에선 최근 서울 마포구에서 분양한 ‘마포자이힐스테이트 라첼스’가 강북 재건축 단지 최초로 일반 분양가가 평당 5000만원을 넘긴 데 이어 과천에서도 평당 분양가가 5000만원을 넘어설 수 있다는 전망이 나온다.
성남시 분당 역시 1기 신도시 재건축 선도 지구 공모가 시작되면서 선정 가능성이 크게 점쳐지는 단지를 중심으로 가격이 뛰고 있다. 서현동 ‘시범삼성’ 전용면적 84㎡(21층)는 지난 4일 16억7000만원에 팔리며 1년 전보다 2억원가량 올랐다. 같은 동 ‘시범한양’ 84㎡(20층) 역시 지난달 15억원에 매매 계약이 체결돼 4개월 전보다 1억4000만원 뛰었다.
다만 경기도 아파트 시장도 지역별 온도 차가 큰 양극화가 심해지는 모양새다. 서울 강남과 가까운 지역과 달리 경기 북부권은 아파트 값 상승세가 상대적으로 잠잠한 편이다. 일산 신도시가 있는 고양을 비롯해 파주·동두천·양주·의정부 등은 아파트 값이 연초보다도 떨어진 상황이다."
https://www.chosun.com/economy/real_estate/2020/11/05/XFYSB5GTXVG7HOPTG5TYBSSLHI/,"포스코건설이 필리핀 클락자유경제지역에 짓는 ‘더샵 클락힐즈’가 일부 잔여 세대를 분양하고 있다. 임차인 모집도 함께 진행한다. 단지는 지하 1층~지상 21층, 콘도미니엄(외국인이 구입할 수 있는 아파트 형태의 거주지) 5개 동, 총 552가구 규모다. 스튜디오 타입(원룸) 80가구, 1베드룸 160가구, 2베드룸 184가구, 3베드룸 80가구, 4베드룸 40가구, 펜트하우스 8가구 등으로 다양하게 구성돼 있다. 분양 관계자는 “다양한 가족 구성원 형태를 반영하기 위해 선택의 폭을 넓혔다”고 했다.
더샵 클락힐즈는 포스코건설의 첫 글로벌 론칭 프로젝트로, 올해 안에 준공될 예정이다. 포스코건설은 이 단지를 프리미어급 ‘한국형 아파트’로 설계했다. 필리핀 현지의 일반적인 콘도미니엄과는 달리 국내 인테리어 마감 수준을 적용해 고급화했고, 단지 내에 다양한 커뮤니티 시설을 설치할 계획이다.
국내에서 클락으로 이주하는 수요자를 위해 현대리바트 가구와 삼성전자 가전제품 등을 유상 옵션 품목으로 마련했다. 물류·통관 비용 등을 줄일 수 있다.
포스코건설은 작년 9월 필리핀 은퇴청과 업무협약을 체결했다. 포스코건설 분양 관계자는 ""더샵 클락힐즈 계약자가 필리핀에 은퇴비자를 신청할 때 은퇴비자 취득 기간 단축과 비자 예치금 활용 등 다양한 혜택이 주어질 것으로 예상한다”고 했다.
단지는 클락자유경제지역 주거지역 내에서도 가장 중심 입지에 있다. 필리핀 수도 마닐라 북부에 있는 클락자유경제지역은 필리핀 정부가 체계적인 개발을 위해 대통령 직속기관으로 클락개발공사를 설립하고, 직접 관할하는 곳이다.
필리핀 정부는 현재 클락과 그 주변 지역을 분당 신도시의 6배 규모인 신도시로 발전시켜 새로운 비즈니스 허브로 조성하는 ‘뉴클락시티 프로젝트’를 추진하고 있다.
올해 클락국제공항 확장 개발이 완료되면 연간 약 800만명을 수용할 수 있게 돼 관광 수요도 증가할 것으로 예상되고 있다. 또 마닐라 상업중심지구까지 40분대에 갈 수 있는 고속철도 공사도 추진되고 있다.
클락은 유해시설 관리가 철저해 매연이 거의 발생하지 않는 지역이다. 자동차 매연, 미세 먼지 등 문제가 심각한 마닐라 도심과는 달리 대기 환경이 좋다는 평가를 받는다.
다양한 생활편의시설이 단지 주변에 있다. 골프장과 푸닝 온천, 영화관 등이 가깝고, 필리핀의 센트럴파크로 불리는 ‘퍼레이드 그라운드’를 걸어서 갈 수 있다. 여의도공원 2배 면적으로, 산책이나 운동을 즐기기 좋다.
에어포스 시티병원, 여성의료원, 폰타나 레저파크 앤드 카지노, SM시티몰 등 의료·레저·편의시설도 이용하기 편하다. 세인트폴 국제학교, 필리핀 과학고, 안테네오 경영대학원, 필리핀대학 클락캠퍼스 등도 단지 반경 5㎞ 안에 있다.
클락은 도시 전체가 담장으로 둘러싸여 있고 게이트 5곳을 통해서만 출입이 가능하다. 경찰이 24시간 교대 근무를 하는 등 치안이 좋은 지역으로 꼽힌다. 분양 관계자는 “저금리 시대에 국내 부동산 관련 규제가 강화되며 해외 부동산이 새로운 투자처로 관심을 받고 있다”며 “더샵 클락힐즈는 클락 내 유일한 국내 브랜드 단지라 희소성과 상징성도 있다”고 했다."
https://www.chosun.com/economy/real_estate/2022/08/04/RULPJSJERNDVLAC3ZFLLANDQ64/,"반도건설이 충남 천안시 서북구 두정동 일원에서 ‘유보라 천안 두정역’을 공급한다. 8일 특별공급을 시작으로 9~10일 1순위, 11일 2순위 청약을 접수한다. 총 556가구 규모인 단지는 전 가구 수요자가 선호하는 전용면적 84㎡ 단일 평형으로 조성된다.
지하철 1호선 두정역 2번 출구(예정)가 도보 약 5분 거리에 있는 역세권 입지다. KTX와 SRT가 지나는 천안아산역이 차량으로 약 15분 거리에 있다. 경부고속도로 천안IC, 1번 국도, 천안대로, 삼성대로, 천안 종합고속버스터미널도 인접해 지역 내 이동은 물론 다른 지역으로의 이동도 편리하다."
https://www.chosun.com/economy/real_estate/2021/03/15/66GN3QZSO5EOPCM6CWA3REHO2M/,"한국부동산원에 따르면, 작년 서울과 부산의 아파트값 상승률은 각각 3.01%와 7.91%였다. 부산 아파트값 상승률이 서울의 2배가 넘었다. 하지만 15일 국토부에 따르면, 서울과 부산의 공동주택 공시가격 인상률은 각각 19.91%, 19.67%로 오히려 서울이 더 높았다. 서울 강남구의 경우 아파트값 상승률은 0.1%에 그쳤지만 공시가격은 13.96%가 올랐다. 반면 대전은 집값 상승률(18.14%)과 공시가격 인상률(20.57%)이 거의 비슷하다. 경기·인천·대구 등 다른 지역들도 대부분 아파트 시세 상승률과 공시가격의 관계가 제각각이었다.
문재인 정부 들어 2018~20년 발표한 공시가격 상승률은 아파트 시세 상승률과 큰 차이가 없었지만, 올해는 유독 2~3배 이상 차이가 난다. 정부는 그 이유에 대해 납득할 만한 설명을 내놓지 못하고 있다. 전문가들 사이에서도 “과연 어떤 원칙과 기준으로 공시가격을 정한 것인지 모르겠다”는 지적이 나오고 있다.
문재인 정부 들어 공시가격이 가파르게 올랐지만 여기에 명확한 기준이 없고 산정 과정도 불투명하다는 지적이 끊이지 않았다. 정수연 한국감정평가학회장은 “정부가 일방적으로 공시가격을 정하면서 그 기준이 되는 주택 시세나 현실화율 정보를 공개하지 않고 있다”며 “이 때문에 납세자의 알 권리가 침해당하고 있다”고 말했다. 논란을 의식한 정부는 올해부터 주택 특성과 가격 참고 자료 등을 공개하기로 했다. 하지만 공개 시점이 4월 29일이어서 주택 보유자들은 16일 공개된 공시가격이 납득되지 않더라도 4월 말까지 한 달 보름 가까이 그 이유를 알지 못하는 ‘깜깜이'로 지내야 한다."
https://www.chosun.com/economy/real_estate/2021/04/22/K4AJHV556FEM5NQSRD5AMTMM44/,주택도시보증공사(HUG)는 21일 주주총회를 열고 권형택 전 김포골드라인 운영주식회사 대표를 신임 사장으로 임명하는 안건을 의결했다. 국토교통부 장관 제청을 통해 최종 임명되며 임기는 3년이다.
https://www.chosun.com/economy/real_estate/2022/08/02/GZMQZAUDXZCPZEW3RRPCTUFJUA/,"최근 미술 시장이 급성장하면서 재테크와 취미를 겸한 아트 컬렉터 인기가 높아지고 있다.
땅집고는 미술품에 관심이 많은 일반인 중 아트 컬렉터를 꿈꾸는 이들을 위해 ‘대체투자를 위한 아트 컬렉팅’ 2기 과정을 오는 16일 개강한다. 아트 컬렉팅 시장 기초 지식과 미래가치가 있는 미술품을 고르는 노하우를 중점적으로 알려준다.
이번 과정은 오는16일~9월 1일까지 총 5회 진행한다. 갤러리 ‘스페이스 윌링앤딜링’의 김인선 대표, 이지은 법률사무소 리버티 변호사, 김재욱 ㈜열매컴퍼니 대표, 김정환 GB투자자문 대표, 송민욱 세무법인 송정T&C 세무사 등 아트 컬렉팅 전문가가 강사로 나선다.
수강료는 100만원이며 선착순 20명 안팎 모집한다. 오는 9일까지 사전 예약하면 10만원 할인한다. 수강신청은 홈페이지에서 할 수 있다."
https://www.chosun.com/economy/real_estate/2021/09/29/5JDGIQODMVDSTC6QS7R6LG2L3A/,"7년 전 대출 끼고 강남의 아파트를 샀다가 파혼당했지만 집값 상승으로 큰 시세차익을 얻게 된 한 남성의 스토리가 공개돼 눈길을 끈다.
29일 고준석 동국대 겸임교수가 운영하는 유튜브 채널 ‘고준석TV’에는 한 예비부부가 주택 매수 및 대출에 대한 의견 차이로 파혼에 이르게 된 사례가 소개됐다. 고준석 교수는 신한은행 컨설턴트 출신의 부동산 전문가다.
2014년 당시 예비신랑이던 30대 초반의 회사원 A씨는 2억5000만~3억원 정도의 종잣돈으로 신혼집을 구하고자 고 교수를 찾았다. 당시 고 교수는 A씨의 자금 동원력을 감안해 강남 한강변에 위치한 17평짜리 소형 아파트를 추천했다. 당시 그 아파트 시세는 5억2000만원이었다.
A씨는 아파트 계약을 마치고 예비신부에게 이 사실을 얘기했다. 그런데 반응은 의외였다. A씨는 친정과 직장이 먼 강남에서 살고싶지 않다며 강북 4계동(상계·중계·하계·월계동)에 신혼집을 꾸미자고 말했다. 대출까지 받아서 무리하게 집을 사는 것에도 반대했다. 신부의 완강한 반대에 A씨는 계약 해지를 고려했지만 계약금 5200만원을 날릴 수 없어 고민이 깊었다.
두 사람은 이후로도 결혼 준비 과정에서 마찰이 잦았고, 결국 대출에 대한 견해 차를 좁히지 못해 파혼을 했다.
A씨는 파혼 후 중도금과 잔금을 치르고 강남 아파트를 구입했다. 이후 다른 여성과 결혼해 그 아파트에 입주까지 했다.
고 교수는 “7년 전 A씨가 구입한 강남 아파트 가격이 지금은 무려 18억원에 달한다”며 “당시 A씨는 내집마련에 대한 의지가 강했고 대출을 낀 주택 구입에 대해서도 보통의 2030세대와는 다른 관점을 가지고 있었다”고 말했다."
https://www.chosun.com/economy/real_estate/2021/05/26/UR3XSC6J2NBTFBHWQ3UCRAWNOI/,"서울 성북구 장위뉴타운은 전체 3만 가구 규모의 초대형 뉴타운으로 개발될 예정이었지만, 전체 부지의 약 절반 정도가 2012년 정비 구역에서 해제되면서 속절없이 방치되고 있다. 재개발을 다시 추진하려는 시도도 일부 있었지만, 우후죽순 들어선 신축 빌라 탓에 지구 지정의 필수 요건인 ‘노후도’를 충족하는 게 불가능해졌다. 한 주민은 “자동차도 제대로 못 다니는 낡은 동네에서 신축 건물 몇 개 있다고 ‘재개발은 안 된다’니 분통이 터진다”고 말했다.
서울시가 26일 재개발 활성화 대책을 발표하면서 ‘강북 뉴타운 2.0’ 시대가 열렸다는 평가가 나온다. 재개발이 무산됐거나 장기간 지지부진하던 지역에서 사업에 탄력이 붙을 전망이다. 이날 발표한 규제 완화 방안은 서울시가 정부에 따로 제도 개선을 요청할 필요 없이 도시기본계획 손질 등으로 바로 추진할 수 있는 것들이다. 고종완 한국자산관리연구원장은 “2015년 이후 신규 재개발이 사실상 중단되면서 꼬여버린 서울 아파트 공급 생태계가 복원되면 집값 안정에도 도움이 될 것”이라고 말했다.
◇강북 재개발 ‘봄날’ 오나
부동산 시장의 관심은 단연 주거정비지수제 폐지가 가져올 영향이다. 과거엔 재개발을 하려면 토지 면적(1만㎡ 이상), 노후 건축물 비율(전체의 3분의 2 이상) 등 필수 요건을 충족하고, 선택 요건 4가지(주택 밀집도, 면적 기준 노후도, 도로 접근성, 부지 협소 정도) 중 1개 이상 충족하면 됐다. 하지만 박원순 전 시장이 2015년 주거정비지수제를 도입하면서 필수 요건을 ‘건축 연면적 기준 노후도 60%’로 바꿨고 선택 요건 역시 항목 4개를 모두 평가해 총점 70점을 넘어야만 재개발이 가능해졌다. 이은형 대한건설정책연구원 책임연구원은 “서울, 특히 강북 재개발을 가로막던 주거정비지수제를 없앤 것만으로도 파격적 규제 완화로 평가할 만하다”고 말했다.
주거정비지수제가 폐지되면 서울에서 재개발 사업 신청이 가능한 지역이 지금보다 4배 정도 늘어날 것이라는 분석이 나온다. 김제경 투미부동산컨설팅 소장은 “한남1구역, 고덕2-1·2-2구역, 성북4구역 등 최근 정부 주도 공공 재개발에 관심을 보이다가 주민 반대로 무산된 곳이 이번 규제 완화를 가장 환영할 것”이라고 말했다. 이 밖에 도시 재생에 대한 주민 반발이 터져 나온 종로구 창신·숭인동과 미아뉴타운 중 일부 구역이 개발되지 않은 강북구 미아동 일대도 수혜지로 꼽힌다.
◇행정 절차 ‘5년→2년’ 단축
서울시는 재개발 행정 절차에 걸리는 시간을 단축하고자 ‘공공 기획’이란 제도도 도입하기로 했다. 정부가 추진 중인 공공 재개발과 비슷한 시스템이다. 사전 타당성 조사, 정비 계획 수립 등 전문성이 필요한 단계에 서울시가 참여해 가이드라인을 제시하고 공공성을 확보하는 방식이다. 서울시는 “정비 구역 지정까지 걸리는 시간이 5년에서 2년으로 줄어들 것”이라고 설명했다.
시는 또 빠른 사업 추진을 위해 주민 동의율 확인 절차를 3단계에서 2단계로 줄이되, 소수 의견이 무시되는 부작용을 막기 위해 사업 초기 단계 동의율 요건은 10%에서 30%로 높인다. 또 2종 일반주거지역에 적용하던 7층 층수 규제를 완화해 15층까지 지을 수 있도록 했다. 서울 전체 주거 지역 중 43%가 2종 일반주거지역인데, 그 중 7층 규제를 적용받는 지역은 61%에 달해 주택 공급 효과 확대를 기대할 만하다.
투기 방지 장치도 마련됐다. 재개발 후보지 공모에 참여한 지역에선 다가구 주택의 소유권을 나눠서 여러 분양권을 확보하는 ‘지분 쪼개기’가 금지된다. 또한 재개발 후보지로 새로 선정된 곳은 토지거래허가구역으로 지정돼 실거주자만 주택을 매수할 수 있다. 함영진 직방 빅데이터랩장은 “이번 규제 완화로 재개발 사업에 대한 기대감이 높아져 일부 지역에서 단독주택과 빌라 가격이 오를 가능성도 있다”고 말했다."
https://www.chosun.com/economy/real_estate/2023/09/19/BBSMB6LXHNF2BIWOSQXQY7S7HY/,"땅집고 공간기획센터가 빈 상가과 건물에 임차인을 연결해 주는 ‘리징(leasing)’ 컨설팅 서비스를 진행한다. 이미 경쟁력이 입증된 대형 베이커리 카페를 비롯한 F&B(식음료) 브랜드, 헬스클럽, 키즈카페, 모임공간 등 핵심 임차인을 찾아 연결한다. 연면적 100평 이상 단일 상가(건물)로 아파트(주상복합·오피스텔 포함) 단지 내 상가, 중대형 플라자 상가, 단독형 상업용 건물을 보유한 시행사·건설사, 개인·법인 등이 신청할 수 있다. 땅집고 공간기획센터와 함께 할 다양한 콘텐츠를 갖춘 테넌트 부문 파트너도 함께 모집한다.
땅집고는 오는 10월18일 개강하는 ‘공실 빌딩 살리기 임대차 전략’ 2기 과정 수강생도 모집 중이다. 강의는 총 6회로 성수동 현장 스터디도 포함한다. 건물 기획 단계부터 공실을 줄이고 속칭 핫플로 만들 수 있는 실전 임대차 노하우를 집중적으로 알려준다. 이미 준공한 상가에서 발생한 대규모 공실을 해소할 수 있는 전략도 제시한다.
황윤민 무월F&B 대표, 김신동 스위트스팟 이사, 성정학 박스풀 대표 등 상권 트렌드와 공간 마케팅, 상업공간 운영·관리 전문가들이 강사로 나선다. 수강료는 170만원이며 땅집고M 홈페이지에서 신청 가능하다."
https://www.chosun.com/economy/real_estate/2025/05/10/EWUDDBZ4PBEPJN76NYOJHFFBYE/,"대선을 앞두고 세종시의 집값이 급등세를 보이고 있다.
9일 한국부동산원에 따르면 5월 첫째 주(5월 5일 기준) 전국 주간 아파트 가격 동향에서 세종시 아파트 가격이 0.40% 상승한 것으로 나타났다. 전국 아파트 매매가격이 전주 대비 0.02% 하락했으며, 세종시의 상승세는 전국 17개 시도 가운데 가장 높다. 서울은 물론 강남 3구의 가격 상승률보다도 높았다.
세종시는 대선을 앞두고 대통령실 이전 등 행정수도 이전 가능성이 나오면서 지속적으로 상승세를 보이고 있다. 올해 세종시의 누적 상승률도 0.04%를 기록하며 플러스 전환했다. 다만 4월 셋째 주 0.23%, 4월 넷째주 0.49% 등 급증하던 상승폭은 이번주 다소 숨고르기에 들었다.
선거를 앞둔 세종시의 집값 급등 현상은 올해만 일어나는 특이 현상은 아니다. 총선을 앞두고 행정 수도 이전안이 불거졌던 2020년에는 급등세가 더욱 가팔랐다. 당시 한 해 동안 세종시 아파트값은 47%나 뛰었다. 그러나 행정 수도 이전이 무산되자 2022년부터 작년까지 20% 가까이 빠졌다. 세종시는 지난해 아파트값이 4.2% 내리면서(KB부동산 기준) 전국 17개 시도 중 상승률 꼴찌를 기록하기도 했다.
한편 서울(0.09%→0.08%)은 상승폭이 줄었고 강남 11개구는 0.1% 올랐다. 서울 서초구(0.19%)는 잠원·반포동 재건축 추진단지 위주로, 양천구(0.15%)는 목·신정동 위주로, 강남구(0.15%)는 대치·압구정동 위주로, 동작구(0.12%)는 상도·사당동 준신축 위주로, 송파구(0.12%)는 잠실·송파동 위주로 상승했다."
https://www.chosun.com/economy/real_estate/2022/01/10/XOXOIVBTUZEG7PCKI4SAAMTUZM/,"GH(경기주택도시공사)와 DL이앤씨 컨소시엄이 이달 경기도 안양시 만안구 안양동 618번지에서 ‘안양 어반포레 자연& e편한세상’을 분양한다. 안양 냉천지구 주거환경 개선사업을 통해 공급되는 브랜드 대단지 아파트다. 지하 3층~지상 29층 18동에 2329가구가 들어선다. 이 중 전용면적 46~98㎡ 1087가구를 일반에 분양한다. 소형부터 중대형까지 다양한 주택형이 마련돼 수요자들의 기대를 받고 있다.
◇정비사업 활발한 안양 만안구
안양 어반포레 자연& e편한세상이 들어서는 안양시 만안구는 주택 정비 사업이 활발하게 추진되고 있는 지역이다. 예술공원 재개발(1021가구), 상록지구(1713가구), 화창지구(483가구), 안양역세권지구(853가구), 삼영아파트 재개발(558가구) 등에서 재개발 사업이 진행되고 있다. 향림(271가구), 진흥(2736가구), 신한(507가구), 동성2차(230가구), 청원(419가구) 등 노후 아파트는 재건축 사업이 진행 중이거나 계획돼 있다.
이런 정비 사업을 통해 만안구 일대는 총 1만4000여 가구의 주거 타운으로 변신할 예정이다. 덕천지구(래미안 안양 메가트리아·4250가구)와 소곡지구(안양 씨엘포레자이·1394가구)는 이미 메이저 브랜드 아파트가 입주를 마쳤다.
냉천지구 주거환경 개선 사업에는 안양 어반포레 자연& e편한세상 아파트 외에 공원·녹지·유치원 부지가 포함돼 생활 인프라가 함께 조성된다. 내부 설계는 DL이앤씨가 개발한 맞춤 주거 플랫폼 ‘C2 하우스’가 적용된다. 입주자가 취향대로 실내 구조를 바꿀 수 있도록 최소한의 내력벽 구조만 남겨둔 가변형 설계가 가능하다. 방과 방 사이, 거실과 방을 구분한 벽체를 허물어 라이프 스타일에 맞춘 공간 연출이 가능하다. 주택 전시관은 이달 안양시 만안구 안양동 613-15번지에 마련될 예정이다.
◇GTX 개통 등 철도 호재 많아
원도심인 안양역 일대의 풍부한 생활 인프라도 누릴 수 있는 입지다. 이마트, 엔터식스, 2001아울렛, 롯데시네마, 안양아트센터 등이 가까워 쇼핑이나 문화 생활을 즐기기 좋다. 안양 최대 상권인 안양일번가도 근처에 있다. 안양세무서, 만안구청 등 행정기관을 이용하기도 편하다.
교육 환경도 우수하다. 반경 1㎞ 안에 안양초, 신안초, 근명중, 신안중, 신성중·고, 근명고 등 학교가 밀집해 있다. 안양대학교 안양캠퍼스를 걸어서 갈 수 있다. 수리산과 병목안시민공원, 호계근린공원, 삼덕공원 등 주변에 녹지가 많아 쾌적한 주거 환경을 갖췄다.
대중교통이 잘 갖춰져 서울로 출퇴근하기 편하다. 안양 어반포레 자연& e편한세상은 반경 1㎞ 거리에 지하철 1호선 안양역과 명학역이 있는 더블 역세권이다. 안양역에서 두 정거장만 이동하면 지하철 1·4호선 환승역인 금정역이다. 서울역까지 40분 정도면 닿는다. 안양 시외버스 정류장이 가깝고, 수도권 제1순환고속도로 평촌IC, 제2경인고속도로, 서해안고속도로, 영동고속도로 등 주요 간선도로를 통해 전국으로 이동할 수 있다.
교통 여건은 더욱 좋아질 예정이다. 금정역에 수도권광역급행철도(GTX) C노선이 개통하면 수원부터 서울 강남구 삼성역까지 이동 시간이 기존 71분에서 26분으로 단축된다. 2026년 개통 예정인 월곶~판교 복선전철(월판선) 수혜도 기대된다. 안양 관양동에서 화성 오산동을 잇는 복선전철 개통 계획도 있다."
https://www.chosun.com/economy/real_estate/2023/01/19/FMBYQT46VVH2FM2F4U4EJNS3XU/,"전국 118개 건설사가 타워크레인 월례비 등의 명목으로 최근 3년간 1686억원을 노조에 뜯긴 것으로 파악됐다.
국토교통부는 지난달 30일부터 이달 13일까지 2주간 민간 12개 건설 분야 유관협회를 통해 진행한 ‘건설현장 불법행위 피해사례 실태조사’ 결과, 290개 업체가 불법행위를 신고했다고 19일 밝혔다. 이 가운데 133개 업체는 월례비 등 부당금품을 지급한 계좌 내역 등 입증 자료를 보유하고 있고, 84개 업체는 이미 수사기관에 수사를 의뢰한 것으로 파악됐다.
이 같은 불법행위는 전국 총 1489곳 현장에서 2070건 발생한 것으로 집계됐다. 지역별로는 수도권이 681곳, 부산·울산·경남권이 521곳으로 약 80%를 차지해 해당 권역에 피해 사례가 집중됐다. 이어 대구·경북권(125곳), 광주·전라권(79곳), 대전·세종·충청권(73곳), 강원권(15곳) 순으로 나타났다.
불법행위 유형별로는 타워크레인 월례비 요구가 1215건(58.7%)으로 절반 이상을 차지했다. 한 건설사는 최근 4년(2019~2022년) 동안 18곳 현장에서 타워크레인 조종사 44명에게 월례비 38억원을 697회에 걸쳐 지급한 것으로 나타났다. 노조전임비를 강요하는 사례가 567건(27.4%)으로 뒤를 이어 부당금품 수취가 전체 불법행위의 86%를 차지했다. 한 건설사는 2021년 10월 한 공사 현장에서만 10개 노조로부터 전임비를 강요받아 노조당 100만~200만원씩 월 1547만원을 지급한 것으로 나타났다. 또 다른 건설사는 2021년 10월부터 작년 2월까지 특정 노조로부터 조합원을 채용하거나, 채용하지 않을 경우 발전기금을 낼 것을 강요받아 결국 작년 3월 300만원을 발전기금으로 제공한 것으로 나타났다.
이번 조사에서 피해액도 제출한 118개 업체는 최근 3년간 1686억원의 피해액이 발생했다고 응답했다. 1개 업체에서 최소 600만원, 최대 50억원까지 피해가 발생한 것으로 파악됐다. 이는 계좌 지급 내역 등 입증 자료를 보유한 업체의 피해액만 집계한 결과로, 타워크레인 월례비와 강요에 의한 노조전임비가 대부분을 차지했다. 건설현장에서 불법행위 발생으로 공사 지연이 발생한 현장은 총 329곳. 최소 2일에서 많게는 120일까지 지연된 것으로 나타났다.
이번 실태 조사는 13일까지 이뤄질 예정이었으나 신고가 계속 접수돼 다음 주부터는 각 협회별로 익명 신고 게시판을 설치해 온라인으로도 접수를 받을 예정이다. 국토부는 이번 조사 결과를 세부적으로 확인하여 피해 사실이 구체화 된 건에 대해 수사기관에 수사를 의뢰할 계획이다.
원희룡 국토부 장관은 “그간 민간 건설사들이 건설노조의 불법행위에 속절없이 끌려가고, 보복이 두려워 경찰 신고조차 못 했다”며 “노조 횡포가 건설사의 자포자기, 솜방망이 처벌로 이어지는 악순환을 끊어내겠다”고 밝혔다."
https://www.chosun.com/economy/real_estate/2021/10/17/ULTZQRXAW5FP7MI2HIRQ6JLPWQ/,"주택 시장의 ‘거래 절벽’ 현상이 집값 급등에 따른 부담과 금융 당국의 대출 규제 여파로 심화하고 있다. 추석 이후 본격적인 가을 이사철이 시작됐지만, 집을 사겠다는 사람이 적어 매매 건수가 급감하고 있다.
17일 서울시에 따르면, 지난 9월 서울 아파트 거래량(17일까지 신고 기준)은 2348건으로 전월(4178건)에 비해 43.8% 줄었다. 전년 동월(3775건)과 비교해도 37.8% 적다. 서울 아파트 월간 거래량은 2분기 평균 3945건에서 7월 4700건으로 반짝 늘었지만 이후 2개월 연속 감소했다. 10월 거래량은 276건에 불과하다.
최근 거래가 급감한 것에 대해 전문가들은 “집값이 고점에 이르렀다는 인식이 퍼진 상태에서 대출마저 어려워져 매수 수요가 급격히 위축됐기 때문”이라고 분석하고 있다. KB국민은행이 매주 발표하는 서울 아파트 매수우위지수는 지난주 94.5를 기록하며 2주 연속 기준선(100)을 밑돌았다. 이 지수가 100보다 낮으면 집을 사겠다는 사람보다 팔겠다는 사람이 많다는 뜻이다. 한국부동산원이 집계하는 서울 아파트값 주간 변동률 역시 9월 첫 주 0.21%에서 지난주 0.17%로 상승 폭이 축소됐다.
서울 서대문구 A공인 관계자는 “여름까지만 해도 집값이 더 오를 것이란 생각에 전세를 끼고서라도 집을 사겠다는 사람이 많았는데, 정부의 가계 대출 규제 소식이 전해진 후로는 매수 문의가 뚝 끊겼다”며 “한동안 관망세가 이어질 것 같다”고 말했다.
매수 수요가 위축되면서 아파트 매물도 쌓여가고 있다. 부동산 빅데이터 업체 아실 집계에 따르면, 17일 기준 서울 아파트 매물은 4만1890건으로 두 달 전에 비해 11.4% 늘었다. 도봉(36.5%), 노원(25.6%), 구로(25.3%) 등 중저가 주택 비율이 높은 지역의 매물 증가 폭이 강남(0.5%), 서초(3.6%), 송파(0.3%) 등 강남 3구보다 컸다."
https://www.chosun.com/economy/real_estate/2021/06/18/E32A3MMJTFD2HA6GEGIGLWN22M/,"하반기 수도권에서 94개 아파트 단지, 총 10만4760가구가 분양된다. 재개발·재건축 단지의 조합원 몫을 제외한 일반분양 물량만 6만 가구가 넘는다. 서울을 포함해 광명과 하남 등 경기도 인기 주거지에서도 대단지 분양이 계획돼 있다. 부동산 전문가들은 “새 아파트 선호도가 갈수록 높아지는 상황에서 분양가도 주변 아파트 시세보다 저렴해 청약 수요가 대거 몰릴 것”으로 전망했다.
◇서울 일반분양 물량만 1만가구
17일 부동산 정보업체 ‘부동산114′에 따르면, 서울에선 7월부터 총 21개 단지, 1만983가구가 일반분양된다. 서울은 상반기 분양 아파트가 7곳뿐으로, 대부분 소규모 단지였다.
강동구 고덕강일지구에 들어서는 ‘e편한세상 강일 어반브릿지’가 7월 분양에 나선다. 전용면적 84·101㎡, 총 593가구 규모다. 분양가는 전용 84㎡ 기준 8억원대로 올해 2월 분양한 ‘고덕강일 제일풍경채’와 비슷한 수준으로 예상된다. 앞서 제일풍경채가 평균 150대1의 청약 경쟁률을 기록한 만큼 어반브릿지 역시 경쟁이 치열할 것으로 보인다.
강남권에서도 꽤 많은 물량이 나온다. 서초구 방배동에서 ‘디에이치 방배’(방배5구역), ‘아크로 파크브릿지'(방배6구역) 등이 일반분양을 준비하고 있다. 이 단지들은 상한제를 적용받더라도 분양가가 9억원을 넘을 가능성이 커 중도금 대출이 불가능할 전망이다.
강북에선 재개발을 통해 나오는 아파트가 많다. 은평구 대조1구역은 총 1971가구 중 758가구를, 동대문구 이문1구역은 2904가구 중 803가구를 일반분양할 계획이다.
일반분양 물량이 4805가구에 달하는 서울 최대 재건축 단지 강동구 ‘둔촌주공’도 하반기 분양이 목표다. 다만 둔촌주공은 분양가 산정 문제로 작년부터 계속 일정이 밀리고 있다. 둔촌주공 공급 일정이 내년으로 밀리면 하반기 서울 분양 물량도 대폭 줄어든다.
올해 들어 아파트값이 고공행진 중인 경기도에선 광명2R구역, 광명5R구역, 하남C구역, 수원권선6구역 등에 실수요자 관심이 쏠린다. 재건축·재개발로 나오는 아파트는 이미 주변 인프라나 교통망이 잘 갖춰져 택지지구보다 선호도가 높다. 여경희 부동산114 수석연구원은 “서울이나 서울과 인접한 지역일수록 60~70점대의 높은 가점자들이 분양 물량 대부분을 가져갈 것”이라며 “청약 가점이 50점대 후반 정도로 애매하다면 상대적으로 선호도가 떨어지는 평형을 찾는 것이 당첨 확률을 높일 수 있다”고 말했다.
◇3기 신도시 사전청약도 예정
청약 가점이 낮은 30~40대라면 수도권 알짜 지역에서 나오는 ‘줍줍(무순위 청약)’ 물량을 노려볼 수 있다. 당첨자가 계약을 취소하거나 부정 청약이 적발돼 재공급하는 물량이다. 물량은 많지 않지만, 최초 분양가로 나오는 만큼 최근 시세보다 가격이 저렴한 것이 최고의 장점이다.
위례신도시에서는 지난 4월 입주를 시작한 ‘위례포레자이’ 1가구가 다음 달 초쯤 무순위 청약으로 나올 예정이다. 2019년 초 분양 때도 130대1의 경쟁률을 기록한 곳으로, 현재 분양가와 주변 시세의 차이가 10억원 넘게 벌어져 있다. 2018~2019년 분양한 ‘과천위버필드’ ‘과천자이’ 등에서도 무순위 청약 물량이 나올 것으로 예상된다. 최근 무순위 청약 신청 자격이 해당 지역에 거주하는 무주택자로 바뀐 점을 유의해야 한다.
3기 신도시를 포함한 공공택지지구 사전청약도 오는 7월 15일 시작된다. 올 연말까지 수도권 총 30개 지역에서 3만200가구가 공급되고, 내년에 3만가구가량이 추가로 나온다.
1차 사전청약 대상은 총 5개 지구, 11개 단지, 총 4333가구다. 인천계양에서 1050가구, 남양주진접에서 1535가구, 성남복정에서 1026가구, 의왕청계에서 304가구, 위례에서 418가구다. 이 중 1945가구(7개 단지)는 신혼부부나 한 부모 가족 등에 청약 자격을 주는 신혼희망타운으로 젊은 층이 상대적으로 유리하다.
청약 전문가인 정지영 아이원 대표는 “사전청약에 당첨되더라도 본 청약 전까지는 다른 공공분양이나 민간분양 단지에 일반 청약할 수 있다”며 “사전청약은 일종의 ‘보험'이라는 생각을 갖고 신청하는 편이 낫다”고 조언했다."
https://www.chosun.com/economy/real_estate/2022/07/05/G4E7WXWZ35ABLPZGZ6D2UCSB6M/,"올해 들어 주택 수요가 급감하며 서울 외곽에서 시작된 집값 하락세가 마·용·성 등 한강변을 지나 강남3구 중 한 곳인 잠실까지 확산하고 있다. 잠실을 대표하는 3대 아파트인 ‘엘스’ ‘리센츠’ ‘트리지움’ 등 이른바 ‘엘·리·트’가 지난 5~6월 사이 직전 대비 억 단위로 떨어진 가격에 잇따라 실거래가 이뤄졌다.
5일 국토교통부 실거래가 공개시스템에 따르면, 잠실 트리지움 전용면적 84㎡는 작년 9월 24억5000만원에 거래되며 최고가 기록을 갈아치웠는데, 올해 5월 초 이보다 3억원 가까이 낮은 21억8000만원에 거래됐다. 기존 최고가가 18층이고 5월 초 거래는 4층이라는 점에서 동일 선상 비교는 어렵지만, 5월 중순과 6월 초에 26층, 22층이 23억원에 거래된 점을 감안하면 1억원 넘게 떨어진 셈이다.
앞서 리센츠도 전용 84㎡가 직전 최고가 대비 4억원 떨어진 22억5000만원에 지난 5월 거래됐고, 엘스 역시 최고가(27억원·작년 10월)보다 최근 실거래가(23억5000만원)가 3억원 넘게 떨어졌다. 엘·리·트 만큼 주거 선호도가 높은 레이크팰리스, 행정구역상 잠실은 아니지만 같은 생활권인 신천동 파크리오도 실거래가가 최고가 대비 1억원 넘게 하락하고 있다.
전문가들은 ‘똘똘한 한채’ 수요가 몰리는 강남3구가 지금까진 다른 지역에 비해 주택 수요 위축의 영향을 덜 받았지만 시장 침체 분위기가 장기화하면 결국 영향을 피해갈 순 없을 것으로 보고 있다. 부동산원 집계로 서울 주간 아파트 가격은 지난주 서초구(0.02%)를 제외하고는 모두 떨어지거나 보합을 기록했다. 송파구는 0.02% 하락했고, 대통령실 이전 호재에 한동안 반짝했던 용산구와 재건축 기대감이 있는 강남구도 보합을 기록했다. 서초구가 나홀로 상승을 이어가고 있는 것 역시 압구정, 대치, 삼성 등 강남구 인기 지역이 토지거래허가구역으로 묶이면서 반사이익을 누리는 것이라는 해석이 많다.
이런 가운데 최근 한 인터넷 부동산 카페에는 “시세 32억원짜리 아파트를 30억원에 팔고 잔금도 빌려드린다”는 글이 올라와 화제가 되기도 했다. 본인을 다주택자라 소개한 글쓴이는 강남구 청담동 소재 시세 32억원짜리 아파트를 급하게 처분하느라 호가를 2억원 낮췄으며, 토지거래허가구역이라 갭투자가 어려운 만큼, 14억원을 집주인이 매수자에게 빌려주고 2년이 후 돈을 돌려받는 조건을 내걸었다. 이처럼 사정이 급한 매도자가 돈을 적게 받고 일단 집을 처분하는 것은 매년 보유세 과세기일(6월 1일) 직전에 가끔씩 나타나던 현상인데, 6월 1일이 지난 시점에 이런 글이 올라온 것은 이례적이다. 해당 글은 지금 삭제된 상태다.
고종완 한국자산관리연구원장은 “오랜 기간 주택 가격이 상승하면서 피로감이 극에 달하고 있고, 금리도 오르면서 수요는 계속 줄어드는 분위기”라며 “시장 전체가 위축되면 결국 강남권 인기 아파트도 영향을 받게 될 것”이라고 말했다."
https://www.chosun.com/economy/real_estate/2022/07/05/T65Y4E3KLVDQHJKXZ7EZK3MESA/,"[지방 주택시장은 지금] ⑧”이렇게 집값 오르는 건 처음”…3년째 뜨거운 강릉
[땅집고] “이런 일은 강릉 역사상 처음이라고 봐요. 최근 몇 년간 강릉 집값은 정말 무섭게 올랐고 지금도 오르고 있어요. 3년 전만 해도 강릉에서는 신규 아파트 분양권에 ‘피’(P·프리미엄)가 1000만원만 붙어도 안 팔렸거든요. 오히려 마이너스피가 널렸는데 지금은 피가 2억원까지도 치솟았어요.”(강원 강릉시 송정동의 박형진 송정더휴부동산 대표)
지난 1일 찾은 강원도 강릉시 송정동. 이 일대 공인중개사사무소 창문에 나붙은 아파트 매물 게시판에는 4000만원~5500만원씩 피가 붙은 분양권 매물을 쉽게 볼 수 있었다. 급매물은 아예 없고 월세도 보증금 3억원, 월 150만원 수준이었다.
지방 부동산 시장이 대부분 침체에 빠졌지만 강릉은 전혀 딴판이다. 부동자금이 몰리면서 강릉 해안가 일대 집값이 꾸준히 오르고 있다. 다만 업계에서는 하반기엔 동해안 일대 집값도 보합 상태로 전환할 가능성이 높다고 전망한다. 금리 인상과 집값 고점 부담감이 크기 때문이다. 그럼에도 강릉은 집값 거품이 덜해 급락할 가능성은 적다고 보고 있다.
■비규제지역 풍선효과로 신고가 속출
강원도 해안가 일대는2018년 평창동계올림픽 이후로 집값이 다소 하락세였다. 하지만, 2020년부터 집값이 오르기 시작했다. 올해도 3년째 상승세가 이어지고 있다. 지난 1일 KB국민은행 월간 주택가격 동향자료에 따르면 올 1~6월 강릉 지역 아파트 매매가격 변동률은 6.99%로, 경기도 이천(8.06%)에 이어 전국 2위를 차지했다. 같은 기간 전국은 0.75%, 서울은 0.60%였다.
강릉에서는 이른바 ‘대장 아파트’와 신축 브랜드 단지를 비롯해 구축 아파트까지 동반 상승하고 있다. 강릉에서는 ▲유천동 ‘강릉유천한내들더퍼스트’, ▲교동 ‘강릉롯데캐슬시그니처’, ▲송정동 ‘강릉아이파크’ 등을 속칭 3대장으로 꼽는다. 세 단지는 꾸준히 신고가 행진을 이어가고 있다.
2024년11월 입주 예정인 1305가구 규모의 교동 ‘강릉롯데캐슬시그니처’는 프리미엄이 최소 1억4000만원에서 최대 2억원까지 붙었다. 가장 큰 전용 140㎡는 지난해 9월 9억5970만원으로 강릉 최고가 기록을 갈아치웠다. 이 단지는 지난해 1순위 청약에서 46.88대 1의 경쟁률을 기록하며 완판됐다. 강릉에서 희소한 대단지이자 브랜드 아파트, 교동이라는 지역적 이점으로 단숨에 대장 아파트 자리를 꿰찼다.
강릉 원조 대장 아파트인 유천동 ‘강릉유천한내들더퍼스트’ 전용 84㎡는 올 6월초 7억1700만원으로 신고가를 갱신했다. 이는 작년 11월 마지막 거래에서 2억원 가까이 오른 것이다. 이 단지는 2021년7월 준공한 788가구다. 송정동 ‘강릉아이파크’도 신고가가 이어지고 있다. 전용 84㎡는 올 6월 초 6억4500만원으로 한 달 전보다 6000만원 올랐다. 다른 평형대도 뜨문뜨문 이뤄지는 거래 속에 최근 신고가를 갱신 중이다. 이 단지는 2019년10월 준공한 492가구 규모다.
■구축 아파트 더 크게 뛰었다…재건축 기대감 탓
주로 실수요자들이 사는 구축 저가 단지는 인상 폭이 훨씬 크다. 대장 아파트가 상승세를 견인하는 가운데 재건축 기대감이 커지고 있기 때문이다. 1979년1월 준공한 640가구 규모 포남동 ‘포남1주공’ 단지가 지난해 말 강릉에서 첫 재건축이 추진되자, 구축 아파트값도 덩달아 큰 폭으로 뛰었다.
올해 준공 37년 차를 맞은 480가구 규모 입암동 ‘입암주공1단지’ 전용 47㎡는 2020년까지 6000만원대였지만, 작년부터 1억5000만원으로 치솟은 뒤 지난 3월 1억3500만원으로 소폭 내렸다. 절대 금액은 낮아도 상승률이 150%에 달해 신축 단지 이상으로 크게 올랐다. 준공 24년 차를 맞은 300가구 규모 교동 ‘현대하이빌’ 전용 123㎡는 지난 4월 5억500만원에 거래됐다. 2년여 만에 78.5%가 뛰었다.
구축 아파트조차 가격이 크게 뛰면서 현지 서민 주택난은 심각해지고 있다. 강릉 토박이라고 밝힌 60대 박모씨는 “이제 일반인은 강릉에서 집 사기가 더 어려워졌다. 평창올림픽 전후로 집값이 2배 이상 올랐는데 누가 살 수 있겠나”라면서 “집이 있는 사람들은 집값이 올라 좋지만, 없는 사람은 계속 평수를 좁히면서 내려갈 수밖에 없다”고 말했다.
■”당분간 오르지도, 빠지지도 않을 것”
주택업계에서는 강릉 집값이 올랐던 가장 큰 이유로 수도권 부동산 규제에 따른 풍선효과를 꼽는다. 수도권과 지방 대도시가 투기과열지구, 조정대상지역 등으로 묶이자 갈 곳을 잃은 부동자금이 강원도로 몰린 것. 여기에 더해 코로나19 사태 장기화로 바다뷰를 즐길 수 있는 동해안 일대가 관광지이자 투자처로서 급부상했다. 특히 강릉은 동해안에서 드물게 KTX역이 있어 서울·수도권 접근성이 뛰어나 외지 투자 수요가 몰렸다는 분석이 나온다.
전문가들은 강릉을 비롯한 강원도 해안가 일대 집값 상승세가 당분간 주춤할 것으로 본다. 여경희 부동산R114 수석연구원은 “세컨하우스 개념으로 매수하는 외지인 투자 수요가 간간이 이어지겠지만, 하반기 경기 침체와 물가 상승 여파로 집값 상승 동력이 약해 매수세가 크게 늘긴 어렵다”고 했다.
강릉 교동의 S공인중개사사무소 관계자도 “지금은 매매나 전월세 거래가 확연히 줄었다”면서도 “강릉이나 속초 등 해안가 지역의 경우 당분간 매매 거래는 줄어들겠지만 신고가 행진은 이어질 가능성이 높다”고 했다."
https://www.chosun.com/economy/real_estate/2023/10/02/L477V2SLYJGIVH37QNYAHFKYCI/,"포스코이앤씨는 내년 창립 30주년을 맞아 2035년까지 매출 25조원, 영업이익 2조원을 달성하겠다는 목표를 밝힌 가운데, 해외 사업 내용은 쏙 빠져 있다. ‘빅5′로 분류하는 대형 건설사들도 해외 사업을 포함해야 매출액 20조원을 겨우 달성하는데, 포스코이앤씨 해외 사업 수주고는 계속 바닥으로 내려가고 있는 상황이다.
포스코이앤씨는 사우디아라비아 국부펀드(PIF)가 지분 38%를 가지고 있고, 이사회 이사 6명 중 사외이사 2명은 PIF에서 직접 앉힌 외국인일 정도로 해외 사업에 진심인 회사였다. 2011년만 해도 국내 건설사 중 해외 수주액 2위를 차지하고, 빠른 해외 사업 성장세로 2015년 PIF의 투자를 유치해 냈다. 이처럼 해외 사업에서 유리한 위치를 가지고 있는데도 최근 몇 년새 해외 사업 실적은 뚝뚝 떨어지고 있다.
☞관련기사: 포스코이앤씨, “2035년까지 매출이익 25조, 영업이익 2조 달성할 것”
☞관련기사: ‘KT 흔들기’ 끝, 다음은 포스코?…정권發 CEO 리스크 수면 위로 [건설사기상도]
☞관련기사: 영업이익 30% ‘뚝’ 포스코이앤씨…한성희 사장 5연임 빨간불 [건설사 기상도]
■ 한 땐 2위였는데…'네옴시티’ 사우디 등에 업고도 비중 1%대 굴욕
해외건설협회 자료에 따르면 포스코이앤씨의 해외 사업 계약액은 2010년 26억9861만 달러(약 3조 6000억원)로 나타났다. 그해 해외 사업 계약을 딴 국내 건설사 중 4.56%를 차지하는 수준이었다. 그러다 2011년 계약액 69억524만 달러(약 9조 2600억원)에 비중 11.68%로, 역대급 실적을 기록했다. 삼성엔지니어링(70억6791만 달러ㆍ11.95%)에 이어 두 번째로 많은 수주고를 올린 것. 2012년부터 2018년까지는 많으면 비중 7%대, 적어도 3% 후반을 유지했다.
한성희 사장이 취임한 첫해인 2020년은 그나마 계약액 17억6556만 달러 수준으로 비중 5%를 지켰다. 그러나 그 다음 해부터 계약액 9억9422만 달러에, 비중 3.25%로 실적은 떨어지기 시작했다. 그러다 위기가 제대로 드러난 건 작년이다. 포스코이앤씨에게 유리한 사우디아라비아 메가 건축프로젝트 ‘네옴시티’ 수주전이 열렸는데도 계약액 3억6909만 달러에 비중 1.19%로 역대 최악의 성적을 거뒀다.
PIF를 등에 업은 유리한 환경에서도 성과를 내지 못하면서 앞으로도 해외 실적은 개선 여지가 낮을 전망이다. A 대형 건설사 관계자는 “본인들한테 유리한 사우디 수주전에서도 성과를 못 내고, 비전 선포식에서도 구체적인 해외 사업 목표를 내놓지 못했다”며 “포스코이앤씨가 해외 사업에서 손을 뗀 게 아닌가 싶다”고 했다.
☞관련기사: [단독] 포스코이앤씨, 해외사업단 폐지…해외 시장 포기했나
포스코이앤씨는 최근 몇 년 새 해외 관련 부서도 대폭 축소했다. 포스코이앤씨는 해외 사업 축소는 아니라는 입장이다. 포스코이앤씨 관계자는 “해외 사업 부문 축소가 아니라 오히려 확대할 계획으로 조직을 개편한 것”이라면서 “신비전 선포식에서도 해외비중 목표를 30%로 계획하고 조직과 인력 확충을 하고 있다”고 말했다.
■ “도시정비ㆍ친환경에 열 올리는 이유? 해외 못 해서”
업계 관계자들에 따르면 포스코이앤씨는 사실상 역량ㆍ경험 부족으로 해외 사업을 ‘못’ 하고 있는 상황이다. 포스코이앤씨 전직 관계자는 “쉽게 말하자면 PIF가 포스코이앤씨 가능성을 보고 투자했다가 완전히 망한 케이스”라면서 “앞서 포스코이앤씨는 대우인터내셔널을 인수해 전 세계 네트워크를 확보했으나, 해외에서 몇 번 실패하자 잔뜩 위축돼 해외 사업 길을 스스로 막아버렸다”고 했다.
2011년 포스코이앤씨는 중동시장에 집중하던 경쟁사와 달리 미개척 유망 지역인 칠레 페루 등 중남미 시장에 본격적으로 뛰어들어 당시 파격적인 성과를 이뤘다. 그 이후 브라질, 에콰도르, 베트남 등 해외 사업장으로 확장했으나, 횡령ㆍ배임 등 사건에 투자 실패까지 잇따르며 내부 분위기가 바뀌었다.
특히 사건 터졌을 당시 최정우 포스코홀딩스 회장은 당시 포스코건설(현 포스코이앤씨)에서 경영기획실장을 맡고 있었다. 사건들을 직접 겪은 최 회장이 해외사업에 대해 불신이 생기면서 자연스럽게 사업을 축소한 것 아니냐는 지적이 나온다. 이 관계자는 “회장 심기를 거스르기 싫으니 밑에서도 눈치껏 해외 대신 국내 재건축ㆍ재개발이나 리모델링, 친환경 사업으로 눈을 돌릴 수밖에 없었을 것”이라고 덧붙였다.
■ 사명 바꾸며 ‘친환경’ㆍ국내 정비사업에 올인…업계선 “글쎄”
한성희 사장은 지난 19일 포스코이앤씨 비전선포식에서 올해 업계 최고 수준인 3조원대 재건축ㆍ리모델링 사업 수주액을 올렸다고 대대적으로 발표했다. 내년 창립 30주년을 앞두고 친환경 혁신기업으로 도약하겠다고 선언했다.
앞서 포스코이앤씨는 올 3월 사명을 포스코건설에서 포스코이앤씨(Eco & Challenge)로 바꿨다. 사명 변경 이후 포스코이앤씨는 수소 플랜트, 해상풍력, 소형모듈원전(SMR), 모듈러주택 등 친환경 사업에 드라이브를 거는 중이다.
업계에서는 친환경 사업으로 돈을 벌긴 어렵다는 반응이다. B대형 건설사 관계자는 “친환경은 ESG처럼 업계에 부는 트렌드 같은 것”이라면서 “보기엔 좋지만 매출액을 늘리는 새로운 먹거리로 보기 힘들고 보여주기식에 그칠 가능성 높다”고 했다.
☞더 많은 기사는 땅집고에서 보실 수 있습니다"
https://www.chosun.com/economy/real_estate/2022/04/02/SAXVV3OI4FHF3PYXY2SOPJXGXM/,"서울 송파구에서 영업 중인 한 공인중개사는 1일 “어제오늘 새로 추가된 매물은 없지만, 집을 팔면 세금이 어느 정도 줄어드는지 묻는 전화는 여러 통 받았다”고 했다. 전날 대통령직 인수위원회가 한시적인 다주택자 양도세 중과 유예 방안을 발표하자 다주택자의 ‘절세 매물’이 시장에 얼마나 나올지 관심이 쏠리고 있다. 이르면 이달 중, 늦어도 새 정부가 출범하는 5월 10일부터 1년간 최고 82.5%에 달했던 다주택자 양도세 중과세율 적용이 유예된다. “매물이 늘고, 거래도 활발해질 것”이라는 전망이 지배적이지만, 계약갱신청구권과 토지거래허가구역 등 기존 규제와의 충돌 때문에 매물 유인 효과가 기대에 못 미칠 수 있다는 지적도 나온다.
2020년 기준 전국 1173만 유주택 가구 중 2주택 이상을 보유한 다주택자는 319만 가구에 달한다. 이들 중 10%가 보유 주택 1채씩을 처분한다고 가정하면, 연간 전국 주택 공급량(약 50만 가구)의 60%가 추가로 시장에 쏟아진다. 서울은 다주택자가 보유한 집이 52만 가구다. 10%인 5만2000가구는 2021~2022년 2년 동안의 서울 전체 입주 물량(5만2300가구)과 맞먹는다.
인수위가 다주택자 양도세 규제 완화를 결정한 배경엔 단기간에 주택 공급을 늘려 집값을 안정시키겠다는 계산이 있다. 양도세를 아끼려는 절세 매물이 시장에 대거 풀리고, 매도자 간 경쟁으로 집값이 하향 안정되는 것이 인수위가 그리는 시나리오다. 다만 보유세 산정 기일인 6월 1일 이후에 집을 팔면 양도세는 아낄 수 있지만, 올해분 재산세와 종합부동산세는 그대로 내야 한다.
다주택자 양도세 중과 유예 조치가 기대만큼 집값 안정에 기여하지 못할 것이라는 지적도 나온다. 문재인 정부가 쏟아낸 다른 규제와의 충돌 때문에 다주택자가 집을 매물로 내놓아도 실제 거래로 이어지기 어렵다는 분석이다.
우선 주택임대차법의 계약갱신청구권이 걸림돌로 꼽힌다. 다주택자가 처분하려고 내놓을 집은 대부분 세입자가 살고 있다. 계약 시점에 따라 차이가 있지만, 매수자가 집을 사들여도 최대 4년간 실거주할 수 없다.
압구정·삼성·대치·청담동을 비롯해 잠실·용산·여의도·목동 등 서울 인기 주거지 상당수가 토지거래허가구역으로 묶인 것도 문제다. 토지거래허가구역에선 전세를 끼고 집을 사는 게 불가능하다. 다시 말해 세입자가 있는 집은 기존 전·월세 계약이 끝날 때까지 처분할 수 없다. 하지만 재건축 규제 완화로 인한 시장 과열을 막아야 하는 윤석열 정부 입장에선 토지거래허가구역을 전면 해제하기 어려운 상황이다.
시세 15억원이 넘는 집은 주택담보대출을 받을 수 없는 것도 양도세 완화 효과를 반감시킬 수 있다. 서울 아파트 평균 매매 가격이 12억원이 넘은 상황에서 15억원 넘는 집은 매물로 나와도 대출이 안 돼 수요가 제한적이다. 이은형 대한건설정책연구원 책임연구원은 “다주택자가 보유 주택을 처분해도 마땅한 투자처가 없어 서울 강남 등 고가 아파트로 갈아탈 수 있다”면서 “고가주택과 중저가 주택의 가격 차이가 더 벌어질 것”이라고 말했다."
https://www.chosun.com/economy/real_estate/2024/12/02/V2XXGMG24RD2JGXZFZPNVYDEE4/,"조선일보가 깊이있고 풍성한 부동산 전문 콘텐츠와 AI(인공지능)를 활용한 아파트 매칭 서비스로 무장한 신개념 부동산 플랫폼 ‘AI부동산’ 서비스를 선보인다.
AI부동산은 먼저 기존 부동산 플랫폼에서 볼 수 없던 살아 숨쉬는 정보를 담은 콘텐츠를 매일 실시간으로 업데이트한다. 지역 이슈 분석, 아파트 시세 흐름, 정비사업 트렌드, 분양 정보 리포트 등 돈되는 읽을거리가 풍성하다. 유튜브 땅집고TV와 연계한 다양한 영상 콘텐츠도 제공한다.
AI부동산은 사용자를 대신해 생성형 AI(인공지능)가 원하는 집을 찾아준다. 국내 최초 서비스다. AI가 사용자 자신도 몰랐던 주거 라이프 스타일을 분석하고 이에 맞는 아파트를 매칭해 준다. 시간은 딱 3분이면 된다.
AI부동산은 조선닷컴 로그인만 하면 무료 이용이 가능하다.
Q. AI부동산은 어떤 특징이 있나.
“지금까지 부동산 플랫폼은 사용자가 자신에게 맞는 아파트와 원하는 매물을 지도나 조건 검색 등을 통해 일일이 확인해야 했다. AI부동산은 다르다. 국내 최초로 AI가 사용자의 주거 라이프 스타일을 분석해 알려준다. 이를 바탕으로 개인에게 가장 잘 맞는 아파트를 추천한다. 사용자가 요청하면 매물도 찾아서 연결해 준다. 사용자의 손품, 발품 부담을 확 덜어준다.
AI부동산은 주택을 구하는 실수요자와 재테크에 목마른 투자자들에게 펄펄 뛰는 생생한 부동산 정보를 빠르고 깊이있게 전달한다. 실수요자에 딱맞는 아파트를 추천하는 콘텐츠인 ‘찾아줘! 내집’, 아파트별 최신 시세 흐름을 보여주는 ‘진짜집값’ 등을 통해 내집마련 정보를 얻을 수 있다.
최근 부동산 핫이슈로 떠오른 재개발·재건축 시장 흐름과 지역 이슈 분석 등을 다루는 ‘정비사업 포커스’ 코너도 마련한다. 분양리포트 코너에서는 아파트 분양 시장 동향, 분양 상품별 장·단점을 있는 그대로 분석하는 ‘디스아파트’ 콘텐츠를 볼 수 있다.
유튜브 땅집고TV와 연계해 다채로운 볼거리도 제공한다. 땅집고TV는 구독자 약 40만명을 보유할 정도로 인기있는 유튜브 채널이다. 부동산 셀럽과의 인터뷰, 부동산 뉴스 현장을 직접 찾아가는 땅집고go, 재테크 핫이슈를 집중 분석하는 아니근데 코너 등이 인기를 얻고 있다.”
Q. 아파트 매칭은 어떻게 받나.
“AI부동산 홈 화면에서 ‘AI아파트 매칭’을 클릭하면 주거 라이프 스타일 측정 화면이 나온다. 여기에서 33가지 설문에 응답하면 AI가 나의 주거 라이프스타일을 측정해 알려준다. 라이프 스타일은 목표지향형, 행복추구형, 자기계발형, 개성추구형 등 총 8개 유형으로 나뉜다.
라이프 스타일 측정이 끝나고 성별, 연령, 가족구성원, 원하는 지역, 예산, 매매 또는 전세 유형 등 추가 정보를 입력하면 사용자와 매칭율이 높은 상위 20개 아파트를 찾아서 알려준다.”
Q. 아파트 정보에는 어떤 내용이 들어있나.
“AI부동산은 약 1억건이 넘는 주거 데이터를 실시간으로 수집해 전국 아파트 5만여개 단지, 20만개 주택형별로 상세 정보를 제공한다. 준공연도, 가구수, 규모 등 기초 정보는 물론 다양한 주거환경 분석 내용이 담겨있다. 가격, 인구, 개발계획, 주변 상권, 버스노선, 진학률 등 모든 정보를 망라하고 있다.
특히 해당 아파트의 주거환경 지표를 ▲지역편의성 ▲미래가치 ▲단지환경 ▲자녀양육 ▲가격상승여력 등 5가지 항목으로 나눠 100점 만점(또는 10점 만점)으로 점수화해서 보여준다.
AI부동산은 온라인 커뮤니티 등에서 수집한 전국 아파트 주민들의 생생한 거주 후기를 요약한 AI리뷰도 보여준다.
Q. 구체적으로 AI부동산만의 차별화된 정보가 있나.
“이를테면 아파트 단지정보에서 자녀양육 항목을 보면 특목고 진학률, 과목별 학업성취도, 학교폭력 심의현황, 청소년 유해시설 등 기존 플랫폼에서 볼 수 없는 데이터가 수두룩하다.
서울 서초구 반포동 ‘반포자이’는 자녀양육 종합평가 점수가 76.7점으로 반포동 내 110개 단지의 평균 점수 66.3점에 비해 훨씬 높다. 단지 반경 1㎞ 이내 학원이 423개라는 것도 알려준다. 다만, 단지 1㎞ 이내에 청소년 유해시설이 14개여서 자녀 교육에 각별한 관심이 필요하다는 조언도 한다.
반포동 A학교의 경우 신체폭력 2건, 언어폭력 5건, 성폭력 2건 등 구체적인 학폭 현황이 나온다. 졸업생 중 자율고, 특목고, 일반고 진학 비율도 알 수 있다.”
Q. 조건 검색 기능은 어떻게 이용하나.
“AI부동산에서 ‘조건 검색’ 기능은 다양한 필터를 통해 조건 검색하면서 나에게 맞는 아파트를 찾아가는 방식이다.
우선 원하는 지역을 선택한다. 다음으로 지하철 노선별 역세권 입지, 직장까지 통근시간, 초품아(초등학교를 품은 단지), 청소년 유해업종 적은 단지, 관리비 등 개인이 원하는 조건을 순차적으로 선택하면 AI부동산이 매칭한 아파트의 총 숫자가 화면 하단에 표시된다. 이렇게 추천한 해당 아파트를 클릭하면 상세한 주거환경 정보를 볼 수 있다.”
Q. 매물도 볼 수 있는지.
“AI부동산은 ‘맞춤형 매물’ 찾아주기 기능을 제공한다. 추천받은 아파트의 상세보기 화면에서 ‘매물 요청’ 버튼을 클릭한 뒤 입주 희망일과 전화번호, 기타 요청사항 등을 기재하면 AI부동산 고객센터를 통해 매물을 추천받을 수 있다.
매수 희망자가 해당 아파트의 공인중개사 전화번호를 일일이 찾아서 원하는 매물에 대해 설명할 필요가 없이 원하는 정보만 제시하면 AI부동산이 매물을 찾아서 알려주는 방식이다.”
[AI부동산 서비스 사용 관련 문의처 안내]
◇회원 가입 및 콘텐츠 문의: (02)6949-6178
◇기술 문의: (02)6956-1021
AI부동산 바로가기"
https://www.chosun.com/economy/real_estate/2025/05/13/R2NJZM67RNFSPMDYFBCNNFG53A/,"효성중공업이 다음달 경기 김포시 풍무동 일대에서 ‘해링턴 플레이스 풍무’를 분양한다. 김포 풍무에서 처음 선보이는 ‘해링턴 플레이스’ 브랜드 단지다.
‘해링턴 플레이스 풍무’는 풍무 양도지구 도시개발사업 1~3블록에 지하 3층~지상 최고 29층, 18 동(棟) 1769가구 규모로 조성된다. 일반 분양 물량은 1573가구다. 실수요자 선호가 높은 전용 면적 59~84㎡의 중소형 타입으로 구성됐다.
단지는 김포골드라인 풍무역에서 약 800m 거리에 있다. 향후 풍무역을 통해 서울 지하철 5호선 연장(계획) 노선으로 환승하면 마곡, 여의도, 광화문 등 서울 주요 업무 지구로 이동이 수월해질 전망이다. 서울 지하철 9호선, 공항철도 등과 연계가 가능하다.
아파트 반경 500m 내에 풍무초등학교를 비롯해 양도초, 유현초, 신풍초 등 총 4개 초등학교가 밀집해 있다. 풍무중학교도 단지 인근에 있어 학부모 선호도가 높을 것으로 예상된다.
이마트 트레이더스 김포점, 홈플러스 김포풍무점 등 대형마트, 풍무역 상업지구, 로데오 거리 상권 등이 가깝다. 김포시종합운동장, 풍무도서관, 풍무국민체육센터 등 공공 시설도 인접해 있다.
단지는 남향 위주로 배치되며, 동간 거리가 넓게 확보됐다. 내부에는 팬트리, 드레스룸, 알파룸 등 특화 설계가 적용되고, 주차 여건은 가구당 1.4대가 제공될 예정이다.
분양 관계자는 “교통, 교육, 생활, 자연환경까지 고루 갖춘 김포 중심 입지에 위치한 대단지 브랜드 아파트로, 서울 생활권의 이점을 누릴 수 있는 단지”라고 말했다."
https://www.chosun.com/economy/real_estate/2024/10/10/272TKPXWN5GC7H7EIJE7WZKPXU/,"한국토지주택공사(LH)의 매입임대주택을 관리하는 용역업체 선정 과정에서도 ‘전관 특혜’ 의혹이 제기됐다.
이춘석 더불어민주당 의원은 10일 국회 국토교통위원회 LH 국정감사에서 2022~2024년 매입임대사업 위탁관리용역 입찰에서 LH 전관이 재직중인 두 업체가 전체 수주금액의 80%를 차지했다고 밝혔다. LH 매입임대사업은 도심 내 다가구 등 기존주택을 매입해 기초생활수급자 등에게 시세보다 저렴한 임대료에 제공하는 LH의 대표적인 사업으로 현재 전국 54개 권역에서 전문 위탁기업들이 관리하고 있다.
이 의원이 공개한 자료에 따르면, 54건의 용역 중 A업체가 27건(689억원), B업체가 15건(320억원) 등 총 42건을 수주했다. 계약금액으로 보면 전체 용역 1256억원 가운데 80% 수준인 1009억원어치 계약을 두 업체가 싹쓸이한 것이다.
이 의원은 A업체에는 LH 2급 이상 퇴직자 1명을 포함해 총 4명의 전관이, B업체에는 2급 이상 3명 등 8명이 근무 중이라고 밝혔다. 이 중에는 매입임대사업을 주관하는 주거복지본부장을 거쳐 1급 본부장으로 퇴직한 전관도 있다.
이와 관련해 이한준 LH 사장은 “이 부분까지는 체크하지 못했다. 그동안 전관 문제는 건설 및 인허가 문제까지만 알았는데, 매입임대까지 있는 걸 듣고 굉장히 놀랐다”며 “업체 선정 기준, 방법 등에 대한 개선안을 만들어 당장 시정하겠다”고 답했다."
https://www.chosun.com/economy/real_estate/2022/10/30/2YZMAB7XRVAMVGZ44O2FHGN7T4/,"작년 여름까지만 해도 서울에서 거래된 아파트 10건 중 7건 이상이 역대 최고가에 팔렸지만, 이후 금리 인상 여파로 주택 시장이 침체되면서 이젠 전체 거래의 80% 가까이가 직전보다 가격을 낮춘 하락거래인 것으로 나타났다. 일부 단지에선 이전 최고가 대비 5억원 이상 급락한 가격에 계약이 이뤄지고 있다. 주택 매수 수요가 급감하서 집값이 더 떨어질 것이란 심리가 확산한 영향으로 해석된다.
이런 가운데 정부가 지난 27일 규제지역 1주택자의 주택담보대출비율(LTV)을 늘리고, 15억원 초과 주택에 대한 대출도 허용하기로 하면서 주택 수요가 되살아날지 시장 관심이 쏠리고 있다. 하지만 대다수 전문가들은 “집값 급등에 따른 피로감이 여전히 크고, 금리도 워낙 높기 때문에 당장 수요가 회복되긴 어려울 것”이라고 전망한다.
◇서울 아파트 80%가 하락거래
28일 부동산 정보업체 직방이 국토교통부 실거래가 자료를 분석한 결과, 지난 9월 서울에서 거래된 513개 아파트 면적 중 115개(22.4%)가 최고가 거래인 것으로 조사됐다. 바꿔 말하면 10건 중 8건 가까이는 직전 최고가보다 싼값에 거래됐다는 의미다.
작년 10월부터 본격화된 금리 인상 여파로 서울 아파트 최고가 거래 비중은 급격히 낮아지고 있다. 지난해 7~8월 70%대를 웃돌았지만 10월(64.2%) 70% 밑으로 떨어졌고 올 상반기엔 40%대를 맴돌았다. 하반기부터 대출 금리가 본격적으로 오르면서 7월 32.9%, 8월 25.1%로 떨어졌고 이젠 20%대에 간신히 턱걸이하고 있다.
최근 주택 매수자들 사이에서 관망 심리가 확산하면서 서울 아파트 시장은 극심한 거래 절벽을 이어가고 있다. 이날 기준 9월 서울 아파트 거래 건수는 611건에 불과하다. 아직 신고 기한(계약 후 30일)이 이틀 남긴 했지만 지난 7월 기록한 역대 최저(646건) 기록을 밑돌 가능성이 높다.
거래 절벽 속 서울 외곽 중심으로 이어지던 급락 거래가 최근 들어 인기지역에서도 빈번히 일어나고 있다. 송파구 신천동 파크리오 전용면적 144㎡는 지난 4일 최고가(33억원)보다 8억원 낮은 25억원에 거래됐다. 재건축 대표 단지인 송파구 잠실동 잠실주공 5단지 81㎡도 지난 18일 직전 최고가(29억5000만원)보다 5억원가량 낮은 24억4100만원에 팔렸다.
◇대출규제 완화돼도 수요 회복 어려울 듯
정부가 지난 27일 대출규제 완화를 전격 발표하면서 부동산 시장에 어떤 영향을 미칠지 관심이 몰리고 있다. 특히 15억원 초과 주택에 대한 대출 금지 조치를 없앤 것을 두고 “잠실, 목동 등 규제 때문에 수요가 눌렸던 지역에 호재가 될 것”이란 관측도 나온다. 하지만 DSR(총부채원리금상환비율) 규제가 남아있어 고소득자가 아니면 대출 한도가 크게 늘긴 어려운데다, 금리도 워낙 높기 때문에 주택 수요가 당장 회복되긴 어렵다는 관측이 지배적이다.
함영진 직방 빅데이터랩장은 “이번 대출규제 완화는 거래 침체로 인해 주거지를 옮겨야 하는 실수요자나 청약 대기자의 부담을 낮추려는 의도”라며 “집값 불안 가능성은 제한적”이라고 말했다. 양지영 R&C 연구원장도 “지금 같은 시장 침체기에는 집값 하락에 대한 불안감이 워낙 크기 때문에 규제 완화가 시장 활성화로 연결되긴 어렵다”며 “추가적인 금리인상에 따른 부담과 정부의 주택 공급을 기다리는 청약 대기수요로 인해 거래절벽 상황은 당분간 계속될 것”이라고 말했다.
대출이 아예 안 나와서 집을 못 옮기던 사람들을 중심으로 제한적이나마 수요가 늘어날 것이란 의견도 있다. 김효선 NH농협은행 부동산 수석 전문위원은 “중도금 대출 규제 완화로 입지가 좋은 지역은 청약 수요가 늘어나고 실수요자 중심으로 거래도 점진적으로 늘어날 가능성이 있다”고 말했다. 이상우 인베이드투자자문 대표도 “조금만 대출을 받으면 집을 옮길 수 있는데 15억원 대출 규제 때문에 움직이지 못했던 사람들이 갈아타기에 나설 것으로 보인다”고 말했다."
https://www.chosun.com/economy/real_estate/2023/07/26/DV7KRY67MFCMPEVK7XGUJYCWBY/,"부영그룹이 집중호우로 피해를 본 지역의 수해 복구 지원을 위해 전국재해구호협회에 3억원을 기부한다고 25일 밝혔다. 부영그룹은 “이재민의 빠른 일상 회복에 작은 도움이 되기를 바란다”고 했다. 한국토지주택공사(LH) 임직원들도 이날 성금 1억원을 전국재해구호협회에 기부했다. LH는 또 실종인원 수색 및 복구 작업에 투입된 군 장병을 위한 지원 물품을 예천군에 전달했고, 충북과 전북 등 전국 피해 지역에 재난구호키트를 지원했다."
https://www.chosun.com/economy/real_estate/2021/06/04/EA6CZ5UPP5GK5NISNGBH2K6QTU/,"문재인 정부의 부동산 정책은 한마디로 집 가진 자를 증오하고 모두를 하향 평준화시키는 ‘가붕개 만들기’(가재·붕어·개구리) 정책이다. 집을 가진 사람은 1주택자든 다주택자든 임대사업자든 모두 투기꾼으로 몰아 세금 폭탄을 안긴다. 집 없는 사람은 대출 길을 막아 집도 장만하지 못하게 한다. 전세 사는 사람은 ‘임대차 3법’으로 전세 구하기도 어렵게 했다. 청년은 좁아터진 공공임대주택에 살라고 한다. 시장에서 정상적으로 집을 거래하는 길을 모두 막아 버렸다. 청년과 신혼부부, 집 없는 사람들은 평생 전월세나 임대주택에서 살라는 얘기나 다름 없다. 영원히 ‘가붕개’에서 벗어나지 말라는 것이다. 그러고선 이 정권 사람들은 서울 강남의 좋은 집에서 살고 있다.
이 정부의 부동산 정책의 밑그림을 그린 김수현 전 청와대 정책실장은 과거 자신의 책에 이렇게 썼다. ‘사람이 자기 집을 가지면 보수화 되고, 집이 없으면 진보적 투표 성향을 보인다.’ 보수화 되면 좌파 정권에 표를 주지 않을 테니 집 갖기 어렵게 만들어야 한다는 얘기다. ‘하우스 푸어’가 많아야 정치적으로 자기들에게 유리하다는 의미일 것이다. 왜 이 정부가 그토록 재개발·재건축과 신규 주택 공급에 인색한 지 알 수 있다. 이 정권 인사들과 공직자 상당수는 강남을 비롯한 좋은 지역에 자기 집을 갖고 있다. 심지어 2·3주택자도 많다. 그러면서 일반 국민은 굳이 자기 집을 가질 필요가 없고 임대주택에서 살라고 한다. 도둑 심보나 다름 없다. 좌파 기득권자들의 주거 사다리 걷어차기다.
열심히 일하고 돈 벌어서 살기 좋은 집 갖고 싶은 건 누구나의 소망이다. 아이가 태어나면 조금 더 여건이 좋은 곳으로 집을 넓혀가고 싶은 것도 인지상정이다. 하지만 이 정부는 그걸 나쁘다고 한다. 사람들이 자기 집 가지려 하면, 서울이나 강남으로 가려 하면 투기꾼으로 몰아 버린다. ‘집 가진 자와 집 없는 자’로 갈라치고 ‘서울과 지방’ ‘강남과 강북’으로 가른다. 이른바 ’99대 1′ 편가르기 전략이다. 그렇게 하면 선거에서 상대적 박탈감을 가진 다수의 사람들이 이 정권에 표를 던질 거라고 생각하기 때문이다. 시장 원리는 철저히 무시하고 온갖 규제와 세금을 쏟아부어 거래 자체를 막으려 한다.
이 정부는 청년들에게 “좋은 공공임대주택 지어줄 테니 거기서 살라”고 한다. 모텔 개조 임대주택이란 아이디어까지 냈다. 좁은 임대주택을 엄청난 돈 들여 보기좋게 꾸민 뒤 대통령이 직접 가서 “살기 좋다”며 쇼를 벌였다. 서울 용산의 한 청년 임대주택은 엄청나게 높고 빽빽하게 지어졌다. 다닥 다닥 복잡하고 살기 불편하니 청년들이 이를 ‘가붕개 타운’이라고 부른다고 한다. “너나 가라 가붕개 주택”이란 말이 나오지 않을 수 없다.
서울 종로구 사직동의 개발 해제 지역은 판자촌이나 다름 없다. 박원순 전 서울시장 때 개발이 중단되면서 최악의 빈민가가 돼 버렸다. 세운상가 주변도 마찬가지다. 서울 시내 한복판에 다 쓰러져 가는 건물과 비닐천 포장이 씌워진 점포들이 줄지어 서 있다. 박 전 시장 때 이곳을 도시 재생한다면서 을지유람길과 산책길을 조성하려고 했다. 하지만 찾아오는 사람도 드물고 장사도 잘 되지 않는다. 대다수 토지 소유주와 입주 상인들은 재개발을 원하지만 진척이 없다.
서울 성북구 장위 뉴타운은 도로를 사이에 두고 신도시 아파트와 구주택가로 완전하게 양분돼 있다. 아파트 지역 사람들은 길건너 구시가지로는 발길도 들이지 않는다고 한다. 구시가는 박 전 시장이 개발을 해제시키는 바람에 재개발이 더 이상 진전되지 못하고 있다. 이렇 듯 강남 때려잡기에만 골몰하다 강북 재개발은 손을 놓아 버린 것이다. 엉뚱하게 노후 주택가에 벽화를 그리는 등 도시 재생에 매달리니 재건축·재개발이 제대로 이뤄질 리가 없다.
과도한 세금과 규제 정책은 그나마 시장에 나올 집과 전세 매물까지 씨를 말리고 있다. 정부는 임대주택사업자들이 주택 물량을 붙잡고 있어서 집 공급이 안 된다면서 임대사업자 제도를 폐지하겠다고 했다. 이들에 대한 세제 혜택도 없애 버린다고 한다. 불과 3년전 임대사업을 장려한다고 하더니 일순 표변한 것이다. 임대사업자들에겐 날벼락이 아닐 수 없다. 더구나 이렇게 임대사업자를 압박한다고 아파트 공급이 늘어나는 게 아니라는 게 더 문제다. 아파트는 임대사업자가 가진 주택 물량의 20%에 불과하고 그나마 서울 아파트는 10%밖에 안 된다. 나머지 대부분은 빌라와 다가구주택이다. 임대사업자를 압박하면 빌라와 다가구주택이 먼저 매물로 시장에 나온다. 아파트 매물이 늘어나는 게 아니라는 얘기다. 또 임대사업자가 없어지면 전세 물량이 크게 줄면서 전세대란이 일어날 수도 있다.
양도세 중과(重課)도 역효과를 내고 있다. 다주택자들은 집 매각시 양도세 부담이 너무 크니까 팔지 못하고 있다. 상당수는 집을 매각하는 대신 자녀들에게 증여하는 방법을 택하고 있다. 이렇게 매물이 나오지 않으니 강남 등 서울 주요 지역 집값은 더 오르게 된다. 다주택자가 일정 기간 집을 매각하도록 물꼬를 터주지 않고 세금만 높이니 효과가 없는 것이다. 문 정부가 양도세 중과를 하기 전에는 1주택자도 다주택자도 비교적 쉽게 매물을 내놓을 수 있었고, 주택 수요자도 급하게 집을 사지 않아도 되었다. 과도한 세금 때문에 그런 시장의 기능이 무너진 것이다. 여기에 대출 규제와 임대차 3법까지 겹치니 집 없는 사람, 전세사는 사람들까지 ‘부동산 지옥’에 빠졌다. 문제는 내년에 정권이 바뀌어도 이런 반시장적 규제 정책이 바뀌기 힘들다는 것이다. 국회 170여석의 더불어민주당이 입법권을 장악하고 있는 이상 앞으로 3년 간은 이 같은 악순환 구조가 계속될 것이다."
https://www.chosun.com/economy/real_estate/2025/07/03/IM6JLNDEZVAQRGHKPITJJAURUU/,"강남 3구(강남·서초·송파) 아파트 가격 비율이 서울 전체 아파트 가격의 43%를 차지하는 것으로 나타났다. 강남 3구의 아파트 가격이 급등하면서 그 비율이 상승하고 있는 것이다.
3일 부동산 빅데이터 전문업체 부동산R114가 서울 아파트 매매 시가총액을 구별로 나눈 결과, 지난달 25일 기준 강남 3구 아파트 시가총액은 744조7264억원으로 집계됐다. 서울 전체 아파트 시가총액 1732조4993억원의 43%를 차지한 것이다. 이는 구별 아파트 시가총액을 집계한 2000년 1월 이후 월간 기준 최다 비중이었다.
구별 아파트 시가총액은 강남구가 312조4805억원으로 가장 높았다. 송파구 221조7572억원, 서초구 210조4888억원이었다.
서울 전체 아파트 시가총액에서 강남 3구의 비율은 2023년까지만 해도 40%를 밑돌았다. 지난해 1월 41%를 기록하며 처음으로 40%를 돌파한 뒤, 올해 1월에는 42%대로 올라섰다.
지난달 서울 아파트 전체 시가총액은 전년 동월(1532조2575억원) 대비 13.1% 상승했다. 강남 3구 아파트 시가총액은 지난해 6월 632조8505억원에서 지난달 744조7264억원으로 1년 만에 17.7%가 올랐다.
윤지해 부동산R114 리서치랩장은 “강남권 일대에 계속 신축 아파트가 들어서고 이 지역 아파트에 ‘프리미엄’이 덧붙여지면서 전체 시가총액이 높아지고 있다”면서 “신축은 단지 규모가 이전보다 커지는 데다 해당 지역에 집값 하락 요소나 수요 이탈 요인이 없어 비율은 계속 늘어날 것으로 본다”고 했다."
https://www.chosun.com/economy/real_estate/2025/02/28/LEEJF7UWZRHEZE533HFIUEH6GA/,"28일 현대엔지니어링 주우정 대표가 서울-세종고속도로 교량 공사장에서 발생한 붕괴 사고와 관련해 “회사 역량을 총동원해 피해자를 지원하고 사고 조사에 협조하겠다”며 다시 한번 사과했다.
사고 다음 날인 26일 자신 명의로 사과문을 발표한 지 이틀 만으로, 사고 관련 브리핑 자리에 직접 나와 수차례 고개를 숙이며 사과의 뜻을 밝혔다. 주 대표는 “(정부의) 조사 결과에 따라 책임질 부분이 있으면 책임지겠다”고 했다.
앞서 지난 25일 현대엔지니어링이 주관사로 시공 중인 서울-세종고속도로 9공구 교량 건설 현장에서 교량 상판 구조물이 붕괴해 근로자 4명이 숨지고 6명이 다쳤다.
주 대표는 이날 서울 종로구 현대엔지니어링 본사에서 언론 브리핑을 개최하고 “당사가 시공한 공사 현장에서 결코 일어나서는 안 될 사고가 발생해 유가족과 부상자, 가족분들께 머리 숙여 사죄드린다”면서 “회사의 모든 역량을 총동원해 피해자 지원, 사고 수습에 만전을 기하겠다”고 말했다.
그러면서 “조속한 현장 수습과 정확한 원인 규명을 위해 관계 기관에 적극 협조하고 있다”며 “모든 조사에 성실히 임하고, 사고 재발 방지를 위해 대책을 마련해 철저히 이행하겠다”고 했다.
주 대표는 이날 사고 수습 대책으로 유가족과 부상자, 가족들에 대한 지원책을 발표했다. 유가족에 대해선 장례 절차와 관련 비용을 지원하고, 심리 상담을 진행하기로 했다.
또 부상자와 가족들을 위해 재활 치료를 제공하고, 병 간호로 생계에 어려움을 겪는 가족들에겐 가구당 300만원 규모로 생계비도 지원하고 있다고 밝혔다. 주 대표는 “유가족의 경우는 장례 등 지원 비용 외에 생계비를 따로 지원하는 방안을 검토 중”이라고 했다.
현대엔지니어링은 사고가 벌어진 인근 지역의 일반 주민 피해 여부를 조사해 불편 사항이 접수되면 보상에 나서는 방안도 강구하고 있다고 밝혔다.
사고 원인에 대해선 당국이 조사 중이라는 이유로 말을 아끼는 모습이었다. 주 대표는 “관계 기관에서 진행 중인 사고 조사에 철저하고 투명하게, 있는 그대로 협조하고 결과가 나오길 기다릴 것”이라고 했다.
현장소장 등 직원의 처벌 여부, 공동 시공사인 호반산업·범양건영 등과의 비용 분담 등에 대해서도 “조사 결과가 나오면 그에 따라 조치를 취할 것”이라고 했다.
주 대표는 “현재는 책임 소재를 논할 단계가 아니지만, 조사 결과가 나오면 저를 포함해 책임질 부분은 있는 그대로 책임지겠다”고 했다. 조사 결과가 나온 뒤 해당 도로와 시설 등 복구도 조속히 진행할 계획이라고 밝혔다."
https://www.chosun.com/economy/real_estate/2021/05/24/5N2LQWPDMRG35MPL7GIPGSKORA/,"현대엔지니어링은 서울 강남구 역삼동 653-4번지 A1블록 일원에 짓는 ‘원에디션 강남’을 분양 중이다. 강남 최대 규모 스포츠센터 ‘스포월드’ 부지에 들어서는 주거·상업 복합단지다. 고급 단지에 어울리는 다양한 특화설계와 디자인이 접목되며 입주민을 위한 커뮤니티 시설과 피트니스센터도 함께 조성된다.
◇단지 규모 큰 ‘럭셔리 소형주택’
‘원에디션 강남’은 우선 단지 규모가 일반적인 고급 주거 상품과 차별성을 갖는다. 축구장 크기에 맞먹는 6355㎡ 규모 부지에 지하 5층~지상 20층 3개 동 규모로 조성된다. 최근 강남권에서 공급되는 고급 주거시설 대부분 나 홀로 단지인 것과 대조적이다. 도시형 생활주택 234가구와 오피스텔이 함께 들어선다. 주차공간도 343대로 가구당 1대 이상 주차가 가능할 전망이다. 또한 기계식이 아닌 자주식(自走式) 주차장이어서 이용이 편리하다. 자주식 주차장은 공간이 많이 필요하기 때문에 땅값이 비싼 강남에서는 대단지 아파트를 제외하곤 드물다.
원에디션 강남 내부에는 다양한 특화설계가 적용된다. 최근 소형주택 시장에서 밀레니얼 세대 및 ‘영앤리치’(젊은 부자)의 영향력이 커짐에 따라 개개인의 취향에 맞춰 가구를 배치할 수 있게끔 유연한 공간으로 꾸민다. 일부 세대에는 강남의 야경을 180도 이상의 각도로 즐길 수 있는 ‘파노라마뷰’ 설계가 적용될 예정이다. 또 단지 곳곳에 고급 미술관에서나 경험할 수 있는 볼거리가 배치된다.
욕실은 호텔식 분리형 설계를 도입해 출입이 편하도록 했으며 입주민들의 편안한 휴식을 돕기 위해 침실은 가장 안쪽으로 배치했다. 기본으로 제공되는 주방·욕실가구나 가전제품도 해외 명품 제품으로 설치해 별다른 인테리어 없이도 고급스러운 분위기를 낼 수 있다.
◇차별화된 맞춤형 주거 서비스
고급스러운 부대시설도 다수 조성된다. 과거 스포월드 운영사가 전문적으로 관리하는 멤버십 피트니스센터 ‘원피트니스’ 와 골프연습장 등 스포츠시설이 조성된다. 파티나 바비큐를 즐길 수 있는 테라스형 게스트룸과 입주민 간 사교의 장으로 활용할 수 있는 전용카페도 조성된다. 세대별 창고도 제공돼 안 쓰는 생활용품을 보관할 수 있다.
원에디션 강남 단지 내에 상가도 함께 들어서 다양한 생활 편의시설을 이용할 수 있다. 상업시설은 걸어 다니며 즐길 수 있는 가든형 몰로 조성될 예정으로, 레스토랑과 펍, 바, 카페 등의 식음료 분야 고급 상점들이 입점할 예정이다. 상가 내에는 인공 연못과 반사형 벽면을 활용한 ‘미러폰드’와 다양한 주제의 산책로 등 볼거리도 풍성하게 조성될 예정이다.
원에디션 강남 입주자가 고소득 종사자 중심일 것으로 예상됨에 따라 다양한 맞춤형 주거서비스도 제공된다. 개인비서 및 우편·택배 서비스, 호텔·항공 예약 서비스, 문화강좌 등의 호텔급 서비스를 준비 중이다. 전문 조리사가 만드는 조식과 발렛파킹, 세탁, 방문 세차 등의 생활편의 부분에서부터 반려동물 케어, 홈 퍼스널트레이닝(PT), 건강상담 등 입주민 삶의 질을 높여줄 분야까지 광범위하게 서비스가 이뤄진다. 현대엔지니어링 관계자는 “최근 고급 소비시장에서 밀레니얼 세대의 비중이 높아지는 트렌드를 반영해 차별화된 주거공간을 만들 계획”이라며 “현대엔지니어링의 첫 고급 주거시설인 만큼, 강남을 대표하는 랜드마크 단지로 만들겠다”고 말했다."
https://www.chosun.com/economy/real_estate/2020/10/28/PTGR7E2EJJC4ZFDWRALI3R7MLU/,"현대건설이 올해 재개발·재건축 등 도시정비사업에서 총 4조4000억원을 수주하며 창사 이래 최대 실적을 달성할 전망이다.
현대건설은 “지난 20일 대구 명륜지구 재개발사업 시공권을 확보해 올해 도시 정비 사업 수주 실적을 4조4491억원으로 늘렸다”고 27일 밝혔다. 이는 창사 이래 최대 수주를 기록한 2017년 4조6468억원에서 2000억원 남짓 모자란 액수다. 연말까지 추가 수주가 예상되기 때문에 올해 역대 최대 실적 달성이 무난할 전망이라고 현대건설은 설명했다.
현대건설은 2016년 이후 매년 도시정비사업에서 1조원 이상을 수주하며 강세를 보여왔다. 작년에도 총 2조8297억원을 수주해 국내 건설사 중 1위를 차지했다.
올해는 역대 최대 규모의 재개발 사업으로 꼽히는 서울 용산구 한남3구역 재개발사업(1조7378억원), 부산 범천1-1구역 도시환경정비사업(4160억원), 제주 이도주공 2·3단지 재건축사업(2930억원) 등 총 15개 사업을 수주했다.
현대건설 관계자는 “올해 사상 최대 실적 경신과 함께 수주 잔고도 15조원을 넘어설 것으로 예상한다”며 “도시정비사업에서 가장 중요한 탄탄한 재무 구조와 현금 유동성 등을 갖춰 조합원들의 확고한 지지를 받을 수 있었다”고 했다."
https://www.chosun.com/economy/real_estate/2021/05/11/63EIZ7NV7RACDAAVUDJJMRAZ5E/,아이폰 이용자를 위한 ‘땅집고 앱 ios’ 베타 버전이 11일 출시됐다. 애플 앱스토어에서 ‘땅집고’를 무료 다운받아 첫 화면 하단 ‘택스맵’을 누르면 전국 모든 아파트 재산세와 종합부동산세 5년 예상치를 확인할 수 있다. 최대 8개까지 관심 아파트를 등록하면 가장 빠른 실거래가 뉴스를 받아볼 수 있다.
https://www.chosun.com/economy/real_estate/2021/03/07/6UM6J3PMHFGRBOW577YSHYHYRI/,"홍남기 경제부총리 겸 기획재정부 장관이 7일 정부 서울청사에서 부동산 점검 관계장관회의를 진행하고 ‘부동산 관련 국민께 드리는 말씀’을 발표했다. 홍 부총리는 한국토지주택공사(LH) 직원들의 신도시 ‘땅 투기 의혹’과 관련해 “정부는 이번 사태를 매우 엄중히 받아들이며, 공공 부문이 행태일탈로 신뢰를 잃으면 정책신뢰가 흔들릴 수 있다”며 “투기가 확인될 경우 무관용하에 조치하고, 근본적인 재발 방지대책을 시스템적으로 마련하겠다”고 말했다.
홍 부총리는 이어 “83만호를 공급하는 2.4공급대책을 포함한 주택공급대책은 반드시 일정대로 추진하겠다”고 강조했다. 그는 “3월 중 2·4공급 대책 후보지와 8·4대책에 따른 제2차 공공재개발 후보지를 공개할 계획”이라며 “4월 중 2차 신규 공공택지 입지를 발표하고 투기 우려가 없도록 사전 준비에 만전을 기하겠다”고 밝혔다.
그는 또 “6월 지난해 11월 전세대책에서 새롭게 도입한 공공전세주택의 입주자 모집을 개시하고 7월 3기 신도시 사전청약을 시작한다”며 “도심 공동주택 복합사업의 후보지도 발표하게 될 것으로 주택공급 확대에 대한 믿음이 확고해질 때까지 모든 과정을 꼼꼼하게 체크하고 챙기겠다”고 했다.
다음은 홍 부총리가 밝힌 입장문 전문.
존경하는 국민 여러분!
오늘 그 어느 때보다
무거운 마음으로 이 자리에 섰습니다.
집은 우리 삶의 기본이기에
‘살고 싶은 주택’에 대한 국민 염원을 잘 알고 있습니다.
이에 정부는 “주택공급 확대, 실수요자 보호, 투기수요 차단” 등을 통해 부동산시장 안정에 진력해 왔습니다.
또한, 강한 공동체의 질서를 무너뜨리는 ‘부동산시장 교란행위에 대해서도 단호히 대처’해 왔습니다.
그러나 최근 부동산정책을 현장에서 집행하는,
가장 공정하고 스스로에게 엄정해야 할 공공기관에서
불미스러운 일이 발생하여 참담한 심정입니다.
경제를 책임지고 공공기관 관리까지 종합하는 책임장관으로서
국민들께 깊은 마음으로 송구하다는 말씀을 올립니다.
【LH 직원 투기의혹에 대한 대응】: 3가지 약속
정부는 이번 사태를 매우 엄중하게 받아들입니다.
공공부문이 행태일탈로 신뢰를 잃으면 정책신뢰가 흔들릴 수 있기 때문에 그 일탈책임은 매우 무거운 것입니다.
고통스럽더라도 도려낼 것은 과감히 도려내겠습니다.
그것이 상처받은 국민의 마음을 헤아리는
최소한의 도리이자 의무라 생각합니다.
정부는 다음 3가지를 약속 드리겠습니다.
첫째, 이번 사태와 관련하여 정부의 합동조사가
진행중입니다. 부동산 투기가 확인될 경우
수사의뢰, 징계조치 등 무관용하에 조치하게 될 것입니다.
어떠한 형태로든지 공직을 이용하여 사익을 추구하는 것은
결코 용인되어서는 안될 것입니다.
공직사회와 공직자 모두 이번 일로 인한 국민들의 상처를
한없이 무겁게 받아들이는 계기로 삼아야 할 것입니다.
둘째, 이번 사태를 계기로 일탈 예방대책은 물론 근본적인 재발방지대책을 시스템적으로 마련하겠습니다.
토지개발, 주택업무 관련 부처·기관의 해당직원들은 원칙적으로 일정한 범주내 토지거래를 제한하고
불가피한 토지거래의 경우에는 신고토록 하겠습니다.
이에 더해 내부통제강화방안의 하나로 부동산등록제 등
상시 감시할 수 있는 체제의 도입도 검토하겠습니다.
셋째, 개인 일탈동기가 원천적으로 차단되도록하고,
중대한 일탈시
기관 전체의 관리책임을 강화하는 것도 검토하겠습니다.
부당하게 얻은 이득은 반드시 환수되도록 하여
다시는 그런 시도가 발붙이지 못하도록 하겠습니다.
그리고 모든 구성원들의 경각심과 자정노력을 위해
윤리경영, 공정경영에 대한 평가 강화 등
공공기관 경영평가제도를 더 엄정하게 운영하겠습니다.
【결코 흔들리지 않을 부동산 정책】: 3가지 실천
존경하는 국민 여러분,
앞서 말씀 드린 바와 같이 주택은 삶의 터전이고
‘더 나은 주거를 향한 희망’은 국민 모두의 마음입니다.
그래서 좋은 주택의 공급과 부동산시장의 안정은
가장 중요한 최우선 민생정책이 아닐 수 없습니다.
우리 모두의 관심사로 한분 한분에게 다 중요하지만
특히 입직과 결혼, 사회생활을 시작하는 청년들, 그리고
우리 아이들 세대를 위해서도 중요한 과제가 아닐 수 없습니다.
정부가 부동산정책관련, 그 어느 분야보다 많은 대책을 마련하고, 이에 모든 정책역량을 진력해 온 이유이기도 합니다.
부동산시장은 2.4일 “3080+ 주택공급대책” 발표 이후
매매·전세가격 상승세가 한풀 꺾이는 양상입니다.
지금 부동산시장이 안정되느냐, 다시 불안정한 상황으로 돌아가느냐 하는 중대기로에 서 있습니다.
혹여나 이번 사태로 부동산시장 안정을 위해
그간 모든 정책역량을 쏟아 부으며 진력해 온
정부의 정책의지와 진정성이 훼손될까 안타깝고 두렵습니다.
부동산시장이 다시 흔들려서는 안됩니다.
부동산 정책에 대한 신뢰가 훼손되는 일이 없도록
정부는 한 치의 흔들림 없이 일관되게 나아가겠습니다.
이미 할 수 있는 일을 다했는데 그래도 또 한 걸음 나아간다는
‘백척간두 진일보’(百尺竿頭 進一步)의 마음가짐으로
다음 부동산정책 3대 실천사항을 올곧게 이행해 나가겠습니다.
첫째, 83만호를 공급하는 2.4공급대책을 포함한 주택공급대책은 반드시 일정대로 추진하겠습니다.
먼저, 3월중 그동안 민간·지자체와 협의하여 선별한2.4 공급대책의 후보지와 지난 8.4대책에 따른
2차 공공재개발 후보지를 공개할 계획입니다.
4월중에는 2차 신규 공공택지 입지를 발표하겠으며,
투기 우려가 없도록 사전준비에 만전을 기하겠습니다.
6월에는 지난 해 11월 전세대책에서 새롭게 도입한
공공전세주택의 입주자 모집을 개시합니다.
7월에는 국민 여러분께서 기대감 갖고 기다려 주신
3기 신도시 사전청약을 시작합니다.
아울러, 2.4대책에 따라 금년도 추진할 도심 공공주택 복합사업의 후보지도 발표하게 될 것입니다.
주택공급 확대에 대한 믿음이 확고해 질 때까지
이 모든 과정을 꼼꼼히 체크하고 챙기겠습니다.
둘째, 부동산시장을 어지럽히는 중대한 시장교란행위는
이번 기회에 뿌리를 뽑겠습니다.
이번 사태에 대한 국민의 커다란 실망은
부동산시장에서 나타난 불법과 편법, 불공정에 대한 감정이 함께 표출된 것이라 생각합니다.
무엇보다 불법, 편법, 불공정에 기반한 다음 “4대 시장교란 행위”에 대해서는 차제에 발본색원하도록 하겠습니다.
즉 ① 비공개 및 내부정보를 불법부당하게 활용하여 투기하는 행위
②부동산 거래질서를 위협하는 담합 등 시세조작행위
③허위매물과 신고가 계약후 취소 등 불법중개 및 교란행위
④내 집 마련 기회를 빼앗아가는 불법전매 및 부당청약행위 등
4가지 교란행위에 대해서는 가중처벌도 강구하겠습니다.
이를 위해 우선 부당이득 회수는 물론
자본시장법상 불공정행위에 대한 처벌을 참고하여
범죄행위로 얻은 이득 이상이 환수되도록 협의해 나가겠습니다.
또한, 불법행위자는 최대한 시장에서 퇴출되도록 하겠습니다.
특정경제범죄법에 상응, 관련기관 취업을 일정부분 제한하고,
부동산 관련업종의 인허가 취득도 제한하여
부동산시장에 발붙이지 못하도록 하겠습니다.
아울러, 3기 신도시와 관련하여
투기성이 확인되는 경우
자금출처, 탈세 여부, 대출규정 준수 여부 등도 조사하겠습니다.
시장교란행위 방지와 관련한 세부대책에 대해서는
향후 부동산시장점검 관계장관회의에서 신속히 검토하겠으며
당장 이번 주 수요일(3.10) 관계장관회의 시 집중논의 하겠습니다.
셋째, 정책에 대한 신뢰는 실천에서 나옵니다.
이에 앞으로 부동산정책의 ‘실행력’을 대폭 강화하겠습니다.
우선 추진중인 공급대책이 정상궤도로 안착될 때까지
후속조치를 주기적으로 더욱 면밀히 점검하겠습니다.
그리고 설명의 의무도 성실히 이행하겠습니다.
격주로 국민들께 다양한 방식을 통해
후속조치 진행상황 등을 소상히 설명 드리겠습니다.
국민이 ‘체감’하는 성과로 평가받기 위해서는
국회의 조속한 입법적 뒷받침도 있어야 합니다.
도시정비법, 공공주택특별법, 토지보상법 등 주택공급 확대를 위한 법안들과 투명하고 공정한 거래질서 확립을 위한 부동산거래법 등은
우리를 위해, 미래세대인 우리 아이들을 위해
하루라도 빨리 입법되어야할 사안입니다.
이번 3월 국회에서 차질없이 처리되도록 요청드립니다.
【맺음말】
코로나19로 이미 많이 지치신 국민들께
이번 LH직원 사태로 답답함을 더해 드려
이 자리가 참으로 무겁고 송구스럽습니다.
그러나 오늘의 송구스러움을 가슴 깊이 새기겠습니다.
실수와 잘못을 반복하는 것은 있을 수 없습니다.
잘못은 반드시 정리하고 넘어가겠습니다.
그래야 오늘보다 나은 내일을 기대할 수 있기 때문입니다.
옛말에 ‘허물을 고침에 있어 결코 인색하지 말라(개과불린, 改過不吝)는 말이 있습니다.
정부는 이번에 그 허물을 고치는 데 결코 주저하지 않겠습니다.
개인 일탈이면 일벌백계하고
구조적 문제로 확인되면 시스템적으로 예방구조를 확립하는 데
심혈을 기울이겠습니다.
그것이 국민들의 상처난 마음을 헤아리고
공공부문이 신뢰를 회복하는 길이라 생각되기 때문입니다.
앞서 말씀 드린 바와 같이
정부는 잘못된 과오와 상처는 그것대로 치유해 나가면서도
부동산정책의 기본원칙과 방향 그리고 세부대책은
흔들림 없이 일관되게 지키고 실행해 나가겠습니다.
이를 통해 불법, 편법, 불공정한 행위는 걷어내고
시장수급에 따라 부동산시장이 정상적으로 작동되며,
이에 기반하여 부동산시장 안정세가
확실히 견지되도록 해 나가겠습니다.
국민들께서 정부와 부동산정책에 대해 믿어주시고
힘을 모아 주시기를 간곡히 요청드립니다.
정부는 부동산시장 및 국민주거의 안정을 위하여
모든 정책역량을 총동원,
좌고우면 없이 진력해 나가겠습니다.
감사합니다.
부총리 겸 기획재정부 장관 홍 남 기
행정안전부 장관 전 해 철
국토교통부 장관 변 창 흠
국무조정실장 구 윤 철
국세청장 김 대 지"
https://www.chosun.com/economy/real_estate/2023/04/10/LLNBFV3ZBFGEDDVFNIW3DPJSGU/,"“지금 분양권 팔았다가 잘못되면 감옥에 갈 수도 있는데 과연 거래가 늘어날까요”
정부가 지난 7일 서울을 포함한 수도권 인기 지역의 아파트 분양권 전매를 허용했지만, 시장 분위기는 아직 잠잠하다. 일선 중개업소들에 따르면 분양권 시세를 묻는 문의 전화는 간간이 있지만, 거래로 연결되진 않고 있다.
이런 가운데 분양권 처분을 고민 중인 사람들 사이에선 “팔고 싶어도 못 판다”는 불만 섞인 목소리가 나온다. 전매가 가능해져도 양도소득세 중과(重課) 완화, 실거주 의무 폐지 등 후속 조치들이 뒤따르지 않고 있기 때문이다. 정부는 이들 규제도 완화 또는 폐지한다는 입장이지만, 정작 국회에선 관련 법 개정이 논의조차 안 되고 있는 상황이다. 섣불리 분양권을 처분했다가 법 개정이 무산되면, 시세차익의 60~70%를 세금으로 내거나 징역형 처분을 받게 될 수도 있다.
9일 부동산R114에 따르면, 지난 7일부터 분양권 전매 제한 규제가 완화되면서 수도권에서 약 12만가구, 서울에선 1만1233가구의 분양권 전매가 가능해졌다. 서울에서 입주 전 아파트 분양권 거래가 허용된 것은 2017년 6월 이후 6년여 만이다.
하지만 분양권 거래 관련 규제 중 전매 제한 기간 축소를 제외하고는 대부분이 그대로 남아 있어 당장 분양권 거래가 활발해지긴 어려울 것이라는 전망이 나온다. 실거주 의무가 대표적이다. 2021년 2월 이후 분양가 상한제를 적용받는 아파트에 당첨된 사람은 최초 입주 가능일로부터 2~5년간 거주해야 하는 의무가 있기 때문에 전매 제한이 풀려도 분양권을 팔기 어렵다. 실거주 의무를 위반하면 1년 이하 징역 또는 1000만원 이하 벌금형에 처해진다. 실거주 의무 폐지를 담은 법 개정안이 지난 2월 발의됐지만 아직 상임위 논의조차 시작되지 않았다. 김제경 투미부동산컨설팅 소장은 “정부 발표만 믿고 분양권을 처분했다가 만에 하나라도 실거주 의무 폐지가 불발되면 범법자가 될 수 있는 상황”이라며 “입법 공백으로 인해 주택 수요자들의 혼란이 커지고 있다”고 말했다.
양도세 규제도 분양권 거래의 걸림돌이다. 정부는 보유 기간에 따라 60~70%가 부과되던 분양권 단기(2년 이내) 거래 양도세율을 6~45%로 낮추겠다고 올 초 밝혔지만 아직 후속 법 개정 작업은 이뤄지지 않고 있다."
https://www.chosun.com/economy/real_estate/2021/12/13/R26BEWVFZJFKXN4W6V5KZEOQ2I/,"금융당국 주도로 추진되던 고가 전세대출에 대한 규제가 백지화됐다. 전셋값이 계속 오르는 상황 속에서 무리하게 대출을 규제했다간 실수요자들이 피해를 볼 수 있다는 우려 때문인 것으로 해석된다.
13일 부동산업계와 금융권에 따르면 SGI서울보증은 고액 전세대출 보증 제한과 관련된 검토를 중단하기로 최근 결정했다. 앞서 지난달 초 출범한 ‘가계부채 관리 태스크포스(TF)’ 회의에서는 SGI서울보증의 고가 전세에 대한 보증을 제한하는 방안이 거론됐다. 당시 고승범 금융위원장이 직접 대출 중단 기준에 대해 “9억원보다 훨씬 높을 것”이라고 언급할 정도로 규제 가능성이 유력했지만 한달여 만에 철회된 것이다. 이를 두고 부동산 전문가들은 “전셋값 상승 추세가 지속되고 있고 내년에 선거도 있는 만큼, 여론을 의식할 수밖에 없었을 것”이라고 평가한다.
시중은행 전세대출 상품은 보증기관의 보증이 있어야 받을 수 있다. 정부 산하 한국주택금융공사, 주택도시보증공사(HUG), 민간 업체 SGI서울보증 등 3곳이 보증기관이다. 이들 중 SGI만 유일하게 대출 대상 전세보증금에 제한이 없다. 때문에 아무리 비싼 전셋집에 사는 세입자라 하더라도 SGI를 통해서는 최대 5억원까지 대출을 받을 수 있다. 이런 점 때문에 “서민을 위해 쓰여야 할 보증 혜택이 현금 부자들에게 돌아간다”는 비판이 제기되기도 했다."
https://www.chosun.com/economy/real_estate/2020/10/22/4DIL3NPWQZGQRJB7CUW7YMLIPM/,"포스코건설, 국내 3대 신평사서'A+'획득
포스코건설이 지난 19일 나이스신용평가에서 신용 등급 ‘A+’를 획득하며 올해 국내 3대 신용평가사 모두에서 A+ 등급을 받게 됐다고 21일 밝혔다. 나이스신용평가는 포스코건설이 최근 건축 부문에서 우수한 분양 성과를 거두고 있어 향후 차입금이 줄어들면서 재무 부담이 완화될 것으로 전망했다. 코로나 확산에 대비해 브라질 프로젝트의 잔금을 연내 회수하는 등 현금 보유 상황도 양호한 것으로 판단했다.
HDC자산운용 ‘유니언타운 강남점’
HDC자산운용은 부동산 펀드를 통해 강남역 인근 노후 오피스 빌딩을 매입, 복합 공유 공간으로 리모델링한 ‘유니언타운 강남점’이 오는 12월 문을 연다고 밝혔다. 빌딩의 지하와 저층부에는 배달형 공유 키친, 레스토랑, 카페 등이 들어선다. 중·상층부는 소규모 스타트업을 위한 공유 오피스, 상층부는 어학 라운지로 구성해 다양한 기능을 한 건물에 넣을 예정이다.
평택 지제역 동문굿모닝힐 맘시티 2차
동문건설은 경기도 평택시 신촌지구 3블록에 짓는 ‘평택 지제역 동문굿모닝힐 맘시티 2차’를 이달 분양한다. 지하 1층~지상 27층, 14동, 전용면적 59~84㎡ 1134가구다. 후(後) 분양 아파트로 내년 8월 입주 예정이다. 도보 5분 이내 거리에 평택새빛초교가 있고, 지하철 1호선과 SRT(수서고속철)가 정차하는 지제역이 가깝다. 견본주택은 평택시 세교동 10-1 일대에 들어서며, 사전 예약제로 운영한다.
오산 ‘롯데캐슬 스카이파크’내달 분양
롯데건설이 오산시 원동 712-1번지 일원에 짓는 ‘롯데캐슬 스카이파크’를 다음 달 분양한다. 지하 3층~지상 최고 23층, 18동, 전용면적 65~173㎡ 2339가구 규모로, 오산시 최초의 롯데캐슬 브랜드 아파트다. 단지 반경 2.5㎞ 내에 지하철 1호선 오산역과 오산환승센터가 있어 교통이 편리하다. 단지 바로 앞에 원당초등학교가 있고 중·고등학교도 주변에 많다."
https://www.chosun.com/economy/real_estate/2022/11/18/XPJ3FGPNO5HULD5YRK7SA4LM34/,"전국에서 재건축·재개발 사업을 추진 중인 조합들이 시공사를 구하지 못해 애를 먹고 있다. 주택경기 침체와 건설 자재 값 인상, 부동산 PF(프로젝트 파이낸싱) 대출 중단 등의 여파로 건설사들이 사업 수주에 신중해진 탓이다. 대형 건설사 간 수주 경쟁이 치열했던 서울 재개발·재건축도 시공사 선정 입찰이 유찰되는 곳이 늘고 있다. 소규모 정비사업 입찰에는 건설사가 단 한 곳도 참여하지 않는 경우가 빈번하다.
◇ 신중해진 건설사들, 서울 핵심 사업지도 외면… 경기침체·비용급증·대출난 탓
17일 주택 정비 업계에 따르면, 서울 도심 ‘노른자’ 사업지로 꼽히는 중구 신당 8구역 재개발 사업의 시공사 선정이 불발됐다. 지난 7일 진행된 시공사 선정 입찰에 포스코건설 한 곳만 참여했기 때문이다. 도시정비법은 시공사 선정 과정에서 비리를 막기 위해 경쟁 입찰을 원칙으로 하고, 단수 입찰은 유찰로 본다.
신당 8구역은 서울 지하철 5·6호선 환승역인 청구역과 인접한 역세권 입지에 최고 28층 아파트 16개 동 1215가구를 짓는 사업이다. 일반분양 물량이 전체 공급 가구 수의 절반에 달해 사업성도 좋은 것으로 평가받는다. 사전에 조합이 진행한 설명회에는 포스코건설 외에도 삼성물산, 현대건설, 대우건설, GS건설 등 대형 건설사들이 대거 참석했지만, 정작 입찰에는 참여하지 않았다. 애초 업계에선 포스코건설과 대우건설이 수주전을 벌일 것으로 전망했다. 한 정비업계 관계자는 “대우건설이 이달 초 수주한 한남 2구역에 집중하느라 신당 8구역 입찰은 포기한 것으로 보인다”고 했다.
올 하반기 재건축 최대어로 기대를 모았던 서초구 방배동 신동아아파트 재건축도 지난달 시공사 선정 입찰이 무산됐다. 이 단지는 지하철 2호선 방배역 역세권 대로변에 자리 잡은 439가구 규모 아파트다. 재건축을 통해 843가구를 짓는데 일반분양 가구가 많아 강남권 알짜 사업지로 꼽혔다. 이곳도 현장설명회엔 15개 건설사가 참석했지만, 정작 입찰에 참여한 건설사는 한 곳뿐이었다. 이 밖에 노원구 상계주공5단지 재건축, 광진구 중곡아파트 공공재건축 등도 시공사를 찾지 못해 재입찰을 하거나 수의계약으로 전환할 예정이다.
◇수익성 나빠질까 수주 꺼려
건설 경기 침체가 심해지면서 민간 주도의 주택 공급 확대에도 ‘빨간불’이 켜졌다. 미분양 물량 급증으로 분양 성공을 장담할 수 없는 상황에서 건설 비용이 올라 수익성이 나빠지자 건설사들이 사업 수주에 몸을 사리게 된 탓이다. 건설 자재 값 개념인 ‘건설용 재료 물가지수’는 지난 9월 144.86으로 작년 초(108.62)와 비교해 33% 올랐다. 시공능력평가 기준 10대 건설사 가운데 삼성물산을 제외한 9개 건설사는 올해 1~3분기 누적 영업이익이 전년 동기보다 감소했다. 주택산업연구원이 조사한 11월 전국 주택사업 경기전망지수도 40.5로 2012년 조사 이후 역대 최저치를 기록했다. 윤지해 부동산R114 수석연구원은 “요즘 건설사들은 서울 주요 입지라도 리스크 대비 수익성이 높지 않으면 수주에 나서지 않고 보유 현금을 지키는 데 치중하는 상황”이라고 했다.
중소 건설사들의 주요 먹거리였던 소규모 정비 사업은 상황이 더 어렵다. 울산 울주군 서울산 가로주택정비조합과 경북 포항시 두호1056블록 가로주택정비조합은 지난달 시공사 선정을 위한 두 번째 현장설명회를 열었지만 참여한 건설사가 단 한 곳도 없었다. 백준 J&K도시정비 대표는 “소규모 정비 사업은 일반분양이 많이 나오지 않는 데다 공사비까지 급격하게 오르자 건설사들이 아예 손을 놓는 분위기”라며 “지방은 물론 수도권도 당분간 사업 진행이 어려울 것”이라고 했다."
https://www.chosun.com/economy/real_estate/2025/06/12/NXUST6L65BBJPCOIE33AJT4F2M/,"지난달 대출 이자를 제때 갚지 못하는 등 문제로 인해 경매에 넘어간 서울의 부동산이 10년 만에 최대치를 기록한 것으로 나타났다.
12일 법원 등기정보광장에 따르면, ‘임의경매개시결정등기’가 신청된 서울의 집합건물(아파트·연립·오피스텔 등)은 687건을 기록했다. 지난 2014년 7월 772건을 기록한 이후 가장 많은 건수가 등록된 것이다. 이는 전년 동기(461건)보다도 49% 증가한 수치다.
임의 경매는 부동산을 담보로 대출 받은 채무자가 원금이나 이자를 3개월 이상 갚지 못해 부동산이 경매로 넘어가는 절차다. 채권자가 신청하면 별도의 재판 없이 임의 경매가 진행될 수 있다.
지역별로 살펴보면 지난달 서대문구에서 370건의 임의경매 물건이 쏟아지며 가장 많은 수치를 기록했다. 서대문구 대현동 이대 앞 지상 6층 규모 상가 건물이 임의경매로 넘어가면서 건수가 크게 늘어난 것이다. 서대문구 공인중개사 관계자는 “공사비와 대출 문제로 상가 361호실이 통으로 경매에 넘어간 것으로 보인다”고 했다. 이 밖에 중랑구 31건, 강남구와 강서구에서 각각 24건, 성동구 20건, 구로구 19건 순으로 많았다.
올해 1~5월 전국 집합건물 임의경매 신청 건수는 2만239건으로 지난해 같은 기간(2만4001건)보다는 15.7% 감소했다. 하지만 2021년 1만126건, 2022년 8678건, 2023년 1만4924건 등과 비교하면 여전히 높은 수준이다. 올해 임의경매를 통해 매각된 전국 집합건물은 9493건으로 2022년 5439건, 2023년 5461건, 2024년 7846건 등 갈수록 증가하는 추세다. 임의경매가 증가하는 것은 고금리 기조가 이어지면서 집주인들의 원리금 상환에 어려움을 겪고, 은행이 근저당권을 실행해 경매로 넘어가는 물건이 늘었기 때문으로 분석된다."
https://www.chosun.com/economy/real_estate/2020/10/29/NJ2BWKQEABFAJAISXJPJX3YYGQ/,"문재인 대통령은 28일 국회 시정연설에서 전세난 해결에 대한 의지를 드러냈지만, 정부 정책의 부작용에 대한 언급은 전혀 없었다. 정부와 여당 관계자들도 올가을 전세 대란의 원인을 저금리와 계절적 요인 등 외부 요인으로 돌리면서 남 탓으로 일관하고 있다. 부동산 전문가들은 “정부와 여당이 지난 7월 말 '전세 시장 안정’을 명분으로 도입한 계약갱신청구권제, 전·월세 상한제가 도리어 ‘전세 대란’을 촉발했다”고 지적한다. ‘투기 수요를 차단하겠다’며 내놓은 각종 세제·대출 규제, 실거주 요건 강화 등의 정책이 집값은 못 잡고 전세난만 심화시켰다. 민간이 전셋집을 공급할 수 있는 구조를 막아놓은 정부가 전세난이 터지자 해결책은 못 내놓고 “기필코 안정시키겠다”는 다짐만 하는 꼴이다.
◇전세난도 남 탓, 유동성·신혼부부 탓?
KB국민은행이 집계하는 서울 주간 전셋값 상승률은 주택임대차법 개정 직전 0.29%에서 지난주 0.51%로 확대됐다. 수도권 상승률도 0.21%에서 0.51%로 뛰었다. 대전·대구·울산 등 지방 광역시도 전셋값 상승세가 이어지며 전세 대란이 전국으로 번지고 있다는 평가가 나온다.
이런 상황에서 28일 부동산시장 점검 관계장관회의를 주재한 홍남기 부총리는 “시장을 면밀하게 모니터링·분석하고 매매 시장과 전세 시장의 안정을 다각적으로 고민할 예정”이라고만 했다. 시장 상황을 지켜보는 것 말고는 마땅한 대책이 없다는 의미로 해석된다. 정부와 여당이 조만간 별도의 전세 대책을 발표할 가능성도 있지만, 이 역시 ‘맹탕’일 것이란 전망이 나온다.
최근 정부와 여당 관계자들은 전세난의 원인을 임대차법이 아닌 다른 곳으로 돌리고 있어 “여론을 호도한다”는 비판이 나온다. 지난 23일 국토교통부 국정감사에서 박상혁 더불어민주당 의원은 “한국은행이 금리를 인하하면서 전세가격이 오르기 시작했다”고 발언했다. 이에 야당 의원들은 “최근 몇 년째 저금리 상황이었고, 7월 임대차법 개정 이후 전세가격이 뛰어올랐다”고 반박했다.
홍 부총리는 28일 최근 전세시장의 불안 요인으로 가을 이사철 같은 계절적 요인과 혼인 등 코로나로 연기됐던 입주 수요 증가를 꼽았다. 고종완 한국자산관리연구원장은 “투자 성격이 있는 매매 수요와 달리 전세는 실수요 중심이기 때문에 유동성과 큰 관련이 없다”며 “가을에 전세 수요가 늘어나는 것은 매년 있는 일인데 이를 전셋값 상승의 원인이라 주장하는 것은 설득력이 떨어진다”고 말했다.
◇반복되는 ‘유체 이탈’ 화법
문 대통령도 부동산 정책과 관련해 현실과 동떨어진 발언을 잇달아 하고 있다. 지난 7월 6일 청와대 수석·보좌관 회의에서 “세계적으로 유동자금은 사상 최대로 풍부하고 금리는 사상 최저로 낮은 상황”이라며 “정부는 최선을 다해 부동산 투기를 억제하고 실수요자를 보호하며, 서민들과 청년들의 주거 안정을 위한 대책을 강력히 추진해 나가겠다”고 했다. 정부 정책 실패로 집값이 급등했다는 비판 여론은 무시한 채, 유동성 탓만 한 것이다. 열흘 후 국회 개원 연설에서는 “다주택자에 대한 주택 보유 부담을 높이고 시세 차익에 대한 양도세를 대폭 인상해 부동산 투기를 통해선 더 이상 돈을 벌 수 없다는 점을 분명히 하겠다”고 했다. 지난 3년간 줄기차게 다주택자 규제를 쏟아내고도 집값 안정에 실패한 부분에 대한 성찰은 없었다. 전세 대란을 촉발한 주택임대차법에 대해서는 “40년 만의 획기적 변화”라고 평가했다.
28일 부동산 관계장관회의 때 홍 부총리 발언도 논란이 됐다. 그는 “과도기적 상황인 ‘사점(dead point)’을 조기에 통과하고, ‘세컨드 윈드(second wind)’를 앞당겨 맞이할 수 있도록 총력을 기울일 것”이라고 했다. 고강도 운동을 할 때 숨이 가빠졌다가 신체가 적응하면서 괜찮아지는 생체 현상을 빗대 ‘전세 대란도 시간이 지나면 괜찮아질 것’이라 주장한 것이다. 심교언 건국대 교수는 “전세 대란으로 국민이 받는 고통은 나날이 커지는데 정부는 한가한 소리만 하고 있다”고 말했다.
문 대통령은 국회 연설에서 전세난 해법으로 ‘질 좋은 중형 공공임대아파트 공급’을 꼽았지만, 민간을 배제한 채 공공이 주도하는 주택 공급은 근본적인 대책이 되기 어렵다고 전문가들은 지적한다. 홍 부총리가 시장 안정 방안으로 언급한 ‘지분적립형’ 주택 역시 첫 분양이 2023년이어서 입주까지 최소 5년은 걸린다. 당장 주택 공급 부족을 해결하기엔 역부족이다.
정부와 여당은 9억원 이하 중저가 주택 소유자의 재산세 인하 방안도 조만간 발표할 예정이다. 하지만 공시가격 과속 인상으로 이미 서민들의 재산세 부담이 급증한 상황에서 일부의 재산세만 낮추는 것을 두고 ‘지나치게 정치적’이란 반응이 지배적이다."
https://www.chosun.com/economy/real_estate/2024/01/08/YJXALS7TKFFQNBMTI42GAT3VLU/,"지난해 전국에서 매매 거래된 아파트 중 30대가 매수자인 비율이 2019년 조사를 시작한 이래 최고를 기록했다. 주택 시장의 대표적 ‘큰손’으로 통하는 40대를 처음 추월했다. 2022년 집값이 큰 폭으로 떨어진데 이어 정부가 작년부터 9억원 이하 주택을 대상으로 저금리 대출인 특례보금자리론을 출시하자 상대적으로 자금 여유가 없는 30대들이 적극적으로 움직인 것으로 풀이된다.
8일 한국부동산원의 연령대별 아파트 매매비중 자료에 따르면 지난해 1~11월 전국 아파트를 가장 많이 산 연령대는 30대로 전체의 26.7%를 차지했다. 2019년 1월 관련 자료가 공개되기 시작한 이래 연간 기준으로 가장 높은 수치다. 40대(25.9%)를 처음으로 추월했다.
2022년부터 이어진 고금리 여파로 주택 거래가 크게 위축되자 정부는 지난해 1월부터 9억원 이하 주택을 대상으로 시중 대출보다 금리가 2~3%포인트 낮은 4~5%대 특례보금자리론을 내놨다. 당초 정부는 총 39조6000억원을 특례보금자리론으로 편성했는데, 9월에 이를 돌파했고 이달 말 기준으론 44조원 안팎의 돈이 풀릴 것으로 추정된다. 전문가들은 집값 하락을 매수 기회로 삼는 30대들이 많았던 것으로 해석하고 있다. 최근 사회적 논란이 된 전세사기의 피해가 30대에 집중됐다는 점도 이들의 아파트 매수를 부추긴 것으로 해석된다.
지역별로 서울(33.1%), 세종(31.9%), 대구(28.5%), 부산(27.2%), 인천(26.9%) 등에서 30대의 매입 비중이 높게 나타났다. 서울의 지난해 30대 매수 비중은 2022년(28.2%)보다 높아졌지만 2030 세대의 영끌이 집중됐던 2021년(35.4%)과 2020년(33.4%)에 비해서는 낮았다."
https://www.chosun.com/economy/real_estate/2021/06/01/Z3QBJEMMIFDRBODJOFUC3WSDYY/,"땅집고가 국내 첫 한옥 실전 건축 강좌인 ‘건축주대학-한옥건축 마스터 클래스’ 과정을 개설하고 수강생을 모집한다. 이번 과정은 이른바 ‘문화재급 한옥’을 대상으로 인문학적 미(美)를 배우는 과정이 아니다. 실제 한옥으로 주거용 단독주택이나 세컨드 하우스를 짓거나 한옥카페·게스트하우스 같은 상업용 건물을 짓고 싶어 하는 건축주를 위해 실전 정보를 알려주는 건축 강좌다.
커리큘럼은 한옥 설계와 주요 도면 배우기, 현대 한옥의 유형과 트렌드, 터잡기와 인허가, 한옥 시공 견적서 보는 법, 한옥을 위한 인테리어, 한옥 리모델링 등으로 구성된다. 수강생이 직접 현장을 보고 배울 수 있는 현장 스터디를 2회 편성했다.
강사진은 현재 직접 한옥을 설계·시공하거나, 자재를 만드는 최고의 현장 전문가들이 맡는다. 김준봉 현대한옥학회장을 필두로 천국천 건축사, 박재원 도편수, 김승직 대목장, 안봉균 대표 등이 강의에 나선다. 12년 동안 한옥 240여채를 설계한 베테랑인 안봉균 정담한옥 대표는 “현대 한옥은 기본적인 뼈대만 나무를 사용할 뿐 평면, 단열재·창호·바닥재 등 자재 면에서 아파트나 양옥과 큰 차이가 없어 이용자 편의성이 크게 높아졌다”며 “최소 건축비도 3.3㎡(1평)당 과거 1000만원대에서 현재 700만~800만원대로 낮아져 건축주 관심이 높다”고 했다.
강의는 6월 9일~7월 14일까지 총 11회, 매주 수·금요일 오후 3시 30분~6시에 진행한다. 수강생에게는 일대일 건축 상담을 1회에 한해 무료 제공한다. 수강료는 180만원이며, 선착순 20 명을 모집한다."
https://www.chosun.com/economy/real_estate/2023/03/02/35CBPVPKNFEPTAWPI5CI6TJ43U/,"건설 현장에서 타워크레인 조종사가 월례비 등 계약된 급여 이외 웃돈을 받거나 부당하게 태업을 하는 경우 최대 12개월간 면허가 정지된다. 국토교통부는 이 같은 내용의 ‘건설기계 조종사 면허 정지’ 관련 가이드라인을 마련해 2일부터 시행에 들어갔다고 이날 밝혔다.
국토부가 면허 정지의 근거로 삼는 것은 현행 국가기술자격법이다. 이 법은 타워크레인 등 건설기계 조종사가 성실히 업무를 수행하지 않거나 품위를 손상시켜 공익을 해치거나 타인에게 손해를 입힌 경우 정부가 일정 기간 자격을 정지할 수 있도록 규정하고 있다. 국토부는 불법·부당 행위 유형을 ‘월례비 등 부당한 금품 수수’와 ‘건설기계를 사용한 현장 점거 등 공사 방해’ ‘부당한 태업’ 등 3가지로 규정했다. 1차 위반 때 3개월, 2차 위반은 6개월, 3차 위반 때는 12개월간 면허를 정지하기로 했다. 국토부는 이와 함께 건설기계 조종사가 부당금품을 요구하는 경우 면허취소도 가능하도록 ‘건설기계관리법’ 개정도 추진할 계획이다.
원희룡 국토부 장관은 “건설 산업 구성원임에도 다른 구성원의 피해는 외면하는 일부 노조의 부적절한 관행을 반드시 근절시킬 것”이라며 “일하지 않는 조종사는 교체할 수 있도록 제도를 정비하고, 대체 인력을 확보해 건설 현장을 정상화시킬 것”이라고 말했다."
https://www.chosun.com/economy/real_estate/2024/05/20/ZG4ZF47UAVDOFNPM2EC2JS2YAY/,"서울 강남구와 용산구에 위치한 초고가 주거시설에 대한 젊은 자산가들의 매수세가 잇따르고 있다.
20일 등기부등본에 따르면, 서울시 용산구 한남더힐 전용면적 233㎡는 지난 1월 94억5000만원에 거래됐다. 주택 소유주는 1998년생으로 나타났다. 계약 후 네달만인 이달 10일 등기를 마쳤다. 해당 주택에 근저당권이 설정되지 않은 만큼 매입 자금 전액 현금으로 낸 것으로 추정된다.
전 소유주는 2017년 9월 해당 주택을 43억원에 분양받은 뒤 7년여만에 51억원 넘는 차익을 얻었다.
앞서 서울 강남구 압구정동 현대아파트 전용면적 196㎡은 지난 2월 80억원에 거래됐는데, 매수자는 1992년생으로 30대 초반이었다. 이 주택은 지난달 채권최고액 15억4000만원의 근저당권 설정계약을 체결했다. 근저당 채권최고액은 실제 빌린 금액의 120~130%를 설정하므로, 해당 매수자는 은행에서 10억원대 주택담보대출을 받은 것으로 예상된다. 나머지 70억원에 가까운 돈은 전액 현금 지불한 것으로 추정된다.
지난달 120억원에 거래된 장윤정 부부 소유의 서울시 용산구 한남동 나인원한남 전용면적 244㎡ 매수자는 1989년생인 것으로 알려져 화제가 됐다. 별도의 근저당권이 확인되지 않은 만큼 전액 현금으로 대금을 지급한 것으로 추정된다.
장윤정 부부는 2021년 3월 해당 주택을 50억원에 공동명의로 분양받았고, 이번 거래를 통해 약 70억원의 시세차익을 남겼다. 같은 면적 직전 거래가이던 2021년 12월의 90억원과 비교하면 30억원 상승했다. 올해 들어 등록된 아파트 실거래가 중 최고 가격이다.
최근 코인, 주식 등 자산 투자 및 유튜버 등 단기간에 큰돈을 벌게 된 영리치들이 많아진데다, 초고가 주택을 유망 투자자산으로 보고 집을 일찌감치 증여하는 추세가 있어 초고가주택에 대한 매입 사례는 계속 늘어날 것이라는 전망이다."
https://www.chosun.com/economy/real_estate/2023/01/31/RPPDXCCOX5GRPAXNQW6APPFVCA/,"다음 달 서울을 비롯한 수도권에 아파트 입주 물량이 한꺼번에 쏟아진다.
30일 직방에 따르면, 2월 전국 아파트 입주 물량은 전년 같은 기간보다 67% 많은 2만3808가구로 집계됐다. 권역별로 보면 수도권이 1만5206가구, 지방은 8602가구가 입주할 예정이다.
수도권에서는 서울(6303가구), 경기(5029가구), 인천(3874가구) 순으로 입주 물량이 많다. 특히 서울은 정비 사업이 완료된 1000가구 이상 대규모 단지 입주가 이어진다. 2월 말쯤 서울 강남구 개포동 ‘개포자이프레지던스’ 3375가구와 동작구 흑석동 ‘흑석리버파크자이’ 1772가구가 입주할 예정이다.
신규 입주 아파트에서 전세 물량이 쏟아지면서 인근 아파트 전셋값도 덩달아 내리고 있다. 부동산 빅데이터 업체 아실에 따르면, 내달 입주를 앞두고 개포자이프레지던스의 전세 매물은 약 1300건으로 전체 가구의 3분의 1을 넘는다. 지난해 9월 15억원을 넘던 이 단지 전용면적 84㎡ 전세 호가는 9억원까지 뚝 떨어졌다. 흑석리버파크자이 역시 전체 물량의 20%인 343가구가 전세 매물로 나왔다. 작년 하반기 10억원 수준이던 전용 84㎡ 전세 호가는 5억5000만원까지 내렸다.
주변 아파트 전셋값도 급락하고 있다. 개포동 ‘래미안블레스티지’는 지난해 8월 전용 84㎡ 전세가 15억 7500만원에 체결됐지만, 현재 호가는 10억원에서 시작한다. 흑석동 ‘롯데캐슬에듀포레’도 전용 59㎡ 전셋값이 같은 기간 8억5000만원에서 4억6300만원으로 거의 반 토막이 났다. 직방 측은 “새 아파트가 집중되는 서울·대구·인천에선 매물 적체와 전세 수요 부족으로 전셋값 하락 폭이 커질 것”이라고 했다."
https://www.chosun.com/economy/real_estate/2021/12/06/LBSYBESU2NDQJM5NGWQEUKZPPU/,"현대엔지니어링이 6일 한국거래소의 유가증권시장 상장 예비심사를 통과했다고 밝혔다. 지난 9월 30일 한국거래소에 상장 예비심사 신청서를 제출한 현대엔지니어링은 이날 예비심사를 통과함에 따라 증권신고서를 제출하고 본격적인 공모 절차를 밟을 계획이다. 주관사는 미래에셋증권과 KB증권, 골드만삭스증권이다. 시장에서는 현대엔지니어링이 상장할 경우 6조~7조원의 기업가치를 인정받을 것으로 예상하고 있다.
현대엔지니어링은 플랜트, 인프라·산업, 건축·주택 등 건설·엔지니어링 등의 사업을 하고 있다. 자산관리사업과 탄소제로 및 수소생산 관련 사업도 추진 중이다.
현대엔지니어링은 지난 3분기까지 연결 기준 매출 5조3907억원, 영업이익 3142억원을 기록했다. 올해 미국, 폴란드, 태국, 러시아, 사우디 등에서 사업을 수주하고, 창사이래 최초로 국내 도시정비사업에서만 2조원이 넘는 수주고를 기록했다
현대엔지니어링은 올해 1월 지속가능경영팀을 신설하고, 수소 생산·폐플라스틱 자원화·소형원자로 사업 등을 추진하는 사업부도 신설했다.
현대엔지니어링 관계자는 “기업공개를 계기로 경쟁력을 더욱 강화하겠다”고 말했다."
https://www.chosun.com/economy/real_estate/2025/06/24/4XUOQGVTPJA37FB3S32I5S3ELM/,▲대보그룹 ▷기획조정실장(부사장) 유재욱
https://www.chosun.com/economy/real_estate/2023/04/13/G3RDR3YMWVE3NMFMOSPJLXW5SE/,"한국토지주택공사(LH)가 경기도 양주 회천지구 건설현장에서의 채용 강요, 공사 지체 등의 불법 의심행위를 벌인 작업자와 상급 단체인 건설노조를 상대로 3억5700만원의 손해배상 청구 소송을 제기했다고 13일 밝혔다. LH가 건설노조의 불법 행위를 주장하며 손해배상을 청구한 것은 지난 2월 창원 명곡지구(1억4600만원) 이후 두 번째다.
LH에 따르면 노조는 2021년 6월부터 회천지구 A-18블록 현장에서 조합원 채용을 강요하고 과도한 임금인상 및 주휴수당을 요구했다. 이 요구를 원도급사와 하도급사가 거부하자 2021년 8월 말부터 11월 중순까지 노조 소속 근로자들이 태업에 돌입하고 일반 근로자의 공사 작업을 방해해 공사가 24일 지연된 것으로 LH는 파악했다.
LH는 지난달 19일 18개 건설현장의 불법의심 행위 51건의 2차 형사상 고소·고발을 진행한 데 이어 235곳의 현장조사를 완료해 3차 고소·고발을 준비중이다."
https://www.chosun.com/economy/real_estate/2023/06/30/DAYGNBCXDBGR7NBEN6YUUG52TU/,"전국의 미분양 주택이 석 달 연속 감소했다. 주택 경기 침체가 장기화될 것을 우려한 건설사들이 분양 물량을 예년보다 절반 이상 줄였기 때문으로 풀이된다. 반면 ‘악성 미분양’으로 불리는 준공 후 미분양은 꾸준히 증가세를 나타내고 있다.
국토교통부가 30일 발표한 ‘5월 주택통계’에 따르면 전국 아파트 미분양은 6만8865가구로, 지난달(7만1365가구) 대비 3.5% 감소했다. 미분양 물량은 작년 4월 이후 올해 3월 11개월 만에 감소세로 돌아선 뒤 3개월째 줄고 있다. 다만 여전히 20년 장기 평균(6만2000가구)을 훌쩍 넘는 수준이다.
수도권은 1만799가구로 전월 대비 7.0%, 지방은 5만8066가구로 전월 대비 2.0% 감소했다. 그러나 올해 1~5월 분양 물량이 크게 줄어든 점을 고려하면, 3~5월 미분양 감소 추이에 큰 의미를 부여하기 어려운 상황이다. 올해 1월부터 5월까지 전국에서 분양된 공동주택은 총 4만6670가구로 전년 동기 대비 51.5% 감소했다. 수도권은 2만8554가구로 40.7%, 지방은 1만8116가구로 62.3% 줄었다.
미분양은 줄고 있지만 악성 미분양은 오히려 늘었다. 전국 준공 후 미분양 물량은 8892가구로, 전월(8716가구)보다 2.0% 늘었다. 수도권의 준공 후 미분양은 전월 대비 2.0% 감소한 반면, 지방의 준공 후 미분양은 3.0% 증가했다. 전남의 준공 후 미분양이 906가구에서 1196가구로 32.3% 증가해 전국 17개 시·도 가운데 증가폭이 가장 컸다. 전국에서 미분양이 가장 많은 대구의 준공 후 미분양은 1017가구에서 919가구로 지난달보다 9.6% 감소했다.
건설 경기 침체로 새롭게 인·허가를 받거나 착공·분양에 들어간 물량도 전반적으로 줄었다. 5월 누계(1~5월) 기준 주택 인·허가를 받은 주택은 15만7534가구로 지난해 같은 기간 대비 24.6% 감소했다. 착공도 7만7671호로 전년 동기 대비 47.9% 줄었다.
주택 거래량은 아파트를 중심으로 다소 회복하는 모습이다. 전국 5월 주택 매매량은 5만5176건(신고일 기준)으로 지난달보다 16.0% 증가했다. 주택 유형별로는 아파트 매매량이 4만746건으로 작년 동월보다 9.8% 증가했고, 아파트 외 주택 거래량은 1만4430건으로 44.7% 줄었다. 서울 아파트는 지난달 3711건 거래돼 전월 대비 24.5%, 전년 동월 대비 56.5% 증가했다."
https://www.chosun.com/economy/real_estate/2024/10/24/DPQHOD2BZRHUZK2ZREYTKKYSDI/,"광주광역시 최대 재개발 사업으로 꼽히는 광산구 신가동 재개발 조합이 지난 17일 시공사 선정 입찰을 진행했지만, 단 한 곳의 건설사도 참여하지 않아 유찰됐다. 신가동 재개발은 28만8058 ㎡(약 8만7140평) 부지에 최고 28층 51동(棟), 4718가구를 짓는 대형 사업으로, 공사비 규모만 1조8000억원에 달한다. 지난달 열린 현장 설명회에는 대형 건설사를 포함해 6곳이 참여했지만, 막상 뚜껑을 열어보니 아무도 입찰에 나서지 않았다. 한 중견 건설사 관계자는 “1조원 넘는 대형 사업이라 욕심을 낼 만도 한데, 최근 지방에 미분양이 계속 쌓이다 보니 선뜻 나서지 못한 것”이라고 했다.
정부가 재건축·재개발 규제를 풀어 정비 사업 활성화에 나섰지만, 시공사를 찾지 못해 사업이 지연되는 단지가 여전히 많다. 서울을 비롯한 수도권에선 공사비 책정이 가장 큰 분쟁 거리다. 조합이 정한 공사비가 너무 낮다는 이유로 건설사들이 외면하거나, 특정 건설사만 단독으로 참여해 시공사 선정이 유찰되는 상황이 많다. 지방에선 미분양 증가 등 침체한 주택 경기 탓에 재건축·재개발 시공사 선정이 난항이다. 전문가들은 “규제 완화와 더불어 실질적인 공사비 안정, 부동산 경기 회복세가 나타나야 정비 사업을 통한 주택 공급 확대가 이뤄질 수 있다”고 지적한다.
◇노후 주택 많은 지방, 외면
재건축·재개발 시공사 선정도 양극화가 심해지는 상황이다. 서울을 포함한 수도권에선 더디더라도 어떻게든 사업이 진행되지만, 주택 노후 문제가 더 심각한 지방에선 시공사를 구하지 못해 방치되다시피 하는 사업장이 늘고 있다.
23일 정비 업계에 따르면, 올 들어 3분기까지 시공사 선정이 완료된 전국 재건축·재개발 사업장 78곳 가운데 서울(36곳)을 비롯해 경기(12곳), 인천(4곳) 등 수도권이 66.7%로 나타났다. 지방에선 부산(17곳)을 뺀 나머지 지역의 재건축·재개발은 시공사 구하기가 ‘하늘의 별 따기’ 수준이다. 대전 4곳, 광주와 충북, 충남, 경남 등이 각 1곳씩 시공사를 찾는 데 그쳤다. 최근엔 부산에서도 사업비가 1조4000억원이 넘는 연제구 연산5구역(망미주공) 재건축이 시공사 선정이 연거푸 유찰됐다.
재건축·재개발이 시급한 노후 주택 비율은 수도권보다 지방이 더 높다. 수도권의 경우 대규모 택지 개발로 신도시가 많이 조성됐고, 노후 주택이 철거된 경우도 상대적으로 많기 때문이다. 국토교통부에 따르면, 지난해 말 기준 30년 이상 된 주거용 건축물 비율은 수도권이 43.3%, 지방이 55.2%로 나타났다. 17개 시도별로 보면 부산의 노후 주택 비율이 68.7%로 가장 높고, 이어 대구(65.2%), 전남(63.1%), 대전(62.2%), 경북(59.6%) 등이다.
그러나 지방을 중심으로 미분양이 적체되면서 건설사들은 지방 사업장 수주를 꺼리고 있다. ‘악성 미분양’으로 불리는 준공 후 미분양은 지난 9월 기준 전국 1만6461가구로, 이 가운데 82.9%에 달하는 1만3640가구가 지방에 몰려 있다. 한 대형 건설사 관계자는 “굳이 미분양 리스크를 안고 지방 사업장을 수주할 이유가 없다”고 했다.
◇서울 정비 사업도 경쟁입찰 사라져
서울 재건축·재개발 사업장에서도 건설사들이 아예 입찰에 참여하지 않거나, 1곳만 참여하면서 유찰돼 수의계약으로 전환하는 사례가 여전하다. 건설사 입장에선 조합이 제시한 공사비가 눈높이에 못 미치거나, 가구 수나 입지가 애매해 사업성이 확실하지 않은 경우 무리하게 수주할 필요가 없다는 판단이다.
한강변에 위치한 서울 용산구 산호아파트 재건축 조합은 벌써 세 차례나 시공사 선정에 실패했다. 지난 4월과 6월에는 입찰에 참여한 건설사가 없었고, 지난달 세 번째 입찰에는 롯데건설만 단독 참여하면서 경쟁입찰이 성립되지 않아 다시 유찰됐다. 다음 달 4차 입찰에도 롯데건설만 참여할 경우 수의계약으로 전환할 예정이다. 송파구 한양3차 재건축 조합도 지난 21일 시공사 선정에 나섰지만, 참여한 건설사가 없었다.
고종완 한국자산관리연구원장은 “공사비가 안정되지 않을 경우 정부의 재건축·재개발 규제 완화 수혜가 서울 강남 등 일부 지역에만 집중될 우려가 있다”며 “노후 주택 주거 환경 개선도 지역별로 양극화가 심해지고, 정비 사업을 통한 주택공급 확대도 차질을 빚을 수 있다”고 했다.
▶함께 보면 좋은 영상
💰부자가 되고 싶은 당신을 위한 경제지침서 유튜브 ‘조선일보 머니’ 보러가기https://www.youtube.com/@chosunmoney?sub_confirmation=1"
https://www.chosun.com/economy/real_estate/2024/04/30/EI2PB7GZVNHLBACUJLJFDGVXI4/,"최근 수도권 아파트 공급 지표가 유례 없이 저조한 것과 반대로 아파트 구매 수요는 서울을 중심으로 회복세를 보이고 있다. 부동산 경기 침체로 하향 곡선을 그렸던 아파트 거래량이 다시 늘고, 가격도 오름세로 돌아선 것이다. 아파트 공급이 원활하지 못한 상태에서 과거 부동산 호황기처럼 수요가 증가할 경우 아파트 값 폭등으로 이어질 수 있다는 우려가 나온다. 수도권 아파트 전셋값도 지속적으로 오르고 있어 아파트 구매 심리가 더욱 증폭될 것이란 전망도 있다.
29일 기준으로 3월 서울 아파트 매매 거래 건수는 4060건으로 2021년 8월(4065건)이후 31개월 만에 월 4000건을 돌파했다. 서울 아파트 거래량은 2021년 하반기부터 줄어들기 시작해 2022년에는 거래량이 한 달에 1000건에 못 미치는 달도 많았다. 하지만 올해 들어 1월 2568건, 2월 2511건으로 점차 회복하더니 지난달 4000건을 넘어선 것이다. 올 1분기(1~3월) 거래량을 지역별로 살펴보면 9억원 이하 중저가 아파트가 밀집한 노원구가 679건으로 가장 많았다. 신축 분양가가 치솟으면서 아파트 수요자들이 아파트 값이 상대적으로 저렴한 지역의 기존 매물로 몰린 것이다.
아파트 값도 상승세로 돌아섰다. 한국부동산원에 따르면 지난주(22일 기준) 서울 아파트 매매 가격은 전주 대비 0.03% 올라 5주 연속 상승세를 기록했다. 전국 아파트 매매 가격이 0.02% 떨어지며 21주 연속 하락한 것과 대조적이다. 주택 가격 선행 지표도 오름세다. 1년 후 주택 가격에 대한 전망을 보여주는 주택 가격 전망 CSI(소비자 동향 지수)는 이번 달 101로 지난달(95)보다 6포인트 상승했다. 이 지수가 100보다 높으면 주택 가격이 상승할 것이란 전망이 하락할 것이란 전망보다 많다는 뜻이다.
2022년부터 내림세였던 아파트 전셋값이 1년째 오르면서 세입자들의 부담이 늘고 있는 점도 집값을 자극하는 요인이 될 수 있다. 전셋값이 오르면 결국 임차인들이 매매 시장으로 눈을 돌리기 때문이다. 부동산원 조사에서 지난주 전국 아파트 전셋값은 전주 대비 0.07% 올라 49주 연속 상승했다."
https://www.chosun.com/economy/real_estate/2023/02/07/JCWPUKUR55CYPGFOGJPFZJWABE/,"지난달 일반분양을 실시한 경기 안양시 호계동 ‘평촌센텀퍼스트’는 6일 ‘모든 주택형의 분양가를 10% 하향 조정한다’는 내용의 정정 모집 공고를 냈다. 평촌센텀퍼스트(덕현지구 재개발) 조합이 지난 4일 긴급 총회를 열어 분양가를 10% 할인하기로 결정한 데 따른 것이다. 이에 따라 전용면적 59㎡ 분양가(최고가 기준)는 8억800만원에서 7억2720만원으로, 84㎡ 분양가는 10억7200만원에서 9억6480만원으로 1억원 안팎 조정됐다. 분양가 할인은 기존 당첨자에게도 동일하게 적용된다. 당초 이날부터 실시할 예정이던 정당계약 일정은 13~17일로 연기됐다.
평촌센텀퍼스트가 ‘분양가 할인’에 나선 것은 미분양 우려 때문이다. 이 단지는 지난달 진행된 1·2순위 청약에서 1150가구 모집에 350명이 신청해 평균 경쟁률이 0.3대1에 그쳤다. 이 단지는 당초 2020년 10월 선분양에 나설 예정이었다. 하지만 HUG(주택도시보증공사)에서 제시한 3.3㎡당 1810만원대 분양가에 조합이 반발하면서 후분양으로 선회했다. 결국 3.3㎡당 3211만원에 분양에 나섰지만, 높은 분양가와 부동산 시장 침체로 수요자들의 외면을 받은 것이다.
전국에서 미분양에 대한 우려가 커지면서 분양을 미루는 건설사나 조합도 늘고 있다. 직방 조사 결과, 지난달 전국에서 분양을 실시한 단지는 4개 단지, 총 1569가구로 당초 계획 물량(10개 단지, 7275가구)의 4분의 1 수준에 그쳤다.
이달에는 전국에서 16개 단지, 총 1만2572가구가 일반분양을 준비하고 있다. 작년 2월(2만1494가구)과 비교해 42% 감소한 것이다. 미분양이 집중된 지방 단지들이 분양을 미루면서 2월 전체 물량의 65%(8149가구)가 수도권에서 분양될 예정이다. 주요 단지로는 서울 영등포구 ‘영등포자이디그니티’(일반분양 187가구), 경기 평택시 ‘힐스테이트평택화양’(1571가구), 인천 미추홀구 ‘더샵아르테’(770가구)가 있다. 이달 지방 분양은 4423가구에 그칠 전망이다."
https://www.chosun.com/economy/real_estate/2021/04/20/QOHE3RYQHBHTNM2A6BYCKIXOZE/,"조선일보가 오는 4월 30일(금)·5월 1일(토) 이틀간 개최하는 ’2021 대한민국 부동산 트렌드쇼'의 온라인 유료 시청권(1일 3만원)을 땅집고 앱 회원에게 할인 판매한다. 땅집고 앱을 다운로드 받아 첫번째 페이지에서 ‘트렌드쇼 할인 등록 배너’를 클릭하면 5000원 할인된 가격에 시청권을 받을 수 있다.
‘2021 대한민국 부동산 트렌드쇼’에는 부동산, 재테크, 건축, 주식 분야에서 국내 최고의 전문가 21명이 총출동한다. 김학렬(필명 빠숑) 스마트튜브 부동산조사연구소장, 우병탁 신한은행 팀장(세무사), 박합수 KB국민은행 전문위원, 리맥스코리아 노창희 부사장(꼬마빌딩 투자) 등이 출연한다. 땅집고 앱 다운로드는 안드로이드(삼성·LG폰 등)에서 가능하다. 아이폰용 앱은 5월 이후 출시 예정이다."
https://www.chosun.com/economy/real_estate/2022/09/01/YWVGWB6ZQFEGPKMPWNTKPWWMDQ/,"정부가 전세사기 근절을 위해 악성임대인 정보를 제공하고, 임차인 대항력 강화를 위한 제도 개선에 나선다.
국토교통부는 1일 이 같은 내용을 담은 ‘전세사기 피해 방지방안’을 관계부처 합동으로 발표했다. 국토부는 우선 임차인에게 폭넓은 정보를 제공하기 위해 내년 1월 ‘자가진단 안심전세 앱’을 출시한다. 입주희망 주택의 적정 전세가와 매매가 수준에 대한 정보, 악성임대인 명단, 임대보증 가입 여부, 불법‧무허가 건축물 여부 등에 대한 정보가 제공된다.
세입자가 계약 전 본인의 대항력을 미리 확인할 수 있는 방안도 마련된다. 정부는 임차인이 계약 이전에 임대인의 체납 사실이나 선순위 보증금 등의 정보를 확인할 수 있는 서류를 요청할 경우 임대인이 의무적으로 제공하도록 할 계획이다. 또 계약 후에도 임차개시일 전까지 미납 국세·지방세 등의 정보를 임대인 동의 없이도 임차인이 확인할 수 있도록 제도를 개선한다는 방침이다.
정부는 또 시세를 확인하기 어려워 이른바 ‘깡통전세’의 주요 타깃이 된 신축 빌라 시세를 적정하게 산정하기 위해 감정평가사를 추천받아 가격을 산정하기로 했다. 또 HUG(주택도시보증공사) 보증보험에 가입할 때 적용하는 시세 기준을 기존 ‘공시가의 150%’에서 140%로 낮추기로 했다.
임차인의 법적 권리도 강화한다. 정부는 임차인의 담보설정 순위와 관계없이 보증금 중 일정 금액을 우선 돌려받을 수 있는 ‘최우선 변제금액’을 4분기 중 높이기로 했다. 현재 최우선 변제액은 서울 기준 보증금 1억5000만원 이하인 임차인에 대해 최대 5000만원 수준이다. 또 임차인의 법적 대항력이 전입신고 ‘다음날’ 발생하는 점을 악용하는 것을 방지하기 위해 임차인의 대항력 효력이 발생할 때까지 임대인이 매매나 근저당권 설정 등을 하지 않고, 이를 어기면 계약을 해지할 수 있다는 내용의 특약을 전월세 계약서에 명시하도록 주택임대차 표준계약서를 개선하기로 했다. 또 은행이 담보대출을 실행할 때 해당 물건의 확정일자 부여 현황을 확인하고, 대항력이 발생하지 않은 임차인의 보증금까지 감안할 수 있도록 시중 주요은행과 협의할 계획이다.
전세사기 피해회복을 위한 지원도 강화한다. 먼저 ‘전세피해 지원센터’를 설치해 금융서비스, 임시거처 마련, 임대주택 입주, 법률상담 안내 등을 원스톱으로 제공할 예정이다. 또 전세사기로 목돈을 잃은 피해자를 위해 내년부터 주택도시기금을 활용해 가구당 1억6000만원까지 1%대 초저금리 자금대출을 지원한다. 당장 살 곳이 없는 전세사기 피해자에게는 HUG가 강제관리 중인 주택 등을 시세의 30% 이하로 임시거처로 제공할 예정이다."
https://www.chosun.com/economy/real_estate/2021/01/06/JVCHTIKHBJFJFCD5PQORHKCKJU/,"올 1분기 서울 아파트 입주 물량이 지난해보다 30% 이상 급감하는 것으로 나타났다. 민간 조사기관에서는 올해 연간 아파트 입주량이 지난해의 절반 수준에 그칠 것으로 전망하고 있다. 주택임대차법 개정 여파로 급감한 기존 아파트 전세 매물도 좀처럼 회복될 기미를 보이지 않고 있다. 지난해 무주택자를 고통스럽게 했던 ‘전세 대란’이 신년에도 계속될 것이란 우려가 나온다.
5일 국토교통부에 따르면, 이달부터 3월까지 서울에서는 총 1만1370가구의 아파트 입주가 시작된다. 이는 지난해 1분기(1만7154가구)에 비해 33.7% 줄어든 것이다. 전체 공급 물량의 절반 이상인 6909가구가 전용면적 60㎡ 이하 소형 주택이다. 서울 입주 예정 아파트 중 선호도가 높은 500가구 이상 대단지 민간 분양 아파트는 양천구 신정동 ‘래미안 목동아델리체’(1497가구), 강동구 상일동 ‘고덕자이’(1824가구), 마포구 염리동 ‘마포프레스티지자이’(1694가구) 등 3곳이다.
부동산114에 따르면, 올해 서울의 아파트 입주 예정 물량은 2만6940가구로, 지난해(4만8758가구)보다 45%가량 급감할 전망이다.
이처럼 신규 아파트 입주 물량이 급감하는 가운데, 기존 아파트 전세 매물도 지난해보다 큰 폭으로 줄었다. 부동산 정보 업체 ‘아실’(아파트 실거래가) 집계에 따르면, 서울 아파트 전세 매물은 5일 기준 1만7257건으로 지난해 같은 날의 3분의 1 수준에 불과하다. 지난해 7월 말 전·월세 상한제, 계약갱신청구권제를 담은 주택임대차법 개정안이 시행된 후 시중에 유통되는 전세 매물이 급감한 영향이다.
이처럼 전세 수요에 비해 공급이 부족한 상황이 봄 이사철까지 지속되면 새롭게 전셋집을 구해야 할 무주택자들의 주거 안정성을 크게 해치게 된다. 고종완 한국자산관리연구원장은 “최근 3년간 매매가격에 비해 전셋값이 덜 오른 데다 올해 서울 아파트 입주 물량이 급감하기 때문에 올해도 전셋값은 급등할 가능성이 크다”고 말했다."
https://www.chosun.com/economy/real_estate/2024/12/09/CZEAWAY2VNCDXNRGH5VECOAXLY/,"현대엔지니어링은 우즈베키스탄 최대 규모 천연가스 처리 시설인 ‘칸딤 가스처리시설’의 기본설계(FEED)부터 설계·조달·시공(EPC)까지 일괄 수행하면서 공기(工期)를 5개월이나 단축했다. 이 프로젝트는 수도 타슈켄트 남서쪽으로 520㎞ 떨어진 부하라 지역의 칸딤 가스전(田)을 개발해 연간 81억㎥의 천연가스를 처리하는 시설과 도로, 철도, 전력망, 통신망 등 관련 인프라를 짓는 대규모 사업이다. 우즈베키스탄은 세계에서 두 곳뿐인 ‘이중 내륙 국가’로 두 나라를 거쳐야만 바다에 닿을 수 있다. 지리적 제약과 더불어 사회주의적 행정 절차 탓에 통관 절차도 쉽지 않다. 이 때문에 우즈베키스탄에서 정해진 공기 내에 프로젝트를 수행하는 것은 ‘하늘의 별 따기’로 여겨진다. 현대엔지니어링은 이 사업을 통해 한국 기업의 오일·가스 분야 기본설계 역량을 입증하고, 중앙아시아 화공 플랜트 수주 기반을 마련했다. 이런 공로를 인정받아 칸딤 가스처리시설은 올해 ‘대한민국 엔지니어링 대상’에서 대상을 받았다.
◇올해의 엔지니어링 프로젝트 선정
한국엔지니어링협회는 지난 4일 서울 강남구 역삼동 GS타워에서 ‘제3회 대한민국 엔지니어링 대상’ 시상식을 열고 우수 프로젝트와 기술자에게 상을 수여했다고 8일 밝혔다. 이 상은 한국엔지니어링협회가 엔지니어링 산업의 중요성을 알리기 위해 2022년 만들었다. 기술 심사위원회와 종합 심사위원회의 2단계 심사 과정을 거쳐 기술력과 경제성, 사회적 파급 효과까지 두루 평가해 수상작을 선정한다.
상금 총 1억원이 걸린 대상 프로젝트로는 현대엔지니어링의 ‘우즈베키스탄 칸딤 가스처리시설’이 선정됐다. 이 프로젝트에 참여해 효율적인 설계와 운송 계획 수립으로 예산 절감과 공기 단축에 기여한 현대엔지니어링 정익선 책임매니저는 ‘올해의 엔지니어’로 뽑혔다. 그는 “칸딤 프로젝트는 지금껏 수행한 여러 플랜트 공사에서도 특히 난관이 많았기에 더 특별하다”며 “모든 회사 구성원들의 헌신과 열정을 모은 덕분”이라고 소감을 밝혔다.
우수상으로는 한빛 5·6호기 증기발생기 교체 프로젝트와 스마트 상수도 구축사업, 울산 비축기지 지하화 프로젝트 등 세 프로젝트가 선정됐다. 증기발생기는 원자로에서 가열된 냉각재를 이용해 증기를 생산하는 핵심 설비로, 노후화할 경우 안전성과 발전 효율이 떨어져 교체가 필수적이다. DL이앤씨는 순수 국내 기술로 전남 영광군에 있는 ‘한빛 5·6호기’ 증기발생기를 교체해 국가 전력사업에 기여하고, 증기발생기 교체 공사의 해외 수출 기반을 마련했다는 평가를 받는다.
도화엔지니어링이 수행한 ‘스마트 상수도 구축사업’은 2019년 발생한 인천 ‘붉은 수돗물(적수)’ 사고를 계기로 상수도 관리의 효율성을 높이기 위해 환경부가 발주한 사업이다. 도화엔지니어링은 기본계획 수립 연구를 맡아 수돗물 공급 전(全) 과정에 10가지 정보통신기술을 적용한 감시 체계를 구축해 수질 사고로 인한 경제적 손실을 줄이는 데 이바지했다.
삼안이 설계·감리를 맡은 ‘울산비축기지 지하화 프로젝트’는 울산 울주군 온산국가산업단지 일원 98만㎡ 지하 공동구에 석유 1030만 배럴을 저장하는 지하 비축기지를 건설하는 사업이다. 가용 부지가 제한된 악조건 속에서도 삼안이 도입한 신개념 배열구성을 통해 저장 용량과 안전성을 확보했다는 평가를 받는다.
◇창립 50주년 맞아 특별상도 수여
한국엔지니어링협회는 올해 창립 50주년을 맞아 지난 반세기 동안 국민 경제와 국가 발전에 기여한 대표 엔지니어링 프로젝트를 선정해 특별상을 수여했다. 유신이 설계·감리를 맡은 ‘인천국제공항 1~3단계 프로젝트’, 삼안의 ‘시화호 조력발전소 설계’, 한국전력기술의 ‘신고리 1·2호기 종합설계’가 특별상의 영예를 안았다. 대한민국의 관문인 인천국제공항은 세계적인 메가 허브 공항으로 발돋움했고, 국내 최초 조력발전소인 시화호 조력발전소는 연간 552.7GWh(기가와트시)의 전력을 생산해 에너지 자립에 기여하고 있다. 신고리 1·2호기는 경제성과 유지보수성을 향상시킨 ‘한국 개선형 표준 원전’을 처음 적용한 사업으로, 한국의 뛰어난 원전 설계 기술을 세계에 알렸다.
엔지니어링이란 교량, 도로, 공항, 플랜트, 원자력, 정보통신, 환경 등의 사업 기획부터 타당성 조사, 설계, 운영에 이르기까지 시공을 제외한 모든 공정을 아우르는 산업을 뜻한다. 이해경 한국엔지니어링협회 회장은 “엔지니어링은 프로젝트 공정 전반의 원가와 품질을 좌우하는 핵심 분야”라며 “협회 창립 50주년을 맞아 엔지니어링 산업의 위상을 높이고 엔지니어들의 가치가 존중받는 사회를 위해 최선을 다할 것”이라고 했다."
https://www.chosun.com/economy/real_estate/2022/09/06/MX5KWFGJWFHUTIML6ZECTAESOI/,"땅집고가 의료인과 의료업 종사자 등을 대상으로 ‘메디컬빌딩 건축 마스터 클래스 3기’ 과정 수강생을 모집한다.
오는 9월21일~10월 12일까지 매주 수·금요일 오후 7시30분~9시30분, 총 8회로 운영한다. 메디컬빌딩 건축을 준비하는 의료인이라면 반드시 알아야 할 지식과 실무 노하우를 전수하고, 실제 건축 기획부터 설계·시공·인테리어·세무전략까지 모든 건축 과정을 실전 중심으로 알려준다. 실제 병의원 건축 현장을 찾아가서 배우는 현장 스터디도 1회 진행한다. 수강 인원은 20명 안팎이며 수강료는 170만원이다. 땅집고M(zipgobiz.com)에서 신청하면 된다. (02)6949-6190."
https://www.chosun.com/economy/real_estate/2022/12/27/7L7TIREFUZB2FPGKP6SVRIDBWM/,"지난 26일 서울 강남구 논현동. 지하철 7호선 학동역 10번 출구로 나와 골목길을 따라 5분 정도 걷자, 베이지색 벽돌과 유리로 마감한 지상 4층짜리 ‘스케이프 7723′ 건물이 보였다. 외관은 밝고 화사한 느낌을 준다. 출입구는 붉은 대리석으로 포인트를 가미해 들어갈 때 마치 ‘레드카펫’을 밟는 느낌이 든다.
이 건물 건축주는 국내 최고 실전형 건축 강의인 ‘땅집고 건축주대학’ 세무 강사 출신이며 설계 역시 건축주대학 대표 강사인 홍만식 리슈건축 소장이 맡았다. 건축주대학 스타 강사 두 명이 만나 탄생한 건물인 셈이다.
올 6월 완공했는데 세련된 디자인과 외관 덕분에 논현동 일대 랜드마크 빌딩이 됐다. 미술 갤러리가 준공과 동시에 건물 전체를 보증금 6억원, 월세 4000만원에 통임대했다. 홍 소장은 “건축주가 건축에 대한 기본적 이해가 높고 대지 특성도 잘 파악하고 있어 건축 목표와 방향성이 명확했다”며 “건축주의 요구 사항과 건축가의 설계 디테일이 잘 맞아떨어져 건물 상품성과 경쟁력을 높인 성공적인 건축 사례”라고 말했다. 홍 소장은 내년 2월 7일 개강하는 땅집고 건축주대학에서 ‘수익형 빌딩 기획과 건축설계 노하우’를 주제로 강의한다.
◇”사옥으로 쓰고 싶은 건물 만들어달라”
건축주는 홍 소장에게 “단순 임대용이 아닌 기업이 사옥용으로 쓰고 싶어할만큼 수준 높은 건물로 설계해 달라”고 요구했다. 최근 논현동 일대에서 연면적 300평대 사옥용 꼬마빌딩을 찾는 IT(정보기술) 기업이나 갤러리 등이 적지 않은 점을 겨냥한 것이다. 마침 대지 2개 면이 도로와 접해 건물을 지으면 눈에 잘 띄고, 학동역도 가까워 기업이 관심을 가질만한 입지였다.
다만, 토지가 1종 일반주거지역으로 용적률이 150%에 불과해 층수를 높이기는 힘들었다. 홍 소장은 건물은 높지 않아도 곳곳에 건물 경쟁력을 높일 수 있는 요소를 반영했다. 우선 1층 높이를 대지에서 1.5m 정도 띄워 지하 1층 공간을 지상으로 노출했다. 통상 수익형 건물에서 지하층은 임차인을 구하기 어렵고 임대료도 싸다. 이런 단점을 극복하기 위해 지하 1층 일부를 지상으로 노출하는 전략을 쓴 것. 지하 1층 노출 공간은 유리로 마감해 외부에서 잘 보이도록 했고, 도로에서 지하로 곧장 내려가는 계단도 만들었다. 홍 소장은 “사실상 1층이 2개가 된 셈이어서 수익성도 높아지고 임차인도 좋아한다”고 했다.
주변 건물이 낮아 탁 트인 옥상은 입주자들이 파티를 열거나 휴식할 수 있는 공용공간으로 꾸몄다. 엘리베이터도 옥상까지 운행한다.
◇모든 층에 테라스…보이드기법도 적용
스케이프 7723은 건축법상 제약을 수용하면서 건물 경쟁력을 높인 설계 포인트가 많다. 모든 층에 테라스를 만들었다. 이 건물은 일조사선제한을 받아 북쪽을 사선 계단식으로 지어야 했다. 홍 소장은 각 층이 물러난 공간에 외부 테라스를 배치했다. 이렇게 테라스를 설치하면 시각적으로 내부 공간이 더 넓어보이는 효과가 난다. 예를 들어 지상 2층은 전용면적이 95.46㎡(28.8평)인데, 테라스가 40.85㎡(12.3평)이나 돼 입주자가 체감하는 실사용 공간은 훨씬 넓다.
지하 1·2층에는 ‘보이드 설계’를 적용해 복층으로 사용할 수 있도록 했다. 보이드는 건축물 내 빈 여백과 같은 공간으로 이 건물에선 층과 층 사이를 관통하는 수직 공간을 만들었다. 임차인이 원하면 이 공간에 계단을 추가해 하나의 공간으로 쓸 수도 있다.
베이지색 벽돌로 마감한 건물 2층과 4층 외벽 일부에는 벽돌담에 구멍을 내어 쌓는 기법(다공쌓기)도 적용했다. 디자인적으로 세련된 느낌이 있고 빛을 적당하게 들이면서도 외부 시선은 차단할 수 있다. 홍 소장은 “건축주가 ‘알아서 잘 설계해 달라’고 하지 않고, 명확한 목표와 강조점을 제시해 건축가로서는 예상했던 것보다 더 수준 높은 결과물이 나왔다”고 했다.
현재 ‘스케이프 7723′은 160억원에 매물로 나와 있다. 전속 중개를 담당하고 있는 BTG부동산중개법인 측은 “강남에서는 보기 드문 역세권 신축 꼬마빌딩이고, 디자인 수준과 수익률(연 3%)도 상대적으로 높은 편이어서 투자자 관심이 높다”고 했다."
https://www.chosun.com/economy/real_estate/2022/01/18/AIGFQ3SKT5FLJCNOSCH5VUNQNI/,"전세 계약 기간이 끝나고도 세입자가 집주인에게 보증금을 돌려받지 못한 피해액이 지난해 5790억원으로 역대 최고치를 기록했다. 전셋값이 치솟으면서 집을 팔아도 전세 보증금을 못 돌려주는 깡통 전세가 급증한 탓이다.
18일 주택도시보증공사(HUG)에 따르면, 지난해 전세금 반환 보증 사고 건수는 2799건, 액수는 5790억원으로 집계됐다. 전년 대비 각각 24%, 16% 늘었다. 건수와 액수 모두 HUG가 보증 가입자 대상으로 사고 기록을 집계한 2015년 이후 가장 많다.
전세금 반환 보증이란 집주인이 계약 기간이 끝난 후에도 보증금을 돌려주지 않을 때 HUG가 가입자(세입자)에게 대신 전세 보증금을 지급하고 나중에 집주인에게 청구하는 제도다. 반환 사고 금액은 2016년 34억원에서 5년 만에 200배 가까이 급증했다. 집주인에게서 보증금을 제때 돌려받지 못하는 세입자가 그만큼 늘고 있다는 뜻이다.
보증금 반환 사고는 전세가율(매매가격 대비 전셋값 비율)이 높은 신축 빌라(연립·다세대)에서 주로 발생한다. 부동산 정보 플랫폼 ‘다방’이 지난해 새로 지은 빌라의 전세 거래 6642건을 분석한 결과, 27.8%(1848건)가 전세가율 90%를 웃돌았다. 서울 강서구에선 작년 신축 빌라의 전세 거래(858건)의 75%(646건)가 전세가율 90% 이상으로 나타났다.
양지영 R&C연구소장은 “전세가율이 지나치게 높은 집은 집주인이 집을 처분해도 전세 보증금을 못 돌려주는 ‘깡통 전세’가 될 위험이 크기 때문에 각별한 주의가 필요하다”고 말했다. 주택 경기가 위축돼 집값이 내리면 전셋값이 매매가보다 비싼 상황이 벌어질 수 있다. 또한 집주인이 주택 담보대출금을 제때 갚지 못해 세입자가 살던 집을 경매에 부치거나, 경매 낙찰금으로 대출금을 갚은 뒤 세입자에게 돌려줄 전세 보증금이 모자랄 수도 있다.
정부는 깡통 전세에 따른 세입자 피해를 막기 위해 보증 사고 발생 우려가 있는 ‘악성 임대인’ 정보를 공개하는 방안을 추진하고 있다."
https://www.chosun.com/economy/real_estate/2021/10/25/YOE2HNKR55FKZMPUIXAXORTHOI/,"내 집 마련 수요가 아파트보다 상대적으로 저렴한 다세대·연립주택으로 옮겨가면서 빌라 가격이 치솟고 있다. 빌라 가격까지 가파르게 오르면서 무주택 서민층의 주거비 부담이 더욱 가중되는 상황이다.
24일 KB국민은행의 월간 주택 가격 동향에 따르면, 10월 서울 빌라 매매가는 전달에 비해 1.43% 올랐다. 지난달(1.42%)보다 상승 폭이 소폭 확대되면서 두 달 연속 1%대 상승률을 기록했다. 작년 말까지 월마다 1~2%씩 올랐던 서울 빌라 가격은 올해 6월엔 0.22%까지 떨어졌지만, 최근 다시 상승 폭을 키우고 있다.
올해 1~9월 서울 빌라 매매가격의 누적 상승률은 6.21%로 벌써 작년 같은 기간(3.15%)의 2배에 육박한다. 부동산 시장에서는 올해 연간 서울 빌라 가격 상승률이 역대 최고였던 2007년(8.87%)을 넘어서는 것 아니냐는 전망도 나온다.
지난달 서울 강북권 14구(區) 연립주택 평균 매매가는 3억97만원으로 집계됐다. 강북 지역 빌라 평균 매매가가 3억원을 넘은 건 이번이 처음이다. 서울 빌라 중위 매매가격도 지난 7월 처음으로 3.3㎡당 2000만원을 넘어섰다. 박원갑 KB국민은행 수석부동산전문위원은 “서울시가 지난주 저층 주거지에 대한 7층 높이 제한 규제를 푸는 등 개발 기대감이 더해져 빌라 가격이 상당 기간 강세를 보일 것”이라고 말했다."
https://www.chosun.com/economy/real_estate/2023/08/12/Y25E3757YFBDVFWIU7GBEGW6TI/,"[땅집고] “선릉역 청년주택 기가 막힌다, 오른쪽 위 뾰족한 데서 자라는 거지?”
서울 강남구 삼성동에 짓는 청년주택 ‘삼성동 마에스트로’. 부동산 건설사업관리 전문회사 한미글로벌의 자회사 한미글로벌디앤아이가 투자한PFV ‘선릉역 마에스트로 역세권 청년주택 프로젝트 금융투자주식회사’가 서울시 지원을 받아서 건설하는 공공지원 민간임대주택이다. 청년 등 주거 취약 계층이 시세보다 저렴한 임대료로 최장 10년 동안 거주할 수 있다. 이달 17~20일 청약을 받는다.
서울 곳곳 청년주택 중에서도 ‘삼성동 마에스트로’는 일찍부터 청년층 관심을 끌었다. 집값이 비싼 서울 강남권에 들어서는 단지면서, 지하철 2호선과 수인분당선이 지나는 선릉역 10번 출구까지 걸어서 5분여 걸리는 역세권 입지이기 때문이다. 분양 홈페이지에서도 이 점을 겨냥해 ‘모두가 바라던 입지 조건, 꿈꾸지 말고 살아보자’라는 문구를 내걸며 홍보하고 있다. 지하 5층~지상 14층, 총 299가구 규모로 공급량이 적지 않은 점도 인기 요소로 꼽혔다.
그런데 이달 ‘삼성동 마에스트로’ 주택 평면도를 본 청년층 사이에선 “집이 왜 이렇게 생겼냐”며 실망에 가득 찬 목소리가 나오고 있다. 문제가 된 주택형은 전용 19㎡ A타입. 부엌과 화장실을 갖춘 원룸인데, 방 모양이 역삼각형이라 한눈에 봐도 생활하기 불편해보인다. 삼각형 집은 기성품 가구를 배치하기가 어렵고, 가구를 들이더라도 소위 ‘데드 스페이스’(dead space·버리는 공간)가 많아 주택 시장에서 비선호 상품으로 통한다.
문제의 삼각형 청년주택 임대료는 얼마나 될까. 보증금 액수에 따라 월세를 조정할 수 있는 구조다. 최소 보증금인 7000만원을 낼 경우 월세는 70만원이며, 보증금을 최대치인 9300만원으로 정할 경우 월세가 60만원까지 줄어든다. 단지 인근 오피스텔인 ‘리에바움’ 16㎡가 보증금 1000만원에 월세 85만~90만원, ‘강남역 투웨니퍼스트’ 17㎡가 보증금 10000만원에 월세 92만원 등에 매물로 나와있는 것과 비교하면 월세로 내는 돈을 매달 20만원 이상 아낄 수 있다.
하지만 온라인 커뮤니티를 통해 ‘삼성동 마에스트로’ 삼각형 청년주택을 본 네티즌들은 “집에 침대도 못 넣겠다, 저런 삼각형 집에 살아봤는데 진짜 뭘 할 수가 없었다”, “전월세로도 악성으로 남는 자투리방을 돌리는 느낌이다”는 등 비판적인 댓글을 남기고 있다. 방 구조를 고려하면 청년주택치고 임대료가 크게 저렴하게 느껴지지 않는다는 의견도 눈에 띈다.
업계 관계자들은 건설사가 ‘삼성동 마에스트로’를 짓는 과정에서 공간을 최대한 활용해 주택 설계하다 보니 이 같은 기형적인 방이 탄생한 것으로 보인다고 입을 모은다. 다만 단지 홈페이지에 따르면 문제가 된 삼각형 원룸인 19㎡ A타입과 사다리꼴 투룸인 29㎡ C타입 및 쓰리룸인 34㎡ A타입, 39㎡ A타입 등 특정 주택형 총 4가구 정도를 제외하면 대부분 가구가 네모반듯하게 지어진 것으로 확인됐다.
한 건설업계 관계자는 “건물이 들어서는 부지 여건에 따라 주택을 구획하다 보면 일반적인 직사각형 주택이 아닌 소위 ‘자투리방’이 몇 개 나올 수 있다”면서 “예상치 못한 집 구조에 당황하지 않으려면 단지 홈페이지를 통해 미리 주택형까지 확인한 뒤 신중하게 청약에 나서는 것을 추천한다”고 했다."
https://www.chosun.com/economy/real_estate/2022/06/08/ZEY3KBTULFGX5O3L2ILDJYGFHA/,"GS건설이 최근 급성장하고 있는 아파트 리모델링 시장에서 경쟁력을 확보하기 위해 전담 연구 조직을 만들고 기술 개발에 나선다.
GS건설은 최근 조직 개편을 통해 ‘리모델링 랩(Lab)’을 신설했다고 8일 밝혔다. 이 부서에서는 리모델링 관련 기술, 공법 검토와 성능 검증 등 연구·개발(R&D)을 총괄하게 된다.
정부가 지난 2~3년간 재건축 관련 규제를 강화한 탓에 최근 서울 등 인기 지역에서는 재건축 대신 리모델링을 선택하는 아파트가 늘어나는 추세다. 재건축에 비해 규제가 적고 사업 속도도 빠르기 때문이다. 하지만 리모델링은 기존 골조를 남긴 상태에서 공사를 하는 방식이어서 재건축에 비해 설계나 평면의 변화가 제한적이고 수직 증축의 경우 안전성이 아직 검증되지 않았다는 한계도 지적받고 있다.
GS건설의 리모델링 랩은 리모델링 사업의 설계 단계부터 현장 여건과 기존 건물의 구조 안전성을 고려한 종합적인 사전 기술 검토를 바탕으로 리모델링에 최적화된 공법을 개발해 구조 안전성과 주거성능 확보 문제를 개선한다는 계획이다.
GS건설은 지난 2016년 준공한 서울 강남구 삼성동 파르나스타워 리모델링 공사에서 지하8개층 공사와 지상층 공사를 동시에 진행하는 ‘업-업(UP-UP) 공법’과 지상주차장을 사용하면서 지하주차장을 4개층에서 8개층까지 증축하는 ‘뜬구조 공법’ 등을 활용하며 기술력을 축적해왔다.
GS건설 관계자는 “리모델링 랩 신설을 통해 국내 리모델링 기술력을 한단계 높이고 새로운 기준을 제시할 수 있도록 노력하겠다”고 말했다."
https://www.chosun.com/economy/real_estate/2021/01/20/H7BOPL6XEBDT5DIZKZS3SCMRFI/,"정부가 주택 보유세 및 다주택자 양도소득세를 함께 올린 여파로 지난해 주택 증여가 역대 최고치를 기록한 것으로 나타났다. 고가(高價) 주택 비율이 높은 서울뿐 아니라 부산·대구·광주·대전 등 지방에서도 증여가 활발했다.
19일 한국부동산원에 따르면, 지난해 1월부터 11월까지 전국 주택 증여 건수는 13만4642건으로 2006년 통계 작성 후 최고치를 기록했다. 11개월치 통계만 집계했음에도 이전 최고치인 2018년 연간 증여 건수 11만1863건을 훌쩍 뛰어넘었다.
전국 17개 시·도 중 11곳에서 역대 최대 규모의 증여가 이뤄졌다. 서울·경기·인천 등 수도권 모든 지역에서 주택 증여가 역대 최고치를 경신했고, 부산·대구·광주·대전 등 지방 광역시와 지난해 전국 집값 상승률 1위를 기록한 세종도 통계 집계 후 가장 많은 주택 증여가 이뤄졌다.
정부는 지난해 7월 ‘7·10 대책’을 통해 조정대상지역 내에 주택을 두 채 이상 가진 다주택자의 양도세 중과세율을 10%포인트 높였다. 이로써 다주택자에 대한 중과세율은 10~20%에서 20~30%가 됐다. 양도세 최고세율이 42%에서 45%로 높아지기 때문에 3주택자는 양도세율이 최고 62%에서 75%로 높아지는 것이다.
반면 증여세율은 양도세에 비해 낮다. 과세 대상 자산의 가격을 구간별로 나눠 금액이 커질수록 높은 세율이 적용되는데, 10억원까지는 최고 30%다. 30억원이 넘는 부분의 세율도 50%로 다주택자 양도세율에 비해 낮다. 특히 전세를 낀 상태로 증여하는 ‘부담부증여’를 활용하면 절세 효과를 극대화할 수 있다. 양도세 역시 증여세와 마찬가지로 양도가액이 커질수록 높은 세율이 적용되기 때문에 양도 자산과 증여 자산으로 배분함으로써 낮은 세율을 적용받을 수 있는 것이다. 또한 부부 또는 부모 자식 사이에는 일정 금액까지 증여세를 면제해주는 제도도 있다.
이처럼 다주택자 양도세 중과를 피해 증여를 선택하는 사람이 늘어날 것이란 전망은 7·10 대책이 발표될 때부터 나왔다. 그러자 정부는 증여를 받는 사람에게 부과하는 증여취득세를 3.5%에저 12%로 인상하기로 했다. 그 영향으로 7월 2만1499건이던 증여 건수가 10월 1만1430건까지 줄었지만 11월 들어 다시 1만5393으로 늘어났다.
최근 들어 증여가 다시 늘어나자 여당에서는 증여세를 높여야 한다는 여론도 나오고 있다. 하지만 전문가들의 반응은 부정적이다. 고종완 한국자산관리연구원장은 “다주택자 퇴로가 모두 막힌 상황에서 증여세율을 높인다고 하면 규제 강화 전에 증여가 몰리면서 시장 매물이 줄어드는 역효과를 낳을 수 있다”고 말했다."
https://www.chosun.com/economy/real_estate/2020/12/03/ISUBCXGIIRHVPKG5ZQQF26STTQ/,"[땅집고] “잔금 치르는 날, 매도자가 집에 ‘까나리 액젓’을 뿌리고 도망갔습니다. 집값이 올랐다며 계약을 파기하자고 한 걸 거절했더니 이런 쓰레기같은 짓도 하네요.”
울산광역시에 사는 30대 A씨 부부. 지난 9월 중순 중구 혁신도시의 한 84㎡(이하 전용면적) 아파트를 5억원에 매수하는 계약을 체결했다. 일단 집주인 B씨에게 계약금으로 5000만원을 입금한 후, 잔금은 11월 중순쯤 송금하기로 했다. 그런데 11월 초부터 울산 집값이 급등하면서 이 아파트값이 실거래가 기준으로 6억3000만원(11월 14일)까지 뛰었다. 현재 호가는 7억원까지 올랐다. 서울·수도권 대부분 지역이 규제지역으로 묶이자, 비규제지역인 울산 아파트에 투자자들이 몰리며 이른바 ‘풍선 효과’가 나타난 것이다.
행여나 B씨가 ‘이 가격에는 집 못 팔겠다’라며 마음을 바꿀까봐 겁이 난 A씨는 약속일자보다 열흘 빨리 중도금을 보내고, 송금 사실을 문자메시지로 알렸다. 아니나 다를까 B씨는 “그 사이 집값이 너무 올라 5억원에는 못 팔겠다. 5000만원 올린 금액으로 재계약하지 않으면 매매계약을 파기하겠다”는 답장을 보내왔다. 내 집 마련이 급했던 A씨 부부는 변호사를 선임, 중도금을 지급한 이상 일방적 계약 해지는 불가능하다고 주장해 매매계약을 유지할 수 있었다.
그런데 문제는 잔금 정산 당일 벌어졌다. 부동산 중개업소에서 소유권이전등기를 마치자마자 B씨는 “이사하면서 놓고 온 물건이 있다”며 30분만 시간을 달라고 했다. 이후 B씨로부터 입주할 집의 카드키를 넘겨받아 안으로 들어간 A씨는 경악했다. 신발장·붙박이장·환풍기·화장실 등에 갈색 까나리 액젓이 흩뿌려져 있어 악취가 진동하는 데다 장판과 벽지는 칼로 찢기고, 스위치·콘센트·보일러 컨트롤러 등 부품들은 망치로 내려친 것처럼 망가진 상태였다. A씨는 울산지역 부동산 커뮤니티에 이 같은 사연을 소개하며 “최근 집값이 몇 달 만에 올라 배 아픈 매도자들 많을 거다. 하지만 마지막 날까지 본인이 살던 집에 그런 짓을 하고 싶을까”라며 “이놈의 부동산 때문에 미친놈 상대도 해본다”는 글을 올렸다.
이런 경우 A씨가 취할 수 있는 법적 조치는 뭘까. 먼저 형사상으로는 3년 이하 징역 또는 700만원 이하 벌금형이 적용되는 재물손괴죄를, 민사상으로는 손해배상청구를 들어 고소할 수 있다. 이 사건을 담당한 김순득 법무법인 세화 변호사는 “당시 이삿짐센터 직원 측 진술을 통해 B씨가 소유권 등기이전 후 주택 내부를 훼손한 정황을 확인했다. 한마디로 주택이 A씨 소유로 넘어간 뒤 범행을 저질렀기 때문에 재물손괴죄를 적용할 수 있다”며 “손해배상금액의 경우 집 수리에 든 모든 비용을 포함해 추후 책정한다”라고 했다.
김 변호사는 또 “A씨의 아내가 출산 직전에 이 같은 일을 겪으면서 받은 스트레스가 크기 때문에 위자료 청구 소송도 진행할 계획이다. 결국 정부의 잘못된 부동산 정책이 원인이 돼 일어난 갈등이지만 (B씨의) 죄질이 특히 나쁘다”고 했다.
일각에서는 “A씨가 B씨의 의사를 묻지 않고 마음대로 중도금을 선지급한 것도 잘못 아니냐”는 주장도 나온다. 하지만 부동산 전문 변호사들은 “법적으로 문제가 되는 행위는 아니다”고 입을 모은다. 대법원 판례에 따르면 부동산 계약 당사자들이 특약으로 ‘약속한 날짜 전에는 중도금을 주고받지 않기로 한다’는 내용을 명시하지 않은 이상, 매수인이 중도금 지급일을 앞당기더라도 계약이 유효하기 때문이다(대법원 2002다46492).
최근 집값이 단기 급등한 울산 등 일부 지역에선 아파트 매도자들이 매매계약서에 ‘약정일 전 중도금 지급을 금지한다’는 식의 특약사항을 적는 것이 유행처럼 번지고 있다. 가격이 오른 전 금액에 집을 처분하느니, 계약을 파기하고 매수자에게 계약금을 배액 배상해주는 것이 더 이득이라고 판단한 결과로 풀이된다. /이지은 땅집고 기자 leejin0506@chosun.com"
https://www.chosun.com/economy/real_estate/2020/11/25/KK3Z6OQDGJBKVIT7V2PDHGRMHA/,"“스스로 부자라고 생각하진 않지만, 세금 때문에 고민하는 분이 엄청나게 많아졌습니다.”
23일 만난 우병탁 신한은행 부동산투자자문센터 팀장(세무사)은 “상속세 기본 공제가 5억원(배우자 없이 상속인이 자녀만 있는 경우)인데 요즘 서울 웬만한 집이 5억원을 넘는다”며 이렇게 말했다. KB국민은행 기준 지난달 서울 아파트 중위 가격(일렬로 줄 세웠을 때 가운데 오는 집의 가격)은 9억2000만원에 달한다. 종합부동산세 대상이 되는 공시가격 9억원 넘는 집도 증가하는 추세다. 우 팀장은 “최근 집값이 많이 올랐고, 부동산 세제는 갈수록 복잡해지고 있다”며 “부동산 재테크의 기본이 ‘절세’가 됐다”고 말했다.
정부가 다주택자 규제를 강화한 것에 대해 우 팀장은 “보유세 등 세 부담 때문에 집을 팔까 고민하는 분이 늘고 있다”며 “다만 실제 시장에 영향을 미칠 만큼 다주택자 매물이 쏟아질지는 미지수”라고 했다. 임대사업자로 등록해 당장 팔지 못하는 경우가 많고, 양도소득세 부담 때문에 매도보다는 증여를 택하는 사람도 있다는 설명이다. 그는 “주택 시장은 앞으로 정부 규제가 강해져 예전처럼 집값이 전방위적으로 상승하지는 못할 것”이라며 “서울과 지방, 또 같은 서울이라도 많은 오르는 지역과 적게 오르는 지역 등으로 세분될 것”이라고 했다.
최근 부동산 세제는 계속 복잡해지는 추세다. 주택 수나 지역, 매수·매도 시점 등에 따라 세금이 크게 달라진다. 예를 들어 부산 해운대구는 조정대상지역→비규제지역→조정대상지역으로 여러 차례 규제 여부가 바뀌었다. 우 팀장은 “집을 언제 사고파는지에 따라 양도세 비과세 요건 등이 달라져 경우의 수가 늘어난 셈”이라며 “갈아타기를 하려는 1주택자도 거주·보유 기간 등 고려해야 할 부분이 많아졌다”고 했다. 그는 “정부가 부동산 규제를 강화한 데는 불가피한 측면도 있지만, 주택 시장이 안정될 때를 대비해 세제를 어떤 식으로 단순화할지 준비할 필요는 있다”고 했다.
우 팀장은 오는 29일 온라인 라이브 방식으로 진행되는 조선일보 주최 ‘부동산 슈퍼콘서트 BIG3’에서 ‘세금의 역습, 현명한 절세 전략’을 주제로 강연한다. 절세 사례와 개정 세법, 보유세 등에 대해 이야기를 나눌 예정이다. 그는 “그동안 집 한 채 가진 실수요자는 상대적으로 세제에 대한 관심이 떨어졌지만 이젠 사정이 다르다”며 “강연에서 1주택자나 앞으로 집을 살 무주택자에게 도움이 될만한 이야기도 준비했다”고 했다.
부동산 전문가들의 슈퍼콘서트
조선일보 주최 ‘부동산 슈퍼콘서트 BIG 3’가 29일 오후 1시 30분부터 6시까지 온라인 라이브 방식으로 열립니다. ‘혼돈의 시장, 해법은 있다’를 주제로 열리는 이번 행사는 ‘빠숑’ 김학렬 스마트튜브 소장, 우병탁 신한은행 부동산투자자문센터 팀장, ‘월천대사’ 이주현 월천재테크 대표가 알짜 재테크 노하우와 효과적 절세 방법 등을 소개합니다.
참가를 원하는 분은 홈페이지에 접속해 듣고 싶은 강연을 골라 시청권을 결제하면 됩니다. 세 강연을 모두 청취하실 분은 패키지 시청권을 살 수 있습니다. 자세한 강연 일정과 행사 내용은 홈페이지에서 확인할 수 있습니다."
https://www.chosun.com/economy/real_estate/2023/06/15/OYXZIZOWLBEG3JUFS6E4DWYYYY/,"올 들어 수도권 빌라 월세 비중이 작년 대비 10%포인트 가까이 급등한 것으로 나타났다. 전세사기 및 깡통전세 불안으로 빌라 임차인들이 전세보단 월세를 선호하게 되면서 벌어진 현상으로 해석된다.
15일 부동산R114가 국토교통부 실거래가 자료를 분석한 결과, 올해 1월부터 이달 12일까지 계약된 연립·다세대 전·월세 거래 중 월세 비중은 46.2%로 작년 상반기(37.6%%)에 비해 8.6%포인트 높아졌다. 작년 하반기(41%)보다도 5%포인트 상승.
특히 서울 구로, 금천, 중구와 경기 고양시 덕양구, 파주시, 인천 동구 등지에서는 올해 상반기 연립·다세대 월세 거래비중이 직전 반기 대비 10%포인트 이상 높아졌다.
여경희 부동산R114 수석연구원은 “전세사기와 깡통전세 우려가 커진 지역을 중심으로 보증금을 안전한 수준까지 낮춘 월세계약 수요가 늘어난 것으로 보인다”고 말했다."
https://www.chosun.com/economy/real_estate/2020/12/01/D6RU63UJMVDHBO3LMHHWTO3BJ4/,"“광화문 한복판 아파트에서 단독주택 같은 정원을 누릴 수 있다니….”
최근 신종 코로나바이러스 감염증(코로나19) 여파로 주거 트렌드에도 변화의 바람이 거세다. 이질적인 두 주택의 장점을 합친 이른바 ‘하이브리드 주택’이 속속 등장하는 것. 아파트와 단독주택을 결합한 상품이 대표적이다. 아파트는 다양한 편의시설을 갖춰 생활이 편리하지만 탁 트인 전망과 내 집에서 즐길 수 있는 야외 공간이 없는 것이 단점이다. 단독주택은 독립 공간을 가질 수 있지만 유지·보수 등 관리가 어렵고 대체로 환금성이 낮다. 분양 회사 관계자는 “요즘 부동산 세금 부담이 커지면서 똘똘한 한 채를 찾는 수요자들이 많다”면서 “기왕이면 아파트와 단독주택의 장점을 동시에 누릴 수 있는 이른바 ‘도심 속 그린 라이프’에 대한 열망이 커지고 있다”고 했다.
대림산업이 시공한 서울 광화문 인근 ‘덕수궁 디팰리스’는 이 같은 열망을 충족시킬 수 있는 도심 속 아파트이면서도 단독주택이 가진 장점인 야외 공간을 동시에 확보했다는 점에서 눈길을 끈다. 덕수궁 디팰리스는 2018년 10월 착공 당시부터 덕수궁과 경희궁을 조망하는 ‘망궁지(望宮地·궁궐이 바라다 보이는 땅)’로 주목받았다. 특히 공용 공간이 아닌 개인 야외 공간에서 여유롭게 자연 환경을 즐길 수 있는 가든테라스(정원)를 선보인 특화 설계가 매력적이다.
가든테라스 가구 입주민은 넓은 정원 공간을 개인 취향에 따라 자유롭게 활용할 수 있다. 특히 코로나19 위험성이 높아지고 있는 최근에는 외부에 나가지 못하는 자녀들을 위한 프라이빗한 공간으로도 가치가 높다.
덕수궁 디팰리스는 이런 특화 평면 외에도 야외 공간을 선호하는 요즘 트렌드에 맞춰 아파트 전 가구에 외부 발코니를 적용했다.
분양 회사 관계자는 “주거 트렌드가 변하면서 이른바 똘똘한 한 채의 필수 조건으로 테라스, 발코니 등을 갖춘 특화 가구가 각광받고 있는 추세”라며 “덕수궁 디팰리스는 특화 평면은 물론 광화문과 인접한 입지, 완성된 인프라, 희소성 등 가격 상승 요소를 모두 갖추고 있는 명품 주택”이라고 했다.
덕수궁 디팰리스는 지하 7층~지상 18층 규모로 전용면적 118~234㎡ 아파트 58가구와 전용면적 40~128㎡ 오피스텔 170실로 구성됐다. 시행사는 덕수궁PFV이며, 시공은 대림산업이 맡았다. 오프라인 개별 상담은 100% 사전 예약제로만 운영한다. /장귀용 땅집고 기자"
https://www.chosun.com/economy/real_estate/2024/11/19/NJBY6XRSPFF3RGY4WLF4XUJWNI/,"태영건설이 다음 달 대구 동구 신천동 481-1번지 일원에서 ‘더 팰리스트 데시앙’을 분양할 예정이라고 18일 밝혔다. 단지는 지하 3층~지상 최고 20층 8동(棟)에 아파트 418가구와 오피스텔 32실 규모로 조성된다. 아파트는 전 가구가 희소성 높은 중대형 타입(전용면적 100~117㎡)으로 구성됐다. 오피스텔은 전용 97㎡와 109㎡ 두 타입으로 16실씩 들어선다.
◇대구의 중심 ‘골든 서클’ 입지에 자리
동대구역 인근에 들어서는 더 팰리스트 데시앙은 옛 대구 동부정류장이 이전하고 비어있는 땅을 개발한 단지다. 대구의 각종 인프라가 잘 갖추어져 있는 ‘골든 서클’ 입지에 들어서 입주 후 바로 다양한 생활 편의 시설을 누릴 수 있다는 장점이 있다. 골든 서클이란 수성구 범어네거리~동구 신세계백화점 일대를 일컫는데, 인기 아파트 단지와 동대구벤처밸리·법조타운·금융가들이 밀집해 “대구 도심에서도 최중심지”라는 평가를 받는다.
단지는 길 하나를 두고 수성구와 인접한 입지로 교육 환경이 좋다. 효신초등학교와 맞닿아 있어 어린 자녀의 안전한 통학이 가능하다. 수성구 학원가 및 대구시립수성도서관도 가까워 학령기 자녀를 둔 30~40세대 학부모 수요자들의 관심이 높다. 신세계백화점, 현대시티아울렛, 이마트(만촌점) 등 각종 대형 쇼핑 시설 이용이 편하다. 동구시장, 터미널먹거리골목 등도 걸어서 이용할 수 있다. 대구파티마병원, 경북대병원 등 대형 병원도 가깝다.
교통망도 잘 갖춰져 있다. 단지 인근에 동대구역(KTX·SRT·대구도시철도 1호선)과 동대구역 복합 환승 센터 등이 있으며, 화랑로·효신로 등을 통해 편리하게 대구 주요 지역 및 시외로 이동할 수 있다. 아울러 대구도시철도 4호선 정거장이 벤처밸리네거리 인근에 2030년 개통할 예정이다. 이 노선은 수성구민운동장부터 이시아폴리스를 연결하는 노선으로, 총 12역으로 구성된다. 또한 대구공항 이전에 따른 개발 사업이 추진 중인데 일대가 주거·문화·예술 등의 기능이 집약된 스마트 도시로 탈바꿈할 전망이다.
◇다양한 근린 공원으로 주거 쾌적성 높아
더 팰리스트 데시앙을 짓는 태영건설은 차별화된 상품성을 강조하고자 설계와 내부 평면에 기술력을 집중했다. 대다수 가구에 4베이(거실과 방 3개를 전면 발코니 방향으로 배치) 판상평 맞통풍 구조를 도입했다. 동과 동 사이 거리가 넉넉해 개방감이 뛰어나고 채광·통풍 효과를 높였다. 거주자의 동선(動線)을 고려한 내부 설계와 수납 공간도 넉넉히 마련했다.
주민 편의 시설로는 게스트하우스, 사우나, 작은 도서관, 카페테리아, 코인 세탁실 등이 들어선다. 스크린골프와 피트니스 센터 등 체육 특화 시설도 조성될 예정이다. 또한 가구당 약 1.6대에 달하는 넉넉한 주차 공간을 마련해 입주민의 주차 스트레스를 대폭 줄여줄 것으로 보인다.
단지 인근으로 화랑공원, 야시골공원, 범어공원, 해맞이공원, 망우당공원, 등촌유원지 등 녹지 시설이 풍부해 쾌적한 주거 환경을 누릴 수 있다. 각종 공연 및 전시가 열리는 아양아트센터에선 다채로운 문화 생활이 가능하다.
견본 주택은 12월 중 대구 수성구 상동 8-1번지 일원에서 문을 열 예정이다. 태영건설 관계자는 “대구의 핵심 입지에 공급되는 만큼 차별화된 상품성으로 입주민들의 만족도를 높일 수 있도록 노력할 것”이라고 말했다."
https://www.chosun.com/economy/real_estate/2022/07/26/K5AQZKGL5BFDRIFMSI23BG6LFY/,"▶땅집고옥션 매물 출품 신청
- 시세 15억원 이상 상업용 부동산 신청 가능
- 매물 소유자, 매도 의뢰받은 중개사·중개법인 출품 가능
- 온라인: 땅집고 홈페이지(realty.chosun.com), 전화: (02)2039-7960
▶땅집고옥션 파트너·제휴 중개법인·중개사 신청
- 전화: (02)2039-7960"
https://www.chosun.com/economy/real_estate/2020/12/03/OUZ2WLAKD5FZDKYIYMG3XKRAKU/,"12월 10일 이후 맺는 전·월세 계약부터 계약갱신요구권 행사 기한이 ‘계약 만료 1개월 전’에서 ‘2개월 전’으로 앞당겨진다. 또 묵시적 갱신(자동 연장)을 원하지 않을 경우에도 최소 두 달 전까진 의사를 표시해야 한다. 이달 10일부터 시행하는 주택임대차보호법 개정안의 주요 내용을 문답 형식으로 정리했다.
Q: 이번에 바뀌는 핵심 내용은 무엇인가.
A: 계약갱신요구권을 행사할 수 있는 기간, 묵시적 갱신이 되는 시점이 달라진다. 12월 10일 이전에 맺은 전·월세 계약이라면 이전처럼 6개월~1개월 전까지 의사 표시를 해야 하고, 이후 처음 맺거나 갱신한 계약이면 6개월~2개월 전에 해야 한다.
Q: 2019년 2월 10일 계약해 2021년 2월 10일 만료된다. 계약갱신요구권을 사용하고 싶은데 언제까지 집주인에게 말해야 하나.
A: 2020년 12월 10일 이전에 맺은 계약이기 때문에 1개월 전까지만 하면 된다. 즉 2021년 1월 10일 0시 전까지만 집주인에게 계약갱신요구권을 행사하면 된다.
Q: 12월 20일에 2년짜리 임대차 계약을 맺을 예정이다. 계약 만료 시점에 계약갱신요구권을 쓰고 싶다면?
A: 계약 만료일(2022년 12월 20일) 두 달 전인 2022년 10월 20일 전까지는 집주인에게 갱신요구권을 행사해야 한다. 다만 이때까지 집주인 역시 아무런 의사 표시가 없다면 묵시적 갱신이 된 것으로 봐 동일한 조건으로 계약이 2년 연장된다.
Q: 계약갱신요구권을 사용하고 싶다는 의사는 어떻게 표시하나.
A: 구두, 문자 메시지, 이메일 등의 방법이 모두 가능하다. 다만 정부는 “장래에 발생할 수 있는 분쟁 예방을 위해 내용 증명 우편 등 증거를 남길 방법을 활용하는 것이 안전하다”고 권고하고 있다.
Q: 묵시적 갱신이 무슨 뜻인가.
A: 계약 만료 전 일정 시점까지 집주인이나 세입자 모두 아무런 의사 표시를 하지 않으면 기존 계약과 같은 조건으로 계약이 연장된 것으로 보는 제도다. 계약 연장 의사가 없다면 미리 상대방에게 알려야 묵시적 갱신이 되지 않는다. 다만 묵시적 갱신이 되더라도 세입자는 언제든지 계약을 해지할 수 있고, 통지한 지 3개월이 지나면 효력이 발생한다.
Q: 묵시적 갱신을 원하지 않는다면 언제까지 상대방에게 말해야 하나?
A: 계약갱신요구권과 마찬가지로 계약 시점에 따라 달라진다. 2020년 12월 10일 이전에 맺은 전·월세 계약은 계약 만료 6개월~1개월 전까지만 알리면 되고, 그 이후 맺은 계약은 6개월~2개월 전에 알려야 한다.
Q: 묵시적 갱신이 되면 계약갱신요구권을 사용한 것인가?
A: 계약이 묵시적으로 갱신된 경우는 갱신요구권 행사로 보지 않는다. 계약갱신요구권 행사는 해당 권리를 행사한다는 명확한 의사 표시를 한 경우에 인정된다. 즉 묵시적 갱신으로 2년 계약이 연장되더라도 갱신요구권은 여전히 살아 있다."
https://www.chosun.com/economy/real_estate/2021/03/04/2SYJKT3XCJAG3HYVZZZSNQC5WY/,"3기 신도시 예정지인 광명·시흥 지역에서 땅 투기 의혹을 받는 LH(한국토지주택공사) 직원 13명 중 11명이 1960년대생으로 정년(停年)을 앞둔 50대 중후반으로 확인됐다. 이들 중 상당수는 토지 판매나 보상 업무 등을 맡고 있어 신도시·택지지구 조성과 관련한 정보를 얻는 것이 상대적으로 쉬웠을 것이라는 분석이 나온다. 한 부동산 개발 업체 관계자는 “부동산 업무에 익숙한 LH 직원들이 ‘확실한 은퇴 플랜’으로 거액 대출을 일으켜 땅을 산 것으로 보인다”고 했다.
투기 의혹에 연루된 직원 전원이 직위 해제됐지만, LH의 20·30대 젊은 직원들은 허탈감과 분노를 표출하고 있다. 땅 투기를 한 건 은퇴를 앞둔 50대 이상 직원인데, 정작 이미지 실추 등으로 인한 피해는 젊은 직원들이 입는다는 것이다.
4일 직장인 익명 커뮤니티 ‘블라인드’에는 이런 불만을 표시하는 LH 직원의 글이 여럿 올라왔다. 한 직원은 “586세대가 문제이니 욕하더라도 (그 세대로) 한정해줬으면 좋겠다”고 썼고, 또 다른 직원은 “(저런 사람들) 우리도 쳐내자는 입장이니 (젊은 직원까지) 싸잡아 욕하지 말아달라”고 했다. 반면, “LH 직원들이라고 부동산 투자하지 말란 법 있나요”라며 옹호하는 분위기의 글도 있었다.
한편 LH는 이날 대국민 사과문을 발표하고 앞으로 모든 직원과 그 가족을 대상으로 토지 거래 사전신고제를 도입하겠다고 밝혔다. 또한 신규 사업을 추진할 때 관련 부서 직원·가족의 토지 소유 여부를 전수 조사하기로 했다. LH는 “위법 사항이 확인될 경우 법과 규정에 따라 엄중히 조치하겠다”고 했다."
https://www.chosun.com/economy/real_estate/2022/10/04/V364PKTYBFG6PLOYLNF6OEVB3I/,"민간 부동산 경매 시스템으로 화제가 된 ‘땅집고 옥션’이 지난 달 27일부터 ‘리버스옥션’(reverse-auction) 참여 신청을 받고 있다.
리버스옥션은 말 그대로 ‘역(逆) 경매’다. 일반적으로 옥션은 매도인이 물건을 내놓고 매수인이 최고가로 입찰한다. 리버스옥션은 반대다. 매수인이 땅집고옥션에 매입하고 싶어하는 부동산의 위치·규모·용도·가격 등 구체적인 조건을 제시하면, 땅집고옥션이 조선일보 땅집고 지면과 유튜브 땅집고TV, 온라인 등을 통해 이를 공지한다. 이후 매수인이 제시한 조건과 동일하거나 근접한 매물을 보유한 여러 매도인으로부터 매물을 접수받고 매수인이 이 가운데 최적의 부동산을 매입하는 방식이다.
이 시스템을 이용하면 매수인은 자신이 원하는 가격에 근접한 비용으로 부동산 구입이 가능하다. 땅집고옥션은 매수인이 희망하는 매물을 찾지 못할 경우, 매수인과 협의해 매수 조건을 변경하면서 적합한 물건을 신속하게 찾고 거래 가능하도록 지원할 예정이다.
리버스옥션 최대 장점은 매수인 정보 보호다. 전속 공인중개사가 매수인 정보에 대한 보안을 유지하면서 경매에 참여한 여러 매물을 비교·분석해 최적 매물을 매수인에게 추천할 수 있다. 땅집고옥션 시범 운영 기간 중 역경매를 신청하는 매수인에게는 별도 비용 부담이 없다. 다만 거래가 성사됐을 경우 매수 자문 수수료는 내야 한다. (02)2039-7960. /김리영 땅집고 기자"
https://www.chosun.com/economy/real_estate/2024/06/11/Z7PO7JGYA5ENDOQTCXH3WUVEPA/,"올 들어 서울 아파트 매매 10건 중 6건은 이전 최고가 거래 금액의 80%가 넘는 가격에 계약이 체결된 것으로 나타났다. 고금리 여파로 2022년 하반기부터 위축된 서울 아파트 매매 시장이 최근 거래량 회복에 힘입어 일부 지역에선 이전 최고가를 뛰어넘는 거래도 심심찮게 나오고 있다.
10일 부동산 플랫폼 업체 직방에 따르면, 올해 1~5월 서울 아파트 매매 1만4810건 중 8939건(60.4%)이 작년 이전 전고점과 비교해 80% 이상 회복된 가격에 거래됐다. 구별로는 서초구(90.2%)에서 가격 회복세가 가장 두드러졌고, 이어 용산구(86.1%), 강남구(84.9%), 종로구(82.2%), 마포구(79.8%), 성동구(75%) 순이었다. 한편 종로구(27.7%)와 용산구(23.9%)에선 아파트 매매 4건 중 1건꼴로 전고점 거래와 같거나 더 비싼 가격에 거래된 것으로 나타났다.
김은선 직방 빅데이터랩실 랩장은 “서울 아파트 값이 최근 강세를 보이고 있지만, 금리 인하가 늦어지고 건설 경기 침체가 장기화하는 등 주택 매수 수요를 제한하는 요소가 여전히 많다”면서 “하반기에도 입지와 주거 선호도에 따라 특정 지역에 수요가 몰리는 현상이 나타날 것”이라고 말했다."
https://www.chosun.com/economy/real_estate/2023/07/27/DGHTBYUHHZADXEPSXUIKXNGQYA/,"국민 3명 중 1명은 개인 땅을 보유하고 있는 것으로 나타났다.
국토교통부는 지난해 말 기준 국내 토지 보유자 수가 1년 전(1851만명)보다 26만명 증가한 1877만명으로 집계됐다고 27일 밝혔다. 우리나라 전체 인구 5144만명의 36.5%로 대략 국민 3명 중 1명은 땅주인인 셈이다. 이 통계에는 우리가 흔히 ‘땅’이라고 생각하는, 즉 건물이 없는 논·밭 같은 토지 외에도 아파트나 다세대·연립주택 등 대지권이 설정된 토지 역시 포함된다.
연령별로는 60대가 29.9%로 가장 큰 비중을 차지했다. 이어 50대(22.1%), 70대(19.5%) 순이었다. 세대별 소유 현황을 보면 국내 총 2371만 세대(주민등록세대) 중 62%인 1470만 세대가 토지를 소유하고 있는 것으로 파악됐다.
소유 형태는 개인이 소유하고 있는 토지가 4만6445㎢로 가장 많았다. 법인은 7265㎢, 비법인(일반 점포 및 재단)은 7817㎢로 나타났다.
한편, 전국의 토지거래 회전율(전체 면적 대비 거래 면적 비율)은 0.97%를 나타내 전년(2.6%)보다 큰 폭으로 감소했다. 부동산 시장 침체 영향으로 토지 거래도 둔화한 것이다. 토지 거래가 가장 활발한 지역은 충남(1.47%), 경기(1.44%), 인천(1.2%), 전남(1.11%), 충북(1.09%) 순으로 집계됐다.
통계는 국토부 통계누리(stat.molit.go.kr), 통계청 국가통계포털(kosis.kr)에서 열람할 수 있다."
https://www.chosun.com/economy/real_estate/2022/12/27/DZVQH5XUJZDRVCGMA2VEBJARBU/,"빌라·오피스텔 1139채를 보유하다 세입자에게 보증금을 돌려주지 않고 사망한 ‘빌라왕’과 유사한 사건이 또 발생했다.
27일 주택도시보증공사(HUG)에 따르면, 인천 미추홀구 등에 빌라와 오피스텔 수십 채를 보유했던 송모(27)씨가 지난 12일 숨지면서 전세 보증금을 돌려받지 못하는 세입자가 잇따르고 있다. 여성인 송씨는 자기 자본은 거의 없이 갭 투자로 빌라를 사들였고, 극단적 선택을 한 것으로 알려졌다.
송씨는 등록임대사업자였지만, 임대사업자로서 의무적으로 가입해야 하는 임대보증금 보증보험에는 가입하지 않은 것으로 파악됐다. 그가 보유한 주택 중 세입자가 HUG 전세보증금 반환보증보험에 가입된 주택은 50여채다.이 가운데 일부는 보증금을 반환받았지만, 아직 40여채는 임대 기간이 끝나지 않아 보증보험 완료 기간이 도래하지 않았다. 이들은 송씨 소유 주택이 공·경매로 넘어가 낙찰되기 전까지는 전세금을 반환받지 못할 가능성이 크다. HUG가 세입자들에 대한 대위 변제(보증 기관에서 세입자에게 보증금을 먼저 돌려준 뒤 임대인에게 회수하는 것)를 하려면, 통상 세입자가 보증금 반환을 거부하는 집주인에게 임대차 계약 해지를 통보하고, HUG는 이를 근거로 대위 변제 작업에 착수한다. 그런데 집주인이 사망하면서 세입자들은 ‘계약 해지’ 요건을 충족할 수 없게 됐다. HUG 관계자는 “송씨가 보유한 빌라가 전체 몇 채인지는 정확히 파악이 안되지만, 전세보험에 가입된 주택만 해도 보증금 규모가 100억원에 달한다”고 말했다."
https://www.chosun.com/economy/real_estate/2023/09/11/FUGISR2RGREKXPHQWSDIGJCMBA/,"기준금리 인상, 전세사기 피해 증가 등으로 지난해 임차시장에서 월세 선호 비중이 크게 증가했던 반면, 올해는 전세를 선호하는 임차인 비율이 다시 늘어난 것으로 나타났다. 월세 임대료가 상승세를 이어간데다 역전세 공포가 누그러진 영향으로 풀이된다.
11일 부동산 플랫폼 직방이 자사 애플리케이션 이용자 636명(임대인·임차인 모두 포함)을 대상으로 현재 선호하는 주택 임대차 거래 유형을 물어본 결과, 응답자의 60.4%가 전세 거래를 더 선호한다고 답했다. 지난해 8월에 동일한 질문으로 조사한 결과에선 57%가 전세, 43%가 월세를 선호한다고 답했는데 1년 새 전세 선호 비율은 늘고, 월세 선호 비율은 줄었다.
임차인 응답을 보면 현재 전세로 거주하고 있는 임차인의 전세 선호 응답률은 지난해 85.4%에서 올해 87.6%로 소폭 늘었고, 월세(보증부 월세 포함) 거주 임차인의 전세 선호 응답률은 37.9%에서 48.6%로 뛰었다. 임차인이 전세를 선호하는 이유는 ‘매월 부담해야 하는 고정지출이 없어서’가 55.1%로 가장 많았다. 그 다음으로는 월세보다 전세대출 이자부담이 적어서(25.3%), 내집마련을 하기 위한 발판이 돼서(8.4%), 전세자금대출 등 금융을 통한 대출상품이 다양해서(6.4%) 등의 순으로 나타났다.
반면 임대인은 월세 거래를 선호한다는 응답 비율이63.9%로 지난해보다 17.4%포인트 높게 나타났다. 임대인이 월세를 선호하는 이유로는 ‘매월 고정적인 임대수입이 있어서’가 56.5%로 가장 많았다. 이어 계약 만기시 반환보증금 부담이 적어서(26.1%), 보유세 등 부담을 월세로 대체가능해서(6.5%), 임대수익률이 시중 금리보다 높아서(4.3%) 등으로 나타났다."
https://www.chosun.com/economy/real_estate/2022/01/15/Z34NZUPTH5C4TCNBMWFZGUUNFA/,"전국 아파트의 실거래가 지수가 지난 11월 하락 전환한 것으로 나타났다. 여기에 아파트 매수 심리를 가늠하는 아파트 매매수급지수도 6주 연속으로 매도 심리가 매수세를 앞서면서 부동산 하락세가 가팔라지는 것 아니냐는 전망이 나온다.
14일 한국부동산원에 따르면 지난 11월 전국(-0.15%), 수도권(-0.27%), 서울(-0.79%) 아파트 매매 실거래 가격지수가 일제히 하락세를 기록했다. 서울 아파트 실거래가 지수가 하락한 것은 2020년 4월 이후 처음이다. 실거래지수는 거래 신고가 2회 이상 있는 같은 동·층·면적의 주택 실거래 가격 변동률을 이용해 산출한 지수이다. 호가 중심의 지수보다 시장 상황을 정확하게 반영하지만, 거래량이 적거나 비정상 거래가 포함되면 변동성이 커진다. 지역별로 경기(-0.11%), 대전(-0.82%), 부산(-0.51%), 세종(-4.11%) 등이 11월 들어 지수가 하락했다. 12월 잠정치 역시 전국 -0.91%, 서울 -0.48%로 두 달 연속 하락세를 이어갈 전망이다.
여기에 올해 1월 둘째 주 전국 아파트 매매수급지수도 95.4로 6주째 기준선(100)을 밑돌고 있다. 집을 팔겠다는 사람이 사겠다는 사람보다 많은 초과 공급 상태가 6주째 지속되고 있다는 뜻이다. 서울 매매수급지수는 전주보다 0.8포인트 하락한 92.0을 기록하면서 9주째 기준선 아래에 머물고 있다. 2019년 8월 26일(91.4) 이후 가장 낮은 수준이다.
김효선 NH농협은행 부동산 수석위원은 “최근 주택 거래량이 감소하고 집값 상승세가 둔화하는 가운데 기준금리까지 인상됐으니 주택 시장 위축이 심화될 수밖에 없다”며 “한동안 거래 절벽이 이어질 것”이라고 말했다."
https://www.chosun.com/economy/real_estate/2024/07/13/L6SJOZKN4ZE73JFDW2ECV3BYKI/,"허윤홍<사진> GS건설 대표가 12일 ‘투명한 신뢰와 끊임없는 혁신으로 더 안전하고 행복한 삶의 미래를 완성합니다’라는 새 기업 비전을 발표했다. 단순 시공을 넘어 더 나은 세상을 건설하는 건강한 기업이 되겠다는 뜻이라고 GS건설은 밝혔다.
GS건설은 이날 직원들이 가져야 할 사고방식과 조직 문화 정체성 형성을 위한 핵심 가치도 공개했다. 고객 지향, 신뢰, 자율과 책임, 정도 경영, 미래 지향, 전문성 등 6개다. 고객을 최우선으로 생각해 탁월한 경험을 제공하려 노력하고, 신뢰를 바탕으로 비즈니스를 성공시키는 역량을 강화하겠다는 것이다.
새 비전과 핵심 가치는 GS건설 임직원의 의견을 반영해 만들어졌다. GS건설은 올해 초부터 외부 전문기관과 협업해 사업 포트폴리오와 조직 역량을 진단했고, 개발 사업 담당자부터 임원까지 300명이 넘는 임직원 인터뷰를 진행해 아이디어를 도출했다.
GS건설은 앞으로 안정적인 사업 포트폴리오를 구축하고, 리스크 관리 체계를 더욱 강화해 외형 성장보다는 내실을 다지는 것에 주력하겠다고 밝혔다. 허 대표는 “새로운 비전을 통해 기업의 궁극적인 존재 이유를 명확히 밝히고, 모든 이해관계자들로부터 더욱 신뢰받고 사랑받는 회사로 거듭나겠다”고 했다."
https://www.chosun.com/economy/real_estate/2021/06/02/MVMG2JQLWFE4JJRP3TIEBR6UCM/,"전국 고가 아파트와 저가 아파트의 가격 격차가 역대 최대로 벌어졌다. 문재인 정부 출범 이후 고가 아파트 값이 5억원 가까이 오르는 동안 저가 아파트 값은 오히려 하락한 영향이다. 서울과 수도권 아파트 중심으로 매수세가 몰린 데다 새 아파트 선호가 맞물려 주택 시장 양극화가 심화하고 있는 것으로 풀이된다.
1일 KB국민은행 ‘월간주택가격동향’에 따르면 지난달 전국 가격 상위 20% 아파트(5분위)의 평균 가격은 10억4060만원, 하위 20% 아파트(1분위) 평균 가격은 1억1804만원으로 조사됐다. 둘 사이의 격차가 9억2256만원에 달했다. 저가 아파트 8채 이상을 팔아야 고가 아파트 한 채를 살 수 있는 셈이다.
주택 가격 양극화는 문재인 정부 들어 계속 악화하고 있다. 지난 4년간 전국 상위 20% 아파트 가격은 5억6078만원에서 10억4060만원으로 85.5% 올랐다. 반면 하위 20% 아파트 값은 1억1837만원에서 1억1804만원으로 되레 하락했다. 그러면서 격차가 4년 전 4억원대에서 올해 9억원대가 돼 두 배 수준으로 더 벌어진 것이다.
전국 주택 ‘5분위 배율'도 8.8배로 관련 통계가 만들어진 2008년 12월 이후 최대치를 기록했다. 5분위 배율은 상위 20% 아파트 값을 하위 20% 아파트 값으로 나눈 것으로, 숫자가 클수록 둘 사이의 격차가 크다는 의미다. 2017년 5월에는 가격 격차가 4.7배에 불과했지만 작년 9월(8.2배) 역대 최고치를 경신한 후 갈수록 커지고 있다.
지역별로 보면 지난 4년간 경기도, 6대 광역시, 기타 지방까지 모두 고가와 저가 아파트 가격 차이가 커졌다. 다만 서울은 고가 아파트뿐만 아니라 저가 아파트 가격도 무차별적으로 오르면서 지난달 5분위 배율이 4.1배로, 4년 전(4.2배)보다 미미하나마 줄어들었다. 고가 아파트 값이 11억9528만원에서 21억4614만원으로 79.5% 오르는 동안, 저가 아파트 값은 2억8436만원에서 5억2124만원으로 83.3% 급등한 탓이다. 절대적인 상승액 자체는 고가 아파트가 더 크지만, 상승률로만 따지면 저가 아파트가 더 가파르게 오른 셈이다. 지난해 ‘패닉바잉’ 현상과 함께 중저가 아파트가 몰려 있는 서울 강북 지역으로 내 집 마련 수요가 몰렸기 때문으로 분석된다."
https://www.chosun.com/economy/real_estate/2020/11/10/HNT5LFGAFNCJFDGOOUFTID3R4E/,"양우건설이 영동고속도로 용인IC 인근 택지지구인 고림지구에 짓는 ‘용인 고림지구 3차 양우내안愛(애) 더 센트럴’ 견본 주택을 열고 분양에 나선다. 최근 수도권 집값이 치솟는 가운데 주택형별로 총 분양가가 2억~4억원에 그쳐 이른바 ‘가성비’ 높은 아파트로 주목받고 있다.
지하 1층~지상 29층 8동에 627가구로 고림지구에 이미 입주한 1·2차(1835가구)와 합하면 총 2462가구 규모 브랜드 타운이 될 전망이다. 전용면적별로 ▲64㎡ 265가구 ▲76㎡ 200가구 ▲84㎡ 162가구 등을 분양한다. 수요자들이 가장 선호하는 84㎡와 틈새평면을 적절하게 섞었다.
용인경전철 고진역이 걸어서 3분쯤이면 닿는다. 영동고속도로 용인IC까지 2㎞쯤 떨어져 차를 타고 서울 등 주변 도시로 이동하는 데 수월하다. 앞으로 교통망은 더 좋아질 것으로 보인다. ‘제2경부고속도로’라고 불리는 세종~포천고속도로가 2023년 개통 예정이다. 완공하면 고림지구에서 서울 강남 이동하기가 한결 편리해진다. 수도권 제2외곽순환고속도로 인터체인지도 개설을 앞두고 있다.
현재 용마초등학교와 고림중학교는 걸어서 통학 가능하다. 향후 지구 내에 유치원과 초등학교·중학교가 각각 1곳씩 개교할 예정이다.
아파트는 남향 위주 판상형으로 짓는다. 동(棟) 간 거리는 최대 92로 넓히고, 단지 중앙에 약 2800㎡ 규모 광장을 조성한다. 중소형 아파트이지만 모든 가구가 거실과 방 3개를 전면 거실 쪽에 배치하는 4베이다. 수요자 취향에 따라 가변형 벽체로 나뉘어 있는 방 2개를 한 개로 합칠 수도 있다. 수납공간은 현관 신발장 2곳, 거실 팬트리, 붙박이장 등을 포함한다. 드레스룸에 창문을 2개 달아 습기를 없앤다. 발코니 확장 공간이 세 곳이어서 서비스 면적이 주택형별로 35~48㎡에 달한다.
분양 회사 관계자는 “지난 6·17 부동산 대책으로 용인 처인구가 조정대상지역에 포함되면서 중도금 대출 비율이 낮아지긴 했지만, 분양가 자체가 수도권에서 보기 드물 정도로 저렴해 자금 부담은 덜하다”며 “실제로 지역 실수요자 문의가 많다”고 했다.
견본 주택은 경기 용인 처인구 유방동 512-3에 있다. 2023년 5월 입주 예정이다."
https://www.chosun.com/economy/real_estate/2023/12/04/EFSDC4ZQIRFWRJHRZL6OGOIXHU/,"낡은 신도시의 재정비를 촉진하기 위한 ‘노후계획도시 정비 특별법’이 지난달 30일 국회 국토교통위원회를 통과하면서 부동산 시장의 관심은 경기 분당·일산·평촌 등 수도권 1기 신도시로 쏠리고 있다. 특별법은 조성된 지 20년 이상 된 모든 대규모 택지를 대상으로 하지만, 주택 수요나 서울 인구 분산 등의 관점에서 1기 신도시가 시범 사업지가 될 수밖에 없기 때문이다. 앞으로 1기 신도시 재정비는 어떤 식으로 될까?
노후계획도시 특별법은 종(種) 상향을 통해 용적률을 최대 500%까지 끌어올리고, 안전진단 규제를 완화하는 등 재건축이나 리모델링 사업의 수익성을 높이고 행정 절차를 간소화하는 것이 핵심이다.
1989년 이후 조성된 1기 신도시에는 약 21만 가구의 아파트가 있는데, 이 중 41%가 입주한 지 30년이 넘었다. 기반 시설 노후화와 주차장 부족 등의 문제로 주민들이 불편을 겪고 있지만 평균 용적률이 169~226%로 높은 편인 데다, 지구단위계획이라는 별도의 규제를 적용받고 있어 기존 법령 체계로는 재건축이 불가능했다.
국토부는 특별법이 통과될 것이라는 가정하에 지난해부터 1기 신도시 재건축 마스터 플랜을 수립해 오고 있다. 내년 연말쯤 발표하는 게 목표다. 동시에 1기 신도시 관할 지자체 5곳과 지역별 재정비 기본계획도 수립 중이다. 이 기본계획에는 구체적인 용적률과 가장 먼저 재건축을 추진할 선도지구가 포함된다. 신도시 한 곳당 최소 하나 이상의 선도지구 단지가 지정될 예정이다. 선도 지구는 지역 내에서 가장 단지 규모가 크고 연식이 오래된 단지들을 묶는 형태의 통합 재건축 방식이 유력하다. 사업지구 지정 후 아파트 입주까지 짧게는 5~6년 정도 걸린다는 점을 감안할 때, 빠르면 2030년쯤 첫 입주도 가능할 전망이다.
다만 동시다발적인 재정비 사업으로 이주 수요가 대규모로 발생하면서 전·월세 시장이 불안해질 우려도 있다. 정부는 이런 부작용을 막기 위해 시간이 좀 걸리더라도 순차적으로 재건축을 추진하고, 3기 신도시 등 다른 택지를 활용해 대규모 이주단지도 확보할 계획이다. 이상우 인베이드투자자문 대표는 “1기 신도시 재정비가 늦어지면서 슬럼화되면 사회적으로 큰 혼란과 비용을 초래할 수 있으므로 정부와 지자체가 힘을 모아 가장 빠르면서도 체계적인 방향으로 사업을 추진해야 한다”고 말했다."
https://www.chosun.com/economy/real_estate/2021/11/18/F65GGUTP7FE5RLWCJBW2WEB6QI/,"다음 달 1일부터 3기 신도시인 하남 교산을 포함해 수도권 공공택지 4곳에서 3차 사전 청약이 시작된다. 정부는 11월 중 6000가구 안팎의 수도권 민간 분양 아파트 첫 사전 청약 계획도 발표할 예정이다.
국토교통부는 18일 공고를 내고 총 4167가구에 대한 사전 청약을 진행한다고 17일 밝혔다. 이번 공급 물량은 하남 교산 1056가구, 과천 주암 1535가구, 시흥 하중 751가구, 양주 회천 825가구다. 서울과의 접근성이 좋은 하남 교산과 과천 주암에 무주택 수요자들의 관심이 집중될 전망이다. 국토부가 추정한 분양가는 하남 교산이 3.3 ㎡당 1855만원, 과천 주암은 3.3 ㎡당 2500만원대이다. 이를 적용하면 하남 교산 전용면적 59㎡(24평형)형 아파트는 4억8690만원, 과천 주암 전용 84㎡(34평형)형은 8억8460만원 안팎에 분양할 전망이다. 최종 분양가는 본 청약 전에 결정된다.
12월 1~3일에 공공 분양 아파트 특별 공급 물량과 신혼희망타운 해당 지역 거주자에 대한 청약을 먼저 접수한다. 6일부터 9일까지는 일반 공급과 신혼희망타운 수도권 거주자 신청을 받는다. 모집 공고가 나는 이달 18일 기준으로 소득, 자산, 해당 지역 거주 요건 같은 자격 요건을 충족해야 한다. 사전 청약 당첨자는 12월 23일 발표한다.
한편, 정부는 이날 홍남기 부총리 주재로 연 부동산시장 점검 관계 장관 회의에서 이달 중 민간 분양 아파트 첫 사전 청약 6000가구의 입지와 지역별 공급 규모 등을 발표한다고 밝혔다. 홍 부총리는 “브랜드나 디자인 등 민간 아파트 수요에 부응해 서울 인근 도심에 공급할 사전 청약 아파트 물량을 확정하겠다”고 말했다."
https://www.chosun.com/economy/real_estate/2023/05/09/PFC7BTEQQFFJ7GQYGBAXAPB6CI/,"[빌딩경영 멘토를 만나다] 이충묵 더트웰브PMC대표 “빌딩도 옥석 가리기 심화…건물주 따라 빌딩 운명 갈린다”
”아파트와 달리 중소형 근생 건물은 제각각 가치가 다르고 적용받는 법도, 갖춰야 하는 설비도, 관리 방법도 천차만별이죠. 건물 관리는 오로지 건물주의 역량에 달렸습니다. 특히 요즘 같은 부동산 불황기엔 건물주의 관리 능력이 건물의 가치를 바꾸는 가장 중요한 요소가 될 수 있습니다.”
부동산 침체와 경기 불황이라는 어려운 여건 속에서도 자산가들은 건물에 꾸준히 투자하고 운영 노하우를 쌓고 있다. 전문가들은 불황기일수록 건물주가 줄줄 새는 비용을 줄이는 능력을 발휘해야 한다고 강조한다. 이충묵 더트웰브PMC 대표는 “부동산 경기 불황이 계속되면서 건물주들이 임대료를 받아도 남는 게 없다는 말을 많이 한다”며 “불황기엔 빌딩 옥석가리기가 심화하고 공실과 임차인과의 분쟁 등 리스크까지 떠안고 건물을 운영해야 하는 만큼 빌딩 관리 전략을 잘 세워 운영해야 살아남을 수 있다”고 했다.
이 대표는 땅집고가 5월 16일 개강하는 ‘중소형빌딩 자산운영관리 설루션 8기’ 과정에서 ‘고금리에 대응하는 임대차 전략’과 ‘수익률을 높이기 위한 중소형빌딩 관리 운영 설루션’를 주제로 강의한다. 이 대표에게 중소형 빌딩 관리 노하우와 수익 극대화 방법을 들어봤다.
―근생 빌딩을 매입하기 전 주의사항이 있다면.
”보통 빌딩을 매입하고 나서 건물주가 각종 난관에 부딪히는 경우가 많다. 예컨대 건물을 구입하기 전에는 미처 알지 못했던 악성 임차인이 있는 경우다. 어떤 세입자에게 보증금 항목이 없는 경우가 있었는데 알고 보니 세입자가 임대료를 몇 년간 연체해 이전 건물주가 보증금으로 충당하고 이런 사실을 알리지 않은 것이다. 임대료를 연체하는데 연락도 되지 않고, 짐을 건물 안에 방치한 채 문을 잠그고 달아나면 건물주라고 하더라도 함부로 그 공간 안에 들어갈 수도 없다. 또 이전 건물주가 관리비를 지나치게 저렴하게 받은 경우도 있었는데 계단 청소비 정도만 관리비로 걷고 건물 관리 자체에 손을 놔버린 경우였다. 건물주가 바뀌자마자 세입자들이 누수, 하자 문제로 한꺼번에 수리를 요청해 골머리를 앓게 될 수도 있다. 이런 사례들은 이전 건물주가 자세히 말하지 않으면 공인중개사조차도 파악하기 어렵기 때문에, 신축 또는 리모델링을 할 계획이 없다면 전문가의 도움을 받아서라도 건물의 상태를 꼼꼼히 체크하고, 세입자에 대한 정보를 최대한 요청해서 알고 거래해야 한다.”
―말씀하신 것처럼 매입해 놓고 보니 악성 임차인이 있다, 어떻게 해결해야 하나.”
일단 전문가의 도움을 받아야 한다. 하지만 법으로만 해결한다고 다 되는 것도 아니다. 명도소송에서 이겨도 강제 집행 인건비, 집기 보관료, 처분료 등 많은 비용과 시간이 든다. 되도록이면 명도 소송을 걸어놓고, 최대한 대화를 통해 풀어나가는 것이 낫다. 명도소송 집행까지 가는 케이스는 의외로 적다. (악성 임차인의) 90%는 건물주와의 협의 끝에 자발적으로 나간다.”
―중소형 빌딩의 가성비를 높이려면 어떤 부분에 신경 써야 하나.
”건물주가 건물을 매입한 후 리모델링이나 신축을 고려할 수 있는데, 요즘 같은 시기는 자본 투입이 어려워서 수리를 하지 못할 수도 있다. 리모델링한다면 최대한 가성비를 높여서 해야 한다. 이때 반드시 신경 써야 하는 공간이 있다면 화장실을 꼽는다. 화장실은 많은 돈을 들이지 않고 건물의 이미지를 개선할 수 있는 핵심적인 공간이다. 관리가 안 된 노후한 건물이라도 화장실이 깨끗하면 임차인이 쉽게 들어온다. 장사가 잘되기 때문이다. 오피스라면 직원들이 업무 만족도가 높아진다. 여자 화장실에는 좌변기를 남자 화장실보다 한 대는 더 들이고, 깨끗하고 커다란 거울을 다는 것, 위생용품을 잘 구비해 놓는 것, 공용 화장실은 층별로라도 구분해 놓는 것에 따라 임대차 계약이 왔다 갔다 한다. 중소형 근생건물에서 화장실 리모델링 비용은 평균 700만원 정도로, 1000만원이 안 든다. 5층 건물이면 1억원 안팎인 셈이다. 다른 곳을 고치지 않더라도 화장실만 손봐도 비용 대비 크게 수익을 높일 수 있다.”
―임대료 외에 건물에서 부수입을 얻는 방법이 있다면.
”그렇다. 임대료 외에도 건물을 보유하면 돈이 나올 구멍이 있다. 노후 건물의 경우 주차기기가 있어도 사용하지 못하고 방치하는 경우가 제법 많다. 요즘처럼 SUV 등 덩치가 큰 차량의 경우 기계식 주차장 안에 들어가지 못해 세입자도 건물 바깥에 주차를 하는 경우도 있다. 이런 상황이라면 수용이 가능한 차량에 한해 주차 공간을 임대하는 것도 방법이 된다. 요즘은 각종 어플리케이션에 주차장을 임대하는 건물주가 많다. 건물이 도심에 있고, 다른 주차장보다 조금 더 싸게 받는다면 이용자도 쉽게 확보할 수 있다.”
―불황이 장기화되고 있다. 중소형 빌딩 시장 전망은.
”지난 몇 년간 저금리 시절엔 건물 가치에 대한 옥석 가리기가 제대로 되지 않은 측면이 있다. 금리가 높아진 요즘은 진짜 가치 있는 건물의 진가가 나타나고 있다. 어찌 보면 양극화 현상이 심화하는 셈이다. 건물의 가치를 결정하는 가장 중요한 요소가 입지인데, 이는 바꿀 수 없다. 하지만 입지 다음으로 중요한 것이 건물주의 관리 능력이다. 다양한 전문가의 도움을 꼭 받아 관리전략만 잘 세워도 불황기를 버틸 수 있을 것이다.”
<’중소형빌딩 자산운영관리 설루션’ 8기 수강생 모집>
고금리 시대에 중소형빌딩 투자를 통해 자산 가치를 높이려면 단순히 건물 매매가 아니라 투자자 개인의 목표와 전략에 따른 종합적인 자산운영관리 설루션이 필요하다. 예를 들면 내 건물의 가치를 높일 수 있는 임차인을 찾거나 효율적인 주차장 관리로 임대 수익을 극대화하는 식이다.
땅집고는 국내 중소형 빌딩 건물주를 대상으로 ‘중소형빌딩 자산운영관리 설루션’ 8기 과정 수강생을 모집한다. 건물 임대 수익률과 매각 가치를 극대화하고 싶은 건물주라면 반드시 알아야 할 노하우와 전략을 알려준다. 오는 6월 9일부터 6월 23일까지 총 5강으로 구성하며 현장 스터디 1회를 포함한다.
개강 첫날인 6월 9일에는 상업용 부동산 자산관리 전문가 이충묵 더트웰브PMC 대표가 ‘임대수익 향상을 위한 관리기법실무’를 주제로 강의한다. 임대인을 위한 계약서 및 특약 작성 요령, 공실률을 낮추는 가성비 좋은 내·외부 리뉴얼 방법 등을 소개한다. 김인식 GM관리 대표는 ‘노후건물의 유지보수 시설관리 노하우’를 알려준다.’
‘주차장 활용으로 임대수익 높이기’ 강의는 올해로 18년의 주차장 비즈니스 경력을 가진 김근영 하이파킹 이사가 맡는다. 안명숙 루센트블록 부동산 총괄이사는 ‘부동산자산 증식을 위한 금융활용전략’ 강의에서 수익성 극대화를 위한 대출 활용 전략과 상환 노하우, 금융을 활용한 부동산 매입·매각 타이밍 잡기 등을 설명한다. 마지막 5강은 최인용 가현세무법인 세무사가 ‘중소형 빌딩 세금 관리와 절세 전략’에 대해 강의한다.
강의 장소는 서울 중구 세종대로 21길 22 태성빌딩 2층, 땅집고 아카데미 교육장이다. 강의 시간(현장스터디는 별도)은 매주 수·금요일 오후 2시30분~4시30분이다. 수강료는 160만원이다. 땅집고M 홈페이지(zipgobiz.com ▶바로가기)에서 신청하면 된다. (02)6949-6190."
https://www.chosun.com/economy/real_estate/2023/08/24/P6NWL4ZPY5EWNIQNMKSMQTRYDI/,"천편일률적인 아파트 구조에서 벗어나 거주자 생활 방식과 선호도에 따라 가구별 공간을 자유자재로 디자인할 수 있게 된다.
삼성물산은 23일 서울 송파구 ‘래미안갤러리’에서 이런 내용을 담은 신(新)주거 모델 ‘넥스트홈’과 주거 플랫폼인 ‘홈닉’을 공개했다.
넥스트홈은 삼성물산이 개발한 ‘넥스트 라멘구조’와 ‘인필(In-Fill) 시스템’을 통해 주거 공간 배치의 제약을 없앤 것이 특징이다. 라멘구조는 벽 대신 기둥과 대들보로 하중을 견디는 건축 기법이다. 층간 소음이 적지만 가구 내 기둥 때문에 공간 활용도가 떨어지는 단점이 있다. 삼성물산은 가구 외부 기둥을 굵게 하고 철근을 보강해 내부 기둥을 없애는 데 성공했다.
인필 시스템은 아파트 뼈대에 사전 제작한 모듈을 채워넣는 방식을 뜻한다. 방과 욕실 수를 선택할 수 있고, 벽체를 수납장 등 가구와 결합할 수도 있다. 모듈 방식이어서 현장 시공과 비교하면 균등한 품질을 확보할 수 있고, 안전사고 예방에도 도움이 된다는 게 삼성물산 설명이다. 삼성물산은 내년부터 넥스트홈을 실제 프로젝트에 제안할 예정이다.
홈닉은 기존 가구 내 단말기(월패드)가 제공하던 기본적인 난방, 가스 제어 외에 헬스케어, 식음료 배달, 입주민 전용 쇼핑몰, 단지 내 미술관 감상 등 부가 서비스를 제공한다."
https://www.chosun.com/economy/real_estate/2022/06/03/YWNQZUEYKVHH3EYT5APCAU4LQ4/,"도시·개발계획 분석 전문가인 엄재웅(서경파파)씨가 신간 ‘강남 되는 강북 부동산은 정해져 있다’(위즈덤하우스)를 펴냈다. 엄씨는 부동산에서 가장 중요한 것은 입지가 아닌 정책이라며 도시계획을 집중 분석해 바람직한 투자 방향을 제시한다.
[강남되는 강북 부동산] ⑦1억원 미만 투자, 제발 이것만은 주의하자
[땅집고] 서울에 투자하려고 보면 1억원이라는 돈이 초라하게 느껴질 때가 있다. 이런 현실이 안타깝지만 한탄만 해서는 아무것도 바뀌지 않는다. 지금 이 시간에도 누군가는 수익을 만들고 있다. 자금이 충분하다면 소액 투자로 접근하고, 아니면 자녀를 위한 투자로 활용해도 된다. 자금이 충분하지 않은 분들은(특히 사회초년생) 가장 안전한 곳을 찾아내 경험을 쌓는 기회로 투자를 시작하면 된다. 투자금 1억원 미만일 때 주의사항은 다음과 같다.
■'신축 빌라·오피스텔·생활숙박시설’ 투자는 금물
초기 재개발 지역 신축 빌라 투자는 원주민에게는 민폐이며 시장을 교란하는 행위다. 정비구역의 노후도를 떨어뜨려 구역 지정을 어렵게 만들고 사업성도 망친다. 남에게 피해를 주는 투기꾼이 아니라 건전한 투자자가 되길 바란다.
오피스텔, 아파텔(주거형 오피스텔), 생활숙박시설(생숙) 등은 물량이 많다. 게다가 정책적으로 재개발 지역에 많이 공급한다. 공급이 많기 때문에 입지와 상품성을 보고 매수해도 더 좋은 입지, 상품성을 갖춘 매물과 또 경쟁해야 한다. 수급이 지나치게 많은 매물은 높은 가치를 인정받기 어렵다. 오피스텔, 아파텔, 생숙은 아파트를 살 수 없는 수요자가 대안으로 선택하는 상품이다. 소득이 높아지면 언제든지 아파트로 갈아탄다고 봐야 한다. 따라서 매매 차익을 남기기 쉽지 않다.
우리는 완성된 매물에 투자하는 것이 아니라 앞으로 오피스텔, 아파텔, 생숙으로 개발할 매물, 즉 역세권 구축 빌라나 단독주택, 다가구주택, 연립주택 등을 매수해야 한다.
■저렴한 선동용 초기 재개발은 투자하지 않는다
흔히 주식 시장에는 작전주가 있다. 작전이 한창일 때에는 크게 오르지만, 작전이 멈추면 폭락한다. 단톡방, 유튜브, 블로그 등에서 속칭 바이럴 마케팅을 하거나 선동하는 매물은 이미 거품이 잔뜩 끼어 있는 사기꾼들의 비즈니스다. 가뜩이나 돈도 없는데 먹잇감이 될 필요는 없다.
그렇다면 투자처를 어떻게 찾아야 할까? 자금이 적을수록, 아직 투자 입문자일수록 사업성 분석 기초를 닦아 잠재력이 있는 용도지역에서 좋은 매물을 사야 한다. 현재 사용하고 있는 용적률이 최대한 낮을수록, 대지지분이 높을수록 사업성은 좋다. 그리고 단기 차익만 얻고 다른 곳을 찾는 것이다.
■ 재개발·재건축이 아니어도 오르는 빌라는 있다
빌라는 재개발 호재가 없으면 오르지 않는 것이 일반적이다. 그러나 땅의 용도가 좋은 구축 빌라는 어떤 식으로든 개발을 하려고 하기 때문에 가만히 두지 않는다. 가로주택정비사업이나 오피스빌딩, 오피스텔, 아파텔 등을 짓고 싶어하는 업자에게 팔면 충분히 수익 창출이 가능하다.
우리는 입주권을 받지 않을 것이기 때문에 신축 아파트를 위해 5~10년 장기 투자할 이유가 없다. 우리가 신경써야 하는 것은 가격 협상 뿐이다. 가격 협상만 잘한다면 투자 원금 대비 2배 가량 벌 수 있다.
■ 과거의 공식으로 투자하지 마라
매물 수를 너무 늘리지 마라. 법인으로 빌라를 매수하는 것은 언제나 양날의 검이다. 5~10년 묵힐 목적으로 마치 씨앗 뿌리듯이 매물을 사들이면 주택 수만 많아질 뿐, 효율적으로 투자하기 어렵다. 우리가 부동산 투자를 하는 이유와 그 본질을 깨달아야 한다. 주택 수가 많다고 전부 내 수익으로 이어지는 것이 아니다. 내 엑셀표에서 아무리 10배 수익률을 기록하고 있다 해도 매도해서 현금화하기 전까지는 진짜 수익이 아니다. 그 호가를 받아줄 사람이 나타나야 진짜 수익이다. 언제라도 던질 수 있는 단기 투자를 해라.
지방 아파트 소액 원정 갭(gap) 투자, 그것도 재개발·재건축 아파트도 아닌 매물을 매수하는 것은 최악 중 최악이다. 투자의 본질은 미래 가치를 거래하는 데 있다. 그런데 미래가치가 없는 곳을 단지 싸다는 이유로 매수하는 것은 투자 원칙에 어긋나는 것이다. 예컨대 부산이나 대구 같은 대도시면 몰라도 중소도시 재개발·재건축은 사업성이 극도로 좋아도 쉽게 추진되기 힘들다. 이런 매물이 많다면 지금 당장이라도 처분하기를 권한다. 하락장에서는 이런 매물이 투자 포트폴리오와 수익성을 망가뜨리는 칼날로 돌아온다."
https://www.chosun.com/economy/real_estate/2020/12/02/VPUOWC5J6VEFNFQOUJJ7XTWWRU/,"정부가 급등한 집값을 ‘원상복구’ 수준으로 떨어뜨리겠다며 연일 고강도 규제들을 쏟아내고 있지만, 한 민간 부동산 플랫폼이 이용자를 대상으로 설문조사한 결과 10명 중 7명은 내년에 집을 살 의향이 있는 것으로 나타났다.
부동산 정보업체 ‘직방‘은 자체 애플리케이션 사용자 3087명을 상대로 설문조사한 결과 응답자의 69.1%(2134명)가 “내년에 주택을 매입할 계획이 있다”고 응답했다고 2일 밝혔다.
거주지역별로 주택을 매입할 계획이 있다고 응답한 응답자 비율은 경기(71.5%), 광역시(70.5%), 지방(70.6%)이 서울(64.6%)이나 인천(69%)보다 높았다.
매입 방식에 대해서는 기존 아파트(46.9%)를 매입할 것이라는 응답이 가장 많았고 △신규 아파트 청약(29.1%) △아파트 분양권·입주권(8.6%) △연립·빌라(8.4%) 등의 순으로 뒤를 이었다.
설문 응답자들이 계획하는 주택 매입 가격은 ‘3억원 초과~5억원 이하’가 36.9%로 가장 많았다. 이어 △3억 이하(36.5%) △5억 초과~7억 이하(13.5%) △7억 초과~9억 이하(7.7%) 순이었다.
주택을 매입하려는 이유로는 ‘전·월세에서 자가로 내 집 마련’이란 응답이 37.7%로 가장 많았다. 이 밖에 △거주지역 이동(17.3%) △면적 확대·축소 이동(12%) △본인 외 가족 거주(10.4%) △시세 차익 등 투자목적(10.3%) 등의 응답이 나왔다."
https://www.chosun.com/economy/real_estate/2022/12/06/22M4WD3RANE5LFHY7K5VNBHUAQ/,▲코람코자산신탁▷부사장 윤장호 ▷전무 김철규 ▷상무 이주용 장성권 최승호▲코람코자산운용▷전무 최영선 ▷상무 박현석
https://www.chosun.com/economy/real_estate/2023/05/22/HVHC2OZGV5HNHGZHWLJKC45BBU/,"경기 양주시 삼숭지구에 600가구 규모로 들어설 예정이었던 지역주택조합 아파트 ‘양주 힐스테이트 센트럴포레’는 최근 단지명을 ‘쌍용 더 플래티넘 양주’로 바꿨다. 시공예정사였던 현대건설이 자재비 상승 등을 이유로 공사비를 3.3㎡당 507만원에서 619만원으로 올려야 한다고 하자, 지난 13일 조합은 정기총회를 열어 현대건설과 체결한 계약을 해지하기로 의결했다. 대신 3.3㎡당 500만원대 공사비를 제안한 쌍용건설을 새 시공사로 선정하면서 단지명도 바꾼 것이다.
재개발·재건축을 비롯한 아파트 건설과 관련, 공사비 인상을 둘러싼 조합과 시공사 간 갈등이 첨예화하고 있다. 일부 조합은 갈등 끝에 기존 시공사와 계약을 해지하는 ‘초강수’를 꺼내 들고 나섰다. 통상 공사비는 시공사 선정 및 계약 시점에 정해지지만, 이후 물가 상승 등의 이유로 비용이 과도하게 늘어나는 경우 건설사는 증액을 요구할 수 있다. 전문가들은 “공사비를 놓고 시공사와 평행선을 달리는 조합이 많아 앞으로도 계약 해지에 나서는 조합이 나올 것으로 보인다”고 말했다.
◇공사비 갈등에 시공계약 해지·분양 연기
21일 건설업계에 따르면, 경기 성남시 산성구역 재개발 조합은 지난 16일 대의원회의를 열어 시공사업단(대우건설·GS건설·SK에코플랜트)과의 계약을 해지하기로 의결했다. 산성구역 재개발은 아파트 43개 동 3372가구를 짓는 대규모 사업으로, 위례신도시가 인접해 있고 지하철 8호선 산성역도 가까워 실수요자 관심이 많은 곳이다.
조합과 시공단은 2020년 7월 본계약을 체결할 당시 3.3㎡당 445만원으로 공사비를 책정했다. 그러나 시공단은 올해 2월 원자재 값 상승 등을 이유로 3.3㎡당 661만2000원으로 공사비를 증액해달라고 조합에 요청했다. 이는 계약 당시보다 49% 오른 것으로, 조합이 이를 수용하면 조합원 1인당 2억원에 가까운 추가 분담금을 내야 한다. 결국 조합은 시공단과 계약 해지를 결정하고 오는 26일 시공사 재선정을 위한 현장설명회를 개최할 예정이다. 한 대형 건설사 관계자는 “조합이 3.3㎡당 600만원 이상으로는 못 한다는 입장이라 다른 대형사가 입찰에 나설지 미지수”라고 했다.
수도권 재건축·재개발 사업장 곳곳에서 공사비 갈등이 벌어지면서 사업이 지연되는 곳도 잇따르고 있다. 경기 수원시 권선6구역 재개발 조합은 시공단과의 공사비 갈등으로 애초 이달 진행할 예정이었던 일반분양 일정이 기약 없이 미뤄지고 있다. 권선6구역의 최초 공사비는 3.3㎡당 423만원 수준이었다. 지난해 조합과 시공단(삼성물산·SK에코플랜트·코오롱글로벌)은 원자재 값 상승 등을 반영해 공사비를 3.3㎡당 538만원 수준으로 변경했다. 그런데 올해 3월 시공단이 공사비를 3.3㎡당 680만원으로 재차 올려달라고 요구하면서 올해 2월로 예정됐던 착공이 계속 미뤄지고 있다. 경기 성남시 은행주공 재건축 조합도 시공사인 GS건설·HDC현대산업개발 컨소시엄이 최근 조합에 공사비를 3.3㎡당 490만원에서 670만원으로 올려달라고 요구하면서 갈등을 겪고 있다.
◇평행선 달리는 시공사와 조합
시공사와 조합 간의 공사비를 둘러싼 갈등은 지속될 전망이다. 최근 원자재 값 상승세가 다소 진정되기는 했으나, 시공 계약을 맺었던 1~2년 전과 비교하면 여전히 높아 건설사들은 공사비 인상이 불가피하다는 입장이다. 한국건설기술연구원에 따르면, 건설 분야 물가지수인 건설공사비지수(주거용 건물)는 지난 3월 150.07로 2년 전(118.50)과 비교해 26.6% 올랐다.
반면, 조합은 공사비 인상을 반영하면 조합원 분담금이 크게 늘어 시공사의 요구를 수용할 수 없다는 입장이다. 한 재개발 조합 관계자는 “분양 시장 상황이 좋으면 일반 분양가를 높여 부담을 해소하겠지만 그럴 수도 없는 상황이라 위약금이나 사업 지연을 무릅쓰고 계약 해지를 선택하는 것”이라고 했다.
전문가들은 최근 건설사들이 정비사업 수주를 꺼리고 있어 시공 계약을 해지하기 전 조합원들이 득실을 잘 따져봐야 한다고 조언한다. 김제경 투미부동산컨설팅 소장은 “서울 주요 정비사업지도 시공사 선정에 실패하는 사례가 늘고 있다”며 “공사비를 낮추려고 시공 계약을 해지했다가 사업 자체가 좌초하는 상황이 발생할 수 있다”고 했다."
https://www.chosun.com/economy/real_estate/2021/11/22/BFPPS5J5AZEDJGZGUBV2IYQTBQ/,"현대건설은 지난 19일(현지시간) 페루 남부에 위치한 쿠스코 주(州) 정부청사에서 친체로 신공항 착공식을 열었다고 21일 밝혔다.
친체로 신공항은 잉카 유적지인 마추픽추의 관문이 될 공항으로, 현대건설이 부지 정지(整地) 및 터미널 공사 전반을 맡는다. 총 사업비는 7600억원, 공사 기간은 47개월이다. 현대건설은 선진 기법을 적용해 설계와 시공을 동시에 진행하는 ‘패트트트랙’ 방식으로 공사를 추진할 계획이다.
윤영준 현대건설 사장은 “친체로 신공항을 세계 최고 수준의 친환경 공항으로 만들 것”이라고 말했다."
https://www.chosun.com/economy/real_estate/2023/10/04/FOJQ4YMETRFYBJ23HHMU4JTAFA/,"공사비 상승과 경기 침체 우려로 정비사업 조합들이 시공사 선정에 애를 먹고 있는 가운데, 대형사들이 알짜 사업장 수주에 집중하면서 서울 주요 사업장에서는 출혈 경쟁이 심화하는 모습이다.
4일 정비업계에 따르면, 서울 여의도 1호 재건축 사업인 한양아파트 재건축 시공사 선정을 놓고 현대건설과 포스코이앤씨간 출혈 수주전이 벌어지고 있다. 1975년 8개동, 588가구 규모로 지어진 여의도 한양아파트는 최고 56층, 5개동, 아파트 956가구와 오피스텔 210실로 재건축을 추진 중이다.
오는 29일 주민 투표를 앞두고 양측은 치열한 홍보전을 펼치고 있다. 현대건설은 일반분양 수익을 극대화해 동일평형 입주 때 분담금 0원을 제안했다. 여기에 분양수익 증가로 3억6000만원을 환급하겠다고 밝혔다. 한양아파트는 신속통합기획안에 주상복합으로 기획돼있어 오피스텔을 분양해야 한다. 분양가 규제를 받지 않는 오피스텔 분양가를 3.3㎡당 8500만원 이상으로 책정해 총 1440억원의 오피스텔 분양수익을 추가로 내겠다는 계획이다. 공사비는 3.3㎡당 824만원을 제시했다.
포스코이앤씨는 3.3㎡당 공사비 798만원을 제안해 화제가 됐다. 강북마저도 3.3㎡당 공사비 800만원 대를 제시해도 유찰이 속출하고 있다는 점을 고려하면, 파격적인 제안이라는 평가다. 소유주 금융부담을 최소화하기 위해 공사비 7020억원의 약 142% 규모의 자금인 1조원을 책임조달하겠다고 밝혔다. 이밖에도 시행사가 비싼 이자를 쓰는 상황이 생기지 않도록 분양수입금 내 기성불, 사업비 우선상환 등을 제안했다.
고금리로 자금 조달이 어려워지고, 분양시장도 수요권 주요 지역에서만 활기를 띠면서 이 같은 대형사들의 선별 수주 경향은 지속될 전망이다."
https://www.chosun.com/economy/real_estate/2021/06/10/KVV7XHYLWFATRM4PNGXE3LSWNA/,
https://www.chosun.com/economy/real_estate/2022/04/28/M4AT6UWGXBD27AMC5YNFEKP7GM/,"반도건설이 강원도 원주시에 짓는 ‘초혁신도시 유보라 마크브릿지’의 견본주택을 오는 29일 열고 분양에 나선다.
초혁신도시 유보라 마크브릿지는 원주시 관설동 1426번지(옛 KT 강원본부 부지)에 지하 2층~지상 15층, 6개 동, 전용면적 67~125㎡ 476가구로 조성된다. 원주 구도심과 혁신도시가 가까워 두 지역의 생활편의시설을 모두 활용할 수 있다. 홈플러스가 단지 바로 앞에 있고 원주시청, 원주의료원도 가깝다. 중앙고속도로 및 19번 지방도의 교차점이 가까워 도로 교통도 편리하다.
청약은 5월 9일 특별공급을 시작으로 10일(화) 1순위, 11일(수) 2순위 접수를 받는다. 이자 후불제로 중도금 대출이 가능하며 비규제지역이어서 계약 후 곧바로 분양권 전매도 가능하다. 담보대출도 시세의 70%까지 받을 수 있다."
https://www.chosun.com/economy/real_estate/2023/04/05/OEAWECMD6VEPNF2FNHUDCFNL74/,"지난달 전국 청약 미달률은 개선됐지만, 단지별로 양극화 현상이 심화된 것으로 나타났다.
5일 직방이 한국부동산원 청약 결과를 분석한 결과, 지난달 전국 1순위 청약 미달률은 39.6%로, 1월(73.8%)과 2월(51.8%)에 비해 크게 개선됐다. 최근 규제지역 해제 등으로 전매가 가능해지면서 분양가 경쟁력이 있는 단지를 중심으로 청약수요가 일부 몰린 영향이다.
다만 단지별로 청약 경쟁률 격차가 벌어져 양극화는 심해졌다. 지난달 청약을 진행한 12개 단지 중 가장 높은 1순위 청약경쟁률을 기록한 단지는 경기 평택시 고덕동 ‘고덕자이센트로’로 45.3대1을 기록했다. 광주 서구 금호동 ‘위파크마륵공원’과 부산 해운대구 우동 ‘해운대역푸르지오더원’도 8.8대1과 4.8대1의 경쟁률을 기록했다. 이 단지들은 주변 시세와 비교할 때 분양가가 저렴하고 교통 등 입지 선호도가 높은 곳으로 평가된다.
반면, 경기 화성시 신동 ‘e편한세상 동탄파크아너스’, 부산 남구 우암동 ‘두산위브더제니스오션시티’, 인천 서구 오류동 ‘왕길역금호어울림에듀그린’ 등 7개 단지는 모두 경쟁률이 1대1을 넘지 못했다.
이달에는 전매 제한 등 규제 완화와 맞물려 작년보다 87% 늘어난 2만7399가구가 분양에 나선다. 다만, 지역과 단지별 양극화 현상은 이달에도 이어질 것으로 전망된다. 전날 1순위 청약을 진행한 서울 동대문구 휘경동 ‘휘경자이 디센시아’는 329가구 모집에 1만7013명이 접수해 51.7대1의 경쟁률을 기록했다. 분양가가 3.3㎡당 2930만원 수준으로 합리적인 점이 흥행 요인으로 꼽힌다. 여기에 중소형 물량의 60%는 추첨제로 뽑아 청약 가점이 낮은 수요자들도 지원할 수 있게 된 것도 영향을 미쳤다.
반면, 같은날 1순위 청약을 진행한 경기 파주 와동동 ‘파주 운정신도시 B2블록 운정호수공원 누메르’는 38가구 모집에 25명이 지원하는데 그쳐 미달이 발생했다. 브랜드 인지도가 약한 부성종합건설이 짓는 소규모 단지인데다 입주가 오는 7월인 후분양 단지라 잔금 마련에 부담을 느껴 신청자가 적었던 것으로 풀이된다."
https://www.chosun.com/economy/real_estate/2025/03/28/YMH2VHGMNRDV7G2OFKPNHS64JU/,"서울 강남 3구(강남·서초·송파구)와 용산구 전체 아파트에 토지거래허가구역(토허제)이 확대 시행되면서 가파르게 치솟던 서울 아파트값 상승 폭이 절반 이하로 줄었다. 토허제 해제 후 아파트 매수 수요가 몰렸던 잠실이 속한 송파구는 1년 1개월 만에 아파트 값이 마이너스로 돌아섰다.
27일 한국부동산원이 발표한 주간 아파트값 동향(24일 기준)에 따르면, 이번 주 서울 아파트 매매 가격은 일주일 전보다 0.11% 상승했다. 오름세는 계속됐지만 일주일 전(0.25%)과 비교하면 상승 폭이 절반 이하로 꺾였다. 부동산원은 “급하게 아파트를 처분하려는 수요가 생기고, 당장 집을 사는 것보다는 시장을 지켜보겠다는 심리가 확대되면서 서울의 상승 폭이 축소됐다”고 설명했다.
토허제 규제가 적용된 강남 3구에서 하락 폭이 두드러졌다. 송파구 아파트 값은 이주일 전 0.79% 상승에서 이번 주엔 0.03% 하락으로 바뀌었다. 송파구 아파트 매매 가격이 내린 것은 작년 2월 첫주 이후 처음이다. 서울 25구(區) 중 아파트 값이 내린 곳은 송파구뿐이었다. 고종완 한국자산관리연구원장은 “토허제 해제 후 한 달 정도 과열 조짐을 보였던 잠실 일대에서 실망 매물이 나오며 호가가 많이 내렸다”고 했다. 송파구의 한 공인중개업소 대표는 “가족 간 증여로 보이는 기존 거래가보다 30%가량 내린 직거래 계약이 몇 건 체결된 것도 영향을 미친 것 같다”고 했다.
일주일 새 강남구는 0.83%에서 0.36%로, 서초구는 0.69%에서 0.28%로 상승 폭이 줄었다. 용산구(0.18%)도 상승세가 눈에 띄게 꺾였다. 토지거래허가구역 확대 지정 이후 매수세가 옮겨가는 ‘풍선 효과’가 우려되는 지역으로 꼽혔던 마포구(0.21%), 성동구(0.35%), 동작구(0.17%), 광진구(0.15%) 같은 지역도 줄줄이 상승 폭이 축소됐다.
서울 아파트 상승세가 꺾이면서 수도권 아파트 매매 가격은 0.03% 오르는 데 그쳤다. 경기는 지난주에 이어 이번 주도 보합(0.00%)을 나타냈고, 인천은 0.07% 내리며 하락 폭이 커졌다. 서울 강남권과 버금갈 정도로 아파트값이 급등하던 과천(0.55%)도 2주 연속 상승 폭이 줄었다. 지방 아파트는 일주일 전과 마찬가지로 0.04% 내렸다.
서울 아파트 전셋값은 0.06% 올라 일주일 전(0.07%)보다 소폭 축소됐다. 서울의 경우 역세권과 대단지 등 선호 단지를 중심으로 상승 계약이 체결되고 있으나 입주 물량 영향이 있는 일부 지역과 구축 단지에서 가격 하락세가 나타났다고 부동산원은 분석했다."
https://www.chosun.com/economy/real_estate/2024/11/26/7JRYKG2KFZDBLDDVIQXD3MFFAM/,"6년간 임대로 거주 후 분양받을지 여부를 결정할 수 있는 ‘분양전환형 든든전세주택’ 입주자 첫 모집에 3만여명이 몰렸다.
한국토지주택공사(LH)는 지난달 31일 공고를 낸 ‘분양전환형 든든전세주택’ 입주자 모집 결과, 평균 경쟁률이 40대1을 기록했다고 26일 밝혔다. 전국 9개 지역에서 774가구를 모집하는데 3만1008명이 신청했다.
지역별로 보면 서울은 64가구 모집에 1만9898명 신청했다. 경쟁률은 311대1로 전국에서 가장 높았다. 이어 충북은 2가구 모집에 488명이 몰려 244대1, 경기는 215가구 모집에 6656명이 접수해 31대1의 경쟁률을 기록했다. 개별 공급 가구 기준으로는 서울 광진구의 한 주택이 1가구 모집에 1599명이 몰려 가장 인기가 높았다.
이번에 모집한 분양전환형 든든전세주택은 최소 6년간 주변 시세의 90% 수준에 임대로 거주한 이후 분양받을지 여부를 선택할 수 있는 임대 유형으로, 정부가 올해 ‘8·8 대책’을 통해 도입을 발표했다. 분양 전환은 청약 통장 없이 가능하며 분양 전환 가격은 입주 시 감정가와 분양 전환 시 감정가의 평균으로 결정된다.
LH 관계자는 “시세보다 낮은 전세형으로 안정적으로 거주할 수 있을 뿐 아니라 합리적인 가격으로 분양 전환을 선택할 수 있다는 장점에 신청이 몰린 것으로 보인다”면서 “앞으로도 주거안정을 위한 주택 공급 확대를 위해 노력할 것”이라고 말했다."
https://www.chosun.com/economy/real_estate/2023/10/25/R35HLIEH6ZDJRKBD4E7TJYJV2U/,"한국토지주택공사(LH)가 인천 검단신도시 아파트 철근 누락 사태에 대한 책임을 지고 물러난 임원 4명의 후임자를 외부에서 충원하기로 했다. 인적 쇄신 의지를 보여주기 위한 조치다.
25일 LH에 따르면 현재 부사장, 국민주거복지본부장, 공정경영혁신본부장, 공공주택사업본부장직 등 상임이사 4명에 대한 외부 공모가 진행중이다. LH는 지난달 21일까지 지원서를 받았고 각 직위별 2명씩을 추려 이달 11일 국토교통부에 명단을 전달했다. 국토부와 법무부의 인사 검증 절차를 거쳐 LH 사장이 최종 1명씩 총 4명을 선정하게 된다.
앞서 LH는 철근 누락과 누락 사실 은폐 등으로 여론이 악화되자 지난 8월 인적 쇄신 차원에서 상임이사 5명의 사표를 받았고 이 중 4명의 사표를 수리했다.
인사 검증은 통상 1개월이 소요돼 이르면 내달 중 공석 임원 자리가 모두 채워질 것으로 전망된다.
LH는 2009년 조직 통합 후 그해 12월과 2012년 7월에 부사장직을 외부 공모한 적이 있지만 본부장급을 외부 공모한 것은 이번이 처음이다. 사장을 포함해 전체 7명의 임원 중 절반 이상이 외부 인사로 바뀌면서 조직 운영에도 큰 변화가 있을 것으로 예상된다.
한편 LH는 LH 전신인 대한주택공사와 한국토지공사의 퇴직 직원 모임인 주우회와 토우회 사무실을 내달 말까지 퇴거시키기로 했다. 이들은 통합 후 경기도 성남에 위치한 경기남부지역본부에 사무실을 운영했는데, 퇴직 직원과 현직 직원을 연결하는 역할을 한다는 논란을 샀다. 지난 2021년 LH 임직원 땅투기 사태가 터지면서 LH는 불필요한 의혹을 해소한다는 차원에서 임대차 계약을 해지하기로 했다. 당초 올해 말까지 퇴거할 예정이었는데, 퇴거 시기를 최대한 앞당기기로 한 것이다."
https://www.chosun.com/economy/real_estate/2023/07/19/KZJKKQTJX5GSVGAC23FA5RGNVY/,"지난 5월 서울 아파트 실거래가 지수가 5개월 연속 상승했다. 서울을 포함해 전국의 아파트 거래량도 전년 동기 대비 20% 이상 늘면서 부동산 시장이 회복세에 접어들고 있다는 평가가 나온다.
18일 한국부동산원에 따르면, 5월 서울 아파트 실거래가 지수는 전월 대비 1.43% 올랐다. 올해 1월(1.04%) 이후 5개월 연속 상승했지만, 상승 폭은 전월(1.59%)보다 다소 둔화했다. 실거래가지수는 월별로 실제 거래된 아파트의 가격 변동을 전수조사해 산출하는 만큼, 주간 가격 동향과 비교해 시장 상황을 정확하게 반영한다는 평가를 받는다. 거래 신고 기간(30일)과 분석에 걸리는 시간 때문에 한 달 정도 늦게 발표된다.
경기도와 인천은 각각 전월 대비 1.18%, 0.85% 올라 2월 이후 4개월 연속 상승세를 기록했다. 지방에선 부산(0.37%), 대구(0.22%), 울산(1.11%) 등 지방 5개 광역시의 실거래가 지수가 모두 상승했다. 전국 아파트 실거래가지수는 0.82% 올라 역시 4개월 연속 상승세가 이어졌다.
이 같은 회복세는 거래량 지표에서도 확인된다. 상업용 부동산 전문 기업 부동산플래닛이 국토부 실거래 자료를 분석한 결과, 5월 전국 아파트 거래량은 3만6964건으로 전월보다 10.7% 늘었고, 전년 동월과 비교해서도 22.3% 증가했다. 지난해 아파트 값이 급락했던 세종시 거래량은 작년 5월과 비교해 2배 넘게(100.4%) 늘었고, 대구(99.2%)와 서울(95.4%)의 증가폭도 컸다. 부동산플래닛 관계자는 “거래량 증가 속에 집값이 오름세를 보이는 만큼, 당분간 이런 상승세는 이어질 가능성이 크다”고 말했다."
https://www.chosun.com/economy/real_estate/2022/08/07/FB5XUMCGCNHB7ISWSVHQRWM5DA/,"땅집고 프리옥션이란 매도자가 원하는 최저입찰가격을 공개하고, 정해진 기간 안에 매수자가 입찰의향서를 제출하면 매도·매수자가 협의 매각하는 방식이다. 마감일 이전이라도 수의계약 방식으로 낙찰자를 정할 수 있고, 마감일까지 매수의향서를 받아 최종 낙찰자를 정할 수도 있다. 프리옥션 입찰은 8월 23일 오후 3시 마감한다. 총괄운영사인 BTG컨설팅 홈페이지(www.btg-korea.com)에서 매물의 상세 내역과 입찰 방법을 확인할 수 있다.
[땅집고 프리옥션 화제의 매물] ①군자역 ‘디엠빌딩’
서울 지하철 5호선과 7호선이 지나는 군자역 초역세권 건물인 ‘디엠빌딩’이 오는 23일 마감할 땅집고 프리옥션 매물로 나왔다. 건물은 광진구 중곡동에 있으며 대지면적 344㎡(약 104.2평)에 지하 1층~지상 4층 규모로 연면적은 767㎡(232.6평)다. 최저입찰가는 130억원이다. 현재 모든 층이 임대 중이다. 보증금 2억9300만원, 월 임대료 1710만원으로 연 수익률은 1.69% 정도다.군자역 일대 대로변은 일반상업지역으로 주상복합 아파트, 오피스텔 등 고층 건물이 속속 들어서고 있다. 디엠빌딩은 지상 4층에 현재 용적률은 186.87%인데, 일반상업지역이어서 최고 630%까지 허용된다. 건물을 새로 짓는다면 지상 최고 8~10층까지 가능해 메디컬 빌딩이나 상업용 빌딩 부지로 적합하다."
https://www.chosun.com/economy/real_estate/2022/05/25/H4W24WW4IZFT3BW6NGLURQWXHQ/,"[땅집고] 우리나라 부동산 시장 중심지인 서울은 대규모 택지개발을 할 수 있는 부지를 찾기 힘들다. 거의 유일한 신규 주택 공급 방안이 재건축이나 재개발 사업이다. 그런데 재건축·재개발 사업을 통한 주택 공급도 제한적이다. 대부분 신규 주택은 조합원에게 배정하고 일반 분양 물량은 아주 적기 때문이다.
이런 이유로 주택 수요자는 자연스럽게 재건축·재개발 사업 조합원이 되는 방법을 모색하고 있다. 최근엔 재개발 사업에 관심을 갖는 수요자가 늘어나고 있다. 그러나 재건축과 달리 재개발은 투자 정보가 분산돼 있고 매물 가격의 적정성을 판단하기가 어려워 매입을 고민하는 경우가 많다. 실제로 바로 옆 동일한 입지인데 매물 가격이 다른 경우가 다반사다.
그렇다면 재개발 투자에 앞서 반드시 알아야 할 체크 포인트는 어떤 게 있을까. 전문가들은 크게 3가지를 확인하라고 한다.
통상 재건축 사업 수익성을 확인하려면 대지지분과 무상지분율, 추가부담금을 살펴봐야 한다. 마찬가지로 재개발 사업에서도 개발이익 비례율, 권리가액, 사업 기간을 따져야 한다.
개발이익 비례율이란 재개발 사업 후 조합의 총 수입에서 총 사업비를 제외한 금액을 종전자산평가액(재개발 이전의 대지와 건축시설 총 평가액)으로 나눈 금액을 말한다. 즉 ‘헌 집’과 ‘새 집’에 대한 가치 비율인 셈이다.
여기에서 각 조합원 지분에 대한 재산평가액에 개발이익 비례율을 곱한 금액이 조합원 개인의 권리가액이다. 세입자나 조합원이 적어 일반 분양이 많거나 사유지 비율이 높으면 비례율이 높아진다. 보통 비례율이 높을수록 조합원에게 돌아가는 금액이 커지기 때문에 부담금이 적어진다. 다만 비례율과 조합원 분양가가 함께 높아진다면 오히려 부담금이 더 늘어나는 경우도 있다. 권리가액은 조합원이 실제로 보상받는 금액이라고 볼 수 있다. 조합원의 개발 전 재산평가액(감정평가액)에 비례율을 곱해서 계산한 금액을 말한다. 재개발 사업 핵심인 비례율과 권리가액은 수익성을 결정짓는 요소여서 매우 중요하다.
그러나 더 유념해야 할 부분은 투자 기간이다. 예를 들어 토지 오염과 비례율 변경으로 조합장을 해임한 서울 A구역과 공사비 변경으로 시공사와 조합이 갈등을 빚는 서울 B조합처럼 조합원 간 의견 충돌이 잦거나 사업 기간이 길어지면 수익성은 낮아지고 자금이 수년간 묶인다. 레버리지(대출)를 일으켜 매입한 경우 지금 같은 금리 인상기에 사업 기간이 예상보다 길어지면 이자 부담이 눈덩이처럼 커질 수 있어 주의해야 한다."
https://www.chosun.com/economy/real_estate/2024/11/19/YP3RN6U5XVE5DLORBUWYGLQIIU/,"정부의 각종 주택 정책을 실행하는 한국토지주택공사(LH)와 주택도시보증공사(HUG)가 최근 잇따라 자본금 확충에 나서고 있다. 공공 임대 등 주택 공급 확대와 전세 보증 사업을 안정적으로 운용하기 위한 것이다.
LH는 “법정자본금을 50조원에서 65조원으로 15조원 증액하는 한국토지주택공사법 개정안이 지난 14일 국회 본회의를 통과했다”고 18일 밝혔다. 현행법상 LH는 법정자본금을 초과해 정부에서 출자받을 수 없다. LH는 공공 임대주택 사업을 추진하면서 비용의 일부를 정부에서 출자받았는데, 11월 기준 LH의 납입자본금 누계가 48조7000억원으로 법정 한도에 근접한 상황이었다. 내년이면 납입자본금이 법정자본금을 넘어설 것이 확실시되면서 ‘정부의 주택 공급 사업이 제대로 추진되지 못하는 것 아니냐’는 우려가 제기됐다. LH는 “개정안이 국회를 통과함에 따라 공공 임대주택을 안정적으로 공급할 수 있게 됐고, 부채 비율이 줄어 재무 건전성에도 도움이 될 전망”이라고 밝혔다.
HUG는 자본금 확충을 위해 최대 7000억원 규모의 신종자본증권 발행을 진행하고 있다. HUG는 지난 14일 금융감독원에 증권신고서를 제출했고, 투자자 수요 예측을 거쳐 26일 채권을 발행한다는 계획이다.
HUG는 올해에만 집주인에게서 전세금을 돌려받지 못한 세입자들에게 3조3271억원을 대신 내줬다. 대규모 적자로 HUG의 자기자본은 올해 1분기 6조8000억원에서 4분기 2조6800억원 수준으로 축소될 전망이다. 문제는 자본금이 쪼그라들면서 전세 보증, 분양 보증 등 HUG가 수행하는 각종 보증 사업이 중단될 수 있다는 점이다. 이에 HUG는 회계상 자본으로 인정받는 신종자본증권을 발행해 자본금 확충에 나선 것이다."
https://www.chosun.com/economy/real_estate/2021/07/26/CKVWR2P535ENFHHUVAXNGD3LGA/,"국토교통부와 한국부동산원은 올해 2분기 전국 땅값 상승률이 1.05%로 집계됐다고 25일 밝혔다. 1분기(0.96%)보다 0.09%포인트, 작년 2분기(0.79%) 대비 0.26%포인트 오른 수치다.
수도권(1.19%)과 지방(0.8%) 모두 지난 1분기보다 땅값 상승률이 커졌다. 서울은 평균 1.34% 올랐는데 2018년 4분기(1.34%) 이후 가장 높은 상승률이다. 지방에선 세종(1.79%), 대전(1.21%), 대구(1.11%) 등이 전국 평균보다 높은 상승률을 기록했다.
올 2분기 토지(건축물 부속토지 포함) 거래량은 약 89만8000필지(617.6㎢)로 1분기(84만6000필지)보다 6.1% 늘었다. 1분기 대비 토지 거래량은 울산(27.6%), 경남(20%), 인천(19.3%), 부산(18.9%), 제주(15.9%) 등 12개 시·도에서 증가했다."
https://www.chosun.com/economy/real_estate/2024/03/17/W2A7NY36O5C2FKSVHQAL5RI3V4/,"전세 사기 여파로 임대차 수요가 월세로 몰리면서 오피스텔 월세가 9개월 연속 상승했다. 반면, 오피스텔 전세와 매매가는 하락세를 이어가고 있다.
17일 한국부동산원에 따르면, 지난 2월 전국 오피스텔 월세는 전월에 비해 0.08% 상승해 작년 6월 이후 9개월째 상승세를 이어갔다. 전국 오피스텔 월세 상승률은 작년 11월 0.04%에서 12월 0.05%, 올해 1월 0.07% 등으로 높아지고 있다.
특히 서울은 지난 2월 오피스텔 상승률이 0.20%를 기록해 전월(0.09%)의 두 배 넘는 수준으로 커졌다. 강남 3구가 포함된 동남권이 0.31%로 가장 많이 올랐고, 서남권(0.20%), 동북권(0.16%), 도심·서북권(0.10%) 순이었다. 부동산원은 “주거 편의성이 높은 역세권 위주로 임차 수요가 증가하며 월세 상승 폭이 확대됐다”고 했다.
반면, 지난달 전국 오피스텔 전셋값은 전월 대비 0.05% 내리면서 2022년 8월 이후 19개월째 하락세를 이어갔다. 서울(-0.05%)과 지방(-0.16%) 모두 전셋값이 하락했다. 다만 경기(0.02%) 지역은 수도권 광역급행철도(GTX) 개통 등의 호재에 힘입어 상승 전환했다.
매매시장도 침체를 벗어나지 못하고 있다. 지난달 전국 오피스텔 매매가격은 전월 대비 0.15% 내리면서 2022년 7월 이후 20개월 연속 하락세를 기록했다. 서울(-0.07%), 수도권(-0.13%), 지방(-0.20%) 등 모든 지역에서 매매가가 내렸다. 부동산원은 “가산금리 상승, 주택시장 위축 및 오피스텔 경매 증가 등으로 시장 불안정성이 커지면서 투자수요가 위축돼 하락 폭이 확대됐다”고 설명했다."
https://www.chosun.com/economy/real_estate/2022/06/13/Q3GAWPTFABHVFPZDT4IWSMT5OA/,"건축·스포츠·레저 박람회 부산 벡스코서
동아전람이 주최하는 ‘제6회 부산 건축 박람회’와 ‘제6회 부산 스포츠·레저 산업박람회’가 이달 16일부터 19일까지 부산 벡스코 전시장에서 개최된다. 건축 박람회에서는 건축·인테리어 관련 다양한 제품과 최신 트렌드를 확인할 수 있으며, 스포츠·레저산업 박람회에서는 등산, 캠핑, 골프 등과 관련된 다양한 최신 제품을 둘러볼 수 있다.
배방갈매지구 도시개발사업 공사 수주
영무산업개발이 충남 아산시 배방읍 갈매리에서 추진되는 배방갈매지구 도시개발사업 단지 조성 공사를 수주했다고 12일 밝혔다. 계약 금액은 680억원이다. 배방갈매지구는 58만6000㎡ 부지에 아파트 4600가구와 단독주택, 근린생활시설 등을 조성하는 프로젝트다. KTX 천안아산역과 수도권 지하철 1호선 아산역, 배방역이 가깝다.
’양평 공흥3 휴먼빌 아틀리에’ 분양
일신건영은 경기도 양평군 양평읍 공흥리에 짓는 ‘양평 공흥3 휴먼빌 아틀리에’를 이달 분양할 예정이다. 지하 1층~지상 26층, 4개 동, 전용면적 74·84㎡ 406가구 규모다. 약 1000가구 규모로 조성되는 ‘브랜뉴시티(공흥3·4지구)’의 첫 분양 아파트다. 단지 바로 옆에 롯데마트가 있고 KTX와 경의중앙선이 지나는 양평역이 1㎞쯤 떨어져 있다.
하남 ‘지웰 에스테이트 감일역’ 분양
신영건설은 경기도 하남시 감이동 440-1번지에 짓는 업무복합단지 ‘지웰 에스테이트 감일역’을 이달 분양한다. 지하 5층~지상 10층, 오피스텔 77실과 소형 오피스 91실, 근린생활시설 87실로 구성된다. 단지가 위치한 감일지구는 서울 송파구와 가까워 잠실까지 차로 15분 정도면 이동 가능하다."
https://www.chosun.com/economy/real_estate/2024/10/09/T2LMFYMXBJDOTNJZISHIWEPPFY/,"경기도 용인시 흥덕지구의 아파트촌 사이에 1만3016 ㎡(약 3937평) 규모 공터가 있다. 한국토지주택공사(LH)가 중학교 자리로 마련한 땅이다. 그러나 2010년 흥덕지구 개발이 끝난 뒤 14년째 잡초만 무성한 채 방치돼 있다. 처음 개발계획을 세울 때 추산한 것보다 학생 수가 턱없이 모자라 학교 설립이 보류됐기 때문이다. 인근 아파트에 사는 정모(43)씨는 “입주할 때부터 방치된 땅인데 쓰레기가 나뒹굴고 일부 주민이 불법 경작까지 해 보기에 안 좋다”고 말했다.
LH가 택지를 개발하면서 학교 자리로 남겨둔 땅이 저출생 여파에 애물단지로 전락하고 있다. 처음엔 관할 교육청에서 학교가 필요하다고 요구해 땅을 확보했지만, 막상 개발이 끝나고 입주민이 들어와도 학교를 새로 지을 만큼 학생 수가 많지 않아 공터로 방치되고 있는 것이다.
8일 박용갑 더불어민주당 의원이 LH에서 받은 자료에 따르면, 올해 8월 말 기준 전국의 준공 후 미매각 학교 용지는 52필지, 65만9700㎡(약 19만9600평)로 집계됐다. 축구장(7100㎡ 기준) 92개 넓이에 달한다. 택지 개발이 집중된 경기도가 16필지, 20만1000㎡(약 6만802평)로 가장 많았다. 이어 대구·경북 12만8000㎡(9필지), 경남 11만6000㎡(10필지), 부산·울산 6만8000㎡(5필지) 순이었다.
10년 이상 장기간 방치된 학교 용지도 34만2300㎡(28필지)로 전체의 절반이 넘었다. 전남 여수시 여천돌산지구 1만1117㎡(약 3363평) 규모 초등학교 용지는 25년 10개월째 허허벌판 상태다. 경북 경산시 경산임당지구 1만2640㎡(약 3824평) 규모의 중학교 용지도 25년 8개월째 용도를 찾지 못하고 있다.
현행법상 300가구 이상 개발 사업을 하려면 시·도 교육청과 협의해 적정한 학교 용지를 확보해야 한다. 주택 개발 후 늘어나는 학생을 수용하기 위해서다. 그러나 저출생 여파로 학령인구가 급격히 줄면서 학생 수요가 개발계획 때 예측한 수요에 못 미치는 경우가 다반사다. 지난해 전국 초·중·고 학생 수는 520만9000명으로 10년 전(648만1500명)보다 127만명 넘게 줄었다.
학교 용지가 장기간 방치돼도 LH는 별 다른 조치를 취하지 못하고 있다. 학교를 짓기로 한 땅은 교육청이 포기하지 않는 한 용도를 바꿀 수 없고, 따로 매각도 안 된다. 택지 지구 내 ‘알짜 땅’을 장기간 놀리는 것이 불합리하다는 지적에도 교육청은 주민 반발과 향후 학생이 늘어날 수도 있다며 쉽게 포기 의사를 밝히지 못한다. 실제로 지난 2014년 경기도교육청이 용인 구성지구 초등학교 용지 매수를 포기하자 학부모들이 등교 거부 등 거세게 반발해 결국 학교 용지로 되돌렸다.
저출생 고착화로 방치되는 학교 용지가 더 늘어날 수 있어 정확한 수요예측과 제도 개선이 필요하다는 지적이 나온다. LH 토지주택연구원은 관련 연구에서 “준공 후 일정 기간이 지나면 학교 용지에 주민 편의 시설을 조성하는 방안을 고려할 만하다”라고 했다."
https://www.chosun.com/economy/real_estate/2022/12/22/WVRMMTIPZVHA3NMZYW6C4BJTNM/,21일 서울 강남구 삼성동 무역센터의 전광판에 ‘취업 성공’ ‘건강하고 행복하기’ 같은 시민들의 새해 소망으로 꾸민 미디어 아트 작품이 전시되고 있다. CJ CGV와 서울문화재단 등은 오는 25일까지 무역센터 일대에서 ‘2022 서울미디어아트위크’를 열고 57개 실내·외 전광판에 미디어 아트 작품을 전시한다.
https://www.chosun.com/economy/real_estate/2023/11/06/MHVOEYVYDRB7HNXBYFRV5KFR3Q/,"재건축 규제 완화와 특례보금자리론에 힘입어 청년층의 매수세가 강했던 서울 노원구 재건축 단지의 실거래가가 최근 하락하고 있다. 수억원대 재건축 분담금이 예상되는 데다, 지난달 특례보금자리론 일반형 판매가 중단되면서 매매 수요가 둔화되고 있기 때문이다.
5일 국토교통부 실거래가 시스템에 따르면, 상계주공 6단지 전용 58㎡는 지난달 6일 6억2700만원에 거래됐다. 8월 말에는 7억원까지 실거래가가 올랐는데, 한 달여 만에 7000만원 넘게 내린 것이다. 상계주공 7단지 전용 59㎡도 지난달 6억3500만원에 팔려 8월 초(6억9500만원)와 비교해 6000만원 하락했다. 상계주공 2단지 전용 32㎡와 상계주공 11단지 전용 41㎡ 등 소형 평형은 9월에는 4억원대에 거래됐으나 지난달에는 3억8000만~3억9500만원으로 내렸다.
노원구는 재건축 연한인 준공 30년이 지난 아파트가 55개 단지, 7만4000여 가구로 서울 25구 중에 가장 많다. 올해 초 재건축 규제 완화에 따라 안전 진단을 추진 중이거나 완료한 단지만 43곳에 달한다. 특례보금자리론이 적용되는 9억원 이하 아파트 비율도 높아 20·30세대 젊은 층의 매수가 활발했다.
그러나 정부가 지난 9월 말부터 6억~9억원 이하 아파트를 대상으로 하는 특례보금자리론 일반형 대출을 중단하자 이 구간 아파트가 밀집한 노원구의 주택 거래가 위축되고 있다. 노원구의 한 공인중개업소 대표는 “특례보금자리론이 중단되면서 지난달부터 신혼부부들의 문의가 뚝 끊겼다’고 했다.
노원구 일대 재건축의 조합원 분담금이 수억원에 달할 것이란 관측도 투자 심리를 끌어내리고 있다. 상계주공 5단지 조합은 조합원이 전용 59㎡를 분양받으려면 3억~4억원을 내야 하고, 전용 84㎡를 받으려면 5억원가량을 내야 할 것으로 추산했다. 이 단지의 최근 실거래가가 5억500만원인데, 전용 84㎡에 들어가려면 집값 수준의 분담금을 내야 하는 것이다. 이는 해당 단지가 전용 37㎡ 단일 평형으로 가구당 대지 지분이 작고 일반분양 수가 많지 않은 데다, 공사비와 금리 상승으로 사업성이 좋지 않기 때문이다. 노원구의 다른 재건축 단지도 상계주공 5단지처럼 소형 평형으로 구성된 단지가 많다.
김효선 NH농협은행 수석연구위원은 “노원구는 재건축이 몰린 중저가 단지여서 실수요자들의 관심이 높지만 가격 등락폭이 큰 지역”이라며 “사업 추진 여건이 우호적이지 않아 재건축을 빠르게 진행하기는 어렵다”고 했다."
https://www.chosun.com/economy/real_estate/2025/02/12/QDCPSY7I6VBLDOHZ46VONLPVZA/,"국토교통부는 전월세 신고를 단순히 늦게 한 경우 부과하는 과태료 상한을 최대 100만원에서 30만원으로 낮추는 내용의 ‘부동산 거래 신고 등에 관한 법률 시행령’ 개정안을 입법예고한다고 11일 밝혔다.
‘임대차 3법’ 중 하나로 문재인 정부 때 도입된 전월세 신고제는 보증금이 6000만원을 넘거나 월세가 30만원을 초과하는 경우 계약일로부터 30일 이내에 임대인과 임차인이 계약 내용을 지방자치단체에 신고하도록 의무화한 제도다. 기한 내 신고하지 않거나 허위 신고를 할 경우 계약 금액과 신고 지연 기간에 따라 4만~100만원의 과태료를 부과한다. 제도는 2021년 6월부터 시행됐으나, 대국민 홍보가 필요한 점을 고려해 과태료 부과는 유예하고 있다.
정부는 올해 5월 말 계도 기간 종료를 앞두고 단순히 신고를 늦게 한 경우에도 거짓 신고와 동일한 과태료를 부과하는 것은 과도하다는 지적에 과태료 인하에 나섰다. 이에 따라 앞으로 단순 지연의 경우에는 계약 금액과 지연 기간에 따라 2만~30만원의 과태료가 부과된다. 거짓 신고에 대해서는 현행 기준을 유지한다. 전월세 신고제 계도 기간 종료 또는 연장 여부는 추후 결정할 계획이다."
https://www.chosun.com/economy/real_estate/2021/04/02/L46TBX7QCZCVFOT6BF4MODJ6YU/,"더불어민주당 진성준 의원이 문재인 정부의 부동산 정책과 관련, 2일 “정부의 부동산 정책이 큰 방향과 원칙에서 잘못됐다고 생각하지 않는다”고 말했다.
진 의원은 이날 오전 CBS라디오 ‘김현정의 뉴스쇼’에 출연해 “방향과 원칙은 맞았는데 부족했다고 보는 것이다”며 이같이 말했다. 진 의원은 부동산 정책을 주도하는 국회 국토교통위원회 소속으로 청와대 정무기획비서관을 지냈으며, 같은 당 박영선 서울시장 후보 선거캠프의 전략기획위원장을 맡고 있다.
진 의원은 “부동산 정책 곳곳에 투기 세력이 파고들 수 있는 구멍들이 있었다. 그 구멍들 때문에 결과적으로 이런 상황이 온 것”이라며 “앞으로는 근본적이고 본질적인 처방들을 해나가고 그런 점에 있어서 주저하지 않겠다고 하는 결심을 거듭 표명해야 한다”고 했다.
최근 민주당은 4·7 서울, 부산 보궐선거를 앞두고 이낙연 상임 선거대책위원장에 이어 김태년 원내대표까지 나서 민심 수습 차원에서 부동산 문제에 대해 연일 대국민 사과를 하고 있는 상황이다. 그러나 청와대는 부동산 가격 폭등에 대해 “한국적 현상만은 아니다”라며 정책 실패론을 부인하고 있다.
이호승 청와대 신임 정책실장이 전날 취임 후 첫 브리핑에서 “부동산 정책에 대해 국민들이 실망하시고 어려운 점도 있다는 걸 잘 알고 있다”면서도 “전 세계적으로 많은 유동성이 풀리고 자산 가격이 실물과 괴리되면서 나타나는 현상”이라고 했다. 이 실장은 “현 정부의 부동산 정책 실패를 인정하지 않는다는 것이냐”는 취재진 질문에 수초간 한숨을 쉰 뒤 “성공이다, 실패다라고 말하기엔 매우 복합적인 문제”라고 했다.
진 의원은 “세계적인 추세가 그런 것임은 부인할 수 없는 사실”이라며 “(규제) 기조를 유지하고 더 강화해야 하고 한편으로는 주택공급 정책을 더 과감하게 해나가야 한다. 그래서 2·4 부동산 공급대책이 흔들려서는 안된다고 생각한다”고 말했다.
진 의원은 지난해 7월 MBC 100분 토론에 출연해 정부 부동산 대책에 대해 토론을 마친 뒤 “그렇게 해도 (집값) 안 떨어질 겁니다. 부동산 이게 어제 오늘 일입니까”라고 말하는 부분이 그대로 방송에 나가면서 논란이 일었다. 지난해 12월에도 현 정부의 부동산 정책이 실패하고 있다는 비판에 대해 “정책 실패라기보다는 오히려 시장의 실패”라고 반박했었다.
진 의원은 보궐선거 현장 유세 분위기를 묻는 진행자의 질문에는 “점점 박영선 후보에 대한 관심이 살아나고 있다고 느낀다”며 “당장 공직자들의 부동산 투기의혹에 분노해서 묻지 마 투표를 하게 된다면 서울시의 미래와 운명이 어떻게 될 것인가 하는 걱정이 있다”고 했다."
https://www.chosun.com/economy/real_estate/2023/03/28/WLTBNM762RDJZJYOT6BLHXJCQY/,"상업용 부동산 거래 플랫폼 ‘땅집고옥션’이 국내에서 가장 주목받는 상권인 서울 성동구 성수동 일대 알짜 빌딩을 모아 ‘성수 컬렉션 with 알스퀘어’ 옥션을 진행한다. 이번 옥션에는 빌딩중개업계 선두 회사 중 하나인 ‘알스퀘어 부동산중개법인’이 선별한 성수동 일대 근생빌딩(꼬마빌딩)·공장 등 7건, 약 2600억원 규모 매물이 나온다. 매도 희망가격 기준 95억~620억원대 매물이다.
매물 중에는 성수동1가 지하철 2호선 뚝섬역과 수인분당선 서울숲역 인근 공장이 눈에 띈다. 준공업지역으로 대지 332㎡(100평), 연면적 437㎡(132평)로 지하1층~지상 3층 규모다. 2014년 리모델링했다. 세입자가 영업 중이어서 임대 수익이 발생한다. 매도희망가격은 160억원이다.
옛 이마트 성수 본사에서 가까운 성수동 2가 광림빌딩도 매물로 나왔다. 매도 희망가는 620억원이다. 건물 2개동이 나란히 붙은 대명빌딩 A·B동도 매물로 나왔다. 매도 희망가는 각각 217억원, 226억원이다. 성수동2가 7층 사옥(420억원), 근생빌딩(95억원) 등도 옥션에 선보인다. 땅집고옥션 주관사인 비티지컨설팅 정을용 대표는 “작년까지만해도 성수동은 매물도 적고 매도자가 가격 협상권을 쥐고 있었다”면서 “올 들어 가격 협상 여지가 있는 매물이 나오는만큼 좋은 매수 타이밍이 될 수 있다”고 했다.
현장 설명회는 오는 31일 오후 1시 서울 중구 세종대로21길 22, 태성빌딩 2층 땅집고 아카데미 교육장에서 열린다. 설명회 참석자에게만 매물의 지번·규모·임대차 상황 등 상세 정보를 공개한다. 성수 컬렉션 매물 최종 가격은 매도자와 매수자 협상을 통해 결정한다. 설명회 참가 인원은 선착순 20명 안팎이다. 참가신청은 땅집고옥션 홈페이지에서 하면 된다."
https://www.chosun.com/economy/real_estate/2023/09/11/IVWIQVQX4BG3XDNXDEVKW5HOBM/,"지난 6월 현대건설이 사우디아라비아에서 6조원 규모 초대형 플랜트를 수주한 데 힘입어 올해 들어 현재까지 국내 건설사들의 해외 수주액이 2015년 이후 최대를 기록한 것으로 나타났다.
10일 해외건설협회 집계에 따르면, 올해 들어 8월까지 해외 건설 누적 수주액은 219억3200만달러(약 29조3230억원)로 전년 동기(183억달러) 대비 20% 늘었다. 2015년 1~8월 누적 수주액(330억3000만달러) 이후 최대치로, 200억달러를 넘은 것도 5년 만이다.
올해 해외 수주가 급증한 것은 지난 6월 현대건설이 사우디 국영 석유 기업인 아람코에서 수주한 50억달러(약 6조7000억원) 규모 석유화학 플랜트 ‘아미랄 프로젝트’의 영향이 컸다. 이 프로젝트는 국내 기업이 지금까지 사우디에서 수주한 사업 중 최대 규모다.
우리 기업들의 해외 건설 수주는 2010년 716억달러에 달했지만 중국 등과의 수주 경쟁이 심해지면서 수익성이 악화돼 줄어드는 추세다. 건설사들이 국내 주택에 집중한 2019년에는 223억달러에 그쳤다. 2020년부터 작년까지는 300억달러 초·중반대를 기록했으나, 정부는 해외 수주 지원을 통해 올해 350억달러를 달성하겠다는 목표를 세웠다."
https://www.chosun.com/economy/real_estate/2023/05/09/IJFW6KHIRJATNK35KYBI2AAUIQ/,"상업용 부동산 거래 플랫폼인 ‘땅집고옥션’ 5월 정기 옥션에 리조트·펜션·박물관 등 휴식을 테마로 하는 알짜 매물이 대거 선보인다. 충남 태안군의 건축상 받은 리조트, 경기 가평의 북한강변 풀빌라·카페, 제주 서귀포시 박물관 등 총 11건, 매도희망가격 기준 1765억원어치가 나온다.
땅집고옥션 주관사인 BTG컨설팅 정을용 대표는 “5월 정기옥션에는 코로나 엔데믹과 함께 최근 관심이 크게 높아지고 있는 휴양용 부동산을 선별했다”면서 “매도희망가격이 주변 시세와 비교해 경쟁력있는 수준이어서 리조트나 카페에 관심이 있는 기업과 투자자에게 좋은 기회가 될 것”이라고 했다. 땅집고 옥션은 매도자가 매도희망가격을, 매수자는 이를 참고로 매수희망가격을 각각 제시하면, 매도·매수자가 협의를 통해 최종 낙찰가격을 정한다.
5월 정기옥션 매물 설명회는 오는 24일 오후 2시 서울 중구 태성빌딩 2층 땅집고 아카데미 교육장에서 열린다. 참가비는 없다. 매도자가 정보 공개를 원하지 않는 매물이 많아 설명회 당일 참석자에게만 매물의 구체적인 지번, 규모, 매도희망가격, 임대차 상황 등 상세한 정보를 공개한다.
이번 옥션 매물 중에는 충남 태안군 남면 신온리 리조트가 눈에 띈다. 국내 최고 권위의 건축상인 ‘한국건축문화대상’에서 2012년 펜션 최초로 국무총리상을 받았다. 종이를 접은 듯 독특한 외관으로, 선(線)의 미학을 보여준다는 평가를 받는다. ‘그 겨울 바람이 분다’ 등 드라마와 영화 촬영지로 유명하다. 대지면적 3300㎡, 지상 3층 6개 동에 객실은 21개다. SNS(소셜미디어) 명소여서 비수기에도 빈 방이 거의 없다. 매도희망가격은 97억5000만원이다.
경기 가평군 설악면 북한강변 호텔과 카페도 관심을 끈다. 호텔은 연 매출 35억원이 넘는다. 풀빌라 호텔은 지은 지 2년 안된 신축이며, 카페는 이달 준공 예정이다. 대지면적은 호텔 600평, 카페·선착장 410평으로 총 1010평이다. 객실 27개로 매수 후 현재 운영자에게 운영을 맡길 수도 있다. 매도희망가격은 280억원이다.
역시 북한강변에 붙은 경기 설악면 미사리 리조트(펜션)도 주목된다. 대지면적 2588평, 연면적 1255평으로 객실은 65개다. 관광호텔로 허가받았고 매도희망가격은 185억원이다.
매각 설명회 신청은 선착순 30명만 받으며 오는 19일까지 접수하면 된다. 설명회 이후 매물 담당 중개사(중개법인)와 개별 약속을 잡아 현장 답사를 진행한다. 참가 신청은 전화 또는 땅집고 옥션 홈페이지로 하면 된다."
https://www.chosun.com/economy/real_estate/2023/08/21/5CNRB7E3LZFBJPUXT23I4GEQFE/,"“2017년 이후 6년간 배출한 수강생만 1500명이 넘습니다. 대부분 실제 건축을 준비하는 예비 건축주들인데 수강 후 실제 건축에 나선 수강생이 적지 않습니다.”
국내 최고 실전형 건축 강의인 ‘땅집고 건축주대학’이 오는 22일 개강을 앞두고 29기 수강생을 모집한다. 이번 과정에서는 건축비 상승과 고금리를 이겨내는 수익형 건축 노하우를 집중적으로 제시할 예정이다.
땅집고 건축주대학은 꼬마빌딩, 상가주택 등 수익형 건축을 준비 중인 예비 건축주가 대상이다. 단순한 집짓기 기초 교육이나 건축 인문학 강의가 아니라 ‘돈 버는 건축’ 노하우에 초점을 맞추고 있다. 평생 한 두번하는 건축에 나서기 전 건축주가 반드시 알아야 할 설계 노하우, 건축비 산정 방법, 시공 견적서 보는 법, 임대차 전략, 건축과 관련한 상속·증여 노하우 등을 집중적으로 다룬다.
최한희 땅집고아카데미 운영사무국장은 “건축사사무소 소장, 시공사 대표, 변호사, 세무사 등 건축 현장에서 활동하고 있는 국내 최고 전문가들이 강사로 나선다”면서 “수강 후 실제 건축할 때 건축가나 시공사 측과 실무적 대화를 통해 건축주 의견을 설계·시공사에 명확하게 전달할 수 있도록 하는 것이 강의 목표”라고 했다.
29기 과정은 케이스 스터디 중심으로 총 12회 강의를 진행한다. 건축 현장을 직접 찾아가 배우는 현장 스터디도 2회 포함돼 있다. 서울 강남과 성수동, 서대문구 연희·연남동 일대 건물 150여채를 신축·리모델링한 베테랑 건축가 김종석 에이티쿠움파트너스 대표가 ‘건축 기획, 왜 중요한가? 성공적인 건축의 시작’을 주제로 강의하고, 단독주택과 상업용 건물 모두 풍부한 설계 노하우를 가진 현상일 구도건축 소장은 신축 빌딩 설계 차별화 전략을 소개한다.
한국건축문화대상 신진건축사 우수상을 받은 임승모 SML 소장은 ‘신축인가, 리모델링인가’를 주제로 효과적인 건축 방향을 제시한다. 정동근 변호사는 건축 소송·부동산 분쟁 예방 포인트를, 방범권 세무사는 건축을 활용한 상속·증여·양도 세무 전략을 각각 알려준다.
이번 29기 과정에선 특별 이벤트로 ‘LX하우시스 지인스퀘어 강남’ 전시장 투어를 진행한다. 국내 1위 창호업체이면서 건자재 회사인 LX하우시스가 직접 운영하는 대형 인테리어 자재 전시장이다. 창호·유리·벽지·마루·인조대리석 등 다양한 건축 자재를 둘러보면서 재료별 특성과 나에게 맞는 재료를 고르는 법도 알려준다.
수강료는 190만원이다. 부부 등 가족이 함께 등록하면 할인한다. 수강 신청은 땅집고M 홈페이지(▶바로가기)에서 하면 된다."
https://www.chosun.com/economy/real_estate/2022/02/07/454CA3EUR5DKHFWAX527JVMKGA/,"㈜한라가 경남 김해시 내덕지구 도시개발사업지구 46블록에 건설하는 ‘김해 장유역 한라비발디 센트로’가 1순위 청약에서 평균 18.3대 1의 경쟁률을 기록하며 모든 평형이 마감됐다.
7일 한국부동산원 청약홈에 따르면 지난 4일 진행된 이 아파트 1순위 청약에는 총 266가구(특별공급 제외) 모집에 4855명이 몰렸다. 전용면적 84㎡A타입은 108가구에 3041명이 청약해 경쟁률 28.2대1을 기록했다. 당첨자는 오는 14일 발표되며 25일부터 28일까지 4일간 계약을 진행한다. 입주는 2024년 7월부터 시작될 예정이다.
김해 장유역 한라비발디 센트로는 지하 2층~지상 최고 29층, 총 442가구 규모로 조성된다. 단지 전체를 순환하는 산책로가 만들어지고 올해 개통 예정인 ‘부산~마산 복선전철’ 장유역을 걸어서 이용할 수 있다."
https://www.chosun.com/economy/real_estate/2021/06/11/F635KYNYRZHRNBRAQ7YE6XFE6M/,"경기도 화성시 동탄신도시에 공급되는 오피스텔이 한 달 먼저 분양한 같은 단지 아파트보다 두 배 비싼 분양가에 나왔다. 오피스텔은 통상 아파트보다 환금성이 떨어지고 관리비·취득세도 많이 들어 인기가 떨어지는데 분양가가 정반대로 책정됐다. 부동산 전문가들은 “정부의 분양가 규제가 낳은 시장 왜곡 현상”이라고 평가했다.
11일 한국부동산원 청약홈에 따르면, 오는 16일 청약을 접수하는 ‘동탄역 디에트르 퍼스티지’ 오피스텔 전용면적 84㎡는 최고 분양가가 9억1660만원으로 책정됐다. 지난달 청약을 마감한 같은 단지 아파트 전용 84㎡ 분양가는 4억4034만~4억8867만원이었다. 아파트는 분양가 상한제를 적용받아 주변 시세의 반값도 안 됐는데, 같은 입지에 설계나 내장재 등에서 나을 게 없는 오피스텔은 분양가 규제를 받지 않아 시세를 그대로 반영한 것이다.
SRT 동탄역에서 가까운 이 단지는 아파트 531가구와 오피스텔 323실이 함께 들어선다. 아파트는 주변 시세보다 최고 9억원가량 낮아 청약에 24만명 넘게 몰리며 역대 최고 경쟁률(809대1)을 기록했다. 아파트 청약에서 떨어져 오피스텔 공급을 기다리던 수요자 사이에선 “아파트 당첨자보다 5억원이나 비싸게 오피스텔을 사는 게 말이 되느냐”는 불만이 터져나왔다.
작년 7월 민간 택지에서도 분양가 상한제가 본격적으로 시행되면서 수도권 곳곳에서 아파트와 오피스텔의 가격 역전 현상이 나타나고 있다. 올해 1월 경기도 성남에서 분양한 ‘판교밸리자이’ 오피스텔은 전용면적 84㎡ 기준 분양가가 10억7300만원으로, 앞서 분양한 아파트(8억5600만원)보다 2억원가량 높았다. 작년 말 청약을 받은 서울 도봉구 도봉동 ‘힐스테이트 도봉역 웰가’ 오피스텔 역시 전용 59㎡ 분양가가 5억5000만~6억원대로 주변 아파트 시세보다 비쌌다.
심교언 건국대 교수는 “극심한 청약 광풍 속에 정부의 분양가 통제가 서민의 내 집 장만에 도움이 되기보다 소수의 현금 부자만 ‘로또 아파트’에 당첨되는 결과를 낳고 있다”고 말했다.
올해 1월 분양한 경기도 성남 ‘판교밸리자이’ 오피스텔은 전용면적 84㎡ 분양가가 10억원이 넘어 “지나치게 비싸다”는 불만이 나왔다. 그런데도 282실 모집에 6만5503명이 몰리며 평균 232대1의 경쟁률로 마감됐다. 부동산 전문가들은 “이번 정부 들어 집값이 계속 치솟고 아파트 청약 당첨이 ‘바늘구멍’ 통과하기가 되자 비슷한 면적의 오피스텔이라도 사는 게 낫다는 수요가 몰린 결과”라고 해석했다.
◇아파트 분양가 통제의 역설
아파트와 오피스텔의 분양가 역전은 정부의 인위적인 가격 통제가 초래한 결과다. 아파트 분양가가 주변 시세에 비해 턱없이 낮게 책정되면서 건설업계는 오피스텔로 몰리는 절박한 실수요를 활용해 이익을 내고 있다. 한 시행사 관계자는 “아파트 분양가를 통제하니 오피스텔이나 도시형 생활주택 같은 대체 상품으로 이익을 보전할 수밖에 없다”고 말했다. 한 분양 대행사 대표는 “예전엔 미분양이 두려워 오피스텔 분양가를 높게 책정하지 못했지만 최근엔 ‘비싸게 내놔도 팔린다’는 인식이 퍼졌다”고 말했다.
정부의 분양가 규제가 서울 도심에 원활한 주택 공급을 방해하고 있다는 지적도 나온다. 분양가를 둘러싼 시행사·조합원들과 행정기관 간 갈등이 장기화돼 신규 분양이 지체되는 일이 빈번한 것이다. 서울 중구 ‘힐스테이트세운센트럴’은 작년 8월 상한제 적용을 받지 않는 도시형 생활주택 487가구를 먼저 분양한 후, 아파트 535가구는 아직 분양 일정도 잡지 못하고 있다. 시행사는 지자체가 정한 분양가를 받아들일 수 없다는 입장이다. 1만2000가구가 넘는 서울 최대 재건축 사업장인 강동구 ‘둔촌주공아파트’도 2017년 이주 후 4년이 지나도록 분양가 합의가 안 돼 공급이 지연되고 있다.
◇청약 광풍 속 현금 부자에게만 기회
민간택지 분양가 상한제는 무주택자의 내 집 마련 부담을 덜고, 인근 지역 집값까지 낮추겠다는 목적으로 작년 하반기 부활했다. 하지만 정부의 인위적인 규제로 분양가가 주변 시세보다 수억원 낮게 책정되다 보니 전국적으로 ‘청약 광풍’이 불었고, 아파트와 오피스텔 간 가격 역전 현상이 나타나는 부작용도 속출했다.
서울 강남권처럼 아파트값이 비싼 곳에선 청약을 통해 현금 부자만 이득을 본다는 지적도 나온다. 이달 17일 청약을 받는 서초구 반포동 ‘래미안 원베일리’ 분양가는 9억500만~17억2000만원이다. 가장 작은 평형도 9억원을 넘어 중도금 대출이 되지 않고, 입주할 때 시세가 ‘대출 금지 기준’인 15억원을 넘을 가능성이 커 잔금 대출도 불가능할 전망이다. ’10억원짜리 로또'로 불리지만, 대출 없이 돈을 마련할 수 있는 현금 부자만 기회를 잡을 수 있는 셈이다.
대한부동산학회장인 서진형 경인여대 교수는 “분양가 상한제 도입 이후 일부 아파트 분양가는 낮아진 반면 주택 공급이 줄어드는 부작용이 나타났다”며 “현실적인 분양가를 책정하면서 채권입찰제 등을 통해 시세 차익 일부를 회수해 주거복지에 쓰는 방안을 검토할 필요가 있다”고 말했다."
https://www.chosun.com/economy/real_estate/2025/06/02/YHHUNCWLN5FMDFEQNLXCTWHWMM/,"탄핵 사태 등 정치적 불확실성 등으로 소강 상태를 보이던 분양 시장이 대선 이후 활기를 찾을지 주목된다. 분양 일정을 미루던 단지들이 이달 수도권을 중심으로 대거 공급된다.
2일 부동산 플랫폼 직방에 따르면, 이달 전국 아파트 분양 예정 물량은 2만6407가구로 전년 동월(1만8969가구) 대비 39.2% 증가한 것으로 나타났다. 수도권 1만3865가구, 비수도권 1만2542가구다. 일반 분양 물량은 2만1550가구로 집계됐다.
수도권은 경기도 1만295가구, 인천 1705가구가 공급된다. 서울은 1865가구 규모의 송파구 ‘잠실르엘’ 한 곳만 분양을 앞두고 있다. 비수도권은 부산 4552가구, 충북 2098가구, 대구 1419가구, 경남 1276가구, 충남 1238가구, 강원 987가구, 대전 509가구, 경북 463가구가 분양된다. 직방 관계자는 “7월부터 시행되는 3단계 스트레스 DSR(총부채원리금상환비율) 규제가 6월 분양 단지에는 적용되지 않기 때문에 규제 시행 전 수요자들의 선별적 관심이 이어질 수 있다”고 했다. 다만 “중도금 등 집단 대출은 대부분 분양 시점에 금리가 확정돼 있고, 실제 대출 금리에 금리 인하 효과가 반영되기까지는 시차가 있어 체감은 제한적일 것”이라고 지적했다.
한편 5월 전국 아파트 분양은 1만2402가구로 집계됐다. 평균 청약 경쟁률도 14.8대1로 4월 평균(4대 1)보다 높아졌다. 경기 화성시 ‘동탄포레파크자연앤푸르지오’ 민영주택 공급분이 75.13대1, 서울 구로구 ‘고척푸르지오힐스테이트’가 13.52대1을 기록하는 등 수도권 주요 단지에서 두 자릿수 청약 경쟁률을 기록했다."
https://www.chosun.com/economy/real_estate/2022/08/23/7KPUUVFNYBANJHSNY6OEKNM4PE/,"땅집고와 신성금고는 국내 첫 민간 프리미엄 대여금고인 ‘볼트 1932′ 압구정점 규모를 두 배 이상 넓히고 시설도 업그레이드해 다음달 1일 리오프닝 예정이다. 볼트1932 압구정점에는 4개 종류, 총 1600여개 금고가 있다. 가장 작은 것(너비 30㎝ X 길이 55㎝ X 높이 12.7㎝)은 은행 대여금고 2배쯤 되며 최대 10배 크기다. 기업 고객을 위한 작은 창고 규모 금고실(수장고)도 13실 있다. 이용료는 금고 크기에 따라 월 10만~50만원이며 보증금(1개월 이용료) 별도다.
볼트1932는 평일 오전 10시~오후 7시까지 운영하고 매월 첫째주 토요일에도 금고 이용이 가능하다. 사전 예약하면 운영 시간 외에도 이용할 수 있다. 1670-1932"
https://www.chosun.com/economy/real_estate/2022/08/12/MYMUCBV3HJHGTA7VILESCHNB3Y/,"대한민국 부동산 트렌드쇼는 참관객이 전문가와 마주 앉아 심도 있는 재테크 상담을 받을 수 있는 자리를 마련했다. 8월 19일~20일 이틀간 오전 10시부터 오후 6시까지 부동산 자산 관리, 세무, 경매 분야 전문가들이 일대일 무료 컨설팅을 진행한다.
홈페이지를 통해 사전 응모한 참가자 중 추첨을 통해 선정된 108명이 대상이다. 행사장 안에 마련된 컨설팅 부스에서 신한은행, KB국민은행, 우리은행, KEB하나은행 등 4대 은행의 전문 컨설턴트와 법원 경매 전문업체 지지옥션의 전문가 총 17명이 상담을 진행한다.
참관객들은 전문가에게 취득세·보유세·양도소득세 등 부동산 관련 세금이나 상속 및 증여 관련 절세 상담을 받을 수 있다. 또 보유 자산과 향후 자산 관리 계획을 토대로 ‘나만의 맞춤 재테크 포트폴리오’를 만들거나, 부동산 맞춤형 투자 전략과 가이드를 상의할 수 있다. 부동산 경매 상담에선 물건 분석과 경매 절차에서 발생할 수 있는 문제 등에 대한 조언을 들을 수 있다."
https://www.chosun.com/economy/real_estate/2021/06/30/NEHI4KWOGRANDOYG4AXWOFBMFA/,"서울 한강변 최고가 아파트 중 한곳인 서초구 반포동 ‘아크로리버파크’ 전용면적 84㎡(공급면적 34평형)가 역대 최고가인 39억8000만원에 팔렸다. 이른바 ‘국민평형(전용 84㎡)’ 아파트의 매매가격이 40억원 돌파를 앞두게 된 것이다.
30일 국토교통부 실거래가 공개시스템에 따르면, ‘아크로리버파크’ 84㎡가 이달 19일 39억8000만원(10층)에 거래됐다. 지난 4월 기록한 종전 최고가(38억5000만원)에 비해 두 달 만에 1억3000만원이 오른 것이다.
평당 금액으로 환산하면 1억1706만원이다. 이 아파트는 지난해 처음으로 평당 1억원을 돌파했다.
부동산 업계는 최근 오세훈 서울시장 당선 이후 재건축 규제완화 기대감에 주요 재건축 단지들이 급등하자 주변 신축단지들로 수요가 옮겨가는 것으로 해석하고 있다. 잠원동 ‘래미안신반포팰리스' 전용 84㎡도 이달 19일 직전 최고가보다 7000만원 오른 28억7000만원에 거래됐다."
https://www.chosun.com/economy/real_estate/2022/04/19/HFHCQ4VTEFHZROH6XZKVCNXXQE/,"3000명이 넘는 예비 건축주들이 수강한 ‘땅집고 아카데미’가 국내 최고의 벽돌 제조회사인 ㈜삼한C1와 함께 서울 성동구 성수동에서 현장 투어 행사를 진행한다. 땅집고 아카데미 수강생들이 삼한C1가 생산한 벽돌로 지은 건축물을 직접 둘러보면서 전문가로부터 건축 노하우를 배우는 행사다. 삼한C1이 만든 벽돌로 지은 성수동 블루보틀, 헤이그라운드, 오르에르 등을 방문한다.
국내 최대 규모의 실무형 건축 강의인 땅집고 아카데미는 건축·투자 프로그램에 참여할 기업을 모집한다. 땅집고에는 빌딩 건축·매입을 준비 중인 예비 건축주·건물주 등이 활발하게 활동하고 있다. 목재·창호·타일·가구·인테리어·명품회사·금융회사 등 건자재·건축 관련 기업 등이 신청하면, 땅집고와 함께 공동 교육 프로그램을 개발하거나 후원사로 참여할 수 있다. 문의전화 (02)6949-6190."
https://www.chosun.com/economy/real_estate/2025/03/11/PZVUUYANFRAWPI63GNH6JKSCUE/,"최근 10년간 서울 아파트 평균 매매가를 면적별로 분석한 결과 중대형이 가장 많이 오른 것으로 나타났다.
11일 부동산 정보 플랫폼 다방에 따르면, 중대형으로 분류되는 전용면적 85㎡ 초과~102㎡ 이하 서울 아파트의 평균 매매가는 2014년 6억2424만원에서 2024년 18억8701만원으로 202%(12억6277만원) 상승해 가장 높은 상승률을 기록했다.
전용 60㎡ 초과~85㎡ 이하 중소형 면적이 4억4847만원에서 12억4038만원으로 177% 뛰면서 뒤를 이었다. 이어 소형(전용 60㎡ 이하)이 2억9869만원에서 7억9634만원으로 167%, 대형(전용 102㎡ 초과~135㎡ 이하)이 6억8534만원에서 18억2246만원으로 166%, 초대형(전용 135㎡ 초과)이 13억938만원에서 32억4866만원으로 148% 오른 것으로 나타났다.
가장 상승률이 높은 중대형 아파트의 경우, 강남 3구 지역의 평균 매매가는 2014년 8억3411만원에서 지난해 25억133만원으로 200% 상승한 반면 그 외 지역은 5억2552만원에서 14억6370만원으로 179% 오르는 데 그쳤다.
이런 상승률 차이로 강남 3구와 그 외 지역의 평균 매매가 차이는 2014년 3억859만원에서 지난해 10억3763만원으로 벌어졌다."
https://www.chosun.com/economy/real_estate/2023/02/26/VAEV6XKXEZCBJIDUEL3ECYG2KI/,"[땅집고] 서울 청량리역 일대에서 분양가보다 낮은 가격에 거래되는 ‘마이너스 프리미엄’이 붙은 오피스텔 분양권 매매가 속출하고 있다. 2020년 부동산 상승기 청량리에서는 ‘아파트 대체재’로 부각된 오피스텔의 인기가 치솟았다. 청량리 역은 지하철 1호선과 수인분당선, 경의중앙선이 지나는 환승역세권으로 인근 오피스텔의 경우 분양권에 웃돈이 붙어 거래될 것으로 예상됐다. 하지만 지난해부터 부동산 침체기를 거치며 오피스텔 분양권 웃돈이 사라지기 시작하더니 지금은 마피가 붙은 매물이 수두룩하다.
서울 동대문구 ‘힐스테이트청량리역’ 전용 44㎡ 오피스텔 분양권 매물이 5억6000만원에 나왔다. 분양가가 6억2200만원 수준이지만 6200만원 낮은 ‘마피’ 매물이다. 같은 단지 전용41㎡ 은 4억8900만원대에 매물이 나와 있다. 해당 평형대 분양가는 5억4420만원이다. 소형평수인 21㎡도 3억840만원이던 분양가 대비 4800만원 정도 낮은 2억6000만원에 나왔다. 청량리역 초역세권인 ‘청량리역 렉스프라임’ 오피스텔 전용37㎡은 최저 매매가가 5억390만원대다. 분양가는 5억5900만원대로, 마이너스 피가 5590만원에 달한다.
청량리역 인근 오피스텔이 마피 매물로 나오는 이유로 현지 공인중개사들은 “부동산 시장 자체가 침체기 인데다 청량리역 인근 지역이 재개발되면서 오피스텔이 과잉 공급됐다”며 “부동산 상승기에 오피스텔 청약이 인기를 끌면서 입지 대비 분양가가 너무 높게 책정됐기 때문”이라고 했다. 마이너스 프리미엄이 붙은 오피스텔 분양권이 속출하는 청량리 부동산 현장을 땅집고가 직접 찾았다."
https://www.chosun.com/economy/real_estate/2021/11/14/KX7WFTUW6JHBBFS6DXWJOGOAZ4/,"전국적인 아파트값 상승과 부동산 관련 세 부담 증가로 전국적으로 증여 열풍이 불고 있다. 다주택자의 종합부동산세와 양도세 부담이 급증하면서 지난해 서울을 포함한 전국 아파트 증여 건수가 역대 최대였는데, 올해는 경기도와 지방을 중심으로 증여가 급증했다.
14일 한국부동산원에 따르면, 올해 1~9월 비수도권 지역의 전체 아파트 증여 건수는 2만6554건으로, 이전 최다였던 작년 기록(2만4864건)을 뛰어넘었다. 대구(4866건), 충남(2494건), 경북(2344건), 전북(1715건), 울산(1378건)에서 올해 아파트 증여가 역대 최고치를 경신했다.
수도권에서는 9월까지 경기도의 아파트 증여 건수가 2만1041건으로 역대 최대였던 작년 같은 기간(1만8555건)보다 13.4% 늘었다. 서울의 아파트 증여(1만804건)는 작년(1만7364건)보다 크게 줄었다. 서울을 포함한 전국 아파트 증여 건수는 6만3054건으로 작년 같은 기간(6만5574건)보다 소폭 줄었다.
부동산 전문가들은 “작년 서울에서 1차 증여 열풍이 불어닥친 뒤 올해엔 아파트값이 많이 오른 경기도와 지방을 중심으로 증여를 통한 ‘절세’가 유행하는 것”이라고 분석한다. 올해 아파트값 누적 상승률은 경기도가 19.55%로 서울(5.95%)보다 월등히 높다. 아파트값이 28% 오른 경기도 오산의 증여 건수(812건)는 작년 같은 기간보다 5.6배나 늘었다. 지방 아파트값도 평균 9.56% 오른 것이 다주택자의 증여를 부채질한 것으로 보인다.
심교언 건국대 부동산학과 교수는 “증여받은 주택은 최소 5년간 보유해야 양도세를 아낄 수 있기 때문에 시장에 매물로 나올 확률이 낮다”면서 “세금 규제로 다주택자들이 매물을 내놓을 거라는 정부 기대와 달리 증여가 급증해 매물 잠김 현상이 더 심해지고 있다”고 말했다."
https://www.chosun.com/economy/real_estate/2021/02/05/6YBHUT5JDJDLTD4FLSIZ5IR5U4/,"중산층과 고소득층에게도 2·4 부동산 대책으로 짓는 중·소형 주택의 청약 기회가 주어진다.
정부는 4일 발표한 주택 공급 방안 가운데 △도심공공주택 복합사업 △공공 직접시행 정비사업(소규모 포함)에 대해서는 기존 공공 분양과는 다른 새로운 청약 기준을 적용하겠다고 밝혔다. 핵심은 다자녀·노부모·신혼·국가유공자 가구 등을 대상으로 하는 ‘특별공급’을 줄이는 대신 ‘일반공급’ 비율을 대폭 늘리고, 분양가 9억원을 넘는 아파트 청약에서는 소득 제한 규정을 아예 없애겠다는 것이다.
우선 전용면적 85㎡ 이하 아파트는 일반공급 비율을 15%에서 50%로 확대한다. 일반공급분 가운데 30%에 대해서는 민간 아파트처럼 ‘추첨제’도 도입한다. 지금까지 공공 분양 아파트는 일반공급이라도 ‘3년 이상 무주택인 청약자 가운데 주택 청약 저축액이 많은 순서’로만 당첨자를 선정해왔다. 다만 새 기준에서도 ‘3년 무주택’ 요건은 유지키로 했다.
이와 함께 정부는 전용 60㎡ 이하 공공 분양이라도 분양가가 9억원을 넘는 경우 소득과 무관하게 청약할 수 있게 했다. 기존 제도에서 전용 60㎡ 이하 공공 분양 아파트는 ①도시근로자 가구 월평균 소득(2020년 3인 가구 기준 562만원)보다 더 벌거나 ②부동산을 2억1550만원어치 이상 가지고 있거나 ③2764만원이 넘는 자동차를 가진 경우 청약할 수 없었다. 여기서 ①항목은 보지 않겠다는 것이다. 현 정부 들어 서울 아파트값이 급등하면서 해당 항목은 ‘스스로는 돈을 못 벌면서 물려받은 재산만 많은 금수저에게 특혜를 주는 독소 조항’이란 비판을 받아왔다."
https://www.chosun.com/economy/real_estate/2023/04/24/7H6ECXCBUBE6XJD5UBDFGO4GOA/,"“지금 금융권에서 부동산 PF(프로젝트 파이낸싱) 위기가 현실화하고 있고, 대출 이자를 감당하지 못하는 시행사도 적지 않습니다. 안타깝지만 이런 상황이 부실채권(NPL·Non Performing Loan) 투자자에게는 절호의 기회라고 할 수 있습니다.”(박수호 파워자산관리 대표)
경기 불황과 고금리가 이어지면서 올해 시장에 풀릴 NPL 규모가 지난해보다 2.6배 늘어난 5조원대에 달할 것이란 전망이 나온다. NPL이란 통상 3개월 이상 연체한 대출금을 말한다. 부실채권 투자 전문가인 박 대표는 “원리금 상환에 어려움을 겪는 기업이 담보로 제공한 부동산이 시장에 대거 풀릴 가능성이 높다”면서 “부실채권도 공급이 늘면 가격이 떨어지기 때문에 자금 여력이 있는 매수자에게는 올해가 최고의 투자 기회가 될 수 있다”고 했다. 박 대표는 땅집고가 오는 5월10일 개강하는 ‘NPL실전 투자 전문가 과정’에서 NPL투자 시장 동향과 실전 투자사례 등을 알려준다.
올 1분기 국내 은행이 매각한 NPL규모는 이미 6784억원에 달한다. 지난해 1분기(3694억원)보다 2배쯤 늘었다. 박 대표는 “NPL투자는 불황을 먹고 자라는 시장이라고 하는 만큼 금리 인상, 갭(gap) 투자자 매물 증가 등으로 호황을 맞고 있다”고 말했다.
부실채권이 일반 투자보다 리스크가 높은 건 사실이다. 하지만, 전략만 잘 짜면 리스크를 줄이면서 고수익을 거둘 수 있다.
최근 NPL 시장에서는 개인이 대위변제하는 방식으로 NPL을 취득한 이후 배당으로 수익을 얻거나, NPL 채무를 인수한 뒤 상가나 주택을 낙찰받는 형태가 많다. NPL을 전문적으로 사들이는 기관과 개인 투자자가 투자 약정을 하고, 투자자가 해당 NPL을 경매로 낙찰받아 인수하는 방식도 많이 활용하고 있다. 박 대표는 “NPL 투자에 나서기 이전에 채권 담보 부동산을 할인 취득 방식으로 직접 낙찰받을 것인지, 재매각할 것인지 등 미리 구체적인 출구전략부터 세우고 투자를 실행해야 리스크는 낮추고 수익률은 높일 수 있다”고 했다.
<’NPL 투자 전문가 과정’ 5월 10일 개강>
땅집고 아카데미는 NPL 투자를 준비하는 관련업계 종사자나 경매 이후 출구전략이 필요한 투자자를 위해 ‘NPL 실전 투자 전문가 과정’을 오는 5월10일 개강한다. 이번 과정은 총 5회로 진행하며 케이스 스터디 중심이다. 강사진으로 30년 경력의 국내 NPL 투자 이론가인 오수근 파워자산관리 자문교수, 경·공매 최고의 전략가로 꼽히는 서만석 해피드림 대표 등 국내 최고 NPL투자 전문가들이 참여한다. NPL 시장 동향, 실전 투자 성공·실패사례, 출구 전략 등을 통해 수익을 극대화하는 노하우를 알려준다. 수강료는 300만원이고 이달 23일까지 조기 등록하면 30만원 할인한다. 땅집고M 홈페이지(zipgobiz.com)에서 신청하면 된다. (02)6949-6176."
https://www.chosun.com/economy/real_estate/2022/03/04/KPB3SMTL35ELPGRRXTINJCUQFM/,"㈜한양은 에너지 사업을 기업의 미래 동력으로 삼는 동시에 ‘수자인’으로 대표되는 주택사업의 수주 경쟁력을 강화하고 있다. 또한 전남 해남 솔라시도, 세종 스마트시티 건설 등 다양한 사업 부문에서 두드러진 성과를 내고 있다. 김형일 한양 대표이사는 “작년 코로나로 어려운 상황에서도 3조1000억원의 수주를 달성하고, 수자인 브랜드의 성공적인 리뉴얼과 에너지 부문에서 성과를 이뤄냈다”며 “올해는 외부 환경에 흔들리지 않고, 선도기업으로서 경쟁력을 갖추는 ‘시스템 경영’의 원년으로 삼겠다”고 말했다.
◇에너지 전문 기업으로 도약
한양은 LNG(액화천연가스)와 바이오매스 발전, 수상태양광 등 다양한 사업을 통해 에너지 전문기업으로 체질을 바꾸고 있다.
전남 여수시 묘도 65만㎡ 부지에 조성하는 ‘동북아 LNG 허브 터미널’은 한양이 역점을 두고 추진하는 에너지사업이다. 1단계로 20만㎘급 LNG 저장탱크 4기와 기화 송출 설비, 최대 12만7000t 규모의 부두시설을 조성하는 사업이다. 지난해 착공해 2025년 준공이 목표다. 작년 9월엔 산업통상자원부로부터 ‘동북아 LNG 허브 터미널 저장탱크 3·4호기’ 공사계획 승인을 받아 이미 건설 중인 1·2호기를 포함해 안정적인 사업 추진이 가능해졌다. 1단계 사업 완료 이후에는 국내에서 발전용·산업용 LNG를 공급하고 새로운 사업 영역을 추가로 확장해 나간다는 방침이다.
한양은 2024년 준공을 목표로 전남 광양만 황금산업단지에 220MW 규모의 바이오매스 발전소인 ‘광양 바이오발전소’를 짓고 있다. 바이오매스 발전은 식물이나 미생물 등을 통해 얻는 에너지로 전기를 생산하는 신재생 발전의 한 종류다. 한양이 조성 중인 광양 바이오발전소는 목재 펠릿 등 순수 목질계 고형 원료만을 사용하는 전소 방식으로 전기를 생산해 환경오염 물질 배출을 최소화한다.
◇건설·주택 부문 사업 다각화
한양은 건설·주택 분야에서는 사업 다각화를 통해 기업 가치를 높이고 있다. 2010년부터 그룹 계열사인 보성산업, 서남해안기업도시개발, 전라남도 등과 함께 전남 해남 일대 632만평 부지에 에너지 자급 도시이자 신재생에너지 기반의 친환경 스마트시티인 ‘솔라시도’를 개발하고 있다. 한양은 솔라시도에서 정원도시, 에너지도시, 스마트도시 같은 미래지향적인 콘셉트로 명품 주거단지를 선보일 계획이다.
솔라시도 개발 경험을 바탕으로 한양은 스마트시티 사업 분야에서 입지를 탄탄히 다지고 있다. 2020년 10월 ‘세종 스마트시티 국가시범도시’ SPC 민간부문 사업자 공모에서 한양은 LG CNS가 주도하는 컨소시엄에 건설 사업자로 참여해 우선협상대상자로 선정됐다. 작년 1월 세종 스마트시티 국가시범도시 우선사업협약을 체결했고, 올해부터 선도지구 착공에 들어간다.
비주거 건축 분야에도 진출하고 있다. 작년 완공한 정부세종청사 체육관은 클로버를 형상화한 독특한 외관, 이용자의 편의성과 공간 활용성을 높인 설계가 돋보인다. 이밖에 물류센터, 데이터센터, 복합시설, 초고층 주상복합 등에서도 두각을 드러내고 있다.
수자인으로 대표되는 주택사업에선 수도권을 포함한 핵심 입지에서 수주 경쟁력을 높이고, 수요자 눈높이에 걸맞은 상품성을 강화한다는 방침이다. 한양은 지난해 수자인 브랜드 로고와 디자인을 변경하는 한편, 스마트 홈과 언택트 설루션을 강화하는 등 주거 상품과 서비스를 대대적으로 개편했다. 브랜드 위원회를 별도로 만들어 체계적인 브랜드 관리·육성 시스템도 마련했다.
코로나 사태 이후 한층 높아진 소비자의 주거상품 만족도를 충족시킬 수 있는 서비스 강화에도 역량을 집중하고 있다. ‘수자인 스마트홈 2.0′을 개발해 단지 출입부터 집안까지 불필요한 터치 없이 이동할 수 있도록 했고, 새로 만든 안내 디자인 등을 적용했다.
김 대표는 “아파트 위주였던 주택사업 포트폴리오를 오피스텔·주상복합·역세권 청년주택 등으로 다변화하고 있다”며 “수익성을 기반으로 공공과 민간에서 발주하는 개발 프로젝트, 재개발·재건축 같은 도시정비사업의 수주 역량도 강화할 계획”이라고 말했다."
https://www.chosun.com/economy/real_estate/2024/04/15/QGN4MY6I4NADTJXZR6IBGXW3JY/,"야당의 압승으로 끝난 4·10 총선 이후 주택 시장 변화에 대해 부동산 전문가들은 대체로 “당분간 소강 국면이 이어질 것”이라는 분석을 내놓고 있다. 최근 서울 아파트 매매 거래가 늘고, 가격도 내림세를 멈추는 등 회복세가 보이기도 하지만, 금리 인하가 예상보다 지연될 가능성이 커 수요자들의 관망세가 이어질 것이라고 전망된다.
이상우 인베이드투자자문 대표는 14일 “다주택자에게 비우호적인 사회적 분위기가 총선 후에도 지속해 시장이 활황으로 돌아설 가능성은 거의 없다”고 말했다. 이 대표는 “서울 강남권의 똘똘한 한 채에 대한 선호는 더욱 높아질 것이고, 서울 강남권과 다른 지역 아파트의 가격 차이는 더욱 벌어지는 양극화 현상이 심화할 것”이라고 했다. 박원갑 국민은행 부동산 수석전문위원도 “총선이라는 불확실성이 해소됐지만, 고금리 상황이 지속하는 올 상반기에는 시장 분위기가 크게 개선되지 않을 것”이라고 말했다.
고종완 한국자산관리연구원장은 “우리나라는 부동산 정책의 실행 여부가 유동성·금리만큼이나 시장에 큰 영향을 미친다”며 “재건축 규제 완화 등 정부가 추진하는 정책이 실제로 실행될지 불확실해졌기 때문에 시장 침체가 반전하기는 어려워 보인다”고 말했다. 반면, 고준석 연세대 상남경영원 교수는 “미국이 올 하반기 금리를 내린다면 주택 실수요자 위주로 거래가 완전히 살아날 것”이라고 전망했다.
수도권 전셋값은 당분간 상승세가 이어질 것이란 의견이 많았다. 고종완 원장은 “전세는 정책보다는 수급의 영향을 많이 받는다”며 “올해는 공급 물량이 작년보다 30%가량 줄어들기 때문에 2~3년간 수도권 전세금은 계속 오를 것”이라고 내다봤다.
한편, 한국부동산원이 조사한 4월 둘째 주(8일 기준) 서울 아파트 매매가는 전주 대비 0.03% 오르면서 3주 연속 상승세를 이어갔다. 수도권 매매가는 전주보다 0.01% 오르면서 지난해 12월 첫째 주부터 19주 연속 이어진 하락세를 마감했다."
https://www.chosun.com/economy/real_estate/2023/01/18/TBFT2EAXWZGKTG6MXMUZ5QPCZA/,"정부의 ‘1·3 부동산 대책’ 이후 서울을 포함한 수도권 부동산 시장 하락세는 조금씩 진정되는 기미가 보이고 있지만, 지방은 좀처럼 침체에서 벗어나지 못하고 있다. 지난 9~11일 일반분양을 한 대구 동구 ‘힐스테이트 동대구 센트럴’은 478가구 모집에 28명이 신청하는 데 그쳐 0.06대1의 평균 경쟁률을 기록했다. 지난달 26~28일 청약을 접수한 울산 ‘빌리브 리버런트’ 역시 310가구 모집에 128명이 신청해 3분의2 가까이 미달됐다.
이런 상황은 수치로도 확인된다. 16일 주택산업연구원이 주택사업자를 대상으로 설문조사한 결과, 12월 대비 1월 주택사업경기전망지수는 55.8로 작년 12월보다 3.5포인트 하락했다. 이 수치가 기준선인 100을 밑돌면 경기가 나빠질 것으로 보는 업체가 좋을 것으로 보는 업체보다 더 많다는 의미다. 수도권은 전체적으로 0.1포인트(46.7→46.8) 상승했다. 서울은 54.5에서 46.9로 7.6포인트 하락했으나 인천(39.3→45.7)과 경기(46.3→47.9)는 상승하면 수도권 전체적으로는 비관적 분위기가 조금씩 잦아드는 모습이다.
반면 지방 주택사업경기전망지수는 62.0에서 57.7로 4.3포인트가 떨어졌다. 특히 주요 지역의 하락세가 두드러졌다. 전월과 비교해 등락 폭을 분석해 보면, 부산은 -13.6포인트, 대구는 -10.7포인트, 울산은 -11.8포인트를 기록했다. 부동산 업체 관계자는 “강남 3구와 용산을 제외하고 서울과 경기의 규제 지역이 해제되면서 수요자들이 수도권 부동산 시장에 관심을 보이는 반면, 지방 부동산은 오히려 소외되는 분위기가 있다”고 말했다.
지방 주택 경기가 살아날 기미를 보이지 않으면서 올해 지방 신규 분양은 2010년 이후 최저 수준을 기록할 것으로 전망된다. 부동산R114에 따르면 올해 지방 일반 공급 물량은 8만4775가구로, 지난해 13만7072가구 대비 38.2%(5만2297가구) 감소할 것으로 보인다. 이는 2010년 이후 13년 만에 가장 적은 수치다. 지역별로는 충남(-1만812가구), 충북(-9333가구), 전남(-7988가구), 경북(-6832가구)의 감소세가 두드러 진다. 권일 부동산인포 리서치팀장은 “전국적인 조정기 속 건설사들이 분양 물량을 줄이거나 아직 공급 시기를 잡지 못해 지난해보다 물량이 더 적게 집계된 것으로 보인다”며 “금리 인상에 따른 대출 부담 등의 변수가 있어 계획 물량이 더 줄어들 가능성도 있다”고 말했다."
https://www.chosun.com/economy/real_estate/2022/05/10/BXOIVH3JZRHWNDVG4ZXLZHVCNM/,"윤석열 대통령이 취임하는 10일부터 1년 동안 다주택자에 대한 양도소득세 중과(重課)가 유예된다. 기존엔 서울 등 규제지역에서 다주택자가 집을 처분하면 양도 차익의 최고 75%를 세금으로 내야 했지만, 1년간 최고세율이 45%로 낮아진다. 또 주택 보유 기간에 따라 차익의 최대 30%까지 세금 공제 혜택도 받을 수 있게 된다. 다주택자들이 집을 팔 수 있게 ‘퇴로(退路)’를 열어줌으로써 주택시장에 매물을 늘리고 집값을 안정시키겠다는 계산이다.
대선 이후 다주택자 양도세 완화가 공식화되면서 최근 두 달 사이 서울 아파트 매물이 10% 넘게 늘어나는 등 시장에 변화가 나타나고 있다. 일선 공인중개사들은 “집을 팔 때 세금 부담을 최대한 줄일 수 있는 방법을 묻는 사람이 많다”고 전한다. 다만 다주택자가 1년 안에 집을 팔아도 재산세와 종합부동산세 부담을 줄이기는 어려워 보인다. 주택 보유세 계산 기준일인 6월 1일 전까지 주택 매도를 마무리하기엔 시간이 촉박한 탓이다.
9일 부동산 빅데이터 업체 ‘아실’ 집계에 따르면, 서울 아파트 매물은 대선이 치러진 3월 9일 5만131건에서 이날 5만5509건으로 10.7% 늘었다. 전국적으로는 광주광역시 매물이 44.5% 급증했고, 인천(12.5%), 경기(9.8%) 등 수도권이 뒤를 이었다. 이 밖에도 대전(5.3%), 세종(5.1%), 부산(3.8%) 등 다주택자 양도세 중과가 적용되던 조정대상지역과 투기과열지구 중심으로 매물 증가가 두드러졌다. 양지영 R&C연구소장은 “다주택자 입장에서는 이번 기회에 수도권 외곽이나 지방 광역시의 주택을 우선적으로 정리할 가능성이 크다”고 말했다.
수도권 다주택자가 양도세 중과 유예 조치를 적용받으면 최소 수천만원의 세금을 줄일 수 있을 것으로 예상된다. 우병탁 신한은행 WM컨설팅센터 팀장의 모의 계산에 따르면, 서울에 집 2채를 가진 사람이 16억원에 취득한 집 한 채를 19억원에 팔았을 때 양도세가 기존엔 1억2463만원이지만 10일 이후 매각하면 7356만원으로 41% 줄어든다.
다주택자들이 양도세 완화 혜택을 증여 기회로 활용할 것이라는 관측도 있다. 한국부동산원 집계에 따르면 3월 서울 아파트 전체 거래 중 증여가 차지하는 비율은 13.4%로 2월(10.9%) 대비 2.5%포인트 높아졌다. 작년 7월(16.4%) 이후 8개월 만에 가장 높은 수치다. 전세가 낀 주택을 증여하는 ‘부담부 증여’의 경우 전세 보증금은 양도하는 것으로 간주한다. 이 때문에 증여할 때에도 이번 양도세 중과 유예 조치로 절세 효과를 볼 수 있다. 한 세무사는 “다주택자 중 상당수가 부담부 증여에 나서면 새 정부가 기대하는 만큼 시장에 매물 증가 효과가 나타나지 않을 수 있다”고 말했다.
기획재정부는 이날 다주택자 양도세 중과 한시적 배제 등의 내용을 담은 소득세법 시행령 개정안을 입법 예고했다. 조정대상지역 내 주택을 2채 이상 가진 다주택자가 10일 이후 주택을 팔 경우 1주택자 양도세율(6~45%)을 적용하는 게 핵심이다. 보유 기간에 따라 양도차익의 최대 30%까지 세금이 면제되는 ‘장기보유특별공제’도 적용된다. 세금은 소유권 이전 등기일을 기준으로 부과하므로, 이미 매매 계약을 체결했어도 소유권 등기가 5월 10일 이후라면 세제 혜택을 받을 수 있다. 단 보유 기간이 2년이 안 되는 집을 팔면 세금 혜택을 받을 수 없다.
이사 등으로 인한 일시적 1가구 2주택 비과세 요건도 완화된다. 개정 시행령은 새로 집을 사고 나서 기존 집을 처분하는 ‘일시적 2주택자’가 비과세 혜택을 받기 위한 종전 주택 처분 기간을 1년에서 2년으로 늘리고, 세대원 전원이 새집으로 전입해야 하는 요건도 삭제했다.
과거에는 주택 수에 따른 양도세율 차이가 없었지만, 2017년 5월 출범한 문재인 정부는 다주택자가 주택 투기를 조장해 집값 상승을 부추긴다는 논리로 다주택자 양도세를 점진적으로 강화해왔다. 지금은 1주택자에 비해 최대 30%포인트 높은, 최대 75%의 세율이 적용된다. 하지만 과도한 세금 부담 때문에 다주택자들이 집을 처분하지 않으면서 오히려 집값 상승을 부추긴다는 비판이 끊이지 않았고, 윤 당선인이 취임일에 맞춰 양도세 중과 완화 조치를 시행하기에 이르렀다."
https://www.chosun.com/economy/real_estate/2023/12/12/MQZVUHQ7EZETJHYLAY3NCA6OEE/,"엔씨소프트 공동대표에 박병무 대표 영입
엔씨소프트가 국내 사모 펀드 운용사 VIG파트너스의 박병무 대표를 공동대표로 영입했다고 11일 밝혔다.
▲한미글로벌▷전무 김동하 김승욱 김철우 박경휘 박상철 신성섭 양정선 한대현 ▲한미글로벌디앤아이▷대표 최성수 ▲한미글로벌투자운용▷대표 류병기 ▲터너앤타운젠드코리아▷대표 박장식▷상무 임채진▷상무보 이정아
▲나이스홀딩스▷대표 조대민▷상무 신종철, 안병석 ▲한국전자금융▷부회장 구자성▷대표 이현석▷전무 강명구, 백승엽 ▲나이스평가정보▷대표 신희부▷전무 김종윤▷상무 고영진, 서영우, 조성은 ▲나이스정보통신▷대표 김승현 ▲KIS정보통신▷대표 조용수▷상무 김윤종 ▲나이스페이먼츠▷대표 김광철▷상무 안상준 ▲나이스디앤비▷대표 오규근 ▲나이스신용정보▷대표 박병수 ▲나이스지니데이타▷대표 김민수 ▲서울전자통신▷대표 김성훈▷상무 배기조 ▲지니틱스▷대표 김지화 ▲나이스LMS▷대표 진동현 ▲리얼허브▷대표 이현 ▲웨이브포스▷대표 이원희▲닥터스텍▷대표 김준석▷상무 박영태 ▲나이스디앤알▷상무 남영민 ▲ITM반도체▷상무 구자근, 백철승, 정완교"
https://www.chosun.com/economy/real_estate/2022/06/14/AIOB77XJTFEL5PFI5Y5IE5FCYM/,"“땅집고 옥션 출범 소식이 알려진 후 사흘간 접수한 매물이 30건이 넘습니다. 권리관계나 채권·채무가 복합한 물건이 아니라, A급 우량 물건이 대부분입니다. 우리나라 상업용 부동산 시장에 새 거래 방식으로 자리잡을 가능성이 충분하다고 봅니다.”
상업·업무용 부동산 공개경쟁매각 시스템인 ‘땅집고 옥션­’ 운영 총괄을 맡은 정을용 BTG 컨설팅 대표는 출범 이후 뜨거운 열기를 실감하고 있다. 이미 접수한 매물 중에는 10억원대 상가나 꼬마빌딩부터 200억~300억원대 토지와 대형 건물도 있다.
땅집고 옥션은 법원 경매나 한국자산관리공사 공매(온비드)와 달리 입지 좋고 권리관계가 확실한 우량 매물을 다루는 민간 경매 시스템이다. 이르면 7월부터 시범 사업에 들어간다. 땅집고 옥션을 통하면 법인이나 개인이 보유한 건물이나 토지를 전 국민 대상으로 매각할 수 있다. 그는 “토지나 건물을 팔고 싶은 매도자 입장에서는 그동안 몇몇 중개사에게만 전적으로 의존할 수밖에 없었다. 중개사가 알고 있는 매수자 수가 제한적이기 때문”이라며 “땅집고 옥션을 통하면 투명한 절차로 제값 받고 거래할 수 있다”고 말했다.
정 대표와 인터뷰하는 중에도 사무실로 옥션 매물 접수와 문의 전화가 쏟아졌다. 중개사뿐만 아니라 우량 부동산을 팔고 싶어하는 개인 매도자 관심도 많다. 땅집고 옥션에 접수한 매물은 최적의 파트너 중개사를 선정, 전속으로 배정할 계획이다.
땅집고 옥션 시범 사업에 올릴 매물도 어느정도 윤곽이 잡혔다. 정 대표는 “서울 연남·연희동과 홍대, 수서동 일대 근린생활건물, 북한강 바로 옆 경기 양평·청평 일대 기업 연수원·별장·펜션 등 알짜 매물 가운데 선별해 옥션 매물로 내놓을 예정”이라고 말했다.
그는 땅집고 옥션이 국내 부동산 거래시장 선진화에 순기능을 할 것이라고 예상했다. 우리나라에선 이른바 ‘전속 중개’를 찾기 힘들다. 미국과 유럽에선 매도자와 중개사가 사전에 전속계약을 맺고 거래하는 문화가 정착했다. 반면, 우리나라는 여러 중개사에게 매물을 내놓는다. 이러다보니 중개사끼리 고객과 매물을 빼앗고, 빼앗기는 일이 수시로 벌어진다. 매도·매수자 입장에선 가격이 적절한지도 알 방법이 없고, 중개수수료도 투명하지 않다. 매도 의뢰인도 모르는 사이에 매물 하나를 놓고 복마전이 벌어지는 일도 많다.
정 대표는 “의뢰인 입장에선 땅집고 옥션 시스템을 이용하면 중개사 한 명만 지정해도 전국 단위로 매수자를 찾을 수 있다”며 “선진적인 전속중개 시스템을 만드는 계기가 될 수 있을 것”이라고 했다. 땅집고 옥션은 매도자와 매수자, 중개사까지 모두가 신뢰할 수 있는 전속 물건 위주 거래 시스템을 구축할 방침이다.
정 대표는 입지나 상품별로 경매 물건을 테마로 묶어서 옥션을 진행할 계획이라고 밝혔다. 그는 “시범사업 초기엔 서울·수도권 중심으로 추진하려고 했지만 초기부터 전국적으로 접수 문의가 많아 지역을 넓히는 방안도 고민하고 있다”고 말했다."
https://www.chosun.com/economy/real_estate/2021/05/12/YUJMAQKD3NAQHJBWOKSSUS2XV4/,"SK건설은 오는 21일 임시 주주총회를 열고 회사 이름을 ‘SK에코플랜트’로 바꿀 예정이라고 10일 밝혔다. SK건설은 지난해 법원에 SK임팩트, SK에코플랜트, SK서클러스 등 3개의 이름을 ‘상호 가등기’ 신청했고, 이 중 회사의 사업방향과 건설사로서의 정체성이 드러나는 SK에코플랜트를 최종 낙점했다.
23년 동안 사용해 온 회사 이름을 바꾸게 된 배경에는 ESG(환경·사회·지배구조) 경영 기조를 강화하려는 의도가 영향을 미쳤다는 분석이 나온다. 작년부터 친환경·신에너지 사업으로의 포트폴리오 전환을 의욕적으로 추진 중이다. 조직개편을 통해 ‘친환경 사업 부문’을 신설하고, 수소 에너지 관련 신사업 추진을 위해 관련 조직을 확대했다.
안재현 SK건설 사장은 올해 신년사에서 “ESG를 선도하는 친환경 기업으로 자리매김하겠다는 목표를 세우고, 친환경 사업을 중심으로 포트폴리오를 전환하겠다”고 강조했다."
https://www.chosun.com/economy/real_estate/2022/06/07/4JWEKV477ZH3TMPUXCEK7D5U4Q/,"땅집고는 오는 7월 ‘땅집고 옥션’ 출범을 앞두고 개업공인중개사(법인·개인중개사)를 대상으로 ‘땅집고 옥션 사업설명회’를 15일 오전 10시에 엽니다. 장소는 서울 중구 태성빌딩 2층 땅집고 아카데미 교육장입니다.
땅집고 옥션은 상업·업무용 부동산을 경쟁입찰 방식으로 거래하는 민간 경매 시스템입니다. 땅집고 옥션에 의뢰한 매물에 대해서는 종합 부동산 미디어 플랫폼인 땅집고가 조선일보 지면과 땅집고 홈페이지·유튜브·SNS 등 다양한 미디어 채널을 통해 홍보·마케팅을 진행합니다.
땅집고 옥션 총괄 운영은 BTG 컨설팅이 담당합니다. 옥션 파트너사에게는 옥션에 매물을 출품할 수 있는 자격을 부여합니다. 이번 설명회에서는 땅집고 옥션 운영 방식과 목표, 참여 대상, 수수료 배분 방식, 제휴사 권한과 의무, 사업 참여방식 등을 소개합니다.
부동산을 보유한 개인과 법인이 땅집고 옥션에 매각을 의뢰하면 땅집고 파트너 중개사(법인·개인)에게 매물을 배분해 옥션 절차를 진행합니다. 옥션을 통해 거래가 성사되면 파트너 중개사가 수수료를 받습니다.
이번 설명회 참가비는 5만원이며, 참가 신청은 홈페이지(member.zipgo.kr)에서 받습니다. 중개사무소 등록증을 반드시 제출해야 합니다. 선착순 35명이며 공간이 협소해 중개법인·중개사무소별 1인만 참석 가능합니다. (02)2039-7960"
https://www.chosun.com/economy/real_estate/2025/04/21/7OUSDZBMKJD5BLOG5EWTJRFSQA/,"서울 서초구 반포동에 거주하는 40대 이모씨는 지난달 아파트 커뮤니티 앱을 통해 차량용 소화기를 주문했다. 배송지가 비슷한 입주민 여러 명이 공동 구매한 덕분에 정가보다 30% 저렴하게 살 수 있었다. 이씨는 “아파트 커뮤니티 앱 게시판으로 입주민끼리 공연 취소표를 나눠주거나 커뮤니티 시설에서 함께 운동을 즐기는 모임을 만드는 등 소통이 늘어나면서 이웃들과 좀 더 가까워지고 있다는 느낌을 받는다”고 했다.
아파트 커뮤니티 앱이 새로운 생활 필수 플랫폼으로 자리 잡고 있다. 아파트 공지를 확인하거나 관리비 결제 등에 제한적으로 사용되던 앱이 커뮤니티 시설 예약은 물론 입주민 모임, 중고 거래, 소통 창구 등으로 확장되고 있는 것이다. 업계 관계자는 “다른 플랫폼과 달리 이용자들이 같은 아파트 이웃이어서 신뢰가 높다는 게 장점인 만큼 앱이 과거 아파트 반상회 같은 역할까지도 하고 있다”고 했다.
아파트 커뮤니티 앱 이용자 수는 급증하는 추세다. 삼성물산이 운영하는 아파트 커뮤니티 앱 ‘홈닉’을 사용하는 세대 수는 2023년 9월 2990가구에서 지난달 5만6000가구를 돌파했다. 입주민들은 홈닉으로 운동이나 재테크 모임 등을 만들고 공동 구매를 진행할 수도 있다. 입주민이 올린 공동 구매 제안이 20개 이상의 공감을 얻으면 해당 상품을 공동 구매로 추진하는 식이다.
아파트 커뮤니티 앱이 인기를 끌면서 건설사 간 경쟁도 치열해지고 있다. GS건설은 지난해 말 자사 아파트 입주민을 위한 앱 ‘자이홈’을 선보였다. 입주민 소통 창구 역할부터 이사 예약과 조명·난방 제어 등이 가능하다. 현대건설은 입주민 전용 앱 ‘마이힐스’를, HDC현대산업개발도 엘리베이터 호출과 방문자 원격 통화 등이 가능한 ‘아이파크홈’ 앱을 운영하고 있다.
기존 플랫폼 업체들도 입주민 소통 영역으로 서비스를 확대하고 있다. 모바일 관리사무소 플랫폼 아파트아이는 지난달부터 입주자들을 위한 커뮤니티 게시판 서비스를 시작했다. 앱을 통해 입주자들끼리 주변 맛집을 공유하고 취미나 육아에 대한 이야기를 할 수 있도록 카테고리를 나눴다. 야놀자와 KT에스테이트가 함께 설립한 프롭테크 설루션 기업 트러스테이도 아파트 입주민들이 소통할 수 있는 앱 ‘홈노크타운’을 운영하고 있다."
https://www.chosun.com/economy/real_estate/2023/02/07/WFYNUGJOTVDLFGGRPLNSOJHPBA/,"“아직도 매매와 임차 물건 찾으려고 대기 중인 곳은 성수동 밖에 없을겁니다.”
고금리와 경기 침체 우려로 부동산 투자 심리가 주춤해졌지만 서울 성동구 성수동은 딴세상이다. 여전히 건물 공실률은 제로(0) 수준이고 땅값도 연일 신고가를 갈아치우고 있다. 정을용 비티지컨설팅 대표는 “현재 국내에서 거의 유일한 매도자 우위 시장이라고 보면 된다”고 했다.
땅집고옥션이 성수동 일대 알짜 매물만을 모아 ‘땅집고옥션-성수동 컬렉션’을 진행한다. 성수동1·2가 일대 빌딩·토지·공장, 근린생활시설 등 총 6건, 매도희망가격 기준 1100억원어치가 매물로 나온다. 대지 평당가격 기준 1억5000만원 안팎 매물이 많다.
오는 2월 16일 오후 2~5시 서울 중구 메트로타워 2층, 상연재 서울역점에서 매각 설명회를 연다. 설명회 참석자에게만 매물의 구체적인 지번, 규모, 매도희망가격, 임대차 상황 등 상세 정보를 공개한다.
가장 눈에 띄는 매물은 지하철 2호선 뚝섬역과 수인분당선 서울숲역을 끼고 있는 성수동 1가 대지 약 100평, 연면적 60평 규모 근린생활시설이다. 매도희망가격은 150억원. 뚝섬역과 서울숲역까지 걸어서 각각 10분 안팎 걸린다. 인기 수제 맥주집이 입점해있다.
성수동2가에선 자동차 정비공장이 300억원에 나왔다. 대지 643㎡, 지하 1층~지상 2층 규모로 연면적 719㎡다. 지하철 2호선 성수역까지 직선거리로 500m 정도 떨어져 있다. 1975년 준공해 낡았는데 용적률이 104%에 그쳐 신축하기에 적합하다. 전속 중개권을 가진 김정안 성수부동산 소장은 “바로 앞에 무신사 플래그샵이 있는 점을 감안해 의류업체 사옥이나 전시장, 카페 등으로 신축하면 활용도가 높을 것”이라고 했다.
매각 설명회는 선착순 30 명만 참석 가능하다. 2월 중순 현장 답사를 진행하며 입찰은 3월 3일, 계약은 3월에 진행한다."
https://www.chosun.com/economy/real_estate/2022/11/17/BDVRZYNNIBDBVAQUU4C24VFWS4/,"SK에코플랜트는 자체 개발한 디지털 기반 폐기물 처리 설루션 ‘웨이블(WAYBLE)’이 세계 최대 IT 전시회 ‘CES 2023′에서 스마트시티 분야 혁신상을 받았다고 17일 밝혔다.
웨이블은 폐기물의 배출, 운송, 처리 전반을 추적·관리하는 디지털 설루션이다. IT 기술을 적용해 보다 효율적이고 투명한 폐기물 처리·관리를 가능하도록 돕는다. 최근 ESG(환경·사회·지배구조) 경영이 화두로 떠오르면서 친환경적 폐기물 처리의 중요성이 높아지고 있다는 점에서 활용도가 높을 것으로 평가받고 있다. SK에코플랜트는 “빅데이터 분석과 인공지능을 활용해 폐기물의 종류·부피·무게, 배출 패턴 등을 분석하는 기능까지 고도화하고 있다”며 “기업들은 불필요한 폐기물의 배출 및 수거를 최소화하고 재활용률을 높일 수 있다”고 말했다.
CES를 주관하는 미국소비자기술협회(CTA)는 전시에 앞서 세계 각국의 IT 관련 혁신 기술과 상품, 서비스를 평가해 혁신상을 수여한다. 올 초 탄소중립 마스터 플랜인 ‘넷제로 시티’를 전시하며 CES에 처음 참여한 SK에코플랜트는 내년 두 번째 참가를 앞두고 혁신상을 받게 됐다.
박경일 SK에코플랜트 사장은 “SK에코플랜트는 기술 혁신을 통해 사업 고도화는 물론 다른 기업들의 환경에 대한 고민까지 해결하는데 앞장서고 있다”며 “차별화된 환경 설루션을 전 세계에 수출하는 글로벌 종합 환경 전문기업이 되기 위해 노력할 것”이라고 말했다."
https://www.chosun.com/economy/real_estate/2024/06/17/GS43K2M35BBJDMOKSWV4RWSKTE/,"국토교통부가 서민·중산층을 위해 빌라, 오피스텔 등 비아파트를 매입해 시세보다 저렴하게 제공하는 공공임대주택 12만호를 공급한다. 최근 공사비 상승, PF(프로젝트 파이낸싱) 시장 불안 등의 여파로 민간 사업자들의 주택 공급 심리가 극도로 위축되면서 서민 주거 안정이 위협받을 수 있다는 우려를 감안한 조치로 해석된다.
국토부는 9일 열린 경제관계장관회의에서 이런 내용을 담은 ‘하반기 매입임대 신속 공급계획’을 발표했다. 당초 올해 매입임대 공급 목표는 8만호였는데 지난 3월 윤석열 대통령 주재로 열린 민생토론회에서 ‘신축 매입임대 10만호’로 늘었다. 이번에 기축 매입임대 2만호가 추가되면서 총 12만호로 공급 규모가 늘었다.
향후 2년간 공급 예정인 12만호 중 7만5000호가 신축 빌라·오피스텔을 한국토지주택공사(LH) 등 공기업이 건축 전에 매입하기로 약정하는 방식이다. 주변 시세의 30~50%에 월세로 최대 20년간 제공된다. 기존 주택을 매입해 시세보다 저렴한 월세로 제공하는 기축매입 목표는 2만호로 잡았다. 든든전세가 2만5000호는 주변 시세의 90% 수준 보증금에 최대 8년간 전세로 제공된다. 정부는 주택 수요가 많은 수도권에서 전체 물량의 70%를 공급한다는 계획이다.
정부는 늘어난 목표치를 달성하기 위해 공기업 내부 심의 기간을 단축하고 불필요한 절차를 폐지해 기존 7개월이던 매입약정 체결 기간을 5개월로 단축할 계획이다. 또 건설사가 매입임대주택용 토지 취득시 적용하는 취득세 감면율을 10%에서 15%로 높이고 공기업에 대한 정부 지원금도 현실화한다. 최근 공사비 인상 여파로 LH가 받는 지원금은 실제 매입가의 66%에 그치고 있다. 1억원짜리 주택을 매입해 임대주택으로 제공한다고 가정하면, 한 채당 3400만원씩 적자를 보는 구조인 셈이다.
또 지자체 차원의 매입임대주택 공급 확대를 위해 LH 신축 매입에만 도입된 주택도시보증공사(HUG) PF 보증을 지방공사·지자체로 확대한다.
이날 정부가 내놓은 매입 임대주택 공급 활성화 방안 대부분 정부 시행령이내 공기업 내규만 바꾸면 시행 가능하지만 민간 기업들에 대한 세제 혜택은 지방세특례제한법 개정이 필요하다."
https://www.chosun.com/economy/real_estate/2023/04/03/7PEAVL3QLFBLDGPHEIF33KW5R4/,"정부가 1·3 부동산 대책으로 청약 관련 규제를 대거 풀면서, 수도권 외곽에서 두 자릿수 경쟁률을 기록한 단지가 나오고, 지방에서도 5대1이 넘는 경쟁률이 나왔다. 분양가가 주변 시세보다 낮은 아파트들에 수요자의 관심이 컸다. 반면 높은 분양가 단지 중에선 미달이 발생한 곳도 있다. ‘지방 청약 시장의 흥행’이 분양가에 따라 갈릴 것이라는 분석이 나온다.
2일 한국부동산원 청약홈에 따르면, 경기 평택시 고덕동 ‘고덕 자이 센트로’는 최근 진행된 1순위 청약에서 89가구 모집에 4034명이 신청해 45.3대1의 높은 경쟁률을 기록했다. 지난해부터 줄줄이 미달을 기록한 평택시 분양시장에서 모처럼 흥행에 성공한 단지가 나온 것이다. 2월 말 기준 평택시 미분양은 1176가구로 경기도 31개 시·군 가운데 가장 많다.
이 단지는 민간참여 공공분양 단지로 분양가 상한제가 적용돼 시세보다 저렴한 것이 흥행 요인으로 꼽힌다. 전용면적 84㎡ 분양가가 4억9500만원으로, 인근에 위치한 ‘고덕국제신도시파라곤’ 같은 평형이 지난달 6억8700만~7억원에 거래된 것을 감안하면 분양가가 2억원 가까이 저렴하다.
최근 1·2순위 청약을 진행한 부산 해운대구 우동 ‘해운대역 푸르지오 더원’도 5.5대1의 평균 경쟁률을 기록해 준수한 성적을 거뒀다. 이 단지 역시 시세 대비 저렴한 분양가가 미달을 피한 배경으로 꼽힌다. 이 단지 전용 84㎡ 분양가는 층수에 따라 6억7000만~9억6000만원인데, 인근의 ‘해운대 센트럴 푸르지오’ 분양권 호가인 10억3000만~13억2000만원보다 3억원가량 저렴하다.
다만 지방 대부분의 단지들은 여전히 청약 시장에서 고전하고 있다. 고덕 자이 센트로와 청약 당첨자 발표일이 같아 중복 청약이 되지 않았던 평택시 현덕면 ‘평택화양 서희스타힐스 센트럴파크’는 703가구 모집에 105명이 지원하는 데 그쳐 0.15대1의 저조한 경쟁률을 나타냈다. 3048가구 대단지인 부산 남구 우암동 ‘두산위브더제니스 오션시티’ 역시 1878가구 모집에 1136명이 신청했다. 경남 거제시 연초면에 공급한 ‘거제 한내 시온 숲속의 아침뷰’는 46가구 모집에 신청자가 1명에 불과했다. 윤지해 부동산 R114 수석연구원은 “입지나 가격 면에서 뛰어나지 않으면 지방은 미분양 우려가 높은 상황”이라고 했다."
https://www.chosun.com/economy/real_estate/2021/07/07/RHHTOSLW65CHXHR6OGYPDKCH6Q/,"문재인 정부 들어 집값이 크게 뛰면서 서울 중소형 아파트값이 평균 10억원을 넘은 것으로 나타났다. 중소형 아파트는 전용면적 60㎡ 초과~85㎡ 이하(공급면적 24~34평형)로 신혼부부부터 3~4인 가구까지 실수요자 선호도가 가장 높은 주택형이다.
6일 KB국민은행에 따르면, 지난달 서울의 중소형 아파트 평균 매매가격은 10억1262만원으로 사상 처음으로 10억원을 넘겼다. 현 정부가 출범한 2017년 5월(5억4464만원)과 비교하면 5억원 가까이 올랐다. 상승률로 보면 85% 급등했다.
강남권(한강 이남 11구) 중소형 아파트 평균 매매가격이 11억7628만원, 강북권(한강 이북 14구)이 8억8140만원으로 조사됐다. 강남권 중소형 아파트값은 2018년 8월 8억원을 넘긴 뒤 1년 5개월 만인 작년 1월 9억원을 넘었다. 이후 7개월 만에 10억원, 그 후 다시 5개월 만에 11억원을 돌파했다. 강북권 역시 2019년 8월 평균 6억원대에 진입하고서 11개월 후 7억원을 처음 넘어섰고, 이후 6개월 만에 8억원을 넘기며 상승 추이가 빨라지고 있다.
실거래가도 가파르게 오르고 있다. 구로구 구로동 ‘신도림현대’ 전용 80㎡는 지난 5월 9억3500만원에 팔려 4년 전(4억3700만원)보다 5억원 가까이 올랐다. 노원구 월계동 ‘꿈의숲SK뷰’ 전용면적 85㎡도 지난달 10억3000만원에 팔려 4년 전 가격(5억1800만원)의 두배가 됐다.
서울 아파트값이 계속 오르면서 6억원 이하 아파트도 점차 사라지고 있다. 6억원은 서민·중산층 실수요자가 집을 살 때 저리로 대출받을 수 있는 보금자리론의 기준 금액이다. 부동산 정보업체 부동산114에 따르면 2017년 5월 6억원 이하 아파트 비중은 62.7%에 달했으나 지난달엔 14.4%로 급감했다.
서울 6억원 이하 아파트는 올해 들어서만 8만 가구 넘게 감소했다. 올해 1월 초 25만9785가구에서 지난달 말 17만6186가구로 32.2% 감소했다. 올 상반기에만 6억원 이하 중저가 아파트 3채 중 1채가 사라진 셈이다. 서울 25개 구 중 6억원 이하 아파트 비율이 절반을 넘는 곳은 올해 초만 하더라도 도봉구(67.2%), 금천구(60.2%), 중랑구(58.6%), 노원구(55.4%) 등 네 곳이었지만, 6월 말 기준으로는 도봉구(54.0%)만 남았다."
https://www.chosun.com/economy/real_estate/2023/03/29/DYTE775U55BHRKV5CRKNCWLPTE/,"올해 재개발을 통해 공급되는 분양 물량이 9만 가구로 사상 최대치를 기록할 전망이다.
29일 부동산R114에 따르면, 2023년 재개발·재건축 정비사업을 통한 분양물량은 122개 단지 총 12만6053가구로 2019년(101개 단지 10만1794가구) 이후 4년 만에 가장 많은 물량이 쏟아질 예정이다. 이처럼 정비사업 물량이 크게 늘어난 원인은 저층 주거지에 대한 재개발 사업 공급 효과에 기인한다. 재개발 공급 물량이 71개 단지 9만449가구로 역대 최대로 집계됐다.
올해 예정된 재개발 분양 사업지의 상당수는 경기도 일대에 위치한 것으로 나타났다. 경기도는 전체 24개 단지에서 총 3만4732가구가 공급될 예정이다. 3000가구 이상 대단지로는 성남시 수정구 산성동 산성구역주택재개발(3372가구), 광명시 광명동 광명자이더샵포레나(3585가구), 광명시 광명동 베르몬트로광명(3344가구), 구리시 수택동 e편한세상수택현장(3050가구) 등이 있다.
서울에서는 전체 16개 단지에서 총 1만6356가구가 공급될 예정이다. 동대문구 이문동에 위치한 이문아이파크자이(4321가구), 래미안라그란데(3069가구) 등이 있다.
현재 서울에서 분양되는 아파트의 80~90% 정도가 정비사업을 통해 공급되고 있다. 유휴 토지가 부족한 도심 지역들은 정비사업을 통한 공급량 비중이 지속적으로 늘어날 수밖에 없는 구조다. 건설사 입장에서는 수도권과 부산 등 기반시설이 양호한 도심 핵심지가 사업 추진 리스크가 덜하기 때문이다. 부동산R114는 “재개발 사업은 저층 주거지가 많아 지자체가 요구하는 양적인 주택공급 효과가 큰 만큼 건설사들도 고밀화가 가능한 재개발 사업에 대한 선별 수주를 통해 시장 침체기에 대비할 전망”이라고 분석했다."
https://www.chosun.com/economy/real_estate/2022/07/23/BXIHJUEHARGLFIGN2YNYGCYQDA/,"금리 상승과 주택 매수 수요 감소로 서울 전체 아파트 값 하락 폭이 확대되는 가운데 서초구에선 집값 상승세가 이어지고 있다. 서울에서 아파트 값이 가장 비싼 강남구와 대통령실 이전이 호재가 된 용산구도 하락세로 돌아섰지만, 서초구만 유일하게 집값 하방 압력을 버티고 있다.
22일 한국부동산원에 따르면, 이번 주 서울 주간 아파트 매매 가격은 전주보다 0.05% 하락했지만 서초구는 0.03% 상승했다. 서울 25구(區) 중 아파트 값이 오른 곳은 서초구가 유일하다. 집값이 비싼 서초구와 강남구는 상당수 주택이 주택담보대출이 불가능한 15억원 이상이라 대출 규제와 금리 인상의 영향을 덜 받았다. 그러나 강남구는 실거주 목적보다 투자 개념으로 접근하는 재건축 아파트가 시세를 주도하면서 7월 들어 하락세로 전환했다. 하지만 입주 10년 미만 아파트가 많은 서초구는 실거주 수요자들이 매매·전세 가격을 떠받치고 있다는 분석이다.
서초구가 토지거래허가구역 규제를 피한 것도 집값 상승의 원인으로 꼽힌다. 강남구 삼성동·대치동, 송파구 잠실동 등 토지거래허가구역에선 전세를 끼고 집을 사는 것이 불가능하고, 매수 후 2년간 매매나 임대가 금지된다. 권대중 명지대 부동산학과 교수는 “서초구는 토지거래허가제 적용을 받지 않고, 신축 단지들이 상대적으로 많아 강남권 주택 수요를 흡수하고 있다”면서도 “다만 금리 추가 인상이 예상되고 거래량 회복이 쉽지 않은 상황이어서 서초구만 계속 집값이 오르긴 어려울 것”이라고 말했다.
한편, 이번 주 서울 아파트 매매수급지수는 85.7로 지난주(86.4)보다 0.7포인트 내리며 11주 연속 하락했다. 이는 2019년 7월 15일(85.6) 이후 약 3년 만에 가장 낮은 수치다. 매매수급지수는 부동산원이 회원 중개업소 설문과 인터넷 매물 건수 등을 분석해 수요와 공급 비중을 점수화한 수치로, 기준치인 100을 밑돌면 집을 팔 사람이 살 사람보다 많다는 의미다."
https://www.chosun.com/economy/real_estate/2023/06/23/J3O5AJDTY5GSJMKIAQYKCVC5IY/,"분양가가 주변 시세보다 크게 저렴해 ‘로또’로 불리던 서울 동작구 수방사 부지 공공주택 사전 청약이 255가구 모집에 7만명 넘는 인파가 몰리며 흥행에 성공했다.
23일 국토교통부에 따르면 지난 19일부터 22일까지 진행된 수방사 부지 사전 청약은 7만2000명이 신청하며 평균 경쟁률 283대1로 마감됐다.
특별공급은 176가구 공급에 2만 1000명이 신청해 121대 1을 기록했다. 유형별로는 신혼부부(210대1)와 생애최초(181대1)가 상대적으로 높았으며 노부모 부양(59대1), 다자녀(20대1) 순으로 뒤를 이었다.
일반공급은 경쟁이 더욱 치열했다. 79가구 모집에 5만 1000명이 신청해 645대 1의 경쟁률을 기록했다. 이는 역대 공공분양 중 가장 높은 경쟁률이다.
수방사 부지 공공주택은 전용면적 58㎡의 추정 분양가가 8억7000만원대로, 주변 아파트 시세에 비해 5억원 정도 저렴해 수요자들의 관심이 뜨거웠다. 일각에서는 분양가는 8억원이 넘는데 소득 제한(3인 가구 기준 650만9452원 이하)이 있어 ‘금수저를 위한 로또’라는 비판도 제기됐다."
https://www.chosun.com/economy/real_estate/2022/12/30/HRWIAKPXKVAMPIG6RM547MTFPE/,"정부가 대출과 세제 등 다주택자 규제를 대거 완화하겠다고 예고했지만, 아파트 매수심리는 갈수록 더 얼어붙고 있다.
30일 한국부동산원에 따르면 12월 넷째주(26일 기준) 전국 아파트 매매수급지수는 70.2로 지난주(71.0)보다 0.8포인트 떨어졌다. 2012년 7월 부동산원이 매매수급지수를 조사하기 시작한 이후 가장 낮은 것으로, 5주 연속 역대 최저를 경신했다. 매매수급지수는 기준선인 100보다 낮을수록 아파트를 사려는 사람보다 팔려는 사람이 많다는 뜻이다.
이번주 서울 아파트 매매수급지수도 63.1로 지난주 64.0에 비해 0.9포인트 하락했다. 2012년 7월 첫째주(58.3) 이후 10년 5개월 만에 가장 낮은 수치다. 서울 아파트 매매수급지수는 작년 11월 셋째주(99.6) 이후 1년 넘게 100을 밑돌고 있다.
서울 대부분 지역의 매수 심리가 악화됐다. 은평·마포·서대문구 등이 속한 서북권의 지수가 지난주 58.0에서 이번주 56.3으로 떨어져 서울 5개 권역 중 가장 낮았다. 영등포·양천·동작구 등이 있는 서남권은 61.3에서 60.1로 하락했다. 종로·용산구가 포함된 도심권역 지수는 64.6에서 62.4로 2.2 포인트 내려 하락폭이 가장 컸다. 강남3구(강남·서초·송파구)가 속한 동남권은 지난주 소폭 반등했으나, 이번주는 다시 66.3에서 65.1로 내려앉았다. ‘노도강’(노원·도봉·강북구)이 있는 동북권만 62.2에서 62.3으로 보합 수준을 나타냈다.
아파트 매수심리가 서울에서 가장 낮은 서북권과 서남권에선 실거래가 하락세가 더 가팔라지고 있다. 마포구 공덕동 ‘래미안공덕4차’ 전용 59㎡는 지난 10일 9억6500만원에 거래돼 최고가(14억7500만원)보다 5억원 넘게 내렸다. 서대문구 북아현동 ‘두산’ 59㎡는 지난 7일 최고가(10억700만원)보다 30% 넘게 하락한 6억8000만원에 손바뀜 됐다.
동작구 흑석동 ‘한강현대’ 131㎡는 지난 26일 21억원에 팔렸다. 직전 최고가(27억원)보다 6억원 내린 것이다. 재건축 규제 완화에도 양천구 ‘목동신시가지13단지’ 전용 70㎡는 지난 22일 최고가(16억3500만원)보다 4억원 넘게 하락한 12억원에 거래됐다.
전세 시장 역시 공급 우위가 지속되고 있다. 이번주 서울 아파트 전세수급지수는 60.4로 지난주 61.8에 비해 1.4포인트 하락했다. 전국 아파트 전세수급지수도 70.8에서 70.0으로 내렸다."
https://www.chosun.com/economy/real_estate/2022/09/22/QXAPHV2UJFHLJIPSMQ64EZVYII/,"주택 공급을 가로막는 규제로 지목받던 ‘재건축 초과이익 환수제’의 개선 방안이 다음 주 발표된다.
원희룡 국토교통부 장관은 22일 정부세종청사에서 기자들과 만나 재건축 부담금 감면대책 발표 시기에 대해 “다음 주”라며 “토지주와 건축주의 이익 보장과 적절한 공공부담을 조화시킬 필요가 있다”고 말했다.
구체적인 개선 방안에 대해 원 장관은 “초과이익 산정 시점, 누진 구간 등에 대해서는 시뮬레이션이 필요하다”면서 “폐지하는 것 빼고는 열려있다”고 했다. 그러면서 “1주택자이면서 오래 거주했을 경우 감면을 상당 폭 해줄 필요가 있고, 공공기여 부분에 대해서도 합리적으로 개선할 부분을 고민중”이라고 덧붙였다.
국토부는 지난 21일 세종시를 제외한 지방 전체를 조정대상지역에서 해제하기로 했다. 이 같은 규제 완화에 대해 ‘파격적’이라는 평가가 나오는 것을 두고 원 장관은 “관계부처나 대통령실과 긴밀하게 조율해왔던 사항으로 예상 외라는 반응이 오히려 예상 외”라고 말했다. 통상 반기에 한 번씩 열리는 주거정책심의위원회(주정심)에 대해 원 장관은 “연내 3~4번 열지 말라는 법 없고 연다고 해서 반드시 규제를 푸는 건 아니다”며 추가적인 규제지역 해제나 재지정 가능성도 열어뒀다.
최근 미국 연방준비제도가 이례적으로 세 차례 연속 자이언트 스텝(0.75%포인트 기준금리 인상)을 단행하는 등 긴축을 강화하기로 한 것에 대해 원 장관은 “금리가 오르고 시중 유동성이 줄어들면서 주택담보대출이나 신용대출, 부동산 프로젝트파이낸싱(PF) 대출에 영향을 줄 것”이라며 “부동산 매매 시장이나 공급에 굉장히 큰 하방·긴축 요인이 되겠지만 인위적인 경기 부양책을 쓰는 것은 부자연스럽다”고 말했다."
https://www.chosun.com/economy/real_estate/2021/03/23/2GRZCGCHYBBLJOZXIQXEQETKGQ/,"“공시가격 현실화 정책은 다주택자에겐 징벌적 과세나 다름없다. 집을 잘못 팔았다가는 양도소득세 부담이 만만치 않아 고민이 많을 것이다.”
국세청에서 17년간 근무한 세무 전문가 유찬영 세무사(땅집고 택스클럽 센터장)는 “전문가 도움을 받아 세법의 빈틈을 공략해야 세 부담을 줄일 수 있다”고 했다. 그는 오는 4월 2일 이른바 보유세 폭탄으로 고민하는 다주택자, 상속과 증여를 검토하는 부동산 소유주 대상으로 땅집고가 진행하는 ‘다주택자 절세 전략과 성공적인 증여 방안’을 주제로 강연한다.
유 세무사는 “다주택자가 세금 폭탄을 피하기 위한 선택은 집을 처분하는 것밖에 없지만 양도소득세 등 세금 부담이 워낙 크기 때문에 어렵게 일군 재산을 지키기 어렵다”고 했다. 하지만 그는 “젊은 층 자녀에게 무턱대고 증여하는 것 역시 부모의 세 부담을 자녀에게 떠넘기는 일이 될 수 있어 주의해야 한다”고 했다. 그는 결혼한 30대 자녀에게 집 한 채를 증여하려는 2주택 노부부를 예로 들어 해법을 제시했다. 유 세무사는 “젊은 자녀들이 증여세를 낼 형편이 안 된다면, 세입자에게 전세 놓은 집보다 노부부가 사는 1채를 자녀에게 물려주는 것이 더 낫다”고 했다. 노부부가 그 집에 반전세 세입자로 들어가 보증금으로 증여세를 내는 방식이다. 유 세무사는 “자녀가 반전세 보증금으로 일단 증여세를 낸 뒤 부모에게 월세를 받아 되갚으면 세 부담도 줄이고 재산도 지킬 수 있다”고 했다.
세법의 빈틈을 활용하는 방법도 있다. 증여세는 감정평가액 또는 인근 유사 부동산 거래가액으로 결정되는데 거래가 많지 않은 이른바 나 홀로 아파트라면 거래 사례가 드물어 아파트 공시가격으로 증여세를 낼 수도 있다. 증여 시기에 따라 세금도 달라질 수 있다. 예컨대 거래가 많은 대단지 아파트는 신고가 거래 이후는 피하고, 저렴한 급매물이 팔린 직후 증여하면 증여세를 크게 줄일 수 있다.
다주택자 절세 전략 특강은 오는 4월 2일 오후 2~6시에 진행된다. 다주택자 출구 전략 가족 간 거래를 활용한 절세 전략 부동산의 전략적 증여 방법 자금을 이용한 증여 전략 등 총 4개 강의로 구성된다. 참가비는 15만원이고, 땅집고멤버 홈페이지에 신청하면 된다."
https://www.chosun.com/economy/real_estate/2021/09/27/VHU3QHY2EZCJFASX44PKZI3ZBY/,"서울 강남 한복판에 고품격 주거 상품과 사무공간, 생활편의시설 등을 모두 갖춘 대규모 복합단지가 들어선다. 옛 스포월드 부지인 서울 강남구 역삼동 653-4번지 A1블록에서 ‘원에디션 강남’이 분양 중이다. 지하 5층~지상 20층 3개 동 규모에 전용면적 26~49㎡짜리 도시형 생활주택 234가구와 오피스텔, 근린생활시설, 스포츠시설 등으로 구성된다. 대지면적만 6355㎡로 땅값이 비싼 서울 강남권에서 쉽게 찾기 어려운 규모다. 최근 강남권에서 공급되는 고급 주거시설 대부분 나 홀로 단지인 것과 대조적이다.
◇강남 한복판 랜드마크 단지
원에디션 강남의 핵심 경쟁력은 입지 조건이다. 고급 주거 시설이 많은 언주로와 동서(東西)로 뻗은 봉은사로가 만나는 경복아파트 사거리에 들어선다. 과거 강남권 최대 규모의 스포츠센터로 유명세를 탔던 스포월드가 있던 자리다.
교통환경도 좋다. 강남권 전역으로 이동하기 편리하고, 반포IC를 통해 경부고속도로 진출입도 쉽다. 한남대교·동호대교·성수대교를 이용해 강북 접근성도 좋다. 걸어서 이동할 수 있는 언주역과 선정릉역에서 지하철 9호선과 수인분당선을 탈 수 있고, 버스 교통망도 잘 갖춰져 있다. 신사동 가로수길, 압구정동 로데오, 청담동 명품거리 등 강남의 대표 상권이 가깝다. 코엑스몰, 현대백화점 압구정점·무역센터점, 갤러리아백화점 등 대형 쇼핑시설 이용도 편하다.
최근 서울 강남권의 집값 상승세가 두드러진 상황에서 가격 경쟁력도 갖췄다는 평가도 있다. 분양 관계자는 “분양가를 합리적으로 책정했고, 수요자의 자금 사정에 따라 계약조건을 선택할 수 있는 것도 장점”이라며 “강남 핵심 입지에 소형 고급 주거상품을 찾는 수요자들의 관심이 높다”고 말했다.
◇차별된 디자인의 고급 주거공간
현대엔지니어링이 시공하는 원에디션 강남은 수요자를 위한 맞춤형 특화 설계를 적용한다. 건물 외관은 곡선이 주는 아름다움을 최대한 활용한 디자인으로 차별성을 강조했다. 내부 생활공간은 경제적으로 여유가 있는 젊은 층 수요자의 취향을 적극적으로 반영하는 데 주안점을 뒀다. 가구 배치를 자유롭게 할 수 있도록 거실과 식사 공간, 주방을 하나의 공간처럼 쓸 수 있게 설계하고, 일부 가구에서는 강남 시내를 한눈에 조망하기 좋은 ‘파노라마 뷰’ 설계가 적용된다. 현관을 고급스럽게 만들고, 욕실을 호텔식으로 분리했다. 기본으로 제공되는 주방·욕실가구나 가전제품도 해외 명품 제품으로 설치해 별다른 인테리어 없이도 품격있는 분위기를 낼 수 있다.
원에디션 강남에는 전문 업체가 관리하는 멤버십 피트니스 센터와 골프연습장 등 입주민을 위한 최고급 스포츠 시설이 조성된다. 도시 전경을 보며 파티와 바비큐를 즐길 수 있는 테라스 게스트룸, 입주민 전용 카페, 가구마다 개별 창고도 제공한다. 주차공간이 총 343대로 여유롭다. 기계식이 아닌 자주식(自走式) 주차장이어서 이용이 편리하다. 자주식 주차장은 공간이 많이 필요하기 때문에 땅값이 비싼 강남에서는 대단지 아파트를 제외하곤 드물다.
개인 비서 및 우편·택배 서비스, 호텔·항공 예약 서비스, 문화강좌 등 호텔식 컨시어지 서비스도 준비 중이다. 조식을 포함한 음식 제공과 발레주차·세탁·방문 세차 등 입주민 편의 서비스도 제공할 예정이다. 견본주택은 서울 강남구 신사동 622-5번지에 있다."
https://www.chosun.com/economy/real_estate/2023/03/21/WIHHSASYU5A3BLDZ7OGYHJHAXA/,"서울 성수동에서 필지가 나란히 붙어 있어 공동 개발이 가능한 매물 3건이 오는 31일 현장 설명회를 진행할 ‘성수 컬렉션’에 한꺼번에 매물로 나왔다. 이 3건은 성동구 성수사거리에서 강남구 청담동으로 이어지는 대로변에 있다. 접근성과 가시성이 좋다. 먼저 태광빌딩은 1993년 준공한 지하 1층~5층 규모 근생으로 대지면적 468㎡, 연면적 1147㎡이다. 자주식 주차 10대가 가능하다. 현재 공실로 통임대가 가능하다. 매도 희망가격은 298억원이다.
태광빌딩과 붙은 옆 건물은 대지면적 122㎡, 연면적 216㎡로 매도 희망가격은 78억원이다. 바로 옆 또 다른 건물은 매도 희망가격 64억원으로 대지면적 100㎡, 연면적 107㎡이다. 3건 모두 개별 매수가 가능하지만 한꺼번에 매입해 공동 개발하는 것이 유리하다. 3개 필지를 합치면 총 대지면적은 1470㎡이다."
https://www.chosun.com/economy/real_estate/2024/11/29/ZVHY3TIZMFEMZPUHAAP3UJAEJE/,"국내에서 외국인이 소유한 주택 중 절반 이상은 집주인이 중국인인 것으로 나타났다.
국토교통부가 29일 발표한 ‘외국인 주택·토지 보유 통계’에 따르면 지난 6월말 기준 외국인이 소유한 국내 주택은 9만5058가구로 집계됐다. 지난해 연말보다 3605가구(3.9%) 증가한 것으로, 국내 전체 주택의 0.49%에 해당하는 수치다.
국내에 주택을 소유한 외국인은 총 9만3414명인데, 이중 중국인이 5만2798명(55.5%)으로 가장 많았다. 중국인 소유 주택은 6개월 전보다 2470가구(4.9%) 증가했다. 올해 상반기 증가한 전체 외국인 소유 주택의 69%를 중국인이 사들인 셈이다. 중국인 다음으로는 미국인(2만1360명), 캐나다인 (6225명), 대만인(3307명), 호주인(1894명) 순으로 나타났다.
외국인이 소유한 주택의 72.8%는 수도권에 위치했다. 경기도 소재 주택이 3만6755가구(38.7%)로 가장 많았고, 서울 2만3085가구(24.3%), 인천 9407가구(9.9%) 등 이었다. 시군구별로 살펴보면 경기 부천(4844가구), 안산(4581가구), 수원(3251가구), 시흥(2924가구), 평택(2804가구) 순으로 나타났다.
외국인이 소유한 국내 토지 면적은 6월 말 기준 2억6565만4000㎡로 지난해 말보다 0.4% 늘었다. 전체 국토 면적의 0.26%를 차지한다. 외국인 소유 토지의 공시지가는 총 33조1981억원으로, 6개월 전보다 0.5% 가량 증가했다. 외국인 소유 토지 중 미국인 소유 토지 면적이 53.3%를 차지했으며, 중국인(7.9%), 유럽인(7.1%), 일본인(6.2%) 순으로 나타났다.
토지 소유 외국인 중 55.5%는 교포였으며, 외국 법인은 33.9%, 순수 외국인은 10.4%로 나타났다. 토지 용도별로는 임야·농지 등 기타 용지(67.5%)가 가장 많았고, 공장용지(22.2%), 레저용지(4.5%), 주거 용지(4.2%) 순이었다."
https://www.chosun.com/economy/real_estate/2022/06/03/MRZKVMPHGNG7NKO2XNYUN4DSFM/,"50일 가까이 공사가 전면 중단된 서울 강동구 둔촌주공아파트 재건축 사업에 대해 서울시가 중재안을 내놓았지만, 조합과 시공사 간 입장 차이가 좁혀지지 않고 있다. 조합 측은 서울시 중재안을 받아들이기로 했지만, 시공사업단(현대건설·HDC현대산업개발·대우건설·롯데건설)은 수용 불가 입장을 밝혔다.
둔촌주공 재건축 조합 관계자는 3일 “중재안을 큰 틀에서 수용하기로 결정하고 이런 입장을 2일 저녁 서울시에 전달했다”고 말했다. 서울시가 지난달 말 제시한 중재안은 ‘조합과 시공단은 기존 계약의 유·무효를 더 논하지 않고 기존보다 5600억원 상향된 공사비 3조2000억원에 대해 한국부동산원의 검증을 받아 계약을 변경한다’는 것이 핵심이다. 서울시는 또 조합이 요구하는 마감재 고급화와 도급제 변경 요구를 수용하고, 30일 안에 공사를 재개할 것을 시공단에 권고하기도 했다.
하지만 시공단은 “조합이 법원에 낸 ‘공사도급변경 계약무효확인’ 소송과 공사계약변경을 의결한 총회 결정을 먼저 취소해야 한다”면서 사실상 중재안을 거부하는 의사를 서울시에 전했다. 시공단은 서울시 요청으로 일시 중단한 사업현장 내 타워크레인 철수를 오는 7일부터 재개한다는 방침이다.
둔촌주공 재건축은 국내 최대 규모인 아파트 1만2032가구를 짓는 사업으로 조합과 시공사가 공사비 증액 문제로 갈등을 빚으면서 4786가구에 달하는 일반분양 일정이 지연되고 있다. 공사 중단 사태로 서울 주택 공급에 차질이 빚어지자 서울시와 강동구청, 국토교통부 등이 합동으로 지난달 23일부터 이달 3일까지 둔촌주공 재건축 조합의 운영 실태 전반을 점검하기도 했다."
https://www.chosun.com/economy/real_estate/2022/03/25/LO4S5CSPS5DMROP7KWTRNCOE54/,"윤석열 당선인은 25일 국토교통부의 인수위 업무보고에 참석해 주택 공급 확대, 신규 택지 공급, 임대차 시장 안정, 다주택자 규제 완화, 대출·가계부채 관리 등 부동산 정책 전반을 언급했다. 인수위는 대선 공약인 250만 가구 공급 로드맵을 조기에 구체화하고, 규제 완화를 통해 민간의 주택 공급 역량을 높여달라고 국토부에 주문했다. 부동산 전문가들은 “집값 안정의 중요성을 아는 윤 당선인이 국토부에 사실상 ‘업무 가이드라인’을 내려준 셈”이라며 “국토부 입장에선 부동산 규제 완화에 본격적인 드라이브를 거는 동시에 이에 따른 기대감으로 집값이 들썩이는 것을 막아야 하는 숙제가 생겼다”고 평가했다.
◇안전진단 등 재건축 규제 완화 본격화
윤 당선인은 이날 “수요가 있는 곳에, 수요에 맞는 새로운 공급이 이뤄지는 것이 중요하다”면서 “주택 건축에 대한 규제 완화가 따라와야 한다”고 말했다. 수요에 맞는 공급은 ‘재건축·재개발 활성화’를 언급한 것으로 보인다. 문재인 정부에서 재건축·재개발은 사실상 중단됐고, 서울로 쏠리는 주택 수요가 해소되지 않아 강남권은 물론 서울 외곽 지역과 인접한 수도권 집값까지 연쇄 상승했다.
국토부는 재건축 사업의 ‘첫 단추’인 안전진단 완화 방안을 인수위에 전달한 것으로 알려졌다. 안전진단 때 구조 안정성 가중치를 20%에서 50%로 대폭 올린 규제를 되돌리고, 설비 노후도나 주거 환경에 대한 평가 비중을 높이는 식의 변화가 있을 것으로 보인다. 이는 법 개정 없이 국토부가 시행령·행정규칙을 개정해 가장 빠르게 시행할 수 있다. 김광석 리얼하우스 대표는 “위축된 재건축·재개발 활성화가 필요한 건 맞지만, 새 정부가 규제 완화에만 집착하면 시장에 과도한 기대감이 형성돼 집값이 들썩일 수 있다”고 말했다.
윤 당선인이 대선 과정에서 언급한 용적률 500% 상향 공약은 논란이 예상된다. 국토부는 물론 전문가 사이에서도 “주거지에 용적률 500%를 적용하면 ‘닭장 아파트’가 잔뜩 생기고, 일조권·조망권 침해나 교통 혼잡 등 부작용이 더 많을 것”이라는 지적이 나온다.
국토부는 이날 업무 보고에서 윤 당선인의 핵심 공약인 ‘250만가구 공급’에 대한 실행 방법을 인수위와 협의했다. 윤 당선인이 이날 ‘신규 택지’를 꼬집어서 얘기한 만큼, 수도권에 추가 신도시 개발 등의 가능성도 점쳐진다. 하지만 국토부 내부에선 “250만 가구를 새로 발굴하는 것은 현실적으로 어렵다”는 의견도 있다.
하남교산·고양창릉 등 3기 신도시가 아직 토지 보상도 끝나지 않았고, 전국에 83만가구를 공급하는 ‘2·4 대책’ 발표 후 추진 중인 도심 저층 주거지를 고밀(高密) 개발하는 것도 기대만큼 진척되지 않는 상황이다. 국토부 한 관계자는 “250만가구를 새로 지을 후보지가 있다면 진작 발표했을 것”이라며 “현 정부의 주택 공급 계획과 당선인의 공약을 융합하는 방법을 찾는 게 필요하다”고 말했다.
◇다주택자 양도세 완화 급물살 타나
윤 당선인은 이날 “매매 시장과 임대차 시장의 함수 관계” “무리한 다주택자 규제” 등을 직접 언급했다. 이에 인수위와 관계 부처가 계약갱신청구권 등 주택임대차법 수정과 다주택자 양도세 중과 유예 방안을 논의할 것이라는 관측이 나온다.
2020년 7월 정부·여당이 밀어붙인 새 임대차법 도입으로 전세 시장 불안이 가중되고, 이는 매매 가격까지 밀어올렸다. 윤 당선인은 “임대차법 전면 재검토”를 공약으로 내걸었지만, 법 개정 사항이라 국회 다수당인 더불어민주당의 협조가 필수다.
대표적인 다주택자 규제인 양도세 중과와 과도한 종합부동산세 해법은 시장에 미치는 영향을 면밀히 검토해야 한다는 의견이 많다. 양도세를 일시적으로 줄여줘 다주택자가 보유한 주택을 시장에 매물로 끌어들이는 게 핵심인데, 종부세 등 보유세를 같이 완화하면 기대했던 만큼의 주택 공급 효과를 얻을 수 없기 때문이다. 고종완 한국자산관리연구원장은 “당분간 보유세 강화 기조를 유지하면서 거래세인 양도세부터 먼저 낮추는 게 필요하다”고 말했다."
https://www.chosun.com/economy/real_estate/2024/05/30/YCRYXSD5SNFKXHUJE7HJIGCBWA/,"워크아웃(기업 재무구조 개선) 중인 태영건설이 30일 산업은행 등 채권단과 ‘기업 개선 계획’ 이행을 위한 약정(MOU)을 체결하고 본격적인 관리절차에 들어갔다.
이날 양측이 맺은 약정 문서에는 지난달 금융채권자협의회에서 통과된 기업 개선 계획을 바탕으로 구체적인 이행 계획 등이 담겼다. 태영건설은 TY홀딩스 등 대주주 보유주식을 100대 1 감자하고 워크아웃 전 대여금 4000억원을 100% 출자 전환하는 한편 워크아웃 이후 대여한 3349억원 전부를 영구채로 전환하고, 무담보 금융채권의 50%를 출자전환 할 계획이다. 태영건설의 이행 약정 기간은 2027년 5월 30일까지로, 채권자협의회가 필요하다고 인정할 경우 단축 또는 연장될 수 있다. 태영건설은 약정기간 동안 채권단으로부터 정기적인 이행 점검과 경영 평가를 받게 된다.
태영건설은 우선 다음달 안으로 주식 감자와 주채권의 출자 전환, TY홀딩스 영구채 전환 등을 통한 자본 확충 및 재무구조 재조정을 시행할 계획이다. 또 올해 안으로 2023년 결산 감사의견 거절에 대한 재감사와 한국거래소 심사를 통해 상장폐지 사유를 해소하고 주식 거래를 정상화 할 예정이다. 태영건설 측은 “기업 개선 계획을 성실히 이행해 조속히 재무 건전성을 회복하고 기업 정상화를 실현하겠다”고 밝혔다."
https://www.chosun.com/economy/real_estate/2023/07/05/SSAKHJYYTZBNBIHCILH5BIYPAQ/,"앞으로 세입자의 보증금을 상습적으로 떼어먹은 ‘악성 임대인’ 명단을 안심전세 앱 등에서 쉽게 확인할 수 있다. 국토교통부는 전세 보증금 상습 미반환자 명단 공개를 위한 세부 절차를 규정한 ‘주택도시기금법’ 시행령 개정안을 40일간 입법 예고한다고 4일 밝혔다.
이번에 공개 대상이 되는 악성 임대인은 주택도시보증공사(HUG)가 보증한 전세금을 갚지 않은 경우다. 집주인이 세입자에게 전세금을 돌려주지 않아 HUG가 대신 갚아줬는데, 이후 HUG에도 전세금을 갚지 않을 때다. 이런 경우가 2건 이상이고, 액수가 2억원 이상이면 명단 공개 대상이 된다. 공개되는 정보는 이름과 나이, 주소, 미반환 보증금액 등이다.
개정 주택도시기금법은 올해 9월 29일 시행된다. 다만 명단 공개까지는 2~3개월이 걸릴 전망이다. 고의가 아닌 경제난 등으로 보증금을 돌려주지 못한 임대인에게 소명 기회를 주고, 임대인 정보공개심의위원회에서 공개 여부를 결정하기까지 시간이 걸리기 때문이다. 정보공개심의위원회에서 소명서를 참작해 명단 공개를 결정하면 국토부와 HUG 홈페이지, 안심전세 앱에 신상 정보가 공개된다."
https://www.chosun.com/economy/real_estate/2024/03/11/UXCTHH4KQJFOVAA6PUVVUXYGOE/,"경기도 단독주택 가운데 59.1%는 준공 20년이 지난 노후 주택이며, 노후 주택 소유자 10명 중 7명은 60세 이상인 것으로 나타났다. 단독주택의 노후화가 심화되고 있지만, 노인 가구 비율이 높아 재개발이 지연되고 있다는 지적이다.
10일 주택산업연구원에 따르면, 경기도 내 단독주택은 49만가구(2022년 기준)로, 이 가운데 준공 후 20년 이상이 경과된 주택은 59.1%에 이른다. 30년 이상 된 주택도 32.9%를 차지한다. 이들 단독주택은 1990년대 이전 토지구획 정리 사업으로 소규모(200㎡)로 공급된 토지에 건축된 주택이 많다. 반면 20년 이상 노후 주택 소유주 가운데 60세 이상 비율은 72.6%에 달한다. 주택산업연구원 측은 “노후 단독주택은 도로나 주차장, 공원, 녹지 등 주변 환경이 열악하고, 지진 등의 위험에도 취약하다”며 “규제 완화와 용적률 인센티브 등을 통해 재개발을 활성화할 필요가 있다”고 밝혔다."
https://www.chosun.com/economy/real_estate/2021/05/20/HJ6R2TWDQFFJ3DIRTVI6HSXLRM/,"2006년 처음 추진된 서울 성북구 장위뉴타운은 185만㎡에 달하는 강북 최대 재개발 사업으로 관심을 끌었다. 하지만 15년이 지난 지금도 전체 15개 개발구역의 절반가량이 낡은 저층 주거지로 남아있다. 사업성이 떨어진다는 이유로 박원순 시장 시절 서울시에서 재개발을 취소했기 때문이다. 종로구 사직2구역은 걸어서 10분 거리에 지하철 광화문역이 있을 정도로 입지가 좋지만, 재개발이 장기간 표류한 탓에 주택 노후화가 심각하고 전체 주택의 23%(2019년 기준)가 비어 있다.
2011년 박원순 전 서울시장 취임 후 10년간 주로 강북 지역에 몰려 있던 뉴타운 사업이 대거 취소되고, 재건축·재개발 관련 규제가 강화됐다. 그 결과 강북 지역의 주거 인프라 수준이 극명하게 엇갈리는 양극화가 심화했다. 마포구 아현동, 성동구 왕십리, 성북구 길음동 등 재개발이 성사된 곳은 인기 주거지로 부상하면서 집값도 급등했다. 그러나 재개발이 장기간 지연되거나 취소된 지역 주민들은 열악한 주거 인프라, 기반시설 노후화에 따른 불편과 안전사고 위험에 시달리고 있다. 실제로 장위뉴타운은 길 하나를 사이에 두고 고층 새 아파트촌과 노후 저층 주거지로 갈라져 있다.
재개발 구역으로 지정됐다가 취소되면 해당 지역은 슬럼가처럼 변할 가능성이 크다. 서울연구원이 지난해 서울 내 재개발·재건축 해제 지역 394곳 중 386곳의 실태를 파악한 결과, 절반인 193곳이 후속 대안 사업 없이 방치된 것으로 나타났다.
재개발 취소로 신축 아파트 공급이 무산된 ‘기회비용’도 만만치 않다. 서울시의회의 ‘서울 정비사업 출구전략의 한계 및 개선 방안’ 보고서에 따르면, 2012년부터 2018년까지 서울에서 재개발·재건축이 추진되다가 취소된 지역에 공급할 수 있는 아파트는 24만8000여 가구에 달한다. 올해 1월 기준 서울 아파트 총량(약 127만7000가구)의 약 20%다.
이창무 한양대 교수는 “뉴타운 등 대규모 재개발 사업이 계획대로 추진됐다면 강북 곳곳에 강남을 대체할 수 있는 양질의 주거지가 들어서고, 강남에서 시작된 서울 집값 불안이 지금처럼 심각하지 않았을 것”이라며 “지금이라도 대규모 재개발이 가능한 곳은 민간 주도로 개발할 수 있도록 정부가 길을 열어줘야 한다”고 했다.
지난 18일 찾은 서울 성북구 장위뉴타운은 1980년대와 오늘날이 뒤섞인 듯한 모습이었다. 뉴타운 사업지를 남북으로 관통하는 돌곶이로를 경계로 동쪽엔 새로 지은 고층 아파트가 즐비하고, 서쪽은 낡은 단독주택과 저층 빌라들이 거미줄처럼 얽혀 있다. 애초 전체 지역을 아파트촌으로 재개발하려 했지만, 일부 구역에서 사업이 무산되면서 빚어진 풍경이다. 인근의 한 공인중개사는 “재개발이 안 된 지역은 장마철엔 비가 새고 골목길로 자동차도 못 다닐 지경”이라며 “신축 아파트값이 급등하면서 길 건너 빌라촌 주민들이 느끼는 상대적 박탈감도 상당하다”고 말했다.
서울 뉴타운 중 최대 규모였던 장위뉴타운(185만㎡)은 15개 구역 중 6곳에서 사업이 취소되면서 전체 아파트 공급 규모가 3만 가구 수준에서 1만5000가구로 쪼그라들었다. 재개발 여부에 따라 주민들의 주거 수준은 극명하게 갈라졌다. 장위7구역 신축 아파트 ‘꿈의숲 아이파크’ 전용면적 84㎡는 지난해 연말 13억원에 거래됐지만, 재개발이 취소된 13구역 내 ‘그린빌’ 아파트(전용 84㎡)는 최근 실거래 최고가가 5억4700만원에 불과하다.
◇'반쪽' 전락한 강북 뉴타운
종로구 옥인1구역은 2017년 재개발이 취소된 후 전체 주택의 절반이 빈집으로 방치되며 급속도로 슬럼화가 진행 중이다. 성북구 성북4구역, 용산구 한남1구역 등도 재개발이 취소되며 주민들이 불편을 호소하고 있다.
낡은 주거 지역을 대규모로 개발하면 도로·상수도·전력·통신 같은 기반 시설을 한꺼번에 바꿀 수 있어 주거 환경 개선 효과가 크다. 과거 소규모로 이뤄지던 재개발 패러다임을 바꾼 것이 이명박 전 대통령이 서울시장 시절 도입한 뉴타운 정책이다.
하지만 박원순 전 시장은 2012년 ‘정비 사업 출구 전략’을 들고 나와 정비 구역 683곳 중 394곳의 사업을 취소했다. 표면적인 이유는 장기간 사업이 지연돼 주민 불편이 심각하다는 것이었다. 하지만 당시는 재개발 사업이 지지부진할 수밖에 없었다. 박 시장 취임 초기인 2012년과 2013년엔 보금자리주택이나 2기 신도시 등 공급이 충분했고, 서울 아파트값이 약세를 면치 못했다. 집값 하락기에는 재개발 사업의 수익성이 떨어져 속도를 내기 어렵다.
고종완 한국자산관리연구원장은 “재개발 중단에 따른 공급 부족 여파로 2014년부터 서울 집값이 상승세로 돌아섰지만, 서울시는 정비 사업 억제 기조를 유지했다”며 “공공 재개발 같은 정책을 그때 냈더라면 집값 안정에 큰 도움이 됐을 것”이라고 말했다.
서울시가 재개발 구역을 해제하는 과정에서 무리수를 뒀다는 지적도 끊이지 않는다. 종로구 사직2구역은 2012년 사업 시행을 인가받고 정상적으로 재개발을 추진하고 있었지만, 2017년 서울시가 “역사·문화적으로 보존이 필요하다”며 직권으로 정비 구역을 해제했다. 이에 반발한 조합이 무효 소송을 제기해 승소는 했지만 4년 가까운 세월을 허비했다. 이렇게 주민 동의 없이 해제된 정비 구역이 114곳에 달한다.
◇'공공 주도' 고집 버려야
전문가들은 “집값 안정과 강남·북 격차 해소를 위해 지금이라도 민간 재개발을 다시 활성화해야 한다”고 지적한다. 오세훈 서울시장도 지난 17일 기자간담회에서 “2015년 이후 재개발 신규 지정 없이 지나치게 규제 위주 억제책이 이뤄진 것은 사실”이라며 “그 부분에 대해 완화책을 준비 중”이라고 밝혔다.
지금껏 ‘공공 주도’ 주택 공급을 강조하던 정부 정책 기류에도 변화가 감지된다. 노형욱 국토교통부 장관은 지난 18일 주택 공급 기관 간담회에서 “충분한 사업성이 있고 토지주의 사업 의지가 높은 곳은 민간이 중심이 돼 주택을 공급하는 것이 효율적”이라고 말했다. 심교언 건국대 교수는 “정부가 ‘공공 주도’에 대한 고집을 버리고 서울시와 함께 민간 재개발을 활성화하는 것이 지금의 주택난을 해소할 수 있는 현실적인 해법”이라며 “서울 도심에 대규모로 주택이 공급된다는 확신을 심어줘야 무주택자들의 불안 심리가 누그러질 것”이라고 말했다."
https://www.chosun.com/economy/real_estate/2023/10/10/XQ5TI6H6T5HNVDOBWVEBWLIL6U/,"대한민국을 대표할 최고급 주거 명작을 위한 ‘드림팀’이 꾸려졌다. 서울 서초구 반포동에 35층 2개 동, 총 73가구(아파트 58가구·오피스텔 15실) 규모로 조성되는 ‘더팰리스 73′이 그 주인공이다. 국내 1위 건설사인 삼성물산이 시공사로 참여하고, 글로벌 IT 기업 삼성전자도 힘을 보탠다.
더팰리스 73을 개발하는 더랜드는 최근 시공사로 삼성물산 건설부문을 선정했다고 10일 밝혔다. 삼성물산은 2014년부터 올해까지 10년 연속 국토교통부 시공능력평가에서 1위를 차지하고 있는 대표 건설사다. 앞서 더랜드는 지난 8월 삼성전자와도 성공적인 사업 추진을 위한 전략적 업무협약(MOU)을 체결했다. 삼성전자의 초격차 기술이 집약된 마이크로 LED TV와 데이코 주방가전, LED 사이니지월, 하만 프로페셔널 오디오 등 최고급 전자제품과 사물인터넷(IoT) 기반 서비스 ‘스마트싱스(Smart Things)’에 이르기까지 현존하는 최고의 기술을 적용할 계획이다.
업계에서는 더팰리스 73이 삼성물산∙삼성전자와의 협업을 통해 기존 고급 주거시설과는 차원이 다른 공간을 만들어낼 것이란 전망이 나온다. 최고급을 뜻하는 ‘하이엔드’를 뛰어넘어 ‘하이퍼엔드’라는 표현도 등장했다. 더랜드 관계자는 “사업지 인근 반포 래미안 퍼스티지와 래미안 원베일리로 이어지는 ‘삼성 스카이라인’을 완성하고 그에 따른 시너지 효과도 거둘 최상의 조합이 탄생한 것”이라며, “특히 삼성전자와는 상생∙경영책임을 강화하고 기업의 사회적 책임을 다하기 위한 사회공헌 활동사업도 협력하기로 했다”고 말했다.
더팰리스 73은 세계적인 설계사무소 마이어 파트너스가 건물 내·외관 설계는 물론 평면, 마감재, 동선 기획까지 직접 모든 디테일을 직접 챙겼다. 입주민들의 보안과 사생활 보호를 위해 한 층에 한 세대만 공급한 점도 파격적이다.
단지 주변에는 서래공원과 서리풀 공원, 몽마르뜨 공원, 미도산 등 녹지도 풍부하게 있다. 뿐만 아니라 모든 세대에 가든 테라스를 적용해 서울 도심에서는 경험하기 힘든 휴식 공간을 구현했다.
프라이빗 클럽 형태로 조성되는 커뮤니티 공간은 웰니스, 소셜 등 2개의 콘셉트로 구분된다. 웰니스 시설에는 독립형 스파, 풀과 라운지를 보유한 풀 사이드 클럽 등이 마련된다. 소셜 시설은 선큰(sunken) 구조로 설계된 소셜 라운지 및 파티룸, 쉐프 키친, AV(음악감상·영상시청)룸 등으로 조성된다. 커뮤니티 공간 이용의 편의성을 높일 컨시어지 서비스도 함께 제공된다.
상용 공간은 국내 최대 규모 아트 그룹 OKNP(옛 가나오케이)가 토탈 아트 케어 서비스를 제공해 문화예술 중심 라운지로 조성된다. 인터컨티넨탈 호텔의 최고급 스파 브랜드인 ‘인스파’ 지점도 최초로 개설될 예정이다. 이밖에 미쉐린 스타 셰프가 운영하는 레스토랑도 입점 예정이며, 해외 슈퍼 럭셔리 카 라운지도 추진중이다.
더팰리스 73은 현재 프라이빗 갤러리를 사전 예약제로 운영 중이다. 더랜드 관계자는 “프로젝트의 건축 철학과 의도를 구현해 낸 예술적인 공간으로, 많은 이들의 발걸음이 이어지고 있다”고 전했다."
https://www.chosun.com/economy/real_estate/2021/05/18/IKIH6H3BRFFLNI4Z5Z4QNZDTUQ/,"서울 지역 부동산을 증여받는 사람들의 연령대가 낮아지고 있다. 공시가격 현실화와 세율 인상 등으로 세 부담이 급격히 늘어난 다주택자들이 더 이른 시기에 자녀에게 증여에 나선 영향으로 풀이된다. 지난달엔 서울 부동산 수증인(증여받은 사람) 중 30대 이하가 절반을 넘었다. 정부가 다주택자에게 ‘집을 팔라’는 신호를 보냈지만, 정작 시장에선 ‘부의 대물림’ 속도만 빨라진 셈이다.
17일 부동산 정보업체 직방이 법원 등기정보광장 통계를 분석한 결과, 올해 1~4월 서울 집합건물 수증인은 총 8768명으로 작년 같은 기간(5551명)보다 58% 증가했다. 집합건물은 아파트, 다세대주택, 오피스텔, 상가 등을 포함한다. 전체 수증인 중에서 30대 이하가 차지하는 비율도 지난해 38%에서 올해는 47.4%로 9.4%포인트 증가했다. 4월 한 달 동안은 30대 이하 수증인 비율(50.3%)이 절반을 넘기도 했다.
최근 5년간 서울 집합건물 수증인 연령대는 40~50대 비율이 가장 높았다. 하지만 작년 2분기부터 30대 이하 수증인(43.3%)이 급증하며 비율이 역전됐다. 증여인 나이도 70대 이상에서 50~60대로 낮아지는 추세다. 함영진 직방 빅데이터랩장은 “세 부담에 다주택자가 집을 팔기보단 증여를 선택한 것으로 해석된다”며 “올해 6월부터 다주택자 양도세와 종부세가 더 강화되기 때문에 증여 건수가 계속 증가할 것으로 보인다”고 했다."
https://www.chosun.com/economy/real_estate/2022/01/27/I5M4BR4YSNBT5BTB4J2KJLIR6A/,"DL이앤씨가 작년 건설업계 최대 규모의 영업이익을 달성했다. 대우건설은 창사 이래 최고 영업이익을 냈다고 밝혔다.
DL이앤씨는 27일 2021년도 매출 7조6287억원, 영업이익 9567억원을 기록했다고 공시했다. 영업이익은 건설업계 최대 규모이다. 영업이익률도 12.5%로, 기존 건설업계 최고 수준(7%대)을 뛰어넘었다.
신규수주는 10조5433억원을 기록했다. 특히 4분기에만 5조546억원을 수주했다. DL이앤씨는 “오랜 기간 공들여온 해외 플랜트 시장에서 약 2조원을 수주하며 본격적인 성과를 거두기 시작했다”고 말했다. 올해 신규 수주 목표는 13조6000억원이다.
대우건설은 작년 7383억원의 영업이익을 올려 창사 이래 최고 수준을 기록했다. 전년 동기(5583억원)보다 32.2% 증가한 수치이다.
매출은 8조6852억원이었다. 주택건축사업부문에서 5조9016억원, 토목사업부문 1조4238억원, 플랜트사업부문 8732억원 등이었다.
대우건설은 작년 2만8344가구를 공급해 3년 연속 국내 주택공급 1위를 차지했다. 작년 과천 주공5단지, 흑석11구역 등 총 15개 프로젝트, 3조8992억원의 수주고를 올렸다. 신규 수주는 총 11조830억원이었다.
·"
https://www.chosun.com/economy/real_estate/2021/07/13/YIXC7UFYDVBGDCK3T7ZRX7MJ2A/,"국내 최초 물류 부동산 개발 플랫폼인 스마트물류얼라이언스가 제주도에서 물류센터 개발 부지를 찾고 있다.
부지 면적은 1만평 안팎으로 토지 용도는 계획관리지역이다. 8m 이상 도로에 접하고 대지는 10~15도 정도 경사진 땅이어야 한다. 토지 위치는 제주항에서 반경 10㎞ 이내, 출퇴근시를 제외하고 제주시청까지 자동차로 20분 이내여야 한다. 얼라이언스 협의회 의장인 서용식 콜드트레인팩토리 대표는 “제주도에서는 건물을 10 이상 올리기 힘든 경우가 많다”면서 “땅 모양은 직사각형이면서 경사진 땅이 좋다”고 했다.
토지 매각을 희망하는 개인이나 법인은 이메일 또는 전화로 연락하면 된다."
https://www.chosun.com/economy/real_estate/2023/09/25/M6NVHB6UYVBFXIMYRPTJQKJIEQ/,"정부에서 올해 1월 발표한 아파트 분양권 실거주 의무 폐지 조치가 후속 입법 지연으로 시행이 늦어지면서 한동안 활발했던 분양권 거래가 다시 급감하고 있다.
25일 서울시 집계에 따르면, 지난달 서울 아파트 분양권 거래는 18건으로 전월(30건) 대비 40% 줄었다. 이달 거래량 역시 5건에 불과하다. 아직 신고기간이 한 달 가까이 남아있지만 8월보다 적을 것으로 예상된다.
지난 정부에서 서울을 규제지역으로 지정하고 분양권 전매 규정을 강화하면서 서울 아파트 분양권 거래는 2020년 이후 거의 끊기다시피 했다. 2021년 5월부터는 분양가 상한제를 적용받는 지역에서는 아파트를 최초 분양받은 사람이 최소 2년간 실거주해야 하는 의무가 생기면서 분양권 거래 자체가 금지됐다.
하지만 올해 1월 정부가 강남3구와 용산구를 제외한 서울 대부분 지역을 규제지역에서 해제하고 분양권 전매 규정을 완화하는 한편, 분양가 상한제 적용 주택의 실거주 의무도 폐지하겠다고 밝혔다. 이에 끊겼던 분양권 거래가 되살아나기 시작했다. 3월 2건에 그쳤던 분양권 거래량이 전매 제한 규정이 완화된 4월 39건으로 급증했으며 7월까지 20~40건 수준을 유지했다.
분양권 거래가 다시 줄어들고 있는 가장 큰 원인은 실거주 의무 불확실성이다. 정부 발표 후 8개월이 지나도록 국회 첫 관문인 법안소위조차 넘지 못하고 있다. 야당인 더불어민주당이 투기 수요가 아파트 분양 시장에 뛰어들 수 있다며 반대 입장을 고수하고 있는 것으로 알려졌다. 이달 20일에도 법안소위가 열릴 예정이었지만 일부 의원들이 10분 정도 지각한 것 때문에 무산됐다. 내년이면 총선 국면에 접어들기 때문에 올 연말까지 법이 국회를 통과하지 못하면 실거주 의무 폐지 시도 자체가 무산될 것이란 전망도 나온다.
정부에 따르면 실거주 의무를 적용받는 단지는 전국 66개 단지, 4만4000여 가구에 달한다. 실거주 의무가 폐지되지 않으면 이들 아파트에 당첨된 사람들 중 당장 입주 계획이 없었던 사람도 급히 잔금을 마련해야 할 상황에 처할 수 있다. 반대로 내 집 마련을 위해 분양권을 매수한 사람의 경우, 최초 분양받은 매도인이 실거주 의무를 지킬 수 없게 되면서 분양 및 전매 계약이 모두 취소될 우려도 있다."
https://www.chosun.com/economy/real_estate/2022/07/27/HFNWHPJM2BBLZCD3WJW6JOKIXI/,"올해 상반기 전국에서 땅값이 가장 많이 오른 곳은 서울 성동구와 부산 해운대구로 나타났다. 시·도 중에선 세종시의 상승률이 가장 높았다.
26일 국토교통부에 따르면, 올해 상반기 전국 땅값은 평균 1.89% 상승했다. 작년 하반기(2.11%)보다 0.22%포인트 내린 수치다. 전국 17시도의 땅값이 모두 오른 가운데 세종이 2.55%로 상승률 1위를 차지했다. 이어 서울(2.29%), 대전(2.04%), 경기(1.99%), 부산(1.91%) 순이었다. 수도권이 평균 2.12% 오른 데 비해 지방의 오름폭은 1.51%에 그쳤다.
시·군·구 단위에서는 서울 성동구와 부산 해운대구가 2.94%로 최고 상승률을 기록했다. 국토부는 “서울 성동구는 성수동을 중심으로 상권이 활성화되면서 투자 수요가 지속하고 있고, 해운대구는 옛 해운대역 인근에 생활형 숙박 시설 및 공동주택 부지 수요가 증가하면서 땅값이 올랐다”고 설명했다.
3기 신도시(교산지구)가 들어서는 경기 하남시(2.77%)와 GTX(수도권광역급행철도) C 노선이 지나는 인덕원역 주변 투자 수요가 많은 안양 동안구(2.77%)도 상대적으로 높은 상승률을 보였다.
건축물에 딸린 부속 토지를 뺀 순수 토지 거래량은 작년 같은 기간보다 18.3% 감소한 53만5000필지(897.4㎢)로 집계됐다. 광주(-37.4%), 대구(-19.9%), 대전(-18.8%)의 감소 폭이 특히 두드러졌다."
https://www.chosun.com/economy/real_estate/2024/03/27/PFXBOZM4QVDZXGAJDWTXB4OAQQ/,"경기도 군포시 ‘신혼희망타운’ 사전 청약에 당첨된 신혼부부 약 1000쌍은 최근 다음 달로 예정된 본청약이 2027년으로 3년 미뤄진다는 통보를 받았다. 젊은 층의 ‘패닉 바잉’ 열풍으로 수도권 아파트 값이 무섭게 치솟던 2021년 사전 청약에 당첨, ‘몇 년만 기다리면 내 집에서 산다’며 안심했던 신혼부부들은 본청약을 불과 2주일 앞두고 날벼락을 맞았다. 한 사전 청약 당첨자는 “다음 달 계약금을 내려고 전세 보증금을 빼고 오피스텔 월세로 이사했는데 본청약이 3년이나 밀리다니 피해가 크다”고 말했다. 본청약 일정이 꼬이면서 입주 시점도 늦춰질 가능성이 커 신혼부부들의 내 집 마련 계획에도 차질이 불가피할 전망이다.
사전 청약은 통상 아파트 착공 즈음에 진행하는 청약 접수를 1~2년 정도 앞당겨 하는 것으로 당첨자는 본청약 때 먼저 계약할 기회를 받는다. 그러나 주택 조기 공급을 통한 부동산 시장 안정이라는 도입 취지와 달리 무리한 사전 청약 실시로 본청약이 파행을 빚으면서 무주택 서민들만 피해를 본다는 지적이 나온다. 실제로 사전 청약 가구 중 절반 이상이 예정된 일정에 본청약을 진행하지 못한 것으로 나타났다.
◇”계약하려고 전세금 뺐는데…” 청약 연기 ‘날벼락’
27일 한국토지주택공사(LH)에 따르면, LH는 최근 경기도 군포대야미 A2 블록 신혼희망타운 사전 청약 당첨자들에게 4월 진행하려던 본청약이 2027년 상반기로 미뤄진다는 내용의 안내문을 발송했다. 아파트가 들어설 부지에 345kV(킬로볼트) 특고압 전력선이 지나는 송전탑이 있는데, 송전선로를 땅에 묻거나 다른 부지로 옮기는 공사에 3년 이상이 걸린다는 이유였다. 해당 단지는 신혼부부 특화형 공공주택으로 총 1511가구 중 952가구를 대상으로 2021년 10월 사전 청약을 받았다.
문제는 이런 연기 통보가 본청약 불과 2주 전에 이뤄진 것이다. 한 사전 청약 당첨자는 “계약금을 마련하려고 최근 아내가 직장을 그만두고 퇴직금을 받았는데 날벼락을 맞았다”고 했다. 다른 신혼부부는 “송전선로 문제가 갑자기 생긴 것도 아닌데 사전에 지연 가능성을 알리지 않은 것이 이해되지 않는다”고 했다. LH는 “송전선로를 옮기는 과정에서 한국전력과 이견이 생겨 공사가 지연됐다”며 “공사 기간을 단축해 청약 당첨자들의 불편을 최소화하겠다”고 밝혔다.
사전 청약은 2009년 보금자리주택에 처음 도입됐다가 흥행에 실패해 폐기됐다. 사전 청약 이후 토지 보상 등에 시간이 걸리고, 아파트 건설이 하염없이 미뤄지면서 사전 청약 당첨을 포기한 사람이 많았기 때문이다. 그러나 문재인 정부는 서울과 수도권에 주택 공급 ‘시그널’을 보내 집값을 안정시키겠다며 2020년 ‘8·4 부동산 대책’을 통해 사전 청약을 다시 도입했다. 당시에도 단기간에 주택 공급이 어려운 상황에서 민심 달래기용 ‘미봉책’이라는 비판이 나왔다. 실제로 주민 보상이나 기반 시설 협의가 제대로 되지 않은 상태에서 무리하게 사전 청약을 시행한 탓에 본청약이 줄줄이 밀리는 단지가 계속 나오고 있다.
◇사전 청약 가구 절반 이상이 본청약 ‘연기’
2021년 사전 청약 후 올해 1월까지 본청약 일정이 도래한 27개 단지 1만4009가구 중 절반이 넘는 15개 단지 7398가구의 본청약이 애초 예정보다 연기됐다. 1026가구 규모의 성남복정2 A1은 작년 5월 본청약이 실시돼야 했으나, 기존 주민들이 이주를 반대하고 보상을 거부해 2026년 7월로 본청약이 밀렸다. 2000여 가구 입주가 예정된 남양주진접2 4개 지구는 문화재 발굴 조사를 이유로, 의왕월암 A1·A3(1316가구)는 부지에서 법정 보호종인 맹꽁이가 발견되면서 본청약이 미뤄졌다.
본청약 일정에 맞춰 자금 마련 및 이사 계획을 세웠던 사전 청약 당첨자들은 손해를 볼 수밖에 없다. 그러나 사전 청약 당첨자는 법적으로 계약을 체결한 게 아니라 ‘예약’을 한 상태여서 손해를 구제받을 방법도 없다. 고준석 연세대 상남경영원 교수는 “시장 안정이라는 제도 취지를 달성하지 못하고 무주택 실수요자들에게 ‘희망 고문’만 하고 있다”며 “사전 청약 제도를 계속 유지하는 게 맞는지 의문”이라고 했다."
https://www.chosun.com/economy/real_estate/2024/09/20/I25XCDRG3NDUHGEJKYL3CIPBUI/,"첨단 해양 레저 복합단지 경기도 시화MTV(멀티테크노밸리) 거북섬에 들어서는 ‘시화MTV 푸르지오 디오션’<조감도>이 반려동물 친화 콘셉트를 내세워 수요자들의 눈길을 끌고 있다. 대우건설이 시흥시 정왕동 2715번지에 짓는 시화MTV 푸르지오 디오션은 지하 2층~지상 최고 35층 8동(棟)에 아파트 400가구와 오피스텔 584실, 상업시설 120실로 구성된다. 오피스텔 전체가 서해 조망이 가능하고, 테라스 특화 설계가 적용됐다. 서울지하철 4호선과 수인선이 지나는 오이도역을 이용하기 쉽다.
단지는 펫(pet)서비스 전문기업 ‘위드랜드’와 함께 계약자·입주민을 위한 전용 멤버십 혜택을 제공한다. 반려동물 동반이 가능한 호텔·리조트 숙박권을 비롯해 위드랜드가 운영하는 시설에서 반려견을 위한 미용, 카페, 아카데미 같은 서비스도 이용할 수 있다. 시흥시 배곧동 299-1에 견본주택이 있다."
https://www.chosun.com/economy/real_estate/2022/05/17/QJXKZEJXNZGLPCPE5GBK4CPR2I/,"GS건설 계열인 부동산종합서비스기업 자이S&D(자이에스앤디)가 서울 동대문구 신설동에서 ‘신설동역 자이르네’ 도시형생활주택을 분양 중이다. ‘신설동역 자이르네’는 지하 4층, 지상 최고 20층 3개동, 전용면적 42~45㎡ 도시형생활주택 143가구와 전용면적 35~55㎡ 오피스텔 95실, 근린생활시설로 이뤄진다. 오피스텔, 근린생활시설도 분양 중이다.
‘신설동역 자이르네’ 도시형생활주택은 GS건설 ‘자이’(Xi)를 적용하고 소형 아파트 평면 구조와 시스템을 적용한 것이 눈에 띈다. 일부 가구는 복층과 테라스 설계를 적용해 공간 활용도를 높였다. 기존 도시형생활주택 법정 주차대수보다 많은 세대당 1대꼴로 주차장을 확보했다.
각 가구에는 발코니 확장 공사와 시스템에어컨을 무상 제공하며 계절창고를 넣어 공간 활용도를 높인다. 집 안에 설치한 ‘자이 스마트홈’ 시스템을 활용해 단지 내·외부에서 조명이나 난방을 일괄 제어할 수 있다. 커뮤니티시설로는 피트니스센터, 휴게마당(2곳), 운동마당 등을 넣는다.
‘자이 에너지 관리 시스템’이 24시간 작동해 전기·가스·수도 등 사용량을 체크하고 관리한다. 입주민 안전을 위해 ▲고화질CCTV ▲엘리베이터 방범 핸드레일 ▲동체감지기 ▲방범형 도어폰 ▲지하주차장 비상콜 버튼 ▲차량번호인식 주차관제시스템 등 보안 시설도 넣는다.
‘신설동역 자이르네’는 지하철 1·2호선과 경전철 우이신설선 등 3개 노선이 지나는 신설동역 9번 출구 바로 앞에 ‘트리플 역세권’이다. 왕산로와 천호대로, 내부순환도로가 가깝다. 동부간선도로와 북부간선도로 역시 이용할 수 있다. 입주 예정시점은 2024년 11월이다.
분양 관계자는 “신설동역 자이르네 도시형생활주택 계약금은 분양가의 10%이고, 중도금 무이자 혜택을 제공해 초기 자금 부담을 크게 낮췄다”며 “기준 금리가 연 1.5%까지 오르고 주택담보대출 고정금리까지 치솟는 상황에서 중도금 무이자 단지에 대한 수요자 관심이 높다”고 했다.
‘신설동역 자이르네’ 견본주택은 서울시 동대문구 용두동에 있다."
https://www.chosun.com/economy/real_estate/2022/08/16/DTUXVCZHNNAVJI4TQ42CPPAC2I/,"전국적으로 집값 하락 우려가 커지면서 외지인이 아파트를 매입하는 ‘원정 투자’ 거래 비율이 16개월 만에 최저 수준으로 하락했다.
15일 한국부동산원의 매입자 거주지별 아파트 매매거래 현황에 따르면, 지난 6월 전국에서 매매된 아파트 거래 2만8147건 중 다른 지역 사람이 매수자인 거래가 26.9%(7568건)로 집계됐다. 작년 2월(26.8%) 이후 가장 낮은 수준이다.
외지인 아파트 거래 비율은 전국적으로 집값이 들썩이던 작년 9월 33.8%까지 치솟았다가 시중 금리가 오르고 대출이 까다로워지면서 하락하기 시작했다. 올해 대선 직후 부동산 규제 완화 기대감이 살아나며 3~4월에 잠시 30%대를 회복했다가 5월(29.5%)부터 다시 30%를 밑돌고 있다.
서울에 살지 않는 사람이 서울 아파트를 매수한 비율도 지난 3월 대선 효과로 26.0%까지 올랐다가 6월에는 19.6%로 하락했다. 서울 거주자가 서울이 아닌 다른 지역 아파트를 사들인 비율은 6.9%로, 2020년 11월(6.1%) 이후 최저를 기록했다. 박합수 건국대 부동산학과 겸임교수는 “금리 인상 여파로 집값 하락세가 본격화하면서 원정 투기 수요도 줄어든 것”이라며 “올 연말까지는 이 같은 추세가 지속할 것으로 보인다”고 말했다."
https://www.chosun.com/economy/real_estate/2021/11/09/JKJ6CUAJGZAIFOHLWDBVLWML6A/,"예비 건축주를 성공으로 이끄는 멘토 역할을 해 온 땅집고가 ‘리모델링 마스터 클래스 3기’와 ‘시공실전 마스터클래스 2기’ 과정 수강생을 모집한다.
오는 11월30일 개강하는 ‘리모델링 마스터 클래스 3기’ 과정은 꼬마빌딩 리모델링을 준비하는 건축주라면 반드시 갖춰야 할 기본 지식과 실무 노하우를 배운다. 총 8회 강의하며 케이스 스터디 중심으로 운영한다. 리모델링 현장을 직접 찾아가 성공 노하우를 배우는 현장 스터디도 2회 진행한다. 김종석 AT쿠움파트너스 대표가 ‘성공적인 리모델링 건축기획 노하우’, 현상일 구도건축 소장이 ‘리모델링 증축설계와 인허가 전략’을 각각 소개한다. 공실률 줄이는 임대 전략, 절세 노하우 등도 소개한다. 수강료는 160만원이다.
‘시공실전 마스터클래스 2기’ 과정은 건축 시공을 앞둔 건축주를 대상으로 한 실무형 강의다. 공사를 시행하면 되돌리거나 바꾸기 힘들어 큰 부담을 느끼기 쉬운 시공 과정에 대한 필수 정보와 실무 지식을 제공한다. 현장소장이나 작업자와 효율적 의사 소통 방법도 알려준다. 오는 12월 1일부터 총 5회 강의하며 현장 스터디 1회를 포함한다. 수강생에게 개별 상담 1회(시공 견적서는 별도) 무료 제공하고 시공 전문기업도 연결한다. 수강료는 120만원이다. 두 과정 모두 오는 19일까지 사전예약하면 20만원 할인해 준다. 홈페이지(www.zipgobuild.com)에서 신청하면 된다. (02)724-6396."
https://www.chosun.com/economy/real_estate/2020/12/13/GW66ANL2QZHWJILRUXBLZHHYDM/,"서울 강남에서 시작해 강북→지방으로 옮겨붙었던 집값 상승세가 다시 서울 강남으로 돌아올 조짐이 나타나고 있다. 한동안 주춤하던 강남 아파트값 상승률이 다시 커지고, 강력한 규제에도 강남 아파트를 ‘사겠다'는 사람이 ‘팔겠다'는 이보다 많아졌다. 강북·지방 아파트값 상승이 강남 아파트값을 밀어 올리는 ‘역(逆)풍선효과’가 나타나고 있다는 분석이 나온다.
13일 한국부동산원에 따르면 지난주 서울 ‘아파트 매매수급지수'는 102.2를 기록해 전주(100.2)보다 2포인트 높아졌다. 이 지수는 0~200 사이로, 기준선인 100보다 높으면 집을 사겠다는 사람이 팔겠다는 사람보다 많다는 의미다. 특히 지난주엔 강남 4구(강남·서초·송파·강동) 매매수급지수가 103.1을 기록해 지난 9월 이후 11주 만에 기준선(100)을 넘어섰다.
강남권 아파트값 상승 폭도 커지고 있다. 강남 4구 아파트값은 8월 둘째 주 이후 보합(0%)을 유지하며 진정세를 보였지만, 지난달 중순 이후부터 다시 상승하기 시작했다. 이후 주간 상승률은 0.01%→0.02%→0.03%로 오르다, 지난주엔 0.04%을 기록했다. 도심·동북·서북 등 다른 4개 권역 상승률을 모두 앞지른 것은 7월 첫째 주 이후 약 5개월 만이다.
현재 강남권은 15억원 넘는 초고가 아파트에 대한 대출 금지, 토지거래허가구역, 보유세 급등 등 정부 규제에 겹겹이 싸여 있다. 그럼에도 최근 다시 오르는 이유는 지방 집값 상승과 함께, 다(多)주택자 세금 부담이 현실화하면서 ‘강남의 똘똘한 한 채’ 심리가 커지고 있기 때문이라는 분석이다.
실제 강남권에선 재건축 아파트를 중심으로 신고가(新高價)에 거래되는 단지가 잇달아 나오고 있다. 강남구 개포동 ‘개포주공6단지’(전용면적 73.02㎡)는 지난달 21일 23억원에 거래돼 9월(20억3000만원)보다 3억원 가까이 올랐다. 대치동 ‘한보미도맨션’(84.96㎡)도 이달 7일 24억5000만원에 계약돼 최고가 기록을 갈아치웠다."
https://www.chosun.com/economy/real_estate/2023/10/25/3XAO7E5APREV5LVKFS3PF7BWAE/,"지난 3분기 전국 땅값이 평균 0.3% 오르며 전 분기보다 상승률이 커졌다. 특히 전국 250개 시군구 가운데 반도체 클러스터 조성 계획이 발표된 경기 용인시 처인구가 2.15% 올라 가장 높은 상승률을 기록했다.
24일 국토교통부와 한국부동산원에 따르면, 올해 3분기 전국 지가(地價)는 전 분기보다 0.3% 상승했다. 전국 지가 상승률은 2010년 4분기 이후 꾸준히 상승했지만, 올해 1분기에는 고금리 영향으로 전 분기보다 0.05% 내려 12년 6개월 만에 하락 반전했다. 그러나 올해 2분기 다시 0.11% 상승했고, 3분기에는 상승 폭이 더 커졌다.
지역별로는 17개 시도 중에선 서울(0.44%)이 가장 크게 올랐고, 경기(0.36%), 세종(0.34%)도 전국 평균보다 많이 올랐다. 시군구별로는 삼성전자가 300조원을 투자해 반도체 클러스터를 조성하기로 한 경기 용인시 처인구가 2.15% 올라 가장 높은 상승률을 기록했다. 이어 경기 성남시 수정구(1.14%), 경북 울릉군(1.03%), 대구 군위군(0.86%), 서울 강남구(0.85%) 순이다.
다만 토지 거래량은 내림세다. 올해 3분기 건축물 부속 토지를 제외한 순수 토지 거래량은 16만1000필지로 전 분기 대비 15.1%(2만9000필지), 1년 전보다는 24.5%(5만2000필지) 줄었다."
https://www.chosun.com/economy/real_estate/2023/08/08/K3TXPH5Y3ZG77DIBBUO4NGNPEM/,"한국 대표 휴양지인 강원도 속초에서 테라스를 갖춘 게스트하우스 ‘위드유’가 45억원에 매물로 나왔다. 고속버스터미널 맞은 편에 있어서 대중교통 접근성이 뛰어나고, 커뮤니티 공간과 객실을 갖춰 워케이션 용도 등으로 사용하기에 좋다.
이 매물 중개는 땅집고옥션 운영사인 BTG중개법인이 담당한다. 이 건물은 대지 1045㎡(316.11평), 연면적 905.32㎡(273.86평) 규모다. 2개 필지에 지하 1층~지상3층 규모 본관, 지상 1층 별관으로 이뤄졌다. 본관은 일반상업지역으로 숙박시설과 근린생활시설로 이용 중이다. 별관은 일반상업지역과 2종 일반주거지역으로 주택이다.
위드유는 2016년 숙박시설로 전면 리모델링해 준신축급이다. 본관에는 더블룸과 트윈룸, 트리플룸 등 총 22개 객실이 있다. 최대 57명 수용 가능하다. 별관에는 디럭스 트리플룸과 스위트 패밀리룸, 벙크트윈룸 등 총 5개 객실이 있으며 최대 17명 수용할 수 있다. 지하 1층과 4층은 커뮤니티 공간으로 활용 가능하다. 외부에는 주차장과 테라스가 있다.
위드유는 속초 고속버스터미널 바로 맞은편에 있어 대중교통을 이용한 관광객 수요가 풍부한 편이다. 대로변에 있어 눈에 잘 띄고, 아고다·호텔스닷컴 등을 통한 외국인 관광객 예약이 많아 객실 점유율도 높다. 속초해수욕장까지는 도보로 5분 거리다. 설악산과 아바이마을, 속초항, 대포항, 청초호 등 속초 주요 명소도 대중교통으로 편리하게 이동할 수 있다. 버스터미널이 가깝고, 객실과 커뮤니티 공간을 두루 갖춰서 사옥이나 워케이션 장소로 활용하기 적합하다
정을용 BTG부동산중개법인 대표는 “주변 시세와 비교하면 가격 경쟁력이 확실한 매물로 보인다”며 “지하 공간과 지상 4층(전용40평)에 다른 시설을 유치하면 추가 수익을 낼 수도 있다”고 했다."
https://www.chosun.com/economy/real_estate/2020/12/29/Q7CREH4ZKJC4DBO57ZQDBGVUQQ/,"㈜한양은 새 대표이사(부회장)에 김형일<사진> 전 현대건설 부사장을 내정했다고 28일 밝혔다.
▲엠디엠플러스▷부사장 문순애
▲한국자산신탁▷전무 백진혁▷상무 이규만
▲삼우종합건축사사무소▷부사장 손창규▷전무 정찬헌 이상규▷상무 송명규"
https://www.chosun.com/economy/real_estate/2023/11/17/32EON5EW3VHHLAC5YSQCUVYAAE/,"올해 생애 처음으로 주택을 구매한 사람이 가장 많은 지역은 경기 화성과 인천 서구, 경기 평택으로 나타났다. 대규모 아파트가 공급 중이고, 첨단 사업이 몰리면서 젊은 층의 주거 선호 지역으로 새롭게 떠올랐다는 분석이다.
17일 부동산인포가 대법원의 소유권이전등기 신청 매수인 현황을 분석한 결과, 올해 전국 시·군·구에서 생애 첫 부동산 구입이 가장 많은 지역은 경기 화성으로 1만3342건에 달하는 것으로 집계됐다. 이어 인천 서구(1만2326건), 경기 평택(8526건) 순으로 나타났다. 부동산 경기가 얼어붙었던 지난해에도 인천 서구(9745건), 경기 평택(6063건), 화성(6024건) 등 세 지역에 생애 첫 주택 매수자가 가장 많았다.
이 지역에 생애 첫 주택 매수자가 몰린 것은 양질의 주택 공급이 많았고, 부가 가치가 높은 일자리가 밀집해 있기 때문으로 풀이된다. 평택은 작년부터 고덕신도시 등에 1만2960가구가 입주했고, 화성도 동탄2신도시를 중심으로 2만234가구가 입주했다. 삼성전자가 고덕과 동탄 인근에 각각 반도체 생산라인을 가동하고 있어 이른바 ‘반세권’ 입지를 누릴 수 있다. 인천 서구 역시 작년부터 올해까지 3만1751가구가 집들이를 했고, 하나금융그룹 통합데이터센터가 준공된 외에 청라 그룹헤드쿼터가 추가로 들어설 예정이다.
이 지역은 집값 회복세도 전국 평균보다 빨랐다. 한국부동산원에 따르면, 11월 첫 주 화성 아파트값은 6월 첫 주 대비 7.7% 올랐고, 인천 서구와 평택도 같은 기간 1.7%, 1.6% 상승해 전국 평균 상승률(0.94%)을 웃돌았다. 부동산인포 권일 리서치 팀장은 “최근 2년 동안 부동산 시장이 위축됐던 시기임에도 주거 여건이 좋고, 결국 집값이 오를 것이라고 판단한 수요자들이 인천 서구와 화성, 평택을 매수에 적극 나선 것 보인다”라며 “향후 이들 지역에 기업들이 추가로 몰리고, 브랜드 아파트도 꾸준히 공급될 전망이라 관심이 이어질 것”이라고 했다."
https://www.chosun.com/economy/real_estate/2021/01/06/62GRVYCOHZCEFLIEYOUZW7PFAY/,"문재인 대통령이 5일 “혁신적이고, 다양한 주택 공급 방안을 마련하겠다”고 언급한 데 이어 변창흠 국토교통부 장관은 “민간과 협력해 국민이 원하는 분양 아파트 위주로 공급하겠다”는 방침을 밝혔다. 변 장관은 이날 오후 ‘주택 공급 기관 간담회’를 열어 “주택 공급 확대는 공공(公共)의 역량만으로는 이뤄질 수 없다”고도 말했다. LH(한국토지주택공사)를 앞세운 공공 주도 공급과 임대주택 확대를 강조해온 정부의 주택정책 기조에 변화를 예고한 것이다.
◇”신규 공급은 국민이 원하는 아파트 위주로”
변 장관은 이날 온라인 영상회의로 진행된 간담회에서 “공공 주도 일변도의 공급 방식에 대한 우려가 있는 것을 안다”며 “수요자들이 선호하는 입지에 충분한 물량의 고품질 주택을 민관 협력을 통한 패스트트랙으로 공급하겠다”고 강조했다. 정부 관계자는 “변 장관이 취임사에서 ‘설 전에 주택 공급 방안을 발표하겠다'고 밝혔지만 이르면 이달 안에 발표할 수 있게 준비 중”이라고 말했다.
변 장관은 수도권을 비롯해 지방 대도시에서 지하철 역세권과 준공업지역, 빌라촌 등 저층 주거지를 고밀 개발하는 구체 방안을 준비하고 있다. 지하철 역세권 범위를 현재 반경 350에서 500로 늘리고, 용적률도 평균 160%에서 300%까지 완화하는 것이 유력하다. 준공업지역에서는 주거와 산업시설이 혼재하는 ‘앵커 시설’을 조성한 다음, 그 주변부를 개발하는 방식이 추진될 전망이다. 산업 부지 비율을 낮추고 주거 시설의 용적률을 올리면 더 많은 주택을 공급할 수 있다는 것이다. 서울 내 준공업지역은 시 전체 면적의 3.3%(1998만㎡)로 영등포구·구로구·금천구 등에 집중돼 있다.
정부가 준비 중인 공급 대책에는 변 장관이 교수 시절부터 주장해 온 ‘공공(公共) 자가주택’ 공급 방안도 포함될 전망이다. 주변 시세의 50~60%에 공급되는 공공 자가주택은 토지 소유권이 아닌 건물만 팔아 분양가를 낮추는 토지임대부 주택, 집주인이 나중에 공공기관에 집을 되파는 환매조건부 주택 등이 있다. 변 장관은 이날 간담회에서 “신규 주택은 분양 아파트를 중심으로 공급해야 하지만, 소비자의 선택권 확보를 위해 공공 자가주택과 공공 임대주택을 혼합 공급할 필요가 있다”고 설명했다.
◇집값 잡기에 ‘올인’한 정부, 민간에 협력 요청
정부가 주택 공급 확대에 민간과의 협력을 강조하고 나선 데는 정치적 고려도 작용한 것으로 보인다. 대통령과 여당의 지지율 동반 하락 배경에는 부동산 정책 실패로 인한 민심 이반이 가장 크다는 판단 때문이다. 집값 안정을 위해서는 주택 공급 확대가 필요하고, 공공 주도 방식만으로는 한계가 있다는 것을 인정한 것이다. 김승배 한국부동산개발협회 회장은 “지난 10년간 국내 주택 공급 총량의 82% 정도를 민간이 해왔다”며 “이번 정부 들어 민간의 주택 공급 역할만 정상적으로 가동됐어도 최근의 주택난은 안 일어났을 것”이라고 말했다.
이날 변 장관이 주재한 간담회에는 한국주택협회·대한주택건설협회·한국부동산개발협회 등 민간단체 대표들도 참석했다. 한 참석자는 “정부가 주택 공급 확대를 통한 집값 잡기에 ‘올인’하고 있다는 느낌을 받았다”며 “민간 건설사와 디벨로퍼 업체 대표를 주택 공급 기관으로 인정해 (간담회에) 불렀다는 것만 봐도 정부의 ‘인식 변화’로 인정할 부분”이라고 말했다. 국토부 관계자는 “정책 수립 과정에서 민간을 포함해 외부 기관의 의견을 수렴하는 것은 통상적인 업무지만, 장관이 직접 나서는 것은 드물다”고 말했다. 다만 재건축·재개발 규제 완화에 대한 언급은 없었다.
한국주택협회 등 건설업계 참석자는 변 장관에게 신규 주택 건설 활성화를 위해 HUG(주택도시보증공사)의 분양가 관리, 임대주택 관련 세제·금융 지원, 건축 관련 규제 개선이 필요하다는 의견을 제시했다. 변 장관은 “민간의 공급을 위축시키는 규제가 있다면, 개선 사항을 적극적으로 검토하겠다”고 약속했다."
https://www.chosun.com/economy/real_estate/2023/05/01/Z7CORIWEJBFB7EQZSWBP4K7I7U/,"30일 서울 시내 한 부동산 공인 중개사무소에 월세 100만원 넘는 오피스텔 매물 광고가 붙어 있다. 최근 전세사기가 잇따르고, 전셋값 하락으로 계약 만료 후 집주인이 세입자에게 보증금을 돌려주지 못하는 ‘역전세’ 우려가 커지면서, 보증금을 낮추고 월세를 높이려는 임차인이 많다. 지난 1분기에는 월세 100만원 이상으로 거래된 소형(전용면적 60㎡ 이하) 오피스텔이 역대 처음으로 1000건을 넘었다."
https://www.chosun.com/economy/real_estate/2023/01/27/4WEEQZ3V55CHZFVQYSUJ2UH36Q/,"땅집고 건축주대학이 26기 과정 수강생을 모집한다. 2월 7일 개강한다. 건축주대학은 국내 최고 실전형 건축 강의로 ‘돈 버는 건축’ 노하우를 전달한다. 2017년 개설 이후 1500여명이 수강했고 실제 건축에 나선 건축주도 적지 않다.
강의는 케이스 스터디 중심으로 총 12회 진행한다. 실제 현장을 찾아가 건축 노하우를 배우는 현장 스터디 2회를 포함한다. 김종석 에이티쿠움파트너스 대표와 홍만식 리슈건축 소장은 건물 가치를 높이는 건축 기획과 설계 전략을 소개한다. 김형섭 마고퍼스종합건설 대표가 시공 실전 노하우, 김예림 법무법인 심목 변호사가 부동산 분쟁 예방 포인트를 알려준다. 수강료는 190만원이며 땅집고M 홈페이지(www.zipgobiz.com)에서 신청하면 된다. (02)6949-6190."
https://www.chosun.com/economy/real_estate/2023/06/22/IHKBEOHFWZFDXJGGSRL7AJGZP4/,"“눈이 호강하는 카페는 한 번 방문하면 끝이죠. 하지만, 꾸준하게 다시 찾는 카페는 귀가 편안합니다.”
커피 업계 베테랑인 위국명 커피익스플로러 대표는 “산업 흐름을 잘 읽고 눈에 보이지 않는 디테일까지 신경쓰면 카페를 충분히 성공시킬 수 있다”고 말했다. 2008년부터 커피 업계에 몸담은 위 대표는 아우어베이커리 등을 대상으로 커피 로스팅과 공장 운영 기술을 컨설팅했다. 2020년부터 서울 성수동에서 예약제 카페이자 바리스타 교육장인 ‘커피찾는남자’도 운영 중이다.
위 대표는 대형 카페를 성공적으로 운영하려면 ‘시각과 청각의 균형’이 중요하다고 강조한다. 그는 “처음에는 카페를 체험하고 싶도록 이색적인 인테리어를 갖추고, 커피 등 식음료의 맛과 예쁜 비주얼을 끌어올려 시각적 요소를 강조해야 한다”고 했다. 그러나 그것만으로는 부족하다. 그는 “손님이 반복해서 찾아오도록 하려면 청각적 요소를 고려하는 것이 좋다”고 했다.
고객은 처음엔 사진만 보고 시각적으로 예쁜 카페를 찾지만 정작 1~2시간 머무르다 보면 시끄러운 대화와 음악소리, 기계작동음 등에 노출돼 피로감을 느낀다는 것. 위 대표는 “방문했을 때 편안함을 느끼게 하는 건 청각적 요소”라면서 “초기 인테리어부터 소리를 흡수하는 흡음재나 건축 음향에 공을 들이면 오래 살아남을 수 있다”고 했다.
위 대표는 10년 전부터 한국 카페 시장이 포화 상태라고 했지만 카페는 계속 생기고 성인 1인당 커피 소비량도 늘고 있다고 했다. 그는 “한국은 사계절 기온 편차가 커 카페가 실내 사교시설 역할을 한다”면서 “도시 근교 대형 카페는 저렴한 여행지로 떠오르면서 카페 소비 형태까지 바꿔놨다”고 했다. 유럽연합과 비교하면 한국 커피 산업은 더 성장할 여력이 있다는 것이다.
땅집고는 오는 27일 ‘카페 유치와 개발, 경영의 모든 것 3기’ 과정을 개강한다. 중대형 카페에 관심 있는 개인이나 법인 대상으로 한다. 실제 카페를 운영하고 개발하는 전문가들이 개발 방향과 임대수익, 운영노하우, 매각이익 극대화 전략 등을 제시한다. 수강료는 180만원. 수강 신청은 땅집고M 홈페이지(zipgobiz.com ▶바로가기)에서 하면 된다. (02)6949-6190."
https://www.chosun.com/economy/real_estate/2021/11/02/UCWOVJPMNJGTNKEF5NTXYIPRLA/,"GS건설이 인천광역시 연수구 송도국제도시 송도랜드마크시티 6공구 A17블록에 들어서는 ‘송도자이 더 스타’를 이달에 분양할 예정이다. 지하 2층~지상 44층 9동에 전용면적 84~151㎡ 아파트 1533가구가 들어선다.
이 아파트는 송도국제도시에서 조망이 우수한 편이다. 집 안에서 서해를 내려다볼 수 있다. 송도신도시 내 워터프런트 호수, 잭니클라우스골프장도 한눈에 들어온다.
조망을 최대한 살리기 위해 다양한 특화 설계도 적용했다. 주택 내부 구조는 전면에 거실과 방을 나란히 배치한 판상형과 3면이 개방된 코너형, 탑상형 등으로 구성했다. 일부 가구는 거실과 방은 물론 주방에서도 외부 조망이 가능하다. 일부 저층 주택은 테라스를 설치했다. 주택형에 따라 거실을 대폭 확대한 광폭 거실과 대형 드레스룸, 알파룸도 도입했다.
단지 안에는 어린이를 위한 시설도 많이 들어선다. 실내놀이터, 오픈형 어린이 도서관, 스터디센터, 돌봄센터가 각각 마련된다. 실내 골프연습장, 스크린 골프장, 남녀 사우나, 필라테스 스튜디오, 피트니스 룸 등 입주자 전용 커뮤니티 시설도 조성된다.
송도자이 더 스타는 교통과 인프라 시설을 잘 갖추고 있다. 단지 반경 약 2㎞ 이내에 코스트코, 현대프리미엄아울렛, 트리플스트리트몰, 센트럴파크 등 상업시설과 공원이 있다. 반경 3㎞ 이내에 아암대로와 인천대로를 통해 경인고속도로로 진입하기 수월하며 제2·3경인고속도로, 영동고속도로도 이용할 수 있다. 단지 주변에 수도권광역급행철도(GTX)-B 송도역(예정)이 정차한다. GTX-B 노선은 2023년 착공할 예정이다. 수도권 제2순환고속도로 인천~안산 구간도 오는 2030년 개통 목표로 추진 중이다.
단지 북측으로 초등학교와 중학교 예정 부지가 있다. 채드윅 송도국제학교는 물론 스토니브룩대, 한국뉴욕주립대, 연세대 송도캠퍼스, 인천대학교 등도 가깝다.
송도자이 더 스타는 1순위 청약 요건을 갖춘 만 19세 이상 인천 및 서울·경기 거주자가 청약할 수 있다. 코로나19 확산 방지를 위해 홈페이지에서 사이버 모델하우스를 운영한다."
https://www.chosun.com/economy/real_estate/2022/03/21/2LQMW5CSTVGMFNHG4QCEK2SH4Q/,"수원 건축인테리어 박람회 27일까지
㈜동아전람이 주최하는 ‘제3회 수원 건축인테리어박람회’가 24일부터 27일까지 경기 수원시 영통구 ‘수원컨벤션센터’에서 열린다. 건축·인테리어·리모델링의 최신 트렌드와 전원생활을 꿈꾸는 건축주들에게 유용한 정보와 볼거리가 많다. ‘차 공예박람회’도 같이 열리며 오전 10시부터 오후 6시까지 관람이 가능하다.
부산 부암2차 비스타동원 아트포레
동원개발이 부산 부산진구 부암동 298-163번지 일원에서 이달 ‘부암2차 비스타동원 아트포레’ 440가구를 분양한다. 수요자 선호도가 높은 전용면적 59·74·84㎡로 구성된 단지다. 의료·금융·쇼핑 등 생활 인프라가 잘 갖춰진 입지로 단지 바로 맞은편에 초등학교도 있다. 범천차량기지 이전 등 지역 개발 호재도 있다."
https://www.chosun.com/economy/real_estate/2020/09/15/DJC44S7KFZCEJJCY5727C5VDJA/,"“이제 당대 최고의 전문가를 오프라인이 아닌 온라인에서 만나보세요.”
조선일보 땅집고가 국내 최고 부동산·세무·건축 전문가를 오프라인이 아닌 온라인 방송에서 만나는 ‘땅집고 캠퍼스’를 선보입니다. 땅집고 캠퍼스를 통해 그동안 어디에서도 보기 힘들었던 부동산 시장 트렌드 분석, 향후 전망, 실전 투자 정보 등 돈 되는 알짜 정보를 온라인 라이브 영상과 VOD(주문형 비디오)로 만나실 수 있습니다. 부동산 초보 투자자는 물론 내 집 마련 실수요자, 여윳돈을 굴리고 싶은 투자자라면 꼭 들어보시길 바랍니다.
첫 번째로 고종완 한국자산관리연구원장과 유찬영 세무사(땅집고 택스클럽 센터장)를 초빙, 오는 23~25일 매일 오후 7시 30분부터 2시간씩 유튜브 라이브 강연(유료)을 진행합니다. 두 강연은 추석 이후 부동산 시장 전망과 절세 전략을 점검할 수 있는 내용으로 준비했습니다. 라이브 강연이 끝나고 10월 4일까지 녹화분 시청도 가능합니다.
먼저 고 원장은 오는 24일 오후 7시 30분 ‘하락기를 돌파하는 부동산 포트폴리오 전략’이란 주제로 추석 이후 부동산 시장 전망, 향후 닥칠 불황에 대비한 가성비 최강 아파트 50선을 공개합니다. 가성비 최강 아파트는 고 원장이 독자 개발해 특허까지 받은 20지표에 대한 분석 기법을 기반으로 골랐습니다. 내년부터 사전 청약이 시작되는 3기 신도시 100% 당첨 전략, 지금 당장 오를 지역이 아닌 장기적인 내재 가치가 높은 핵심 성장 지역도 알려드립니다.
올 9월분 재산세 고지서를 받아보고 세금 폭탄 현실화를 걱정하시는 분들이라면 오는 23일과 25일 오후 7시 30분에 진행될 유찬영 세무사의 ‘세금 폭탄 3종 세트 피하는 신 절세 전략’을 통해 답답함을 풀어보실 수 있습니다. 유 세무사는 부동산을 보유하자니 보유세가, 처분하자니 양도소득세가, 자녀에게 넘겨주자니 증여·상속세가 부담되는 이른바 사면초가에 놓인 부동산 소유주에게 속 시원한 절세 해법을 알려드립니다. 강연 신청은 땅집고 홈페이지(realty.chosun.com)나 기사 하단에 있는 QR코드를 스캔하신 후 수강 신청하시면 됩니다.
▲유튜브 라이브 일정(수강료)
-고종완 강연: 9월 24일 오후 7시 30분~9시 30분(총 2시간 5만원)
-유찬영 강연: 9월 23일과 25일 오후 7시 30분~9시 30분(총 4시간 10만원)
※신청자에 한해 10월 4일까지 녹화분 시청 가능
▲수강 인원
-고종완 강연: 선착순 500명
-유찬영 강연: 선착순 200명"
https://www.chosun.com/economy/real_estate/2021/08/24/4TMBX5CRMFGUHCYSSOO4LYT3NA/,"예비 건축주를 성공으로 이끄는 멘토 역할을 해 온 땅집고가 ‘리모델링 마스터 클래스 2기’와 ‘중소형 빌딩 실전 투자스쿨 3기 과정’ 수강생을 모집합니다. 이번에 모집하는 강좌는 코로나19 방역 상황에 따라 온라인·오프라인 병행 수업 방식으로 진행합니다.
먼저 오는 10월12일 개강하는 ‘리모델링 마스터 클래스 2기’ 과정은 주2~3회씩 총 12회로 운영합니다. 리모델링을 준비하는 건축주라면 반드시 갖춰야 할 기본 소양과 실무 지식을 쌓고, 실제 건축 때 건축가나 시공사 현장소장과 의사 소통할 수 있는 방법을 알려드립니다. 모든 강의를 케이스 스터디 중심으로 운영하고, 현장을 직접 찾아가 필요한 정보를 배우는 필드 스터디도 2회 진행합니다. 김종석 AT쿠움파트너스 대표가 ‘성공적인 리모델링 건축기획 노하우’에 대해 강의하고, 현상일 구도건축 소장이 ‘리모델링 설계와 인허가 전략’을 소개합니다. 또 분야별 전문가들이 공실률을 줄이는 임대 전략, 절세 노하우 등도 알려드립니다. 수강 인원은 20명 안팎이며, 수강료는 160만원입니다. 오는 9월30일까지 사전 등록하면 20만원 할인 혜택을 드립니다.
‘중소형 빌딩 실전 투자스쿨 3기’ 과정은 오는 31일 시작합니다. 이번 강의에서는 현직 빌딩 중개법인 공인중개사, 세무사 등이 투자 결정에 앞서 반드시 알아야 할 빌딩 시장 트렌드, 지역별 시장·매물 분석, 공실 없는 빌딩 운영 노하우 등을 알려드립니다. 오는 10월1일까지 매주 2~4회씩 총 9회로 진행하며 수강 인원은 총 30명 내외입니다. 문의 02-724-6396"
https://www.chosun.com/economy/real_estate/2024/11/11/NNO26IK425H7LHFFMQEEE667CU/,"7일 찾은 경기 평택시 지제동 평택지제역(지하철 1호선·SRT) 2번 출구 앞에는 “삶의 터전 도둑질에 분통 터져 못 살겠다” “강제 수용 결사 반대”라고 적힌 현수막이 여럿 걸려 있었다. 신규 택지 개발이 추진 중인 ‘평택 지제 역세권’으로, 정부가 지난해 6월 지제동·고덕면 등 453만㎡(약 137만평) 규모 부지에 2030년까지 주택 3만3000가구를 공급한다고 발표한 곳이다. 당초 국토교통부는 올해 말까지 이곳을 공공주택지구로 지정할 계획이었다. 하지만 주민들이 토지 수용에 반대하면서 차질을 빚고 있다. 토지 소유자 4300여 가구 중 상당수가 보상금 대신 개발 후 조성된 땅을 돌려받는 ‘환지 방식’을 요구하고 있기 때문이다. 공인 중개 사무소를 운영하는 송영선씨는 “앞서 평택시가 2021년부터 지제역 주변에 도시 개발을 추진하면서 ‘환지 방식으로 보상하겠다’고 했는데, 국토부가 보상 방식을 ‘현금’으로 바꾸자 주민들이 토지 수용에 반대하는 것”이라고 했다.
정부가 최근 서울 서초구와 경기도 고양·의왕·의정부시 등에 있는 그린벨트 4곳을 풀어 ‘2031년 입주’를 목표로 한 아파트 5만가구 공급 구상을 밝혔지만, 이 계획대로 실현될지는 아직 알 수 없다는 평가가 많다. 부동산 전문가들 사이에선 “주택 공급의 첫 단추인 토지 보상 과정을 얼마나 빠르게 할 수 있을지가 관건”이란 지적이 나온다.
◇해제 그린벨트 중 66%는 입주까지 8년 이상
실제로 그린벨트 해제 후 아파트 입주까지 걸리는 시간은 정부가 제시한 ‘7년’보다 훨씬 길어진 경우가 많다. 국회 국토교통위 소속 문진석(민주당) 의원실이 국토부에서 받은 자료에 따르면, 2014년부터 지난해까지 10년간 해제된 전국 그린벨트 33곳 중 22곳(66.6%)은 입주까지 8년 이상이 걸릴 것으로 전망됐다. 수도권을 비롯해 경남·울산·대구 등에서 그린벨트가 해제됐지만 입주가 완료된 곳은 의왕고천지구(2016년 해제)와 서울 수서 공공주택지구(2018년 해제) 등 2곳에 불과했다.
부동산 시장에선 “토지 보상 단계부터 사업이 지연된 곳이 많기 때문”이란 분석이 나온다. 지난 2019년 첫 후보지 발표가 있었던 수도권 3기 신도시 5곳은 현재까지도 보상금 갈등으로 토지 보상 문제가 완전하게 해결되지 않고 있다. 하남 교산·고양 창릉은 지난해 말 토지 보상이 완료됐지만, 남양주 왕숙·인천 계양·부천 대장은 내년에야 토지 보상 절차가 마무리될 것으로 전망된다. LH 관계자는 “3기 신도시 토지 보상은 97% 정도로 거의 완료됐지만, 일부 주민이 아직 반대하고 있는 상황”이라고 했다.
토지 보상 절차가 늘어지면서 주택 공급도 계속 미뤄지고 있다. 하남 교산(3만3037가구)은 2025년 첫 입주를 목표로 삼았지만 토지주들이 “시세보다 보상금이 낮게 책정됐다”고 반발하면서 올해 말에야 착공에 들어갈 예정이다. 3기 신도시 총 주택 공급 물량(17만4000여 가구) 중 올해 말까지 착공 예정인 물량은 6.3%(약 1만1000가구) 수준에 불과하다. ‘광명시흥 공공주택지구’(약 7만가구)는 당초 2031년 입주를 목표로 했지만, 토지 보상이 지연되면서 이보다 2년 늦은 2033년이 돼야 입주가 가능할 것으로 보인다.
◇”토지 수용 단계부터 국토부·LH·지자체 협조해야”
일반적으로 신규 택지에 대한 토지 보상은 한국토지주택공사(LH) 직원들이 현장에 나가 토지를 조사한 뒤, 감정평가 기관 2곳의 감정을 받아 평균액을 토지주(소유자)에게 제시하는 방법으로 진행된다. 협의 보상이 이뤄지지 않을 경우, 소유자는 국토부 중앙토지수용위원회(중토위)에서 보상가를 다시 심사해 달라는 ‘수용 재결’을 요청할 수 있다. 소유자가 중토위 결정에 불복해 행정소송을 제기하는 경우에는 토지 보상이 완료되기까지 수년이 걸린다.
그런 만큼 전문가들은 “토지 수용 단계부터 관계 부처가 협력해 적극적인 보상 대책을 마련해야 신규 택지 개발 사업이 원활하게 이뤄질 수 있다”고 지적한다. 고종완 한국자산관리연구원장은 “토지 수용과 보상 업무는 LH 소관이라며 국토부나 지자체들이 손을 놓고 있는 경우가 많다”면서 “토지 소유자들이 실질적으로 만족할 수 있도록 현금 보상만 고집할 게 아니라 근생(근린생활)용지나 상업용지를 대신 지급하는 등 보상안을 확대해야 한다”고 했다."
https://www.chosun.com/economy/real_estate/2021/09/07/AN3ZWFSUABBMXG5GXXWANHLUD4/,"LX하우시스가 6일 국내 1위 가구·인테리어 기업 한샘 인수 참여 의사를 밝혔다. 경쟁 업체의 지분을 확보함으로써 시장 지배력을 높이겠다는 취지로 해석된다.
이날 LX하우시스는 IMM 프라이빗에쿼티(PE)가 한샘 인수를 위해 설립할 예정인 사모투자펀드(PEF)에 3000억원을 출자하기로 했다고 공시했다. LX하우시스는 “건자재 사업 역량과 시장 입지를 강화하고 종합 인테리어 사업을 성장 동력으로 육성하려는 전략에 따른 것”이라고 설명했다. 다만, LX하우시스는 인수 참여 여부를 타진한 것으로, 최종 참여 여부는 IMM PE 측이 결정한다. 롯데그룹도 IMM PE에 한샘 인수 참여 의사를 전달한 것으로 알려졌다.
IMM PE는 지난달 한샘 최대 주주인 조창걸 명예회장 등 특수관계인 7명의 보유 지분 30.21%를 인수하는 내용의 양해각서(MOU)를 체결했다. 한샘이 제시한 매각 가격은 1조5000억원 수준으로 LX하우시스의 3000억 투자가 성사되면 약 6%의 지분을 확보하는 셈이다."
https://www.chosun.com/economy/real_estate/2022/07/19/BOXFM377YNA3RFZTKI6FH2ISPI/,"정부가 아파트 발주 사업 입찰에서 담합한 업체들을 무더기로 적발하고 관련 제도 개선에 나서기로 했다. 국토교통부와 공정거래위원회는 아파트 발주 공사·용역 사업자 선정 입찰에서 담합한 10개 사업자에 대한 시정 명령과 함께 과징금 1900만원을 부과한다고 19일 밝혔다.
이번에 적발된 업체들은 낙찰 예정자를 정해두고 미리 투찰 가격을 공유한 후 다같이 입찰에 참여해 일부가 들러리를 서주는 방식으로 공모했다. 적발 업체는 아파트너, 슈프리마, 아람에너지, 에너세이버, 에너지원, 부부농산, 새벽유통, 에프앤비물산, 한울타리이벤트, 청원 등이다.
국내 최대 아파트인 송파 헬리오시티(9510가구)는 지난 2019년 12월과 2020년 10월에 ‘안면인식기 등 납품 및 설치업체 선정’ 입찰을 진행했는데, 이 과정에서 아파트너가 슈프리마에 들러리 참여를 요청해 낙찰자로 선정됐다. 이후 안면인식기 등 추가 공사를 수주한 다른 업체가 아파트너에 입주민 정보 연동 작업 협조를 요청했으나 아파트너는 거부했고, 결국 기술지원비 명목으로 2500만원을 지급받는 조건의 협약을 얻어냈다. 심지어 아파트너는 정보통신공사업자 등록이 돼 있지 않아 입찰 참가 자격이 없다는 사실도 뒤늦게 밝혀졌다. 공정위는 아파트너와 슈프리마에 각각 200만원, 500만원의 과징금을 부과하기로 결정했다.
아람에너지, 에너세이버, 에너지원은 2018년 4월부터 2021년 11월까지 인천 만수주공4단지 아파트 등이 발주한 9건의 ‘열병합전기 정비공사 입찰’에서 담합한 것으로 드러났다. 9건의 입찰에서 모두 아람에너지를 낙찰 예정자로 정해두고, 에너세이버와 에너지원은 들러리로 참여하기로 합의했으며, 입찰 서류(산출 내역서)까지 공유했다. 공정위는 아람에너지에 대해 시정명령과 함께 1200만원의 과징금을 부과하고, 나머지 업체들은 경고 처분하기로 했다.
국토부와 공정위는 매년 3월과 10월 실태 조사를 정례화하기로 했으며, 연말까지 사업자 선정 지침 개정 등 제도 개선도 추진하기로 했다."
https://www.chosun.com/economy/real_estate/2023/11/06/LEZDUYAB7VCUNI2SG6ROODA6XQ/,"서울 강남권을 중심으로 고액 자산가를 겨냥한 최고급 주택들이 들어서고 있다. 부동산 시장에서도 양극화가 심해지는 상황에서, 상대적으로 집값이 경기 영향을 덜 받는 최고급 주택들이 공급되고 있는 것이다.
부동산 디벨로퍼 아스터개발이 서울 한남대교 남단에 있는 한강변의 서울 서초구 잠원동에 ‘아스턴55′를 공급한다. 6필지를 합쳐 연면적이 3만7672㎡(1만1396평)인 부지에 지하 8층~지상 20층으로 26가구만 짓는다. 외부 출입을 위한 엘리베이터뿐 아니라, 복층 구조로 된 가구 내부에도 엘리베이터가 설치된다. 이를 합치면 건물 안에 엘리베이터만 약 60대에 이른다. 주차 면적도 가구당 9대가 마련된다. 분양 관계자는 “설계 단계에서도 세계적으로 이름이 알려진 건축가 5명이 협업을 한다”며 “고급 주택 중에서도 차별화된 주택을 지을 예정”이라고 말했다.
◇집 안에 주차장까지, 초호화 펜트하우스
‘아스턴55′는 모든 가구가 26가구 모두가 2개 층 이상을 쓰는 복층 구조의 펜트하우스 형태로 지어진다. 아스터개발 측은 “수평으로 펼쳐진 한남동·성북동의 고급 주택을 수직으로 세운 구조가 될 것”이라고 밝혔다.
아스터개발은 설계를 위해 세계적 건축가인 도미니크 페로, 야부 푸셀버그 등과 협업했다. 모든 가구마다 실내 수영장을 갖췄다. 또 가구 내부 거실 옆에 주차를 할 수 있는 ‘스카이개라지(sky garage)’가 설치된다. 다른 가구와 마주치지 않고 독립 공간에서 한강과 도심을 바라볼 수 있는 구조다. 한강 바로 옆에 위치해 있어 다른 건물이 들어와 조망권을 가릴 우려가 없다.
아스턴55는 고객의 요구에 맞춰 인테리어와 내부 구조 등을 꾸민다. 계약을 하면 이탈리아 국적의 주앙만쿠·빈첸초 등 유명 건축가 5인과 직접 대면 상담을 할 수 있다. 데이비트 베컴 등 유명인들이 사용해 널리 알려진 이탈리아 주방 브랜드 ‘오피치네 굴로’, 독일의 빌트인 전문 가전 브랜드 ‘가게나우’ 등을 사용한다.
‘아스턴 55′ 지하에는 26가구만을 위한 개별 영화관과 개별 사우나 등을 포함해 약 3305㎡(1000평)의 부대시설이 들어선다.
◇강남 노른자 땅에서 특별한 서비스
‘아스턴55′가 들어서는 한남대교 남단은 반포동과 압구정동 사이에 맞닿아 있지만 주변이 주거지라 조용하다. 근처 한남 IC를 통해 빠르게 경부고속도로로 진입할 수 있고, 올림픽대로 등을 통해 서울 다른 지역으로 이동이 편하다. 도심 숲인 잠원한강공원을 마주하고, 신분당선·3호선 신사역이 가깝다.
이곳에 입주할 경우 소사이어티 클럽 ‘디아드 청담1(DYAD CHEONGDAM1)’의 멤버십 회원 자격을 얻는다. 서울 강남구 청담동 1번지에 위치한 ‘디아드청담1′은 지하 4층~지상 16층 규모로, 스카이 라운지와 인피니티풀, 인도어풀과 펍, 비즈니스룸, 글로벌 파인다이닝, 멀티룸 등 회원 전용 커뮤니티 시설이 들어선다. 셰프 케이터링 서비스, 경호 의전, 법무 상담, 회계 및 세무 상담 서비스 등도 이용이 가능하다.
아스터개발 관계자는 “해외에는 수백억~수천억 주택이 많지만, 국내에는 초고액 자산가를 위한 최고급 펜트하우스 공급은 사실상 없었다”고 말했다. 실제 일본 도쿄에는 2000억원대의 펜트하우스가 올해 공급됐고, 홍콩에서도 1000억원 넘는 펜트하우스가 팔렸다. 분양 관계자는 “한강 변의 최고급 펜트하우스라는 희소성을 감안하면, 투자 가치도 충분히 있을 것으로 본다”고 말했다."
https://www.chosun.com/economy/real_estate/2023/01/09/QCPDX6KODBGHFCYRDIHVLBGM2Q/,"최근 서핑족들이 몰리며 관광 명소로 떠오르고 있는 강원도 양양에서 생활숙박시설 ‘르부르 낙산’이 분양되고 있다. 양양은 서울에서의 이동 시간이 짧아 접근성이 뛰어난데다 글로벌 숙박시설 운영 체인인 체스터톤스가 투명하게 관리할 예정이어서 많은 투자자들이 관심을 가질 것으로 전망된다.
◇서울서 90분, 주변 개발도 활발
강원도 양양군 강현면 일출로 47에 들어서는 르부르 낙산은 전용면적 24~68㎡ 368실로 구성된다. 다양한 수요를 고려해 싱글룸부터 쓰리룸까지 총 8개 타입으로 구성했다. 각 평면에는 고급 인테리어가 적용됐으며 발코니 등 특화설계가 더해져 여유롭게 공간을 활용할 수 있다. 단기숙박은 물론, 장기체류를 원하는 관광객들도 편리하게 지낼 수 있다. 건물 최상층에는 인피니티풀이 조성될 예정이다.
르부르 낙산이 들어서는 양양은 서울~양양고속도로나 양양국제공항을 이용하면 서울에서 1시간 30분 만에 갈 수 있다. 지금도 동해고속도로와 7번 국도를 통해 전국 각지로 이동할 수 있는데, 동해선이 완공되면 기차로도 다닐 수 있어 접근성이 더욱 개선될 전망이다. 양양 내에서 남대천, 낙산해수욕장 등 개발 사업이 다양하게 진행되고 있어 관광·레저 인프라 시설도 확충될 예정이다. 양양은 지난해 문화체육관광부와 한국관광공사가 공모한 지능형 관광도시 조성사업에도 선정돼 향후 관광지로서의 위상이 더욱 높아질 전망이다.
르부르 낙산과 같은 생활숙박시설은 내부 구조나 평면은 아파트와 유사하지만 건축법이 적용돼 주택 수에 포함되지 않는다. 그렇기 때문에 취득세 중과 및 보유세 부담이 적고 분양권 전매도 가능하다. 청약통장이 필요 없고 만 19세 이상이면 누구나 계약할 수 있다. 이런 특성 때문에 과거 부동산 규제가 엄격하던 시절에는 수도권 생활숙박시설이 주택 규제를 피한 변종 투자처로 인식되기도 했지만, 강원도와 같은 관광지의 생활숙박시설은 세컨 하우스 관점에서 접근하는 투자자들이 많다. 휴가철에는 직접 이용하고, 사용하지 않을 때에는 숙박시설로 활용해 수익을 거두는 방식이다. 르부르 낙산 분양 관계자는 “생활숙박시설은 관광 수요가 얼마나 풍부하냐가 관건인데, 양양은 이런 측면에서 최적의 입지”라고 말했다.
◇합리적인 분양가, 체계적인 관리
최근 강원도에서 생활숙박시설이 활발하게 분양되고 있지만 땅값이 워낙 급등한 탓에 분양가가 높게 책정되는 경우가 많다. 하지만 르부르 낙산은 이미 지난해 인허가를 완료했기 때문에 상대적으로 분양가가 합리적인 수준에서 책정됐다는 게 사업자 측 설명이다.
르부르 낙산의 운영은 체스터톤스 코리아가 책임진다. 체스터톤스는 영국 런던에 기반을 둔 숙박시설 위탁 전문 기업으로, 전 세계에 200여 개에 달하는 지점을 운영하고 있다. 르부르 낙산은 글로벌 공유숙박 업체인 에어비앤비와 파트너십을 맺고 보다 많은 관광객을 유치함으로써 수익을 극대화할 계획이다. 또 국내 다양한 주거 서비스 기업들과의 협력을 통해 부대시설 및 렌탈 서비스를 제공하고 커뮤니티 시설도 운영할 예정이다.
르부르 낙산 계약자에게는 힐스테이트 라군 인 테라스, 체스터톤스 속초 등 다른 숙박시설을 회원 조건으로 이용할 수 있는 혜택도 제공된다."
https://www.chosun.com/economy/real_estate/2023/03/27/P2ZE3OLO2JFVVIGG7SLA2YBPSI/,"미국 로스앤젤레스(LA)에 한국 건설사가 지은 주상복합 아파트가 완공됐다. 반도건설이 만든 252세대 규모의 ‘The BORA(더 보라) 3170′이다. 그동안 국내 건설사가 지분 참여나 이미 지어진 건물을 매입해 미국 시장에 진출한 경우는 있었다. 하지만 ‘The BORA 3170′처럼 부지 매입부터 시행·시공·임대까지 모든 과정을 국내 건설사가 총괄한 것은 처음이다. 특히 이 아파트에는 한국식 마루판, 한국식 붙박이장 등 주로 한국 아파트에 사용되는 자재와 설계를 적용했다. 반도건설 관계자는 “미국에 한국식 ‘K아파트’를 선보이게 됐다”고 말했다.
◇전 과정을 한국 건설사 손으로
‘The BORA 3170′는 지하 1층~지상 8층 252세대로 구성됐다. 1000세대 이상, 초고층 아파트가 즐비한 국내와 달리 미국은 대부분 단독주택이고, 아파트도 보통 100세대 미만이다. 이 때문에 ‘The BORA 3170′을 두고 일부 현지에선 “랜드마크급 아파트”라는 평가도 나올 정도다.
반도건설은 까다로운 인허가와 행정 절차로 악명 높은 미국 건설 시장을 뚫기 위해 프로젝트 착수 2년 전부터 해외 사업 전문 TF팀을 구성했다. 여기서 LA 주택 시장 관련 건축법과 인허가, 기술적 문제 등을 세심하게 분석하고 대비했다. 금융도 현지 조달을 통해 리스크를 최소화했다.
미국 LA 한인 타운 중심에 들어서는 ‘The BORA 3170′은 2020년 1월 착공 이후 3년 만에 완공됐다. 동쪽으로 차로 다운타운과 10분, 서쪽으로 고급 주택 단지인 베벌리 힐스와 15분, 북쪽으로 할리우드와 10분 거리에 있다. 회사 측은 “최근 한류 열풍 속에 한국의 검증된 건설사가 직접 지은 한국식 아파트라는 소문이 퍼지며 현지 젊은 수요층 사이에서 관심이 많다”고 했다. 반도건설은 모든 세대를 임대로 운영할 예정이다. 최근의 집값을 고려하면, 연간 800만달러(약 100억원)의 임대 수익을 예상하고 있다.
반도건설은 인근 지역에서 2차·3차 개발 프로젝트를 구상 중이다. 2차 사업으로 지하 2층~지상 7층 규모, 총 153세대의 콘도미니엄을 지어 한국식으로 분양할 예정이다. 3차 사업으로 지하 1층~지상 8층 규모, 총 262세대의 주상복합 아파트를 건설해 임대할 계획이다. 반도건설 측은 “꾸준한 개발 사업을 통해 미국 LA에 1000여 세대의 ‘유보라 타운’을 조성할 것”이라며 “2026년 북미 월드컵과 2028년 LA 올림픽 개최라는 대형 개발 호재가 있어 향후 개발 프로젝트의 전망도 밝다”고 말했다.
◇미국에 선보이는 K아파트
반도건설은 ‘The BORA 3170′에 한국 아파트의 장점인 효율성을 접목했다. 한국식 마루판을 시공했고, 한국식 붙박이장과 팬트리(저장 공간), 신발장, 욕실 수납장 등을 들였다. 기존 미국 아파트는 별도 수납 공간을 제공하지 않아 입주자가 가구를 구매해야 하는데, 이런 불편을 없애고 공간을 효율적으로 사용할 수 있게 한 것이다. 또 한국형 터치식 디지털 도어록을 달고, 약 130개 장소에 CCTV를 설치해 보안을 강화했다.
여가를 중요하게 생각하는 미국인들을 위해 다양한 커뮤니티 시설도 만들었다. 야외 수영장과 대형 피트니스 센터, 루프톱 라운지를 조성하고, 미국 아파트에선 볼 수 없었던 ‘실내 스크린 골프장’도 설치했다. 단순 노출 콘크리트로 된 미국의 빌딩 주차장과 달리 한국처럼 주차장 층별로 벽의 색상을 달리해서 이용자들이 쉽게 위치를 확인할 수 있게 했다. 또 미국 아파트에는 거의 없는 주차장 내부 방지 턱과 반사경도 설치했다. 반도건설 미국법인 신동철 대표는 “반도건설이 지난 50여 년간 축적한 경험은 물론, 우수한 주택 건설 기술력으로 K팝·K푸드에 이은 ‘K 주거 문화’ 붐을 조성하는 계기가 될 것”이라고 말했다."
https://www.chosun.com/economy/real_estate/2022/11/22/5RUFC6VWOVEDBJM7S47XXF2ZGU/,"―매물 출품은 무료이며, 시세 15억원 이상 상업용 부동산에 한해 신청 가능
―매물 소유자 본인, 중개사·중개법인 출품 가능
―특정 부동산 매수를 원하는 경우 ‘역경매’ 신청 가능
―신청은 땅집고 홈페이지 또는 전화 (02)2039-7960"
https://www.chosun.com/economy/real_estate/2022/04/13/32YUPPBMMBGXVLQLIY6OIIIFQY/,"토지보상 및 부동산 개발정보 플랫폼 ‘지존’이 ‘2022 개발 수혜지역 대해부-토지보상을 말하다’라는 주제로 오는 30일 투자 세미나를 개최한다.
이번 세미나에 대해 지존 측은 “윤석열 대통령 당선인의 부동산 핵심 공약인 주택 공급 확대와 교통망 확충 정책의 예상 수혜지역을 짚어보고 토지보상은 어떻게 이뤄지며, 수용 대상 토지주나 투자자들은 어떻게 대응해야 할지에 대한 전략을 제시하기 위한 것”이라고 설명했다.
세미나는 30일 오전 10시부터 12시까지 2시간 동안 서울 서초구 ‘코지모임공간’ 강남역 2호점에서 진행된다. 신태수 지존 대표가 강사로 나선다. 1부에서는 올해 예정된 토지보상 지역 및 보상 규모를 예측하고 성공적인 토지보상 사례를 소개한다. 2부에서는 새정부에서 추진될 것으로 예상되는 개발 계획을 비롯해 전국 주요 사업지구를 살펴볼 예정이다.
세미나 참가는 무료이며, 오는 25일까지 ‘지존 하나카드’를 신규로 발급받으면 교재비(2만원)도 면제된다."
https://www.chosun.com/economy/real_estate/2022/01/17/QP5MYHCOZNBYNJAXGA3EWJDQWY/,"지난해 전국적으로 아파트 값이 급등했지만, 오피스텔 시장도 활황을 누렸다. 아파트 대체 주거 상품으로 오피스텔을 찾는 수요가 늘면서 가격이 급등했다. 16일 KB국민은행 통계에 따르면, 지난달 기준 서울 오피스텔 매매 일반 거래가격은 2억9520만원으로 1년 전(2억6869만원)보다 9.8% 뛰었다. 관련 통계를 집계한 2010년 이후 최고치다. 2011년부터 2017년까지 서울 오피스텔 매매가격 상승률은 3% 안팎이었다. 수도권 오피스텔 가격 상승세는 더욱 가팔라 지난해 경기도는 19.7%, 인천은 23.4% 급등했다.
거래도 활발하다. 국토교통부 실거래가 자료를 보면, 지난해 전국 오피스텔 매매 거래는 총 6만385건으로 역대 가장 많았다. 2020년(4만8786건)보다 23.7%나 증가했다.
이처럼 오피스텔 시장이 뜨겁게 달아오른 이유는 수년간 가파르게 오른 아파트 값이 부담스러운 수요자가 대체 상품으로 오피스텔을 주목했기 때문이다. 오피스텔은 청약통장이 필요 없고 대출이나 세금 규제가 상대적으로 덜 까다롭다. 또한 분양권은 주택 수로 포함되지 않는다. 정부도 바닥 난방 설치 기준을 전용면적 120㎡ 이하로 높이는 등 오피스텔에 대한 규제 완화를 추진하고 있다.
◇'로봇 발레’ 주차 시스템 눈길
실수요자와 투자자들 사이에서 신규 오피스텔 공급에 대한 기대감이 높은 가운데, 범양건영이 서울 동대문구 전농동에서 ‘청량리 범양레우스 씨엘로네’ 오피스텔을 분양한다. 전용면적 40·45·52㎡ 105실 규모로 7가지 타입으로 구성됐다. 전 세대가 복층형이고, 일부는 테라스 특화 설계를 적용했다. 공간 활용도를 극대화해 2~3인 가구도 여유 있게 생활할 수 있도록 꾸몄다. 3베이 구조도 있어 채광과 통풍이 잘된다. 입주자 편의를 위해 냉장고, 시스템 에어컨, 세탁기, 3구 쿡탑 등이 제공된다.
국내 최초로 ‘로봇 발레’ 주차 시스템을 도입한다. 기존 기계식 주차와 달리 운전자가 하차하면 로봇이 지게차처럼 차량을 들어 올려 주차장까지 이동하는 시스템이다. 모바일 앱과 연동해 주차된 차량을 호출하고, 지정된 승·하차 공간에서 차량을 픽업할 수 있다. 실내에는 헤이카카오 음성 인식 월 패드를 적용해 목소리로 실내 환경을 제어할 수 있다. 에어컨, 환기, 난방, 침입 감지 알림, 엘리베이터 호출 등 스마트홈 서비스를 이용할 수 있다.
◇GTX·면목선 등 교통 호재 많아
청량리 범양레우스 씨엘로네 오피스텔은 단지 주변으로 교통 인프라가 특히 잘 갖춰져 있다. 청량리역에서 1호선, 분당선, 경의중앙선, KTX 등 철도망을 통해 서울과 수도권은 물론 전국으로 이동할 수 있다. 청량리역 환승센터에서는 약 60여 버스 노선을 이용할 수 있고, 6번 국도, 내부순환로, 동부간선로도 접근이 쉽다. 향후 GTX(수도권광역급행철도) B·C 노선 개통 수혜도 기대된다.
신내역과 청량리역을 잇는 경전철 면목선은 현재 예비타당성 조사가 진행 중이다. 면목선이 개통하면 중랑구 망우동 일대와 동대문구 장안 2동, 전농동의 교통 여건이 크게 개선되고, 부동산 가격에도 영향을 미칠 것으로 보인다.
단지에서 반경 500m 안에 초·중·고등학교가 있어 도보 통학이 가능하다. 롯데백화점과 롯데마트, 서울성심병원 등이 가깝다. 홍보관은 서울 동대문구 전농동 295-29번지에 있다."
https://www.chosun.com/economy/real_estate/2020/10/15/QX5RP56FURHAVPJFIBLKBWN6QA/,"서울 집값이 급등하면서 서울 강남구에서 이뤄진 아파트 거래 중 15억원 이상 거래 비중이 4년새 크게 높아진 것으로 나타났다.
박상혁 더불어민주당 의원이 한국감정원에서 받은 ‘주택 실거래 금액구간별 분포’ 자료에 따르면 2016년 서울 강남구에서 15억원 이상 거래 비중은 16%에 불과했지만, 올해(9월3일 기준)는 60%로 늘었다. 20억원 이상 거래만 놓고 봐도 6%에서 36%로 증가했다. 반면 10억원 미만 거래 비중은 같은 기간 54%에서 20%로 절반 이상 감소했다.
서초구는 초고가 아파트 거래 비중이 2016년 16%에서 올해 54%로 증가했다. 올해 팔린 아파트 절반이 15억원 이상 초고가 주택이었던 셈이다. 송파구도 15억원 이상 비중이 2%에서 32%로 늘었다.
실제 지난 4년간 서울 강남권 주요 아파트 단지 가격은 10억원 이상씩 뛰었다. 서초구 반포동 ‘반포자이' 전용면적 84㎡는 2016년 초 14억5000만원에 팔렸지만, 올해 9월에는 29억원에 계약됐다. 강남구 대치동 ‘래미안대치팰리스’(84㎡)도 2016년 2월 14억1000만원에서 올 6월 29억1000만원으로 15억원이 올랐다.
서울 전체로 봤을 때는 5억원 미만 아파트 비중이 크게 줄었다. 5억원 미만 거래는 2016년에만 해도 전체 거래 11만183건 중 6만4681건으로 비중이 58.7%에 달했으나 올해에는 그 절반 수준(29.4%)으로 줄었다.
이에 비해 5억~10억원 아파트 거래 비중은 2016년엔 33.5%에서 올해 48.9%로 높아졌다. 올해 아파트 실거래 중 10억~15억원 비중은 13.7%, 15억~20억원은 4.7%, 20억~30억원은 2.6%, 30억원 이상은 0.7% 등이었다.
수도권 주택 거래를 보면 5억원 미만 거래가 2016년 전체 32만8192건 중 26만5684건으로 비중이 80.9%에 달했지만, 올해에는 69.0%로 10%포인트 이상 떨어졌다. 반면 같은 기간 5억~10억원 거래는 16.3%에서 25.0%로, 10억~15억원 거래는 2.0%에서 4.0%로 비중이 높아졌다."
https://www.chosun.com/economy/real_estate/2024/11/19/HFUCYSUUHJEUTI5EBZPCNPZZLM/,"국토교통부는 윤석열 정부 임기 반환점을 맞아 지난 2년 반 동안 국토 분야 주요 정책 성과와 향후 정책 방향에 대해 19일 밝혔다.
윤석열 정부는 시장 과열기 도입된 과도한 규제를 완화하고, 주거비 부담을 덜기 위한 부동산 시장 정상화를 추진해왔다고 설명했다. 국토부는 재건축 부담금과 안전진단, 분양가상한제 등 재건축 관련 규제를 합리화하고, 안전진단 없이 사업에 착수할 수 있는 ‘재건축 패스트트랙’을 도입했다. 이에 따라 서울 지역 재건축 안전진단 통과 단지는 2018~2022년 연간 평균 4.4곳에 그쳤으나, 지난해에는 71곳으로 16배가량 확대됐다.
정부는 또 실수요자의 주택 보유 부담을 덜기 위해 인위적인 공시가격 인상을 중지하고, 이전 정부의 공시가격 현실화 계획을 폐지하는 방안을 발표했다. 전국에 광범위하게 지정돼 있던 규제지역과 민간택지 분양가 상한제 적용지역도 대폭 해제했다.
국토부는 주택 공급 활성화 정책도 지속적으로 추진해 왔다고 밝혔다. 윤석열 정부 2년 반동안 4차례에 걸쳐 신규택지 후보지 21만5000가구를 발표했고, 내년 상반기에도 서울 인근에 3만가구 후보지를 추가 발표할 계획이다.
공공 신축매입임대 공급도 대폭 확대해 내년까지 수도권을 중심으로 11만가구 이상을 공급하고, 이 가운데 5만가구는 분양전환형으로 공급해 다양한 주거 선택권을 제공할 계획이다. 이 밖에 1기 신도시 등 노후계획도시 정비 특별법 제정, 뉴빌리지 사업 도입 등을 통해 정비사업을 통한 주택 공급 확대 기반도 마련했다.
정부는 아울러 전세사기 피해자들의 안정적인 주거 생활을 지원하기 위해 ‘전세사기 특별법’을 제정했고, 주거 취약 계층 보호를 위해 주거 급여와 청년 월세 지급 대상을 꾸준히 확대했다. 특히 청년층에 자산 형성 기회를 제공하는 ‘청년 주택드림 청약통장’은 지난달 말 기준 126만개의 계좌가 개설됐다.
정부는 남은 임기 동안에도 주거 안정과 국민 맞춤형 지원을 강화하기 위해 노력하겠다고 밝혔다. 1기 신도시를 포함한 전국 노후계획도시 재정비를 본격화하고, 3기 신도시 등 신규 택지 공급 속도를 높인다는 방침이다. 또 부동산 PF(프로젝트파이낸싱) 부실 우려와 지방 주택시장 침체 등에 대응한 맞춤형 금융·세제 지원과 규제 개선으로 시장 안정화에 주력할 계획이다. 아울러 신혼부부·청년·노인 등 생애주기별 맞춤형 주거 지원을 확대하고, 주거 취약 계층을 위해 공공임대주택 공급을 확대해 나갈 예정이다."
https://www.chosun.com/economy/real_estate/2020/11/20/X4CEMSQ4Q5DORJ2WKHINQN5I5Y/,"정부가 전세난 해결을 위해 19일 ‘서민·중산층 주거 안정 지원 방안’을 내놓고 “2022년까지 서울 3만5300가구를 포함해 전국에 11만4100가구의 공공임대주택을 공급하겠다”고 발표했다. 문재인 정부의 24번째 부동산 대책이다. 3개월 이상 비어 있는 임대주택을 소득 기준에 상관없이 무주택자에게 공급하고, 건설사가 새로 짓는 다세대주택·오피스텔 등을 LH(한국토지주택공사)가 사들여 임대하는 방식이 골자다. 이낙연 더불어민주당 대표가 미리 언급했다가 “황당무계하다”는 비판이 쏟아진 호텔방 등을 개조해 1~2인 가구에 공급하는 방안도 포함됐다.
정부는 “단기에 집중적으로 주택을 공급할 수 있게 역량을 모았다”고 했지만, 시장의 반응은 싸늘하다. 대다수 부동산 전문가는 “전세난을 일으킨 임대차법의 부작용을 외면하고 엉뚱한 처방만 내놨다”며 “전세난 지역에 필요한 집은 거의 공급하지 못하고 의미 없는 숫자만 긁어모아 뻥튀기한 대책”이라고 비판했다. 정수연 제주대 교수는 “살고 싶은 아파트 전셋집이 없는데, 정부는 빈 임대주택 가서 살라고 한다”며 “과녁을 피해 화살을 쏘고는 적중하길 바라는 꼴”이라고 말했다.
◇”전세난 일으킨 임대차법 놔두고 숫자만 뻥튀기”
최근 유례 없는 전세난은 서울 아파트 시장에서 시작해 전국으로 번졌다. 7월 말 계약갱신청구권 도입으로 아파트 전세 매물이 급감했고, 가격이 치솟은 게 전세난의 핵심이었다. 부동산 정보업체 ‘아실’에 따르면, 서울 아파트 전세 매물은 임대차법이 개정된 7월 31일 3만8427건에서 19일 기준 1만3005건으로 66%(2만5422건) 줄었다. 그러나 정부는 “전세난이 송구스럽지만, 임대차법 때문은 아니다”라는 입장만 되풀이하고 있다.
이날 정부의 전세 대책은 ‘수요자들이 원하는 전세 아파트 공급’이라는 알맹이가 빠졌다. 정부가 공개한 11만4100가구 공급 방안 중 민간 아파트 물량은 없다. 임대주택 공실 물량 3만9000가구 중 아파트가 일부 있지만, 주거 취약 계층에게 공급하던 영구임대(전용면적 40㎡ 이하), 국민임대(전용 60㎡ 이하) 아파트로는 수요자들의 외면을 받을 게 뻔한 상황이다. 그런 임대아파트마저 서울에 공급되는 물량은 2000가구 정도다. 이은형 대한건설정책연구원 책임연구원은 “빈 임대주택은 입지나 주택 상태에 문제가 있다는 뜻인데, 그런 집에 들어갈 사람이 있을지 의문”이라고 말했다.
정부는 민간 건설사가 새로 짓는 주택 일부를 LH가 미리 임대용 주택으로 사들이는 ‘매입 약정’ 방식으로 2022년까지 총 4만4000가구를 공급한다고 밝혔다. 또 ‘공공전세’라는 제도를 신설해 주변 시세의 90% 이하 보증금으로 최대 6년간 살 수 있는 임대주택 1만8000가구를 공급하기로 했다. 매입 약정과 공공전세 방식으로 공급되는 6만2000가구 중 아파트 물량은 ‘제로’가 될 것으로 보인다. 김현미 국토교통부 장관은 공급 대책에 아파트가 없다는 지적에 “아파트 건설을 위해서는 5년 전에 인허가가 끝났어야 하고, 건설 기간만 평균 30개월이 걸려 한계가 있다”고 말했다.
◇민간 건설사 ‘시큰둥’, LH 부채만 늘어날 수도
정부는 신규 임대주택 공급에 민간 참여를 촉진하기 위해 건설 자금 저리 지원 등의 ‘인센티브’를 제시했지만, 시중 금리가 이미 바닥인 상황에서 큰 효과가 없을 것이라는 지적도 나온다. 심교언 건국대 교수는 “공실 주택을 활용하는 방안 외에는 대부분 민간 건설사나 토지주(主)가 참여해야 하는 구조여서 실효성이 떨어진다”며 “아무 의미 없이 숫자만 늘린 것을 공급 대책이라고 내놨다”고 말했다. 임대주택 공급을 위해 민간 주택을 대거 사들여야 하는 LH의 재정 건전성 악화도 우려된다. 이미 LH 부채 규모는 132조원이 넘는다.
최근 논란을 일으킨 ‘호텔방 전셋집’도 대책에 포함됐다. 정부는 사무실, 상가, 숙박시설 등을 고쳐 임대주택 1만3000가구를 공급하기로 했다. 김현미 장관은 “호텔이 저렴한 임대료의 질 좋은 1인 가구 주택으로 변신하는 모습을 머지않아 확인할 수 있을 것”이라고 말했다.
시장 반응은 냉소적이다. ‘호텔 사는 거지’라는 뜻의 ‘호거’라는 신조어가 등장했고, 앞으로 각 가정의 텐트를 임대주택으로 활용하게 될 것이라는 글이 소셜미디어에서 화제가 됐다. 고종완 한국자산관리연구원장은 “지금은 코로나 사태로 호텔이 남아도는 것 같지만, 몰려드는 중국 관광객을 잡아야 한다며 정부가 호텔 건설을 장려했던 것이 불과 몇 년 전”이라며 “전세난 해결을 위해 얼마나 진지한 고민 끝에 나온 대책인지 아쉬움이 남는다”고 말했다."
https://www.chosun.com/economy/real_estate/2022/04/12/TZRYVJ7BKFGGZK42NYKVMRCU34/,"처음 집을 사는 사람에게 주택담보대출비율(LTV)을 올려주는 것이 윤석열 대통령 당선인의 부동산 공약 중에 가장 기대가 된다는 조사 결과가 나왔다. 대출을 활용해 내 집을 장만하려는 실수요자가 많은 영향으로 풀이된다.
11일 온라인 부동산 거래 사이트 직방에 따르면, 지난달 17일부터 2주일간 앱 사용자 858명에게 ‘대통령 당선인의 부동산 공약 중 가장 기대되는 것’을 조사했더니 응답자의 18.2%가 ‘생애 최초 주택 가구의 LTV 인상·개편’을 꼽았다. 윤 당선인은 대선 과정에서 생애 최초 주택 구매 가구에 대해 LTV 상한을 현행 70%에서 80%로 올리겠다고 공약했다.
LTV 완화에 이어 ‘공시가격을 2020년 수준으로 환원’(15.3%), ‘다주택자 양도세 중과 유예’(10.8%), ‘250만 가구 이상 공급’(10.7%) 순으로 응답자가 많았다.
새 정부의 부동산 정책 중 가장 필요한 것도 ‘대출 제도 개선’(25.1%)을 꼽은 사람이 가장 많았다. 이어 부동산 세제 개선(19.7%), 주택 공급 확대(11.1%), 부동산 투기 근절(9.2%) 순이었다."
https://www.chosun.com/economy/real_estate/2021/04/14/EFKB5RCD3VG6ZJPLSNLFZJ3DYE/,"한국국토정보공사(LX)는 LG그룹에서 계열 분리한 신설 지주회사와의 사명 논란과 관련, ㈜LG를 공정거래위원회에 불공정거래행위로 신고했다고 14일 밝혔다.
LX는 신고서에서 “LG가 신설 지주회사를 분리하는 과정에서 회사명을 LX홀딩스로 정한 것은 ‘독점규제 및 공정거래에 관한 법률’에 명시된 다른 사업자의 사업활동을 방해하는 행위”라고 적었다.
LX는 “2012년부터 LX를 영문 사명으로 썼고, 10년간 LX라는 이름으로 지적측량, 공간정보, 해외사업 등을 수행하고 있다”면서 “LG 측이 LX가 다년간 쌓아온 브랜드를 훼손하고, LX가 수행하는 국가사업이나 해외에서 수행하는 지적·공간정보 사업에 차질을 줄 수 있다”고 강조했다.
이런 주장에 LG 측은 “두 회사의 상표는 로고와 디자인·색상 등이 명확히 구분돼 오해 소지가 적고, 사업 내용도 전혀 다르다”는 입장이다.
LX홀딩스는 LX의 공정위 신고에 대해 “이 문제는 법률에 따라 현재 특허청에 상표 출원 후 등록을 위한 심의 절차가 진행 중”이라며 “서로 겹치는 사업활동이 없어 사업 방해 소지가 없는데 공정위 신고가 법률적으로 성립되는지 의아하다”는 입장을 밝혔다. 이어 “양사 대표 간 대화가 바람직한데도 이런 방향으로 이슈를 확대하는 것에 대해 유감”이라고 덧붙였다."
https://www.chosun.com/economy/real_estate/2025/02/03/X7XQ6O6SRBDZTOFCMPPDKGQRW4/,"LH(한국토지주택공사)는 수도권 3기 신도시인 경기도 고양시 고양창릉 3개 블록(A4, S5, S6)에 대한 본청약을 시작한다고 2일 밝혔다. 총 1792가구 중 사전 청약 물량을 제외한 391가구를 대상으로 일반 청약을 받는다.
신혼희망타운(603가구)으로 조성되는 A4 블록에선 186가구가 일반 청약 물량으로 나왔다. 모두 전용면적 55㎡로 분양가는 평균 약 5억5000만원이다. 단지 내 어린이집, 다함께돌봄센터, 공동육아 나눔터 등 육아 친화 시설들이 조성된다.
S5 블록은 759가구 중 126가구가 일반 청약을 받는다. 전용 51·59·74·84㎡의 4개 주택형으로 구성됐고, 분양가는 4억8000만원부터 7억7000만원까지다. S6 블록에선 전용 59·74㎡ 79가구가 일반에 공급된다.
LH 측은 “3개 블록 모두 분양가가 인근 단지보다 저렴하고, 지난 2021년 말 사전 청약 때 최고 경쟁률이 165대1에 이를 정도로 입주 수요가 높았다”고 설명했다.
견본주택은 고양시 킨텍스 제2전시장에 마련됐고, 청약 접수는 오는 17일 사전 청약 당첨자부터 먼저 시작한다. 입주는 A4블록 2027년 12월, S5·S6 블록 2028년 1월 예정이다. 자세한 내용은 LH청약플러스(apply.lh.or.kr)에서 확인할 수 있다."
https://www.chosun.com/economy/real_estate/2022/09/01/UXA4O4ZTKNC7TPQMMANJ4OS5VM/,"땅집고와 신성금고는 국내 첫 프리미엄 민간 대여금고인 ‘볼트 1932′ 압구정점을 1일 리오프닝한다. 리모델링 공사를 통해 시설 규모를 배 이상 넓히고 금고 종류도 확대해 운영하기로 했다.
서울 강남구 압구정로 극동타워에 위치한 ‘볼트1932′는 리모델링 공사를 마치면 개인금고 총 1600여개, 세이프룸 3실, 미술품 전용 수장고 10실 등을 갖추게 된다. 우선 금고실을 기존 7층에서 6층까지 1개층 더 늘렸다. 6층에는 개인 대여금고 1210여개를 추가로 마련했다. 특히 미술품을 보관할 수 있는 갤러리 전문 수장고 ‘아트 볼트’가 눈에 띈다. 총 10실을 마련했는데 항온·항습 기능을 갖춘 미술품 보관에 특화된 금고실이다. 온도와 습도를 일정하게 유지해 미술품 균열이나 뒤틀림 같은 손상을 막을 수 있다. 캔버스 기준으로 100호(162㎝ X 130㎝) 크기에 해당하는 미술품까지 보관이 가능하다. 아트 볼트는 미술품 외에도 부피가 큰 귀중품이나 가보를 보관하는데 적절하다.
민간 개인금고는 4개 종류, 총 1600여개가 있다. 가장 작은 금고(너비 30㎝ X 길이 55㎝ X 높이 12.7㎝)는 은행 대여금고 2배쯤 되며 가장 큰 금고(너비 44㎝ X 길이 55㎝ X 높이 88㎝)는 최대 10배 크기다.
월 이용료는 금고 크기에 따라 월 10만~50만원이다. 보증료는 1개월 이용료에 해당한다. 아트 볼트 이용료는 월 300만원, 연간 기준 3000만원이다.
볼트 1932는 리오프닝을 맞아 신규 고객에게 할인 혜택을 제공한다. 금고 종류에 관계 없이 계약 기간별로 17~30% 할인을 받을 수 있다. 1년 계약은 17%, 3년은 22%, 10년은 30%로 계약 기간이 늘어날수록 높은 할인률을 제공할 방침이다.
볼트 1932는 장정맥(손바닥 정맥)과 지문, 비밀번호를 활용한 3단계 생체인증시스템으로 사용자를 확인한다. 시설 출입문에서 1차로 장정맥을 확인하고, 금고실에 들어가기 전에 다시 장정맥과 비밀번호를 확인한다. 마지막으로 본인 금고에 설치된 지문인식기를 통해 최종 사용자를 확인한다. 금고실 내부에는 사용자가 1명씩 들어가 최장 15분간 머물 수 있다.
볼트1932는 은행 대여금고와 달리 계좌정보나 실명을 요구하지 않아 누구나 이용할 수 있고 익명성도 뛰어나다. 계약자 외에 지정사용자를 2명까지 추가 등록할 수 있다. 하균표 신성금고 대표는 “최근 시중은행 점포가 급격히 줄어들면서 기존 고객이 은행 대여금고를 이용하기가 어려워지고 있다”면서 “볼트 1932는 국내에서 유일하게 세계적 금고 보안 인증인 ‘UL 클래스’ 3등급을 받아 보안과 안전 측면에서 은행 대여금고보다 오히려 더 우수하다”고 했다."
https://www.chosun.com/economy/real_estate/2025/04/14/3D4GOFMFHZFOXD4NNGIS2XOG4A/,"최근 서울시 도시·건축위원회를 통과해 49층짜리 럭셔리 호텔 개발이 결정된 서울 강남구 청담동 프리마 호텔 부지에는 원래 아파트와 오피스텔이 들어설 예정이었다. 부동산 개발 업체가 최고급 주거 시설을 지으려고 2022년 약 4000억원을 들여 코로나로 경영난을 겪던 호텔 부지를 사들였다. 그러나 금리 인상과 PF(프로젝트 파이낸싱) 대출 등의 문제로 사업이 무산될 위기에 처했다. 작년 5월 신세계프라퍼티가 지분 50%를 얻어 사업에 뛰어들면서 호텔 개발로 방향이 바뀌었다. 주거 시설보다 고급 호텔을 짓는 게 사업성이 더 좋다는 판단이었다. 신세계프라퍼티 관계자는 “코로나 이후 한국을 찾는 외국인 관광객은 빠르게 회복되는데, 서울 강남권에 이들을 수용할 최고급 호텔이 없는 점을 노린 것”이라고 했다.
코로나 시기 급감했던 외국인 관광객이 K드라마, K푸드 인기와 함께 돌아오면서 서울을 중심으로 다시 호텔 개발 열기가 불고 있다. 관광 업계는 올해 역대 최고였던 2019년(1750만명)보다 많은 약 1800만명의 외국인이 한국을 방문할 것으로 보고 있다. 이런 상황에서 국내 호텔 객실 수는 코로나 이전보다 줄어든 상태여서 객실 단가 상승 등 호텔 사업 실적이 눈에 띄게 개선될 것이라는 예상이 나온다.
업황이 좋아지자 호텔과 관련한 부동산 개발 계획이 뒤바뀐 사례가 속출하고 있다. 코로나 시기에 호텔 건물을 다른 용도로 바꾸려던 계획이 전면 취소되거나 사무실이나 주거 시설로 개발하려던 땅에 호텔이 들어서는 곳이 나오고 있다.
◇오피스·주거에서 다시 호텔로
미국계 사모 펀드 블랙스톤은 작년 말 1200억원을 투자해 서울 강남구 역삼동 SM그룹 강남 사옥을 사들였다. 블랙스톤은 이 건물을 호텔로 용도 변경해 운영할 계획이다. 블랙스톤 관계자는 “글로벌 호텔 체인과 파트너십을 맺어 획기적인 서비스를 제공하는 호텔을 선보일 것”이라고 했다. 앞서 작년 9월엔 미국계 투자사 안젤로고든이 오피스 변경이 추진되던 ‘티마크 그랜드 호텔 명동’을 사들여 글로벌 호텔 IHG 계열의 ‘보코 서울 명동’으로 다시 개장했다. ‘더 프리마 호텔 종로’도 코로나 이후 오피스 개발을 원한 자산운용사에 인수됐으나, 전환 계획은 무산되고 현재 호텔로 성업 중이다.
파라다이스그룹이 서울 중구 장충동에서 추진하던 호텔 개발 사업도 코로나 때 사업성이 악화돼 오랫동안 공사를 시작하지 못했으나, DL이앤씨와 시공 계약을 맺는 등 본격적으로 절차를 밟기 시작했다. 글로벌 부동산 업체 존스랑라살(JLL)은 “견고한 관광 수요, 제한적 공급, 우수한 실적과 해외 투자 증가에 힘입어 올해 호텔 시장이 완전히 회복될 것”이라며 “이제는 많은 투자자가 오피스 빌딩, 리테일 등 비(非)숙박 시설의 호텔 전환 가능성을 검토하고 있다”고 했다.
◇방한 관광객 급증이 부른 호텔 수요
호텔 수요의 귀환은 관광객 급증이 결정적이었던 것으로 분석된다. 한국관광공사 데이터를 보면, 올해 2월까지 방한 관광객은 누적 226만명으로, 작년(191만명) 대비 18% 늘어났다. 같은 기간으로 비교하면 코로나 직전인 2019년 231만명의 98% 수준까지 회복했다.
코로나 때 크게 줄었던 객실 수는 회복이 더딘 상태다. JLL에 따르면, 코로나 기간 서울에서만 4~5성급 호텔 객실이 약 4000개 사라졌는데, 이후 2024년에 1100여 실이 공급됐고 올해 공급량도 1000실이 채 안 될 전망이다. JLL은 “향후 대형 신규 호텔 공급도 2027년 이후로 예정돼 있기 때문에 2~3년간은 수요가 공급을 앞질러 호텔 실적이 꾸준히 상승할 것”이라고 예상했다. 실제 작년 평균 객실 요금은 코로나 대비 40% 이상 올랐다.
시장에 활기가 돌면서 해외 투자자들도 한국 호텔에 몰려들고 있다. 싱가포르투자청(GIC)은 더 익스체인지 서울 등 오피스 빌딩은 매각하고 최근 글래드 호텔 등 3개를 한꺼번에 매입하기 위해 협상 중이다. 일본계 ARA자산운용과 영국계 M&G리얼에스테이트는 지난해 여의도 IFC의 콘래드 서울 호텔을 공동으로 인수했다. 상업용 부동산 기업 컬리어스 장현주 이사는 “한국 호텔 투자가 장기적으로 안정적이라는 판단을 한 해외 자본 유입이 활발해지고 있다”며 “펀드나 부동산 투자회사(리츠)의 호텔 매입이 늘어날 것”이라고 말했다."
https://www.chosun.com/economy/real_estate/2022/09/20/5ACLOOMZ5NBSDOGFDV7SBFO7ZM/,"DL이앤씨가 여수 석유화학단지에 있는 LG화학 ABS(아크릴로니트릴·부타디엔·스타이렌) 생산 공장 재구축 사업을 수주했다고 20일 밝혔다.
이번 사업은 LG화학이 노후화 라인을 교체하기 위해 발주했으며, DL이앤씨가 총 4404억원에 단독으로 수주하게 됐다. DL이앤씨는 “기존 공장에 연간 22만t 규모의 ABS를 생산할 수 있는 공장을 증설한다”며 “설계부터 기자재 구매, 시공, 시운전 업무까지 수행할 예정”이라고 설명했다.
ABS는 일반 플라스틱에 비해 충격과 열에 강하고 우수한 성형성을 갖고 있어서 냉장고, 에어컨 등 가전제품과 자동차 소재에 주로 쓰인다. LG화학은 현재 ABS 글로벌 시장점유율 1위 회사다.
유재호 DL이앤씨 플랜트사업본부장은 “디지털 혁신과 BIM 기반의 설계 등 차별화된 경쟁력을 바탕으로 국내외 플랜트 시장을 적극적으로 공략하겠다”고 말했다."
https://www.chosun.com/economy/real_estate/2024/11/25/4ZUZUJF2FZGCDPKZ7APTGSHTYA/,"울산 반딧불이 풍력발전소 육상 공사 맡아
포스코이앤씨는 24일 노르웨이 국영기업 에퀴노르가 100% 출자한 자회사 반딧불이 에너지와 ‘울산 반딧불이’ 해상 풍력발전소 육상 공사를 맡기로 합의했다고 밝혔다. 에퀴노르는 울산항에서 약 70㎞ 떨어진 바다에 750MW(메가와트)의 부유식 해상 풍력발전소 조성 사업을 추진 중이다. 포스코이앤씨는 이 사업의 기본 설계 및 육상 변전소 건설 등을 맡는다.
방화 3구역 재건축 정비 사업 수주
현대엔지니어링은 현대건설과 컨소시엄을 구성해 서울 강서구 방화 3구역 재건축 정비 사업을 수주했다고 24일 밝혔다. 서울 강서구 방화동 615-103번지 일대에 지하 4층∼지상 16층 28동, 1476가구 규모의 아파트를 짓는 사업이다. 총도급액은 6920억원으로 두 회사가 50%씩 지분을 갖는다."
https://www.chosun.com/economy/real_estate/2023/10/14/JOT32MU7YRB7LMDJMULOKQU4QA/,"[땅집고] “10년 차 넘긴 30대 중반 사내 커플 부부입니다. 또래에 비해 많이 버는 편이 아닌데도 둘이 합쳐서 연봉이 1억원은 그냥 넘거든요. 요즘 저희처럼 30대 중반 넘어서 결혼 안 한 사람들이 많은데, 신혼부부 대출은 그림의 떡인 거 같아요.”(36세 황 모 씨)
국토교통부가 최근 주택구입(디딤돌)ㆍ전세자금(버팀목) 대출 소득 요건을 1500만원씩 인상하는 등 신혼부부의 주거 안정을 위한 추가 대책을 내놨다. 그러나 이 혜택을 받을 수 있는 신혼부부는 수도권 외곽이나 지방에 살거나 외벌이 등 일부에 지나지 않다는 지적이 나오고 있다.
☞관련기사: “결혼하면 이 혜택 다 못 받네?” 혼인신고 미루는 신혼부부들
☞관련기사: 신혼부부에 한정, 6억원 이하 주택 4억 대출길 열린다
국토부는 디딤돌 대출 소득요건은 당초 7000만원에서 8500만원으로 완화하고, 금리는 연 2.45~3.55%를 적용한다. 소득 7000만원 이하는 기존과 마찬가지로 2.45~3.30%를 적용받는다. 버팀목 대출 소득요건도 당초 6000만원에서 7500만원으로 완화한다. 금리는 2.1~2.9%다. 마찬가지로 소득 6000만원 이하는 기존과 마찬가지로 2.1~2.7%를 적용한다.
디딤돌 대출의 경우 주택가격 6억원 이하에 대출한도는 최대 4억원이다. 전세대출인 버팀목 대출 역시 보증금 기준 수도권 3억원, 비수도권 2억원이며 대출한도는 수도권 1억2000만원, 비수도권 8000만원을 지켜야 한다.
■”30대 맞벌이는 어쩌라고”…현실과 동떨어진 ‘신혼부부 지원책’
정부 나름대로는 저출산, 비혼 문제를 해결하기 위한 해결책을 내놓은 것이지만, 실제 도움을 받을 신혼부부는 극히 일부에 그친다는 우려가 나온다. 주택구입 대출과 전세 대출 소득요건이 각각 8500만원, 7500만원인데 트렌드에 비해 너무 낮다는 지적이다. 초혼 연령 자체가 높아진 데다 맞벌이 가구가 늘어 부부 합산 소득요건이 턱없이 낮다.
여성가족부가 최근 내놓은 ‘2023 통계로 보는 남녀의 삶’ 보고서에 따르면 지난해 우리나라 평균 초혼 연령은 남성 33.7세, 여성 31.3세다. 작년보다 각각 0.3세, 0.2세씩 상승했다. 초혼 연령은 매년 높아지고 있다. 여기에 맞벌이 가구 수는 584만6000가구로 배우자가 있는 가구 중 46.1%를 차지할 정도로 높다.
고용노동부 임금직무정보시스템에 따르면 직원 수 30~99명 중소기업의 30~34세 직원 평균 연봉은 4095만원이다. 단순 계산해 보면 30대 맞벌이 부부의 합산 소득은 9240만원으로, 정부가 신혼부부 대출 기준으로 내놓은 소득요건을 훌쩍 뛰어넘는다.
여기에 신혼부부 대출 지원책이 개인보다 압도적으로 좋지도 않아 메리트가 없다는 지적이 나온다. 전세대출의 경우 수도권은 3억원 이하 주택에 1억2000만원이 나온다. 그렇다면 부부 합산 연봉은 7500만원이지만 모은 돈이 최소 1억8000만원은 있어야 한다는 얘기다. 김제경 투미부동산컨설팅 소장은 “소득 요건은 인상해야 하지만, 지금 인상한 정도로는 턱없이 부족하다”며 “개인 대출보다 최소 2배 이상 대출 한도를 높여주지 않는 이상 이를 신혼부부 지원 정책이라고 보기는 힘들다”고 했다.
부부가 모두 연봉 4000만원을 받을 경우 각자 대출받는 금액이 신혼부부 대출 금액보다 훨씬 적어지는 등 오히려 신혼부부 역차별은 여전하다는 말이다. 실제로 결혼하는 순간 청약 통장은 부부 합산으로 2개에서 1개로 줄어들고, 각자 1주택자였을 경우 결혼하면 다주택자 취급을 받게 된다.
■뿔난 신혼부부들 “수도권 6억 이하 주택? 외곽이나 빌라나 가라는 것”
주택구입 대출과 관련 6억원 이하로 책정한 주택가격 기준 역시 논란이다. 직방에 따르면 올해 서울 아파트 평균 거래가격은 11억3279만원이다. 총 가구 수 30가구 이상 아파트(임대 제외), 거래 취소 건을 제외한 통계다. 서울에서는 기본적으로 6억원 이하 아파트를 찾기란 하늘의 별 따기이고 6억원 주택을 매수하려면 빌라나 오피스텔, 도시형생활주택(도생) 등 비아파트로 갈 수밖에 없는 구조다.
수도권이나 지방은 그나마 사정이 낫다. 경기도는 5억785만원, 인천은 3억8800만원, 부산은 4억1631만원 선으로 6억원 밑이긴 하다. 그러나 집값이 다시 전고점의 85% 수준을 회복한 상황에서 국토부의 조건에 맞는 곳에 가려면 결국 입지가 열악한 아파트나 빌라 등 아파트 대체재로 가야 한다.
함영진 직방 빅데이터랩장은 “경기ㆍ인천이나 지방 신혼부부는 그나마 도움을 받을 수 있지만, 서울에 있는 신혼부부는 혜택을 받기 어려울 것”이라고 말했다. 김 소장은 “현실적으로 서울 등 어지간한 인프라가 갖춰진 수도권 아파트는 6억원을 우습게 넘는다”며 “최근 전세사기 이슈로 빌라 시장이 죽으니 신혼부부들은 빌라나 살라고 등을 떠미는 게 아니냐는 비판의 시각이 나오고 있다”고 했다.
☞더 많은 기사는 땅집고에서 보실 수 있습니다"
https://www.chosun.com/economy/real_estate/2022/11/04/IY5Y4VA6J5GWRG4XL4UVQ4STWY/,"정부가 내년 공시가격 현실화율을 올해와 똑같이 유지한다. 아파트 같은 공동주택의 경우 내년에도 올해처럼 시세의 평균 71.5% 수준으로 공시가격을 책정한다는 뜻이다. 현실화율이 동결되면 최근 집값 내림세와 맞물려 내년도 공시가격이 올해보다 떨어지고, 재산세와 종합부동산세 부담이 줄어들 전망이다. 정부는 문재인 정부가 90%로 설정한 공시가격 현실화율 목표치를 당장 조정하진 않지만, 1년 유예기간을 두고 80%로 낮추는 것을 검토하기로 했다.
국토교통부와 한국조세재정연구원(조세연)은 4일 서울 서초구 한국부동산원 강남지사에서 ‘부동산 공시가격 현실화 계획 관련 공청회’를 열어 이런 방안을 발표했다. 조세연은 “집값과 공시가격 현실화율이 오르고, 세율 인상까지 영향을 미쳐 보유세 등 국민 부담이 크게 늘었다”고 지적했다. 그러나 조세연은 “금리 인상과 집값 하락 같은 불확실한 시장 상황 때문에 현시점에서 현실화 계획 수정안을 확정하기 어렵다”며 기존 계획을 1년 유예하는 것을 최종 의견으로 제시했다. 지난 6월 조세연에 연구 용역을 발주한 국토부는 이 제안을 받아들일 가능성이 크다.
조세연은 기존 현실화율 목표치(90%)를 80%로 낮춰야 한다는 의견도 내놓았다. 송경호 부연구위원은 “부동산 가격 하락기에 공시가격 현실화율을 90%로 유지하면 1월 1일 자로 발표하는 공시가격이 연중 실거래가를 뛰어넘을 수 있다”고 했다.
윤석열 대통령은 대선 후보 때 공시가격 현실화 계획을 재검토하는 공약을 내걸었고, 국토교통부도 발 빠르게 개선안 준비에 착수했다. 지난해 전국 공동주택 공시가격이 평균 19.1% 오른 데 이어 올해도 17.2%나 오르면서 주택 보유세와 건강보험료 인상 등의 부담을 덜어줘야 한다는 공감대가 형성됐다. 공시가격은 재산세와 종합부동산세의 과세 기준, 건강보험료와 기초연금 등 67개 행정제도의 기준으로 활용된다.
이 때문에 4일 열린 ‘부동산 공시가격 현실화 계획 관련 공청회’에서 공시가격 현실화율 목표치를 기존 90%에서 80%로 낮추는 방안이 공개될 것이라는 관측이 지배적이었다. 그러나 조세재정연구원이 1년 유예 방안을 제시했고, 정부는 이를 바탕으로 기존 로드맵 개편을 미룰 것으로 보인다. 최근 집값이 가파르게 하락하는 등 부동산 시장이 불안정한 상황에서 장기 계획인 현실화 로드맵을 섣불리 확정하기 어려워 시장 추이를 좀 더 지켜보자는 취지로 풀이된다.
◇”공시가격이 실거래가 역전할 수도”
문재인 정부는 2020년 11월 공동주택은 2030년까지 공시가격을 시세의 90%로 끌어올리겠다고 발표했다. 이 로드맵에 따라 전국 공동주택 공시가격 평균 현실화율은 올해 71.5%에서 내년엔 72.7%로, 2024년 74.6%로 계속 오를 예정이었다. 가령 아파트 시세가 10억원에서 변하지 않아도 세금 부과의 기준이 되는 공시가격이 7억2700만원, 7억4600만원 식으로 계속 오른다.
조세연은 올 들어 집값이 급격한 하락세로 돌아선 것도 기존 현실화 계획을 계속 유지하기 어려운 문제점으로 지적했다. 송경호 조세연 부연구위원은 “올해 급격한 금리 인상으로 지역별로 1년 전보다 평균 실거래가가 10% 이상 내린 사례가 다수 확인된다”면서 “현실화율 목표치를 90%로 설정하면 주택 가격 하락기에 1월 1일 자로 발표한 공시가격과 그해 실거래 가격의 역전 현상이 빈번하게 발생하는 문제점이 있다”고 밝혔다. 실제로 한국부동산원이 조사한 아파트 실거래가 지수는 5월(-0.68%)부터 급격히 떨어지고 있다. 서울 아파트의 경우, 올해 1∼8월 누적 변동률이 -6.63%로 역대 가장 많이 내렸다.
조세연은 또 토지나 단독주택은 아파트보다 시세 평가가 정교하게 이뤄지지 않는 것을 감안할 때 공시가격을 시세의 90%로 맞추는 것은 과도한 측면이 있다고 지적했다.
◇'2040년까지 현실화율 80%’도 제시
조세연은 최종 의견으로 채택하지 않았지만, 현실화율 목표치를 90%에서 80%로 낮추는 방안을 제시했다. 공동주택의 경우 현실화율을 80%까지 끌어올리는 시점을 기존대로 2030년으로 유지하는 방안 외에도 2035년이나 2040년으로 늦추는 방안도 소개했다. 2035년으로 연장할 경우 해마다 상승하는 아파트 공시가격 현실화율이 연평균 2.31%에서 0.65%로 낮아진다.
국토부는 공청회 논의 결과를 토대로 내년에 적용할 공시가 현실화율 이행 계획을 조만간 발표할 예정이다. 이랑 국토부 부동산평가과장은 “현실화율 로드맵 개편과 별도로 공시가격 시세 산정의 신뢰도를 높일 수 있는 방안을 여러모로 검토하고 있다”고 말했다."
https://www.chosun.com/economy/real_estate/2024/06/26/LQYTBPFZ4RB33E43ULHWWD2DEI/,"분당·일산·중동·평촌·산본 등 수도권 1기 신도시가 속한 경기도 지자체 5곳이 25일 최대 3만9000가구 규모의 재건축 선도지구 선정을 위한 평가기준을 공개하고 공모 절차를 시작했다. 신도시별로 가장 먼저 재건축에 착수할 아파트 단지를 뽑는 100점 만점의 ‘채점표’를 확정한 것이다. 분당은 재건축 참여 가구 수, 중동은 주민동의율에 대한 배점을 정부 기준안보다 더 올려 눈길을 끌었다.
국토교통부는 지난달 주민 동의율(60점)을 비롯해 가구당 주차 대수(10점), 통합 정비 참여 주택 단지 수(10점), 참여 가구 수(10점), 도시 기능 활성화 필요성(10점) 등을 표준 평가안으로 제시하고, 각 지자체가 세부안을 마련하기로 했다.
분당은 통합 재건축 참여 가구 수 배점을 15점으로 정했다. 3000가구 이상이 참여하면 15점 만점이다. 대신 참여 단지 수 배점은 4점으로 낮추고, 주차난에도 6점만 배정했다. 대신 이주대책 지원 여부와 공공 기여 면적 등을 15점 만점으로 평가한다. 재건축 사업 속도를 올리기 위해 신탁사나 공공이 함께 참여하는 경우 가점(2점)을 받을 수 있도록 했다.
중동은 주민동의율 배점을 국토부 기준보다 10점 더 높여 70점 만점으로 정했다. 주민동의율이 90% 이상이면 70점, 50%면 10점을 받는다. 가구당 주차 대수(7점) 외에 옥외 주차장 비율(3점)도 평가 항목에 넣었다. 일산·평촌·산본은 국토부 기준안과 큰 차이가 없지만, ‘도시기능 활성화 필요성’ 항목은 별도로 평가하지 않고 신청 단지 모두에 10점씩 주기로 했다.
1기 신도시 선도지구는 9월 말 신청서를 접수하고 10월 중 심사를 진행해 11월 선정·발표할 계획이다. 정부는 분당 8000가구, 일산 6000가구, 평촌·중동·산본은 4000가구씩 선정한다고 밝혔다. 여기에 각 지자체가 최대 50%까지 선도지구를 추가할 수 있어 3만9000가구까지 가능하다."
https://www.chosun.com/economy/real_estate/2023/10/20/TGCOYTFYKVF4HJZAONUOHFGQCE/,"공공 분양주택 ‘뉴홈’의 3차 사전 청약이 18대1의 높은 경쟁률을 기록했다. ‘뉴홈’은 현 정부가 50만 가구 공급을 목표로 추진하는 공공 분양 아파트로, 분양가격이 시세보다 20~30% 저렴해 인기가 높다.
국토교통부는 서울 마곡지구, 구리갈매역세권 등 7개 지역에서 뉴홈 3차 3295가구의 사전 청약 접수를 한 결과, 6만1380명이 신청해 평균 18.6대1의 경쟁률을 기록했다고 20일 밝혔다. 서울 마곡 10-2 전용면적 59㎡ 일반공급은 133.1대1, 하남 교산 59㎡ 일반공급은 104.7대1로 세 자릿수 경쟁률을 기록했다.
공급 유형별로는 나중에 주택을 팔때 생기는 차익의 일부를 LH(한국토지주택공사)와 나누는 ‘나눔형’의 경쟁률이 37.9대 1로 가장 높았다. 6년간 전세로 거주하다가 매수 여부를 결정하는 ‘선택형’의 경쟁률은 7.4대1로 집계됐다. 연령대별로는 20~30대의 청약 신청 비율이 74.7%로 높았다.
사전 청약 당첨자는 다음 달 2일부터 10일 사이 발표되며, 소득·자산 등 요건 심사 후 최종 확정된다. 본 청약은 1~2년 후에 이뤄질 예정이다. 뉴홈 사전 청약 당첨자는 다른 공공주택 사전 청약 신청은 제한되지만, 일반 아파트 청약은 가능하다."
https://www.chosun.com/economy/real_estate/2021/06/01/STEI4KOO2NCFZOHDFBCD75ZGQU/,"전국 고가 아파트와 저가 아파트의 가격 격차가 역대 최대로 벌어졌다. 서울 등 ‘똘똘한 한 채’로 수요가 몰리며 주택 시장에서 양극화가 심화하고 있는 것으로 풀이된다.
1일 KB국민은행 ‘월간주택가격동향’에 따르면, 지난달 상위 20% 아파트(5분위)의 평균 매매가격은 10억4060만원이었다. 반면 하위 20%(1분위)는 1억1804만원으로, 둘 사이의 격차가 9억2256만원에 달했다.
아파트 5분위 배율도 8.8로 커졌다. 관련 통계가 만들어진 2008년 12월 이후 최대치다. 아파트 가격 5분위 배율은 상위 20% 아파트 평균 매매가격을 하위 20%로 나눈 값으로, 고가 아파트와 저가 아파트 간 가격 격차를 나타낸다. 숫자가 클수록 아파트값 양극화가 심하다는 것을 의미한다.
문재인 정부가 출범한 2017년 5월 전국 상위 20% 아파트는 5억6078만원, 하위 20% 아파트는 1억1837만원이었다. 둘 사이의 격차가 4억4240만원으로, 5분위 배율이 4.7에 불과했다. 그러나 지난 4년간 상위 아파트 가격이 85.5% 오를 동안, 저가 아파트 가격은 오히려 소폭 하락하면서 5분위 배율이 8.8까지 커졌다.
다만 서울은 고가 아파트는 물론 중저가 아파트 가격도 크게 오르면서 지난달 5분위 배율(4.1)이 4년 전(4.2)보다 오히려 낮아졌다. 고가 아파트 가격이 11억9528만원에서 21억4614만원으로 79.5% 오르는 동안, 저가 아파트 가격은 2억8436만원에서 5억2124만원으로 83.3% 증가했기 때문이다. 오른 금액 자체는 고가 아파트가 더 크지만, 상승률로 따지면 저가 아파트가 더 빠르게 오른 셈이다."
https://www.chosun.com/economy/real_estate/2024/11/14/JCEYJ3D7BRDO5PUKOMR4O5MERU/,"청약통장 가입자가 계속 줄고, 비싼 분양가와 ‘로또’ 같은 당첨 확률로 20~30대 사이에서 ‘청약 무용론’이 확산하는 가운데 현행 청약 가점제를 바꿔야 한다는 제안이 나왔다. 부양가족 1명당 5점이 가산되는 현행 방식 대신 젊은 부부가 아이를 1명 낳을 때마다 청약 점수를 10점씩 더해줘야 한다는 것이다. 젊은 세대의 청약 당첨 가능성을 높여서 주택 마련 부담 때문에 출산을 꺼리는 문제를 해결하자는 취지다.
한국도시부동산학회는 최근 발표한 ‘저출생 대응을 위한 주택청약제도 개선방안’ 보고서에서 “저출생의 주요 원인인 주거 안정성 문제를 해결하기 위해 청약 가점제에서 자녀 수 가점을 1명당 10점으로 올려야 한다”고 밝혔다. 현행 청약 가점제는 무주택 기간(32점), 부양가족 수(35점), 청약통장 가입 기간(17점)에 따라 84점 만점이다. 무주택 기간과 청약통장 가입은 15년 이상일 경우 만점이고, 가장 배점이 높은 부양가족은 부모·자녀를 구분하지 않고 6명 이상일 때 만점이다. 학회장인 남진 서울시립대 교수는 “결혼하면 10점 가산, 자녀 1명당 10점씩을 올려주고, 부모나 조부모 같은 부양가족은 1명당 2.5점씩 부여하자”며 “출산 가구의 청약 당첨 가능성을 높여줘 집 걱정 없이 아이를 낳을 수 있게 지원해야 한다”고 했다.
젊은 층은 무주택 기간과 청약통장 가입에서 중장년층보다 불리하고, 사실상 ‘당락’을 결정하는 부양가족 수에서도 점수를 채우기 어렵다. 실제로 올해 서울 강남권에서 분양한 ‘로또 아파트’는 당첨 커트라인이 4인 가족이 받을 수 있는 최대 점수(69점)보다 높은 경우가 많았다. 3대가 함께 사는 대가족이 아닌 이상 인기 지역 당첨이 불가능해 온라인 커뮤니티엔 “강남 아파트 청약은 대가족 선발대회냐” 같은 글이 올라온다.
부양가족 수를 늘리기 위해 위장전입 같은 ‘꼼수’도 판을 친다. 국토교통부에 따르면, 위장전입으로 적발된 부정 청약은 2020년 134건에서 지난해 277건으로 늘었다. 국회 입법조사처도 최근 ‘2024 국정감사 이슈 분석 보고서’에서 “부양하는 부모와 자녀 수를 분리하거나, 무주택·청약통장 가입 기간의 범위와 가점 간격을 조정하는 방식의 개선이 필요해 보인다”고 지적했다."
https://www.chosun.com/economy/real_estate/2021/05/18/CWHC2RLLLZC2BBXTFIN3YBTJFE/,"전국 역대 최고 청약 경쟁률을 기록한 경기도 화성시 ‘동탄역 디에트르 퍼스티지’의 청약 가점 당첨 커트라인은 69점으로 나타났다. 무주택 기간과 청약통장 가입 기간에서 모두 만점(각 15년)을 채운 4인 가구가 받을 수 있는 점수다.
18일 한국부동산원 청약홈에 따르면 이날 당첨자를 발표한 이 단지의 당첨 최고 가점은 79점, 최저 가점은 69점이었다. 최저 가점은 화성시 2년 이상 거주자만 신청할 수 있는 ‘해당 지역’ 전형에서 나왔다. 수도권 거주자가 신청할 수 있는 전형은 최저 점수가 70점을 넘겼다.
그동안 수도권에서 청약 가점 60점대 후반이면 당첨 안정권으로 통했다. 하지만 작년 이후 청약 시장이 과열되고 경쟁률이 치솟으며 대다수 실수요자에겐 ‘그림의 떡’이 됐다.
이 단지는 지난 11일 1순위 청약에서 302가구 모집에 24만4343명이 신청해 평균 809대1의 역대 최고 경쟁률을 기록했다. 당첨자는 5년 의무 거주, 10년 전매 제한 조건이 있지만 분양가가 주변 시세의 절반도 안 돼 신청자가 대거 몰렸다. 최근 동탄신도시 아파트값이 뛰면서 ‘로또 아파트’가 된 것이다.
한편 동탄2신도시에는 올해 4곳의 추가 분양이 예정돼 있다. 부동산 정보 업체 부동산인포에 따르면 이달 ‘동탄역 금강펜테리움 더 시글로’(380가구), 6월 ‘동탄2 파라곤 2차’(1253가구) 등이 나올 예정이다. 분양가 상한제가 적용되는 만큼 주변 시세보다 저렴할 것으로 예상된다."
https://www.chosun.com/economy/real_estate/2022/10/24/WAGQFKPRDFFY7K6NKWKD7L2FHA/,"삼성물산이 지난 2000년 첫선을 보인 ‘래미안’은 20여 년간 국내 주택시장을 대표하는 브랜드로 확고하게 자리를 잡았다. 삼성물산은 작년 5월 ‘삶의 동반자(Life Companion)’라는 래미안의 새로운 비전을 발표하고, BI(브랜드 아이덴티티)를 개편했다. 유행을 선도하는 라이프 스타일을 제안하고, 열정적이고 세련된 고객의 일상을 공유한다는 의미다.
◇고객에게 차별화된 경험 선사
래미안은 아파트 입주민에게 차별화된 경험을 제공하기 위해 주거 관련 다양한 신상품을 개발·적용하고 있다. 손목시계형 아파트 출입 시스템인 ‘웨어러블 원 패스’를 도입했고, 국내 건설업계 최초로 사물인터넷(IoT) 기술과 주거 시스템을 결합한 ‘래미안 IoT 플랫폼’을 자체 개발하기도 했다.
삼성물산은 지난해 ‘래미안 홈랩-RAI(Raemian Artificial Intelligence) 라이프관’을 새로 공개했다. 기존 IoT 기반 주거시스템을 뛰어넘어 입주민 생활 방식에 맞춘 AI(인공지능) 서비스와 배송 로봇 등의 기술로 미래형 스마트 주거 환경을 선도하겠다는 취지다. 방문자 얼굴 인식 기능과 층간소음센서, 커뮤니티 안내로봇 등은 래미안 홈랩이 연구·개발해 상용화한 대표 상품이다.
래미안은 맞춤형 홈스타일링 서비스, 프리미엄 컨시어지 서비스 등 고객 취향을 반영하는 옵션 상품과 서비스도 지속적으로 개발하고 있다. 평형별로 일괄 인테리어를 제공하는 것에서 벗어나 바닥재·아트월·가구·조명·출입문 등 세부적인 부분까지 고객 선택의 폭을 확대해 나갈 예정이다.
커뮤니티 시설 다양화에도 공을 들이고 있다. 사용자 편의를 위해 스마트폰 앱을 활용한 커뮤니티 예약 시스템을 구축했다. 운동시설이나 학습시설 같은 기본적인 편의시설 외에 입주민이 원하는 전문 컨시어지 서비스의 도입을 확대하고, 조∙중∙석식이 가능한 식당, 건강관리 프로그램이 접목된 체육관도 도입할 예정이다. 반려동물을 키우는 입주민을 위한 펫케어(pet care)와 실버 세대를 위한 건강 관리 등 특화 서비스도 계속 확대하고 있다.
◇기술력으로 층간 소음 문제 해결
삼성물산은 래미안만의 특별한 조경 노하우가 담긴 디자인 전략을 매년 개발해 입주 단지에 적용하고 있다. 올해는 자연 그대로의 느낌을 살리는 ‘네이처 갤러리(Nature Gallery)’를 개발해 고객이 직접 확인할 수 있도록 서울 송파구에 있는 ‘래미안갤러리’에 실제로 구현했다. 이 밖에도 삼성물산은 단지 내 석가산과 생태 계류원 배치, 가든 스타일, 동별 특화 조경인 필로티 가든 등을 지속적으로 개발했다. 이런 노력은 세계조경가협회상(IFLA Awards) 11회 수상, 아시아 디자인 프라이즈 2년 연속 수상으로 국내외에서 인정받고 있다.
삼성물산은 또 2005년 업계 최초로 ‘헤스티아’라는 주거 서비스 브랜드를 도입했다. 입주민이 직접 참여하는 문화 강좌와 취미활동, 사회공헌 등 다양한 경험과 서비스를 제공하는 것이다. 래미안 신규 입주 단지에 전용 라운지를 설치하고 헤스티아 매니저와 엔지니어가 상주하면서 입주민의 불편을 해결한다.
삼성물산은 최근 심각한 사회 문제로 떠오른 아파트 층간 소음 문제 해결에도 앞장서고 있다. 올해 5월엔 경기도 용인시 기흥구에 층간 소음만을 위한 전문 연구 시설인 ‘래미안 고요安 LAB’을 개관했다. 벽식, 라멘식, 기둥식, 혼합식(벽+기둥) 등 국내 아파트 건설에 적용되는 4종류의 구조 형식을 실증 주택에 각각 적용해 층간 소음을 연구하고 있다.
삼성물산은 이달 국토교통부 인정기관에서 바닥 충격음 차단 성능 1등급을 공식 인정받았다. 이번에 인정받은 기술은 기존의 완충재와 모르타르 조합의 바닥 구조가 아니라, 고중량 바닥 패널과 스프링을 활용해 사전 제작 형식으로 시공하는 것이 특징이다. 이런 모듈러 형태 공법으로 균일한 차단 성능을 확보할 수 있다. 이번에 개발한 신기술을 국가공인시험기관인 한국건설생활환경시험연구원(KCL)에 의뢰해 측정한 결과, 강화된 1등급 기준(37dB 이하)보다 대폭 개선된 경량충격음 21dB(데시벨), 중량충격음 29dB을 기록했다. 삼성물산 관계자는 “층간 소음 차단 성능 1등급 확인과 공식 인정서 취득을 계기로 새로운 기술을 빠르게 현장에 적용할 수 있도록 노력하겠다”고 말했다."
https://www.chosun.com/economy/real_estate/2022/02/15/QYR45GOU3NGG5AXTJ44DYBQDN4/,"HDC아이앤콘스가 경기 수원시에서 지식산업센터 ‘영통 아이파크 디어반’을 이달 분양한다.
영통 아이파크 디어반은 경기 수원시 영통구 원천동 399-1 일대에 들어서며 지하 3층~지상 13층 1동에 연면적 4만2381㎡이다. 제조시설과 업무시설 413실이 들어선다.
입점 업종별 특성을 고려해 제조시설과 업무시설을 층별로 따로 나눴다. 지하 1층과 지상 1층에는 근린생활시설 점포 15개가 들어선다. 입주사 직원들이 휴게시설과 편의공간으로 쓸 수 있는 커뮤니티 시설도 설치한다. 1층에 옥외 휴식 공간을 만들고, 지상 9~13층에는 광폭 테라스와 옥상 정원을 꾸민다.
영통 아이파크 디어반이 들어서는 수원시 영통구 일대는 기업 업무시설 수요가 늘어 최근 지식산업센터가 많이 들어서는 지역이다. 삼성전자 수원 삼성디지털시티는 현재 첨단연구개발(R&D) 단지로 국내 최대 연구단지다. 삼성전자에 종사하는 근로자와 인근 협력업체 임직원을 포함하면 유동인구만 약 4만5000명에 달해 배후 수요가 적지 않다.
단지 반경 1.5km 안에 지하철 수인분당선 영통역과 망포역이 있다. 2026년 개통 목표로 추진하는 인덕원~동탄 복선전철 원천역과 영통역도 인근에 있다. 용인서울고속도로 흥덕IC와 경부고속도로 수원신갈IC, 영동고속도로 동수원TG 등도 단지에서 멀지 않다. 고속도로를 이용해 서울 도심과 경기도 주요 도시로 이동하기가 수월하다.
지식산업센터는 취득세와 재산세를 각각 50%, 37.5% 면제받을 수 있어 사옥을 마련하려는 기업 수요가 늘고 있다. 분양가의 최대 80%까지 대출이 가능하다. 전매 제한 규제도 적용받지 않는다. HDC아이앤콘스 관계자는 “영통 아이파크 디어반은 삼성디지털시티와 가깝고 광역교통망도 갖추고 있어 임대수요가 풍부하다”며 “1인 사업자나 소규모 기업 문의가 많은 편”이라고 말했다.
영통 아이파크 디어반 견본주택은 경기 수원시 영통구 신동 938-7 일대에 마련한다."
https://www.chosun.com/economy/real_estate/2023/10/13/RMTYOS62MNF53FXILPXOAT7AQU/,"대우건설이 서울 동작구 상도동 산65-74일대에 ‘상도 푸르지오 클라베뉴<조감도>’를 분양 중이다. 상도동에 처음 들어서는 ‘푸르지오’ 브랜드 아파트다. 지하 5층~지상 18층 10개 동에 전용면적 59~84㎡ 총 771가구다. 2024년 3월 입주를 앞둔 후분양 단지다. 단지 반경 700m 안에 지하철 7호선 장승배기역이 있고, 서부선 경전철 신상도역(가칭)이 지날 예정이다. 단지 내에 어린이집이 있고 반경 200m 이내에 상도초등학교가 있다. 신상도초교, 국사봉중, 당곡중, 장승중, 당곡고 등 초∙중∙고교도 인근에 있다. 서울시교육청 동작도서관과 약수도서관도 가깝다.
단지 전체가 남향 위주로 배치돼 조망이 우수하고 햇볕이 잘 든다. 전용면적 74㎡A, 84㎡A 타입(일부 세대)에 개방형 발코니를 설치한다. 전용 74㎡ 이상 타입은 안방에 파우더룸과 드레스룸을 배치해 수납공간이 넉넉하다. 발코니 확장, 침실 붙박이장, 시스템에어컨, 하이브리드쿡탑, 전기오븐 등 일부 옵션은 무상 제공한다. 견본주택은 서울 서초구 양재동에 있다."
https://www.chosun.com/economy/real_estate/2022/12/06/DGO4RU4NWVENNLEF2BFOOH2ZLE/,"국내 1위 부동산미디어 플랫폼 ‘땅집고’는 2023년 신규 부동산개발 과정으로 ‘카페 개발과 유치, 경영에 대한 모든 것’ 강의를 마련하고 사전 강의신청을 받는다. 도심 외곽에 유휴지나 빈 건물을 보유한 토지주와 건물주들이 베이커리 카페를 개발하거나, 사업자 유치를 할 때 반드시 알아야 할 실전 정보를 제공한다.
현재 수도권에서 가장 핫한 베이커리카페인 파주 ‘더티트렁크’, ‘말똥도넛’을 만든 김왕일 CIC 대표, 제과명장인 ‘홍종흔’이 운영하는 베이커리 카페 부지 개발을 실질적으로 지휘하고 있는 이상훈 홍종흔베이커리 부사장, 스타벅스점포개발팀 송훈석 팀장 등이 강의한다. 베이커리카페 현장 투어도 함께 진행한다.
강의는 서울 중구 태평로 땅집고아카데미 강의장에서 진행되며, 다음달 18일 개강한다. 수강료 180만원. 땅집고M 홈페이지(www.zipgobiz.com)에서 신청. (02)6949-6190."
https://www.chosun.com/economy/real_estate/2023/07/25/2NQM7DY44JGKDAG6GWEIBWKNJ4/,"서울 동대문구에서 전셋집을 알아보던 직장인 박모(29)씨는 마음에 드는 원룸을 발견하고 공인중개사에게 문의했다가 “보증보험 가입이 어려울 수도 있다”는 말을 들었다. 올해 5월부터 주택도시보증공사(HUG) 등 보증기관의 전세 보증 가입 요건이 까다로워져, 집주인이 제시한 전셋값보다 1500만원 낮춰야 가입이 가능하다는 것이다. 정부는 이전에 공시가격의 1.5배까지 가능하던 전세 보증 한도를 지난 5월부터 1.26배로 낮췄다. 박씨는 집주인에게 보증보험 가입이 가능하도록 전셋값을 낮춰달라고 요구했지만, 집주인은 “나가는 세입자에게 보증금을 돌려줘야 하기 때문에, 깎아줄 수 없다”고 거절했다. 박씨는 “보증보험에 가입하지 않고도 전세 계약을 할 수 있지만, 보증금을 떼일까 불안해서 결국 계약을 포기했다”고 말했다.
정부가 전세금 반환 보증보험이 전세 사기에 악용되는 것을 막는다는 명분으로 가입 요건을 강화하면서 세입자들 사이에선 “전셋집 구하기가 그야말로 하늘의 별 따기”라는 말이 나오고 있다. 특히 아파트보다 보증금 미반환 사고가 잦은 빌라·오피스텔을 주로 찾는 2030세대에서 이런 불만이 커지고 있다. 전세 사기와 역전세(전셋값이 하락해 보증금을 제때 못 돌려받는 것) 우려가 커지면서 세입자들 사이에선 보증보험이 필수가 됐지만 전세 매물 가운데 보증금이 가입 요건보다 높은 경우가 대부분이기 때문이다. 보증금을 낮추려 해도 “기존 세입자에게 돌려줄 돈이 없다”며 거부하는 집주인이 많다. 세입자들은 불안함을 안고 보증보험 가입 없이 계약을 하거나, 울며 겨자 먹기로 비용 지출이 큰 반전세 또는 월세를 선택하고 있다. “세입자를 보호하기 위해 내놓은 정책이 도리어 세입자들을 궁지로 내몰고 있다”는 지적이 나온다.
◇높아진 ‘보증보험 문턱’에 헉헉대는 2030
국토교통부는 지난 5월부터 전세 보증보험 가입 요건을 ‘공시가격의 1.5배’에서 ‘공시가격의 1.26배’로 낮췄다. 보증보험을 믿고 높은 전셋값에 계약하는 세입자들을 이용해, 자기 돈 한 푼 없이 전세 보증금으로 빌라를 사들인 후 사라지는 ‘무자본 갭투자 사기’를 막으려는 조치였다. 결국 공시가격 2억원짜리 전셋집의 보증 한도가 3억원에서 2억5200만원으로 4800만원(16%) 낮아졌다. 올해 전국 공동주택(아파트·연립·다세대) 공시가격이 18% 하락한 것까지 감안하면, 보증 한도 축소 폭은 더욱 크다.
전셋집을 구하지 못한 세입자들은 보증금을 낮추는 대신 월세를 내고 있다. 직장인 김모(34)씨는 서울 화곡동에서 전세 2억원짜리 빌라를 구했다. 하지만 전세 보증 한도는 1억7000만원이었다. 김씨는 결국 보증금 차액 3000만원을 월세로 돌려 ‘보증금 1억7000만원, 월세 15만원’ 조건에 계약했다.
세입자뿐 아니라 집주인도 난감하긴 마찬가지다. 서울 성동구의 전용면적 29㎡ 규모 빌라를 전세로 내놓은 정모(56)씨는 세입자를 구하지 못해 발을 구르고 있다. 기존 세입자는 보증금 3억7000만원에 입주해 있다. 하지만 이번에 공시가격이 내린 데다, 보증 한도까지 강화되면서 보증 한도는 약 2억9000만원까지 내렸다. 집을 보러 오는 사람 대부분은 “보험 가입이 가능한 2억9000만원까지 보증금을 내리지 않으면, 계약하지 않겠다”며 돌아섰다. 정씨는 “8000만원을 대출받아 세입자를 내보내야 할 판”이라고 말했다.
◇갈수록 혼란 더 커질 듯
시장 혼란은 더 커질 전망이다. 정부가 올해까지는 신규 전세 계약에만 강화된 규정을 적용했지만, 내년 1월부터는 기존 계약 갱신이나 재계약 때에도 보증 한도가 줄어든다. 또 정부는 임대사업자가 가입하는 ‘임대보증금 반환 보증보험’의 가입 요건도 일반 전셋집과 똑같이 ‘공시가의 1.5배’에서 ‘공시가의 1.26배’로 낮추는 방안을 추진 중이다. 임대사업자는 보증보험 가입이 의무이므로, 주택 여러 채를 임대하는 사업자는 제도가 바뀌면서 단기간에 큰돈을 마련해야 할 처지가 된다. 보증보험 가입 의무를 어기면 임대사업자에게 최대 3000만원의 과태료가 부과되고, 보험에 가입하지 않으면 세입자는 보증금을 떼일 수도 있는 위험에 노출된다.
전문가들은 보증보험 요건 강화의 취지는 좋지만, 갑자기 일률적으로 시행한 탓에 선량한 세입자와 집주인이 모두 피해를 보는 부작용을 가져왔다고 지적한다. 고종완 한국자산관리연구원장은 “임대 주택 수나 보증금 등에서 전세 사기와 관련성이 있다고 보기 어려운 집주인에 한해서라도 가입 요건을 탄력적으로 적용하는 방안이 필요하다”고 말했다."
https://www.chosun.com/economy/real_estate/2023/06/27/2U5YYATBUNC7FAPQVZPD7YV3KQ/,"금강주택이 인천 서구 검단신도시에서 ‘코벤트워크 검단 1차’ 상업시설 견본주택을 23일 개관하고 본격 분양에 나선다.
코벤트워크 검단 1차는 인천 서구 검단신도시 RC3블록에 짓는 지상 최고 35층 주상복합 아파트 ‘검단역 금강펜테리움 더 시글로 1차’ 저층부에 들어서는 상업시설이다. 지상 1~2층에 연면적 1만695㎡ 규모이며 점포 수는 총 137실이다. 영국 런던 코벤트 가든을 모티브로 한 유럽풍 스트리트몰로 총 길이가 400m에 달한다. 분양회사 관계자는 “큰길을 낀 스트리트형 상가여서 유동 인구 유입이 쉽도록 설계했다”면서 “단지 앞에 법조타운이 들어서고 도보 10분 거리에 1만여 가구 주택이 있어 배후수요가 탄탄하다”고 했다.
코벤트워크 검단 1차는 인천에서는 보기 드물게 ‘마스터리스’ 방식으로 분양한다. 마스터리스란 시행사가 수분양자와 임대차계약을 맺고 전문 업체에 상가 운영을 위탁해 전략적으로 상권을 활성화하는 방식을 말한다. 분양회사 관계자는 “계약 기간 내 우량 임차인 유치와 수익 보장까지 시행사가 책임지기 때문에 수분양자는 공실 부담이 없고 수익률도 안정적”이라고 했다. 서울 강남구 삼성동 코엑스몰도 마스터리스 방식으로 운영 중이다.
코벤트워크 검단 1차는 향후 유동인구 유입을 기대할만한 교통 호재가 많다. 단지에서 걸어서 4분 거리에 인천 지하철 1호선 101역(가칭)이 2025년 개통한다. 인천 지하철 2호선과 서울 지하철 5호선 연장도 논의하고 있어 교통 여건은 더 좋아질 전망이다.
단지 앞쪽에 걸어서 7분 정도 거리에 들어설 검단 법조타운에 인천지법 북부지원과 인천지검 북부지청이 이전하면 인구 유입으로 상권 활성화를 기대할 수 있다. 단지와 인접한 상업용지 4만9540㎡에는 ‘검단신도시 101 역세권 개발 사업’도 추진 중이다. 총 사업비 1조원 이상을 투입해 멀티플렉스, 문화센터, 스포츠 테마파크 등 다양한 복합문화시설이 들어선다.
상가 1층에는 스타벅스·폴바셋·블루보틀·테라로사 등 유명 프랜차이즈 카페와 음식점이 주로 입점한다. 2층에는 병원과 반려동물 관련 상점, 미용시설 등으로 구성한다.
코벤트워크 검단1차 홍보관은 인천 서구 당하동에 있다."
https://www.chosun.com/economy/real_estate/2025/05/02/STYIWOPYDRFBBEDRD7APVYQF2M/,"부동산 컨설팅 기업 인베이드투자자문이 어린이날을 맞아 삼성서울병원 소아청소년센터에 1000만원을 기부했다고 2일 밝혔다.
기부금 전달식은 최근 완공된 중앙정원에서 열렸다. 이 자리에서 이상우 인베이드투자자문 대표는 “환아들을 위해 병원의 역할을 한 걸음 더 넓히겠다고 약속한 삼성서울병원의 신념에 공감해 기부를 했는데 그 약속을 지켜주어서 고맙다”며 “이 곳에서 펼쳐질 심리∙정서 지원 프로그램으로 몸과 함께 마음까지 치유되어 건강한 사회 구성원으로 자라길 바란다”고 했다.
삼성서울병원 소아청소년센터는 기부자들의 기부를 통해 중앙정원 및 미디어센터 스튜디오, 북쪽 숲 등을 조성해 환아와 보호자를 위한 다양한 공익프로그램을 준비하고 있다."
https://www.chosun.com/economy/real_estate/2022/12/11/O4AQFPQSD5EU3DPHFQ5H4TYDMM/,"[땅집고]땅집고가 회원전용 실전 투자전략 강의 VOD(맞춤영상) 서비스 ‘땅집고 VOD-알아야 돈번다’ 시리즈를 오픈한다.
국내 최고 부동산 세무 전문가 중 한 명인 유찬영 세무사가 강의하는 ‘알아야 돈 번다! 증여는 생존전략! 증여세 폭탄에서 살아남을 특급 비법’이다. 국세청 17년 경력 출신인 유 세무사는 현재 조선일보 땅집고 택스클럽 센터장을 맡고 있다.
이번 강의는 자산 증여를 고려하고 있지만 세법이 너무 어려워 엄두가 나지 않는 부모나 자녀에게 적합하다. 현금·부동산·주식 증여에 따른 절세법과 증여를 통한 자산관리 방법에 대해 알고 싶은 부모와 자녀에게 도움이 된다. 유 세무사는 “결혼 자금과 신혼집 마련, 창업할 때 부모 도움을 받았거나 받을 예정인 (예비)신혼부부와 창업자도 꼭 들어볼 필요가 있다”고 했다.
총 5강 494분으로 구성된 이번 VOD 강의에서 유 세무사는 증여세 기초 상식과 절세 전략 수립 방법을 비롯해 부동산, 주식, 결혼자금 등 실생활 속 가족 간 경제적 거래에 대한 세금에 어떤 것들이 있는지 소개한다. 다주택자나 고가 주택 보유자가 자녀에게 부동산을 증여하는 최선의 방법을 구체적으로 제시한다.
강의는 땅집고M(zipgobiz.com, ▶VOD서비스 바로가기)에서 구매할 수 있고, 구매일이 속한 주의 금요일부터 2주간 시청할 수 있다."
https://www.chosun.com/economy/real_estate/2023/12/18/QNO537JPDJANHGMVV44BBOP6KE/,"한국토지주택공사(LH)가 내년 2월 경기 의정부시 용현동에 3기 신도시 조성 등을 담당할 경기북부지역본부를 개설한다. 이 본부는 고양과 남양주, 의정부 등 경기 북부 지역 10시·군과 김포시를 관할한다.
LH가 올해 초 조직 개편을 통해 경기 북부 지역에 광역본부급 조직을 신설한 것은 이 지역에 급증하는 주택 수요에 대응하려는 것이다. LH 경기북부지역본부는 올해 첫 삽을 뜬 남양주 왕숙지구와 고양 창릉지구 등 핵심 3기 신도시를 담당한다. 토지 보상비 등 한 해 경기 북부 사업에 책정된 사업비만 8조5000억원으로, LH 지역 본부 중에서는 최대 규모다. 최근 정부가 발표한 수도권 신규 공공 주택지구 중 서울 도심 최근접지로 주목받는 ‘구리토평2지구(292만2000㎡)’도 이 본부가 담당한다. 현재 경기 북부 지역에서 건설 임대 15만3000가구, 매입 임대 1만가구를 관리 중이다.
LH 경기북부지역본부 개설은 주택 사업뿐 아니라 지역 활성화에도 도움이 될 전망이다. 본부가 들어서는 의정부시 용현동 건물은 예전에 대형 마트가 있던 곳이다. 코로나 이후 매출 부진으로 문을 닫고 약 3년간 방치돼 왔다. 하지만 대형 공기업이 들어서면서 대형 마트 폐점으로 위축됐던 주변 상권에 온기가 돌 것으로 기대된다. 이미 해당 건물에 병원과 프랜차이즈 카페 등이 입주하기로 돼 있다. 의정부시 관계자는 “LH 지역 본부 입주를 계기로 지역 상권 활성화 정책을 펼칠 계획”이라고 말했다. LH 측은 “이미 고양·남양주 등과도 지역 발전 협력을 다짐하는 업무협약(MOU)을 체결했다”고 밝혔다."
https://www.chosun.com/economy/real_estate/2023/04/04/MYALHU6DQFGGBCZ6FXPMCHHRAE/,"“임대형 기숙사는 결국 커뮤니티 시설 콘텐츠와 운영 노하우에 따라 수익률이 달라질 겁니다. 어떤 콘텐츠를 채울지만 알면 수익률은 원룸이나 오피스텔보다 20~30% 이상 높습니다.”(이석현 중앙대 교수)
정부가 올 3월부터 1인가구를 겨냥해 도입한 ‘임대형 기숙사’에 대해 토지주와 디벨로퍼들의 관심이 높다. 임대형 기숙사는 방을 따로 쓰되 거실·주방·세탁실 등 커뮤니티 시설은 함께 쓰는 주거 형태로 민간임대사업자로 등록하면 누구나 운영할 수 있다. ‘코리빙 하우스’(co-living house·공유주택)의 하나다. 이 교수는 “임대형 기숙사는 입주민 구미를 당길 수 있는 헬스장, 유명 셰프를 초청한 주말 요리 강좌처럼 다채로운 콘텐츠를 도입한 이른바 ‘스페이스 마케팅’으로 승부를 걸어야 한다”고 했다.
영국 런던 ‘더 컬렉티브 올드오크’가 대표적 성공사례다. 2016년 문을 연 세계 최대(540여실) 공유주택으로 빈방이 없을 정도로 인기가 높다. 입주자는 대부분 20~30대다. 침실과 화장실이 딸린 개인 방은10㎡ 정도로 좁지만 거실과 주방, 도서관, 체육관, 게임룸, 정원, 마사지룸 등 커뮤니티 공간을 자유롭게 이용할 수 있다.
한국에서도 코리빙 하우스가 늘고 있다. 서울 동대문구 제기동에 작년 11월 완공한 ‘옐로우트레인 제기’는 지상 4~5층짜리 주택 7개 동, 총 65실이다. 현재 빈방이 없고 대기자도 있다. 서용식 수목건축 대표는 “임대형 기숙사를 통해 다양하고 규모가 큰 커뮤니티 시설을 만들 수 있게 되면서 수익률이 더 높아질 것”이라고 했다.
땅집고는 임대형 기숙사 사업을 준비하는 개인과 법인을 위해 오는 4월10일 ‘코리빙하우스 개발 실전스쿨 2기’ 과정을 개강한다. 임대형 기숙사 사업성과 수익 극대화 방안을 제시한다. 코리빙하우스 최적 입지, 개발 기획·설계 차별화 포인트 등도 알려준다.
강의는 현장스터디1회를 포함해 총 7회다. 수강생이 원하면 1대1 무료 상담도 진행한다. 수강료는 150만원. 땅집고M 홈페이지에서 신청하면 된다."
https://www.chosun.com/economy/real_estate/2022/08/20/ZFSRKJVC3FGMBDUKD6T7DMUZEE/,"“직주근접(職住近接)성이 높은 서울 등 수도권 도심과 정주 환경이 좋은 신도시에 정부의 주택 공급 역량을 집중할 것입니다.”
원희룡 국토교통부 장관은 19일 ‘2022 대한민국 부동산 트렌드쇼’ 개막식에 참석해 “8·16 공급 대책의 신속한 이행과 후속 대책을 통해 국민 주거 안정을 실현하겠다”고 말했다. 그는 정부가 지난 16일 발표한 ‘국민 주거 안정 실현 방안’에 대해 “충분한 주택 공급과 주거 상향 이동을 지원하면서 빈틈없는 주거 안정망을 구축하는 방향성을 모두 담았다”고 말했다.
원 장관은 향후 5년간 주택 270만 가구를 공급하는 계획에 대해 “신규 정비 구역 지정을 촉진하고, 재건축 부담금과 안전 진단을 개선하여 그간 겹겹이 쌓인 규제로 위축된 도심 공급을 활성화해 나갈 것”이라고 했다. 그는 “조선일보 부동산 트렌드쇼에서 논의되는 전문가와 부동산·건설 관련 기업 종사자, 국민의 다양한 목소리도 정책에 담아내겠다”고 했다.
오신환 서울시 정무부시장은 “(서울에서) 10년 동안 틀어막았던 주택 공급에 숨통을 틔우고, 합리적인 가격과 좋은 주거 환경 속에 살고 싶어하는 시민의 열망에 응답해야 한다”며 “정부와 서울시의 공동 목표인 빠르고 획기적인 주택 공급 확대에 집중하겠다”고 말했다. 오 부시장은 “신속 통합 기획을 비롯한 전폭적인 지원으로 민간 정비 사업이 속도를 내도록 돕겠다”고 했다.
이날 행사장에는 이정관 LH(한국토지주택공사) 사장 직무대행, 손태락 한국부동산원 원장, 김헌동 SH(서울주택도시공사) 사장, 강병재 새만금개발공사 사장 등 부동산 관련 공공기관 수장들이 대거 참석했다."
https://www.chosun.com/economy/real_estate/2021/05/17/DCF6BOAE3BDSTBB7CQBK6ZI2NA/,"청주시 ‘오송역 파라곤 센트럴시티’
동양건설산업이 충북 청주시 흥덕구 오송바이오폴리스 B-2블록에서 ‘오송역 파라곤 센트럴시티’를 이달 분양한다. 지하 2층~지상 25층 19개 동에 전용면적 59㎡ 2415가구 들어선다. 올해 7월 B-3블록 1673가구가 분양 예정이며, 3차 분양까지 이뤄지면 총 5800여 가구의 파라곤 브랜드 타운이 조성된다. KTX·SRT가 정차하는 오송역이 가까워 서울까지 30분대에 닿는다. 단지 주변에 학교는 물론 유치원·영어마을·어린이도서관 등 다양한 교육시설이 있다.
부동산 투기 방지 ‘준법감시위원회’ 출범
LH(한국토지주택공사)가 임직원의 부동산 투기 방지를 위해 외부 전문가들이 참여하는 ‘준법감시위원회’를 출범하고 14일 첫 회의를 열었다. 위원장을 맡은 이상학 한국투명성기구 공동대표를 포함해 9명의 위원 중 6명을 시민단체·법조계·학계 등 외부 전문가로 채웠다. 준법감시위는 앞으로 LH 임직원의 부동산 거래행위 적정성을 판단하고, 임직원 가족의 사업시행자 시혜적 보상 여부, 임직원 투기행위에 대한 징계 수위 등을 결정한다."
https://www.chosun.com/economy/real_estate/2023/01/05/XOQU535EDJHY3G3BYRGCUWCQ24/,"인천 부평구에 있는 A모텔은 42개 객실을 운영해 연간 순수익으로 2억7000만원을 벌고 있다. 원래 2004년 준공해 낡고 운영도 시원치 않았다. 모텔 개발회사인 더휴식이 2년 전 56억원에 인수, 리모델링을 거쳐 프리미엄 모텔로 탈바꿈했다. 건물 매입가격 40억원 등 총 56억원이 들었다. 대출(40억원)을 뺀 자기자본은 16억원. 수익률은 연 17%에 달한다. 김준하 더휴식 대표는 “매물로 내놓지 않았는데 주변에서 65억원 안팎에 사고 싶다는 제안이 많이 들어온다”면서 “요즘은 숙박시설도 잘 개발하면 수익률과 시세차익을 동시에 잡을 수 있다”고 했다.
최근 도심 유휴 건물이나 외곽지역 빈 땅 등에 이른바 ‘스테이’(stay)를 개발하거나 유치해 부동산 가치를 끌어올리는 사업 모델이 주목받고 있다. 스테이란 호스텔·모텔·풀빌라·펜션 등 다양한 중소규모 숙박시설을 통칭한다. 김태연 피치매니지먼트 대표는 “위드 코로나 시대가 본격화하면서 여행이 활기를 띠고 쪼그라들었던 숙박시설 수요도 빠르게 늘고 있다”면서 “그동안 F&B(식음)와 리테일 위주였던 빌딩의 핵심 테넌트로 숙박시설이 급부상하고 있다”고 했다.
땅집고가 오는 2월2일부터 운영하는 ‘스테이 & 숙박 콘텐츠 트렌드와 개발, 운영의 모든 것’ 과정 개강을 앞두고 강의에 참여할 전문가들부터 숙박시설 개발·유치·운영을 통해 수익을 끌어올릴 수 있는 비법을 미리 들어봤다.
◇”스테이도 콘텐츠로 승부하는 시대“
”코로나19를 거치면서 숙박시설은 자체 콘텐츠로 매력 요소를 갖추는 것이 매출과 직결되는 시대가 됐다. 인근 유명 관광지나 경관에만 의존하면 경쟁에서 도태한다.”
전국에 30여개 모텔을 운영하고 있는 ‘더휴식’은 매장을 낼 때 상권별 특성에 맞는 콘텐츠를 구성해 눈길을 끈다. 예컨대 비즈니스 상권에 있는 모텔이라면 업무용 모션데스크를 설치한다. 여성 고객 비중이 높은 상권에는 명상룸이나 요가룸를 선보인다. 김준하 더휴식 대표는 “기존 도심 숙박시설은 역과 가깝거나 코너 건물처럼 입지 여건이 중요했다”며 “이제는 공간에서 어떤 경험을 제공하느냐가 더 핵심적인 요소가 됐다”고 했다.
서울 종로와 서울역 등지 대형 빌딩에 호스텔을 공급한 박성재 UHC 대표는 “호스텔 이용객이 외국인이냐, 내국인이냐에 따라서도 콘텐츠가 달라진다”고 했다. 외국인은 실내에 스파가 있어도 잘 이용하려고 하지 않는다. 박 대표는 “한국인이 주로 이용하는 지점에는 스파를, 외국인이 많은 지점은 동양적이면서도 레트로하거나 모던한 인테리어를 강조한다”고 했다.
◇호스텔은 인테리어, 모텔은 기능이 중요
최근 건축비와 금리가 치솟아 숙박시설 개발도 비용 절감이 수익률과 경쟁력 향상의 관건이 되고 있다. 전문가들은 설비보다 공간이 제공할 수 있는 콘텐츠에 집중 투자하라고 조언한다. 김준하 대표는 “과거에는 예쁜 모텔이 유행해 너도나도 목공사와 금속공사에 큰 돈을 투자했다”며 “지금은 시설 투자가 매출에 큰 영향을 주지 않고 어떤 콘텐츠를 넣느냐가 더 중요하다”고 했다.
다만 숙박시설별로 차이는 있다. 호스텔은 SNS(소셜미디어)를 통한 홍보가 중요하다. 심영규 프로젝트데이 PD는 “호텔이나 호스텔은 온라인 숙박 플랫폼을 통한 입소문이 중요해 공용부는 사진을 찍어올리기 좋도록 인테리어에 충분히 투자해야 한다”고 했다.
모텔을 유치한다면 외관이나 내부 설비 투자 비용은 줄여야 한다. 실질적인 기능 향상에 초점을 맞추라는 것. 김준하 대표는 “모텔은 단골을 유치하는 것이 성패를 좌우한다”며 “수면의 질을 높이기 위해 침구류에 린넨 커버를 사용하거나 마사지 기계, 인센스 스틱(태우는 방향제)을 제공하는 등 본질적인 요소에 집중해야 한다”고 했다.
모텔은 신축 건물이나 외관이 뛰어날 필요가 없다. 김준하 대표는 “어차피 내부를 리모델링해야 하기 때문에 비슷한 입지에 있다면 조금 낡았더라도 저렴한 건물을 매입하는게 수익률을 높이는 방법”이라고 했다.
박 대표는 주택가나 골목상권 내 꼬마빌딩에 호스텔을 넣으면 성공할 수 있다고 했다. 서울 강남구 역삼동이나 신사동 가로수길, 마포구 합정동이 대표적. 이 지역은 상업시설이 많고 숙박시설을 짓기 어려워 수요보다 공급이 부족하기 때문이다. 다만 반경 200m 이내에 학교가 없어야 한다. 박 대표는 “골목상권이나 주택지에서 호스텔 사업을 한다면 외관에는 공을 들이지 않는 것이 좋다”면서 “보통 에어비앤비를 통해 숙소 찾을 때 외관보다 동네 자체에 대한 선호도를 중시하는 탓에 내부 인테리어에 힘을 쏟는 게 낫다”고 했다.
<’호텔&스테이 유치·개발, 경영의 모든 것’ 1기 수강생 모집>
예비 건축주의 멘토 역할을 해온 땅집고 아카데미가 2023년 2월2일 ‘호텔&스테이 유치와 개발, 경영의 모든 것’ 1기 과정을 개강합니다. 이 과정은 중소형빌딩, 노후주택들을 소유한 회원들을 대상으로 호텔이나 스테이를 유치하고 개발해 자산 가치를 극대화할 수 있는 위한 방안을 제시합니다.
1기 과정은 이론 교육 5회와 현장 스터디(서울 내 스테이 투어) 1회 등 총 6회로 진행합니다. 강의는 숙박업 트렌드 및 사업성 분석, 케이스 스터디 중심으로 운영합니다.
강사진은 숙박 시설 기획, 운영 뿐 아니라 건축 문제를 해결해 줄 수 있는 전문가들로 구성했습니다. 이번 과정에서는 심영규 글로우서울 이사가 레지던스 호텔, 스테이 등 숙박업 유형과 트렌드를 소개합니다. 김태연 피치매니지먼트 대표는 지역상권이나 입지 조건을 고려한 숙박시설 개발 전략을 알려줍니다.
박성재 유에치씨(UHC) 대표와 김준하 더휴식 대표는 각각 도심 레지던스 호텔, 저평가 모텔 운영방법을 소개하며 수익률을 높일 수 있는 전략을 전합니다. 안광일 100A 대표는 숙박시설 건축 시 인허가 조건, 건축 예산 등과 함께 대중들에게 호감을 얻을 수 있는 건축 디자인, 공간활용 방법을 제시합니다.
정원은 선착순 30명 이내이며, 수강료는 180만원입니다. 강의는 서울 중구 태평로1가 태성빌딩 2층 상연재 별관에서 진행합니다. 사전예약 신청자에게 10만원 할인 혜택을 제공합니다. 해당 강좌 수강은 땅집고M 홈페이지(zipgobiz.com)에서 신청하면 됩니다. (02)6949-6190."
https://www.chosun.com/economy/real_estate/2023/02/14/GSTC6D6LGVEHLPYWCAB22YWCXU/,"미국 부동산 시장 전망과 미국에 투자한 부동산을 효율적으로 관리하는 노하우를 알려주는 무료 세미나가 오는 28일 오후 2시 서울 중구 태성빌딩 2층 땅집고 아카데미에서 열린다.
이번 세미나에는 미국 부동산 투자 전문기업인 네오집스(Neozips) 어태수 대표가 강사로 나선다. 어 대표는 “미국의 금리 인상 정점이 다가오고 환율도 안정돼 한국에서도 미국 부동산 투자 관심이 높아지고 있다”고 했다. 로스앤젤레스와 오렌지 카운티, 산호세, 샌디에이고 등 서부지역 중심으로 부동산 거래량, 실거래가 추이, 금리 정점기 이후 투자 전망 등을 분석한 자료를 발표한다. 50만~200만달러(약 6억3000만~25억원)까지 가격별 실거래가 사례를 중심으로 미국 부동산을 30% 낮은 가격에 구입하는 노하우도 소개한다.
미국에 사놓은 부동산 임대차 계약, 재산세 납입 알람 서비스, 임차인과의 소통 방법 등도 알려준다. 수강료는 무료이며 선착순 30명이다. 땅집고M에서 신청하면 된다."
https://www.chosun.com/economy/real_estate/2021/05/02/WAJDS2A6TNE7PP2RKC5QKGZFEI/,"송영길 신임 더불어민주당 대표는 2일 부동산 대책과 관련해 “생애 처음 주택을 구입하는 신혼부부, 청년 등 실수요자에 대해 LTV(주택담보대출비율)를 완화해야 한다”고 밝혔다.
송 대표는 이날 방송 인터뷰에서 “2·4 공급대책을 뒷받침하되, 민심과 유리되지 않도록 부동산 정책을 조정하겠다”며 이같이 말했다.
LTV 완화가 집값 상승 요인이 될 수 있다는 지적에 대해 송 대표는 “집값이 상승한다고 청년이나 신혼부부들에게 평생 전셋집이나 월세방에 살라고 할 수 없다”며 “집값 상승 부분은 다른 정책적 수단으로 해소해야 한다”고 했다.
여당 일각에서 논란이 되고 있는 종합부동산세(종부세) 완화에 대해서는 신중한 입장을 보였다. 그는 “종부세 부과 대상이 1%에서 3.8%까지 늘어서 조정하자는 의견이 나왔지만, 종부세 조정은 신중해야 한다”며 “노년 공제, 보유공제 비율을 조정해서 1주택자 공제 한도를 늘려주는 방안이 있다”고 했다. 이어 “과세 이연의 문제도 별도로 논의하겠다. 공시지가 현실화 속도 문제도 조정해볼 필요가 있다”고 했다."
https://www.chosun.com/economy/real_estate/2023/10/19/I74SWJIMS5HTXH46SP2SQVNZXM/,"태영그룹 지주사 TY홀딩스는 태영건설 자금 지원을 위해 물류 자회사인 태영인더스트리 매각을 추진한다고 18일 밝혔다. 태영인더스트리는 울산과 경기 평택을 거점으로 곡물 사일로(저장고), 액체 화물 탱크 터미널 등을 운영하는 회사다. TY홀딩스 측은 “매각을 위한 구체적 조건은 매수자 측과 거의 합의가 됐고, 실사 등의 절차만 남았다”고 했다.
이번 매각 대금은 모두 태영건설의 자금 지원에 사용될 예정이다. 태영건설은 건설업계 전반에 프로젝트파이낸싱(PF) 부실 우려가 커지자 지난 1월 유동성 확보를 위해 TY홀딩스로부터 4000억원을 차입했다. TY홀딩스는 태영건설을 위해 필요에 따라 추가적인 자산 매각과 대주주의 사재 출연도 검토하고 있다."
https://www.chosun.com/economy/real_estate/2024/08/13/Z5MIWY6YTJEIBKLFQ2M5OG7MGU/,"쌍용C&E가 저탄소 석회석 시멘트 3만톤을 지난 10일 국내 최초로 미국에 수출했다고 12일 밝혔다.
쌍용C&E가 3년간 연구 개발한 저탄소 석회석 시멘트는 일반 시멘트(1종 포틀랜드 시멘트)에 비해 ‘클링커’ 함량을 줄이는 대신 다른 재료를 첨가해 탄소 배출량을 6%가량 낮춘 게 특징이다. 응결 시간과 압축 강도 등 시멘트 성능은 그대로다.
석회석과 점토, 철광석 등 시멘트 재료를 소성로에서 고온으로 가열하면 생기는 작은 자갈 같은 덩어리가 클링커다. 이 클링커에 석고를 첨가해 곱게 분쇄하면 시멘트 가루가 된다. 시멘트 제조 때 발생하는 이산화탄소 대부분이 클링커를 만드는 과정에서 나온다.
쌍용C&E 관계자는 “올해 미국에 저탄소 석회석 시멘트 20만톤을 수출하고 내년엔 60만톤까지 늘릴 예정”이라고 했다."
https://www.chosun.com/economy/real_estate/2021/02/08/VEKULORHNBC7JGEXSLJVPQT6TM/,"HDC현대산업개발과 현대건설, 포스코건설이 다음달 인천 미추홀구 학익동의 도시개발 프로젝트인 ‘시티오씨엘’ 업무1블록에 짓는 주거복합 ‘시티오씨엘 3단지’를 분양한다.
지하 4층~지상 46층 아파트 6개 동과 오피스텔 2개 동에 총 1879가구다. 아파트는 전용면적별로 ▲75㎡A 124가구 ▲75㎡B 83가구 84㎡A 299가구 ▲84㎡B 231가구 ▲84㎡C 68가구 ▲101㎡ 170가구 ▲136㎡ 2가구(펜트하우스)다. 오피스텔은 ▲27㎡ 246실 ▲52㎡ 164실 ▲66㎡ 246실 ▲84㎡ 246실이다.
시티오씨엘 3단지는 교통 여건이 뛰어나다. 지하철 수인분당선 학익역(예정)을 걸어서 이용 가능하다. 학익역에서 1개역 떨어진 송도역은 오는 2023년까지 KTX 복합환승센터로 개발한다. KTX를 타면 부산까지 2시간 40분, 목포까지 2시간 20분이면 각각 갈 수 있다. 도로망도 잘 갖췄다. 단지에서 제2경인고속도로 능해IC가 1㎞ 정도 떨어져 있어 서울 등 각지로 이동하기 편리하다. 인근에 수도권제2순환고속도로와 인천대교를 비롯해 경인고속도로와 연결되는 인천대로, 제3경인고속도로와 이어지는 아암대로 등도 있다.
지구 안에 연면적 3만 3882㎡ 규모 상업시설과 영화관(7320㎡)도 들어선다. 단지 맞은 편에 7만㎡가 넘는 대형 중심상업지구와 인천 뮤지엄파크도 조성될 예정이다."
https://www.chosun.com/economy/real_estate/2023/09/12/5DCGI3MQ5ZFPTMG6G75CN4DCIA/,"윤석열 정부가 야심차게 추진하는 경기 용인시 반도체 벨트 인근에 대지 2만평 규모 대형 신축 공장이 매물로 나와 눈길을 끈다. 이 공장은 경부고속도로 신갈IC에서 불과 3㎞ 떨어져 있어 서울 강남권 이동이 편리하고 주변에 공장을 짓기가 힘든 곳이어서 희소성도 높다는 평가다.
상업용 부동산 거래 플랫폼 ‘땅집고옥션’은 EY한영회계법인과 공동으로 용인시 기흥구 지곡동 일대 신축 공장 3개동과 토지를 공개 매각한다고 11일 밝혔다.
이 공장은 대지면적 6만7305㎡(2만360평)에 건물은 총 연면적 1만6044㎡(4853평)로 지상 3층 2개동과 지상 1층 1개동으로 이뤄졌다. 수도권에서 공장 인허가 가능한 개발 부지가 거의 없는데 이 공장은 지난 4월 사용승인까지 받았다. 최대 10t 규모 크레인 10대를 넣을 수 있고 구내식당, 화물승강기, 헬스공간, 시스템 냉난방, 전기차 충전시설 등을 두루 갖췄다.
이 공장은 반도체 장비 전문 산업단지인 지곡일반산단 인근에 있다. 지곡산단에는 세계적인 반도체장비 제조업체인 ‘램 리서치’ R&D센터가 2019년 입주했다. 이 공장에서 램 리서치까지는 직선거리로 900여m다. 지곡산단은 정부가 반도체ㆍ바이오 등 산업 육성을 위해 구축 중인 ‘용인 L자형 반도체 벨트’에 포함돼 있다. 이동·남사읍 일대 용인 첨단시스템반도체 국가산단(삼성전자)과 원삼면 용인 반도체클러스터(SK하이닉스), 삼성전자 기흥미래연구단지, 지곡일반산단을 잇는 반도체 특화단지다.
경부고속도로 신갈IC에서 3㎞ 이내에 위치해 서울 강남과 도심으로 이동하기 수월하다. 수도권 제2외곽순환도로 서용인 IC를 통해 영동고속도로와 중부고속도로를 이용할 수 있다. 자동차 기준 강남까지 37㎞, 삼성전자 기흥사업장까지 9.4㎞, 판교테크노벨리까지 21㎞, 용인 반도체클러스터까지는 24㎞가량 각각 떨어져 있다.
공장으로 사용하면서 향후 땅값 상승을 기대할 수 있는 것도 장점이다. 토지와 공장 건물을 포함한 3.3㎡당 매각가는 주변 시세와 비슷한 3.3㎡(1평)당 500만원대 초반이다. 김종원 EY한영회계법인 이사는 “실사용 신축 공장인만큼 반도체나 2차전지, 자동차 부품 관련 기업이 입주하기에 적합하다”며 “건축비가 계속 오르는 상황에서 이미 완공한 공장을 사는 것은 비용 측면에서도 유리하다”고 했다. 해당 매물은 분할 매각도 가능하다."
https://www.chosun.com/economy/real_estate/2022/04/12/62RERUE32NFYRGMWULXONIEVFQ/,"“결국 문재인 정부 부동산 정책을 싹 뒤집을 가능성이 큽니다. 무엇보다 다주택자를 투기꾼이 아닌 주택 공급자라고 보는 인식의 대전환이 이뤄질 것으로 보입니다.”
윤석열 대통령 당선인은 취임을 한달여 앞둔 가운데 문재인 정부 부동산 정책 대수술과 시장 정상화 의지를 드러내고 있다. 부동산 시장에는 벌써부터 대대적인 지각변동이 예상되면서 향후 변화 추이에 관심이 쏠리고 있다.
이에 따라 땅집고는 오는 20일 김학렬 스마트튜브부동산조사연구소장과 박민수 더스마트컴퍼니 대표를 초청해 윤석열 시대 부동산 시장 전망을 주제로 세미나를 연다. 박 대표는 제네시스 박이란 이름으로 세무 전문 유튜버로 활동 중이며, 김 소장은 필명 빠숑으로 유명한 베테랑 부동산 전문가다. 땅집고가 세미나에 앞서 두 전문가를 미리 만났다.
두 전문가는 새 정부 출범 이후 예상되는 가장 획기적으로 변화로 다주택자에 대한 인식의 대전환을 꼽았다. 박 대표는 “문재인 정부가 다주택자를 투기 세력이나 집값 상승 원흉으로 규정했다면, 새 정부는 부동산 시장 매물 공급자로서 역할을 강조할 것”이라고 했다. 중과세로 다주택자 매물 처분을 압박했던 현 정부 전략은 폐기하는 대신 새 정부는 규제 완화를 통해 다주택자들이 유연하게 매매시장과 임대차 시장에 매물을 내놓을 수 있는 장단기적 처방을 시행할 전망이다.
박 대표는 윤석열 정부는 전월세 시장 불안을 해소하기 위해 현 정부가 폐지했던 등록임대사업자 혜택을 부활시킬 것이라고 예상했다. 그는 “당장 매매시장에 주택을 공급하기 어렵기 때문에 1차적으로 전월세 시장 안정화 작업부터 추진해 공급이 풀릴 것이란 신호를 보낸 다음 무주택자를 위한 중장기적 내 집 마련 방안을 내놓지 않겠느냐”고 했다. 문재인 정부는 2020년 7·10 대책을 통해 등록임대사업자 혜택을 대폭 축소했다. 모든 유형의 신규 단기(4년) 임대주택 제도는 폐지하고, 장기임대주택은 기존 8년에서 10년으로 변경했다.
윤 당선인은 등록임대사업자 제도를 재정비하겠다고 공약했다. 전용면적 60㎡ 이하 매입임대용 소형 아파트 신규 등록을 허용하고 종합부동산세 합산과세 배제, 양도소득세 중과세 배제 등 세제 혜택을 부여하겠다는 것이다. 박 대표는 “소형 아파트 등록임대가 가능해지면 전월세 공급에 숨통이 트이면서 가격이 안정화할 것”이라고 기대했다.
두 전문가는 새 정부가 250만가구 주택 공급 정책을 실행하기 위해 기존 노후 아파트 재건축 안전진단 완화, 초과이익환수제 재정비, 분양가 상한제 완화 등을 시행할 것으로 봤다. 문 정부가 추진 중인 3기 신도시 등 주요 공급 대책은 새 정부에서도 대체로 이어질 것으로 보인다. 다만 단기적으로 다주택자 보유 매물이 시장에 나와야 집값과 거래가 안정된다고 진단했다.
김 소장은 “재정비사업이나 신도시 건설은 중장기적으로 추진될 것이고, 단기적으로는 다주택자 매물이 시장에 나와야 하는데 대통령령으로 당장 시행이 가능한 대출 규제 완화부터 이뤄질 가능성이 높다”고 봤다. 지역에 관계없이 주택담보대출비율(LTV) 완화를 비롯해 15억원 초과 주택 대출 금지도 완화 가능성이 있다는 것이다.
박 대표는 “양도세 중과세 유예 정책이 시행되면 다주택자뿐만 아니라 1주택자, 일시적2주택자도 이사하기 수월해 꽉 막힌 거래 중단 사태가 풀릴 가능성이 있다”며 “다만 거래가 얼마나 활성화할지는 지켜봐야 한다”고 했다.
무주택자와 1주택자, 다주택자 투자 전략도 달라져야 할 것으로 보인다. 김 소장은 “무주택자라면 새 정부 정책이 시행되기 이전에 하루빨리 주택을 구입하는 것이 낫다”며 “규제 완화를 하면 단기적으로는 집값 상승을 막기 힘들다”고 했다. 그는 “다주택자는 주택만 여러 채 보유하지 말고 다양한 부동산 상품 투자를 모색하는 것이 절세 차원에서 더 유리하다”고 했다. 박 대표는 “1주택자에겐 더 괜찮은 주택으로 이사할 절호의 기회가 올 것”이라며 “무주택자에게도 내 집 마련 기회가 올 수 있다”고 했다. 다만 다주택자가 내놓은 매물 중 입지가 떨어지는 주택은 향후 가격이 정체할 수도 있어 실수요 여건을 고려해 구입하는 것을 추천했다."
https://www.chosun.com/economy/real_estate/2023/06/02/KRKOA2GHZJHEJP2UCORWDQJKFM/,"땅집고 공간기획센터가 비어있는 아파트 상가와 상업용 건물 대상으로 임차인을 연결해 주는 ‘리징(leasing)’ 컨설팅 서비스를 올 연말까지 시범 사업으로 진행합니다. 이미 경쟁력을 입증한 대형 베이커리 카페를 비롯해 F&B(식음료) 브랜드, 헬스클럽, 키즈카페·풀, 모임공간, 독서실, 헤어숍 등 대형 임차인을 찾아서 연결해 드립니다.
아파트(주상복합·오피스텔 포함) 상가, 중대형 플라자 상가, 단독형 상업용 건물을 보유한 시행사·건설사, 개인·법인 등이 신청할 수 있습니다. 최소 연면적 200평 이상 단일 건물이 신청 대상입니다. 임차인 인테리어 비용 지원(TI)이 가능한 점포만 접수합니다. 땅집고 홈페이지 ‘공간기획센터 사업접수’ 코너에서 신청하면 됩니다."
https://www.chosun.com/economy/real_estate/2023/11/26/UMMFHO62RRBZXARA2I3MHLA7G4/,"지난 4월 지하주차장 붕괴 사고가 발생한 인천 검단신도시 아파트 입주 예정자들에게 사업자인 한국토지주택공사(LH)와 시공사인 GS건설이 현금 1억4000만원 무이자 대여와 입주 지연 보상금 9100만원, 이사비 500만원을 보상 차원에서 지원하기로 했다. 또 아파트 브랜드도 LH의 안단테가 아닌, GS건설의 자이(Xi)를 쓰기로 했다.
검단신도시 AA13-1·2블록 입주 예정자들은 지난 20일 이 같은 내용의 LH·GS 보상안을 투표를 거쳐 최종 수용하기로 결정했다. 지원 대상은 총 1666가구이다. 우선 입주 지연 보상금 5000만원은 주거 지원비로 활용할 수 있도록 선지급하고, 나머지 4100만원은 잔금에서 공제해 준다. 또 새로 이사할 곳을 구하는 데 쓸 수 있도록 현금 1억4000만원을 무이자로 빌려주고, 이사비도 500만원 지원한다.
지난 4월 무량판 구조로 된 이 아파트 지하주차장이 ‘철근 누락’ 때문에 무너지자, 시공사인 GS건설은 공정률 70%였던 17개 주거동까지 철거 후 전면 재시공하기로 했다. 또 5년 후 완공될 아파트 브랜드는 입주 예정자들의 요구에 따라 LH 브랜드 ‘안단테’에서 GS건설 브랜드인 ‘자이’로 변경할 예정이다. LH 관계자는 “조만간 입주 예정자와 LH, GS건설 3자 간 최종 합의서를 작성하고, 이르면 연내부터 보상금을 순차적으로 지급할 예정”이라고 말했다."
https://www.chosun.com/economy/real_estate/2023/01/17/KZUXRWXRCJETLF2QXVUTEOVABQ/,"땅집고가 상생창업지원센터 출범을 기념해 오는 2월 1일과 3일 2023년 창업 및 프랜차이즈 사업 전략 무료 세미나를 연다. 이번 세미나는 예비 창업주와 프랜차이즈 가맹사업 종사자를 위해 마련했다.
1일에는 예비 창업주 대상으로 ‘실패하지 않는 창업 전략 세미나’, 3일에는 프랜차이즈 가맹사업 종사자를 위한 ‘프랜차이즈 본부 운영 전략 및 가맹점 상생 세미나’를 각각 오후 2시부터 진행한다.
1일에는 이상헌 한국창업경영연구소 소장이 소비 트렌드 점검, 수익성 극대화를 위한 매출 대비 경상비 설계 방안, 창업자금 운영 전략, 실패하지 않는 마케팅 등 핵심 창업 실무를 강의한다. 권강수 상가의신 대표는 부자들이 선호하는 상가 유형과 상권을 집중 분석한다.
3일에는 서민교 멕세스컨설팅 대표가 체계적 슈퍼바이징 운영, 물류 시스템의 최적화, 신상품 개발 등 프랜차이즈 본사 성장을 위해 꼭 필요한 내용을 짚어본다. 홍미미 홍미미법률원 원장은 2023년 개정한 가맹사업법을 심층 분석하고, 이에 따른 정보공개서 작성 요령, 최적화된 표준약관 작성 기법 등을 소개한다.
참가비는 무료이며 세미나별로 선착순 40명을 모집한다. 땅집고 홈페이지(realty.chosun.com)에서 신청하면 된다."
https://www.chosun.com/economy/real_estate/2022/12/12/ZZYXLWK56FEMFHBB2PQXX5T2WA/,"최근 분양한 서울 강동구 올림픽파크 포레온(둔촌주공)의 특별 공급 중 일부 유형에서 대규모 미달이 나오면서 제도의 실효성에 의문을 제기하는 목소리가 나온다. 서울에선 특별 공급 대상 주택이 분양가 9억원 이하로 제한되는데, 주변 시세를 감안하면 인기 지역의 특별 공급 물량은 2룸 이하 소형 평형 위주로 공급되는 현실이다. 이 때문에 다자녀 가구(미성년 자녀 셋 이상)와 노부모 부양 유형 같은 특공 수요자는 가족이 지내기에 턱없이 비좁은 아파트에 당첨되려고 청약 통장을 써야 하는 상황이다.
지난 5일 올림픽파크 포레온 특별 공급에서는 전용면적 49㎡가 다자녀 가구 유형으로 62가구 나왔는데, 청약 신청은 45건에 그쳤다. 전용 39㎡ 노부모 부양 유형도 34가구 모집에 5가구만 지원했다. 전용 39·49㎡는 방이 둘이다. 자녀가 셋 이상인 부부나 노부모를 모시고 사는 가구가 살기엔 너무 비좁기 때문에 수요자들이 외면한 결과로 해석된다.
이처럼 수요자 눈높이에 맞지 않는 좁은 평형만 특별 공급으로 나온 것은 분양가 규제 탓이다. 지난 정부는 2018년 5월부터 서울 등 투기과열지구 내 분양가 9억원 초과 아파트의 특별 공급을 금지했다. 저소득층 서민을 위한 특별 공급 제도가 자칫 ‘금수저’ 계층의 자산 증식 용도로 쓰일 수 있다는 우려 때문이었다.
하지만 당시 3.3㎡(1평)당 2283만원이던 서울 아파트 분양가가 올해 9월 기준 2806만원으로 23% 뛰었다. 강남권 등 인기 지역에선 방 3개 타입 중 가장 면적이 작은 전용 59㎡의 분양가도 9억원을 훌쩍 넘는다. 올림픽파크 포레온 역시 59㎡의 분양가가 10억원을 넘었다. 정부는 비싼 분양가 탓에 수요자들이 청약을 포기하는 일이 없도록 하겠다며 이달부터 중도금 대출 기준을 분양가 9억원에서 12억원으로 높였다. 하지만 특별 공급 기준은 건드리지 않고 있다.
작년부터 분양가 상한제를 적용받는 민간 아파트에 대해 입주 가능일부터 최소 2년 실거주 의무가 생긴 점도 소형 아파트 특별 공급 미달을 부추기는 원인으로 꼽힌다. 일단 분양받고 나서 자녀 분가나 세대 분리로 가족 수가 적어지면 입주가 불가능하다. 양지영 R&C연구소장은 “특별 공급 제도의 취지를 살리려면 높아진 분양가에 맞춰 특별 공급 기준도 현실화할 필요가 있다”고 말했다."
https://www.chosun.com/economy/real_estate/2023/09/05/2FNDZXF2ANCA7G3GGBS63MEEVE/,"땅집고가 오는 19일 ‘카페 유치와 개발, 경영의 모든 것 4기’ 교육 과정을 개강한다. 중대형 카페 개발 방향과 임대수익 극대화 방안을 제시한다. 심영규 글로우서울 이사는 최근 인기있는 카페 사례를 집중 분석한다. 이상훈 슬로베이커리 대표는 대형 카페 창업을 통한 부동산 가치 올리기 전략을 알려준다. 허준 글로우서울 전 CMO는 성공적인 카페 브랜딩, 송훈석 스타벅스 점포개발팀장은 스타벅스DT 입지 조건을 각각 소개한다. 강의는 총 6회로 현장스터디 1회를 포함하며 수강료는 180만원. 땅집고M 홈페이지에서 신청하면 된다."
https://www.chosun.com/economy/real_estate/2020/11/19/GSDYPD5GDNCJHGWNQWP5KF544Q/,"18일 오후 2시쯤 서울 지하철 1호선 동묘앞역 3번 출구를 빠져나와 대로를 따라 200m 정도 걷다가 오른쪽 이면도로로 접어들었다. 술집과 모텔들이 줄지어 늘어서 있었다. 그곳 어느 식당이 가게 밖에 설치해놓은 테이블에선 노년 남성 3명이 낮술을 마시며 담배를 피워댔다. 바로 이 골목길에 서울시가 호텔을 개조해 만들었다는 ‘영하우스’가 있었다.
영하우스는 작년까지 ‘베니키아’라는 이름의 호텔이었지만, 서울시가 사들여 이른바 ‘역세권 청년주택’으로 만들었다. 월 소득이 도시근로자 3인 가구 기준 541만원 이하인 39세 이하 청년, 대학생, ‘신혼부부’를 위한 임대주택이라고 서울시는 밝히고 있다. 서울시와 건물 소유주 측은 올 초부터 건물 내부 16~21㎡(5~6평)짜리 원룸을 한 칸에 보증금 5000만원 , 월세(관리비 포함) 50만원 수준에 빌려주고 있다.
이곳에서 만난 입주민들과 부동산 중개인들은 영하우스에 대해 “값싼 원룸 그 이상도 이하도 아니다” “이곳에 신혼집을 차리고싶은 부부가 얼마나 되겠느냐”고 말했다.
가장 큰 문제는 호텔을 개조해 집을 만든 데 따른 구조적 문제다. 바닥 난방이 되지 않고, 히터만 사용할 수 있다. 창문도 원룸 한쪽 벽에 여닫이문 하나만 있어 환기도 잘 안 된다. 리모델링 과정에서 억지로 집어넣은 부엌도 문제다. 8월 입주한 신모(22)씨는 “한 구짜리 인덕션과 딱 내 어깨너비만한 조그만한 싱크대가 전부”라며 “라면 말고는 뭘 해먹을 수도 없다”고 했다.
입지 문제도 심각하다. 신씨는 “이름만 호텔이지 모텔촌에 사는 것”이라며 “길거리에는 담배 피우는 할아버지들, 버스정류장에는 노숙자들도 너무 많다. 직장을 오가고 마트와 편의점을 방문할 때 외에는 집 밖에 잘 나가지 않는다”고 했다. 또 다른 입주자인 프리랜서 박모(26)씨는 “인근보다 임대료가 월 5만~10만원쯤 싸다는 것 외에는 장점을 찾기 어렵다”고 말했다.
서울시가 홍보한 ‘커뮤니티 센터’와 ‘헬스장’ 등 부대 시설도 유튜브 광고와는 달랐다. 이날 이곳의 커뮤니티 센터는 사용하지 못하도록 빨간 줄로 막혀 있었다. 헬스장 역시 러닝머신과 사이클 기구 6개 외에는 운동기구가 2개뿐이라 ‘헬스장’이라고 부르기 민망한 수준이었다. 건물 관계자는 “수도관이 오래돼 일부 세대에서 녹물이 나온다는 민원이 들어와 상수도관을 전면 교체해야 한다”고 말했다.
입주민들은 “여기 살면서 결혼은 상상하기도 어렵다”고 했다. 1년째 이곳에서 거주하고 있는 직장인 정모(31)씨는 “저렴한 호텔촌 입지가 대부분 먹자골목·싸구려 번화가 아니냐”며 “집이 두 배로 넓어진다고 해도, 결혼을 하거나 결혼을 예정한 사람이 호텔을 개조한 집에서 살 수는 없다”고 했다."
https://www.chosun.com/economy/real_estate/2021/07/29/7OBRE6PE5JBPFJN36PO2HFU5GM/,"28일 홍남기 경제부총리 등이 발표한 부동산 담화문에는 무주택 실수요자들의 주거 불안을 가중시킨 ‘전세난'에 대한 반성이나 대책은 거의 언급되지 않았다. 홍 부총리가 담화문 발표 후 취재진과 가진 문답에서 전셋값 상승을 언급하며 “송구스럽다”고 한마디 한 게 사실상 전부였다. 집값 잡겠다며 온갖 엄포성 발언을 쏟아내면서 정작 무주택 서민들의 주거 안정으로 직결되는 전세 시장에 대해선 모른 척한 것이라는 비판이 나온다.
홍 부총리는 이날 전세난의 주범으로 꼽히는 작년 7월 주택임대차법 개정에 대해 “어렵게 제도화된 내용에 대해서는 당분간 제도의 안착을 위해 주력하는 것이 맞지 않나 싶다”고 말했다. 계약갱신청구권(2+2년)과 전·월세 상한제를 담은 개정 임대차법 시행 후, 기존 세입자들의 전세 계약이 강제로 연장되면서 계약 갱신율은 57%에서 78%로 높아졌다.
하지만 새롭게 전셋집을 구해야 하는 무주택자들의 부담은 눈덩이처럼 불어났다. KB국민은행에 따르면 지난해 7월부터 이달까지 1년간 전국 아파트 전셋값은 12.84% 올랐다. 직전 1년(2019년 7월~2020년 7월) 전셋값 상승률(1.98%)의 6배에 달하는 수치다. 이달 서울 아파트 평균 전셋값은 6억3483만원으로 1년 전(4억9922만원)보다 1억3000만원 넘게 올랐다.
이런 상황에서 국토교통부는 공식 페이스북 계정에 “임대차법 개정으로 서민 세입자의 주거 상황이 나아졌다”는 홍보 글을 올렸다가 거센 비판을 받았다. 국토부 게시 글에는 “뻔뻔함이 도를 넘어선다” “서민 말살 정책” 같은 비판적인 댓글이 수백 개 달렸다."
https://www.chosun.com/economy/real_estate/2021/04/01/JZYSOTWYN5DUHDIIMAWNXBLMVQ/,"소규모 기업에 사무실 공간을 제공하던 공유 오피스 시장이 변화하고 있다. 공유 오피스는 원래 빌딩을 빌려 작은 규모의 사무실로 나눈 뒤 재임대하는 사업이다. 회의실·라운지·휴게 공간 등 부대 시설은 입주 기업들이 함께 사용한다. 하지만 최근 공유 오피스 업체들은 부동산 중개부터 이벤트 공간 대관, 시간제 운영, 분산 오피스 등 새로운 서비스를 속속 도입하며 사업 영역을 넓히고 있다. 공유 오피스 시장의 경쟁이 치열해지며 기존 사업 모델이 한계에 이르고 코로나 사태 이후 사무실을 이용하는 방식도 변하고 있기 때문이다.
◇사옥 구축부터 대관, 시간제 서비스까지
미국 실리콘밸리에 본사를 둔 맞춤형 광고 전문기업 몰로코는 서울의 한 공유 오피스를 서울지사로 사용하다 올해 초 강남에 사옥을 마련했다. 내부 인테리어와 시공, 보안 시스템 등 각종 설비 구축, 이전 후 사무실 운영까지 모든 과정을 전담한 것은 공유 오피스 업체 스파크플러스였다. 스파크플러스가 공유 오피스 제공이라는 기존 사업 방식에서 벗어나 ‘남의 사옥’ 구축에 나선 것이다. 스파크플러스 관계자는 “스타트업은 전담 인력이 부족해 사옥 이전에 애를 먹는 경우가 많다”며 “이런 수요를 겨냥해 부동산 매물을 찾아주고 계약부터 운영까지 모든 과정을 돕는 서비스를 내놨다”고 했다.
다른 공유 오피스 업체인 패스트파이브는 5월 ‘파이브스팟’이라는 신규 서비스를 내놓는다. 공용 라운지만 이용할 수 있는 서비스로, 월 이용료 대신 시간당 요금을 낸다. 김대일 패스트파이브 대표는 “재택근무가 늘면서 카페에서 일하는 ‘코피스족’도 늘었다”며 “그런 사람들을 겨냥한 서비스”라고 했다.
국내 진출 5년째인 위워크는 ‘대관'이라는 틈새 시장을 개척했다. 기업들이 대규모 제품 출시 행사 대신 소규모 이벤트로 방향을 돌리고, 세미나·워크숍도 소규모 단위로 쪼개면서 공유 오피스를 빌리겠다는 문의가 급증한 것이다. 지난해 위워크의 대관 건수는 203건으로 전년 대비 85% 늘었다. 위워크 관계자는 “문의가 900건이 넘었는데 공간이 한정돼 있어 모두에게 대관하진 못했다”며 “브랜드 관련 행사부터 소규모 웨딩, TV 광고 촬영 등 대관 목적도 다양해졌다”고 했다.
◇코로나 이후 겨냥, 분산 오피스 진출
코로나 이후 각 기업이 본사는 그대로 둔 채 거점별로 사무실을 분리해 운영하려는 움직임이 커지면서, 거점·분산 오피스도 공유 오피스 업체에는 새로운 시장으로 떠오르고 있다. 이미 서울 곳곳에서 소규모 사무실과 공용 공간을 제공하고 있는 공유 오피스 업체에 유리할 수밖에 없다.
KT에스테이트와 공유 오피스 기업 알리콘은 지난 18일 제휴협정을 맺고 분산 오피스 사업에 진출한다고 밝혔다. 이달 말 KT고양타워에 첫 분산 오피스를 선보일 예정이다. 진근하 KT에스테이트 본부장은 “원격근무 도입을 검토 중인 기업의 직원이 집과 가까운 곳에서 일할 수 있게 될 것”이라고 했다. 스파크플러스와 패스트파이브는 이용권 하나로 각 지점 라운지나 회의실 등 공용 공간을 모두 이용할 수 있는 서비스도 내놨다.
분산 오피스 시장을 염두에 둔 공유 오피스 업체들은 서울 강북·서남부 등으로 지점을 확대할 준비를 하고 있다. 진원창 쿠시먼앤드웨이크필드 팀장은 “원래 공유 오피스는 주로 강남 등 도심에 집중돼 있었는데 최근에 신도림 등 환승역이 있는 지역에서도 지점을 열기 위해 준비 중인 곳이 꽤 있다”며 “인천 등에서 출퇴근하는 직원들을 겨냥한 분산 오피스 수요를 선점하려는 것”이라고 했다."
https://www.chosun.com/economy/real_estate/2021/04/05/4Y355QHCCBHBVFQ7VGCUNRC3CQ/,"서울 아파트 4채 중 1채는 공시가격 9억원 이상인 것으로 나타났다. 공시가격 9억원을 넘으면 1가구1주택 기준 종합부동산세(종부세) 부과 대상이다.
5일 김은혜 의원(국민의힘)이 국토교통부로부터 제출받은 ‘공동주택 공시가격 구간별 전국 아파트 물량 자료’에 따르면, 올해 서울에서 공시가격이 9억원 이상인 아파트(40만6167가구)는 서울 전체 아파트(168만864가구)의 24.2%다.
앞서 정부는 서울 공시가격 9억원 이상 공동주택 비율은 16%라고 밝혔다. 그러나 연립·다세대 주택을 제외한 아파트로 한정하면 이 비율이 약 25%까지 높아지는 셈이다.
종부세 대상 아파트의 80%는 서울에 몰려 있었다. 전국 공시가 9억 이상 아파트 51만5084가구 중 서울이 40만6167가구로 78.9%를 차지했다. 그다음으로는 경기도(15%), 부산(2.4%) 등 순으로 많았다. 종부세가 사실상 ‘서울세’ 아니냐는 지적이 나온다.
종부세 대상 아파트는 빠르게 늘어나는 추세다. 올해 서울 내 공시가 9억원 이상 아파트는 전년(27만5959가구) 대비 12만여가구 늘어나 상승률이 47.2%에 달했다. 지난해 역시 공시가 9억원 이상 아파트가 전년 대비 38.2% 증가하며 종부세 납부 대상이 많아졌다.
김은혜 의원은 “상위 1%가 내는 세금이라던 종부세가 현 정부 들어 중산층세로 변질됐고, 특히 올해 공시가격이 대폭 오르면서 서울 시민이 세금 공포에 휩싸였다”며 “종부세 과세기준에 대한 전반적인 재검토가 필요하다”고 말했다."
https://www.chosun.com/economy/real_estate/2022/01/18/KGX4ERVRIZF2JI56W5KTQKEJQ4/,"부동산 개발기업(디벨로퍼) KD가 중견 건설사 한라와 손잡고 전북 군산에서 대규모 주택 개발사업에 나선다.
KD는 최근 한라와 전북 군산시 내흥동 929번지 일대 ‘군산 신역세권 택지개발지구’ B2지구에 짓는 아파트 공사 및 판매 계약을 체결했다고 18일 밝혔다. 지하 1층~지상 25층, 6개 동에 아파트 878가구와 부대 복리시설을 건설하는 사업으로, 총사업비는 1619억원이다.
군산 신역세권 택지지구는 KTX 군산역 인근에 들어서는 총 6900가구 규모 주거지다. KD의 아파트가 들어설 B2지구는 근처에 금강시민공원, 체육공원, 강변산책로 등 녹지가 풍부하고 유치원과 초등·중학교 예정 부지도 있다.
군산 외에도 KD는 올해 부산 해운대구 오피스텔과 충남 아산 주상복합을 분양할 예정이다. 두 사업 모두 지하철이나 KTX가 가까워 교통이 편리한 것으로 평가받는다.
KD는 2013년 부동산 개발업에 진출한 후 주택, 상업시설, 업무시설 등 다양한 상품을 꾸준히 공급해오고 있다. 2014년 서울에서 오피스텔 ‘강일 아르페온’과 지식산업센터 ‘KD U-타워’ 등을 성공리에 분양했으며, 2015년에는 자체 브랜드 ‘KD아람채’를 만들었다. 지난해 9월 충남 천안시에서 분양한 아파트 ‘더샾 천안레이크마크’는 1순위 평균 경쟁률 6.2대 1을 기록하기도 했다.
KD 관계자는 “새로운 주거 문화를 선도하고 사회공헌도 충실히 하는 기업이 될 것”이라고 말했다."
https://www.chosun.com/economy/real_estate/2025/01/14/R65IGZPTZZAEVP4EL77M5QRHBA/,"“서울역까지 한 번에, 22분이면 갑니다. 출퇴근은 물론 삶의 질이 완전히 달라졌어요.”
경기도 파주 운정신도시의 한 아파트에 사는 윤모(41)씨는 작년까지 출근하는 날이면 매일 3시간을 길 위에서 허비했다. 서울 광화문으로 출근하기 위해 가장 가까운 전철역(야당역)까지 자동차로 10분이었고, 경의중앙선을 타고 44분을 가야 서울역에 도착했다. 지하철 1호선으로 환승해 시청역에서 내려 사무실까지 걸어가면 약 1시간 20분이 걸렸다. 버스를 타면 한 번에 닿는 광역 버스가 없어 걸리는 시간이 1시간30분을 넘었다.
그러나 지난달 28일 파주와 서울역을 잇는 GTX(수도권광역급행철도)-A 노선이 개통하면서 새해부터 윤씨의 출퇴근 시간은 눈에 띄게 단축됐다. 집에서 운정중앙역까지 10분 정도 걸어가서 GTX를 타면 22분 후 서울역에 도착했다. 아파트 현관을 나서서 사무실 책상 앞까지 50분이면 충분했다. 윤씨는 “출퇴근 시간이 절반 정도로 줄고, 주말이면 서울에서 쇼핑하고 문화 생활을 즐기는 것도 너무 편해졌다”며 “운정신도시 주민 사이에선 ‘GTX 개통은 혁명’이라는 말까지 나온다”고 했다.
GTX 개통으로 파주 운정이 입주 15년 만에 비로소 수도권 신도시로서의 기능을 하기 시작했다는 평가도 나온다. 인구 28만여 명인 운정신도시는 2003년 수도권 2기 신도시로 계획돼 2011년 입주가 시작됐다. 서울에 집중된 주택 수요를 분산하려고 조성됐지만, 서울 시내와의 접근성이 ‘낙제점’이었다. 일자리는 서울에 있는데 변변찮은 철도망 하나 없는 베드타운을 수요자들은 외면했다. 서울로 연결되는 대중교통이 부실하니 입주민들은 교육·쇼핑·문화생활 같은 생활 인프라에 부족함을 느꼈다. 아파트 값은 제자리걸음이었고, 미분양 단지도 많았다.
운정신도시의 가장 큰 단점이던 대중교통 문제를 GTX가 해결하면서 신도시 본연의 기능이 살아나고, 입주민들의 생활 범위가 서울로까지 확장됐다는 평가가 나온다. 한 부동산 전문가는 “GTX-A 노선이 서울역부터 삼성역을 거쳐 수서까지 이어져 완전히 개통하는 2028년이면 수도권 인구 분산과 부동산 시장에도 적지 않은 영향을 미칠 것”이라고 했다.
◇파주 주민 “생활권 서울로 넓어져”
파주 운정중앙역과 서울역을 잇는 GTX-A 구간은 총 32.3㎞로 킨텍스, 대곡, 연신내 등 다섯 역에 정차한다. 최고 시속 180㎞로 운정중앙역과 서울역을 22분에 주파한다. 이 구간 요금은 4450원이다. 개통 직후부터 파주·고양 지역 주민들이 활발히 이용해 빈 좌석을 찾기 어렵다. 개통 후 16일간 누적 이용객이 58만7094명이다. 작년 3월 먼저 개통한 GTX-A 남부 노선(수서역~동탄역)이 첫 16일 동안 15만447명이 이용한 것과 비교하면 4배 가까이 많다. 휴일에도 서울로 오가는 이용객이 많다. 지난 12일 4·6세 두 자녀와 명동에 놀러가려고 GTX를 탔다는 파주 운정신도시 주민 임정은(35)씨는 “일상을 즐길 수 있는 생활권 자체가 서울까지 넓어진 것 같다”고 말했다.
운정신도시는 GTX-A 개통 전까진 양주신도시 등과 함께 부동산 시장에서 큰 주목을 받지 못했다. 동탄 등 다른 2기 신도시가 서울 강남권으로 연결되는 교통망이 계속 확충된 것과 달리 강북 지역 도심으로의 접근성이 떨어졌기 때문이다. 그런데 GTX-A 개통 직후 달라진 분위기가 감지된다. 운정신도시 한 공인중개업소 관계자는 “작년 11~12월까지는 매매뿐 아니라 전·월세 문의도 별로 없었는데, 요즘은 하루에 20통 넘게 전화가 온다”며 “아직 이 지역 집값이 저평가됐다고 보는 시각이 많아서, 장이 좋아지면 실제 거래가 이뤄질 것”이라고 예상했다. 지난 11일 GTX-A를 타고 운정중앙역과 킨텍스역 근처 아파트 단지를 둘러봤다는 직장인 김지원(30)씨는 “6월 결혼을 앞두고 신혼집을 찾고 있는데, GTX를 타면 서울 출퇴근도 할 만하다는 얘기를 들었다”며 “운정 전셋값이 서울 외곽 신축의 절반 정도라고 해 예비 남편과 진지하게 상의할 생각”이라고 했다.
◇“메가시티 연결하면 인구 분산·집값 안정”
현재 서울역까지만 연결되는 노선이 2028년 전 구간 개통돼 삼성역으로 이어지면 운정신도시를 찾는 수요는 지금보다도 늘어날 전망이다. 운정중앙에서 삼성역까지 이동 시간이 30분 이내로 단축되기 때문이다.
다만 GTX-A 노선 하나만으론 서울로 쏠리는 주택 수요를 완전히 분산하기에는 한계가 있다는 분석이 나온다. 아직도 대다수 수도권 신도시가 서울과 먼 거리에서 교통망이 단절된 채 방치돼 있다. 박합수 건국대 부동산대학원 겸임교수는 “장기적으로 GTX-B·C 같은 다른 광역 교통망까지 갖춰져 수도권 어디서든 서울 시내로 30분 안팎에 진입할 수 있는 정도가 되면, 수도권 주택 가격이 단계적으로 안정될 것으로 예상한다”고 말했다."
https://www.chosun.com/economy/real_estate/2021/10/20/7M2KFDYPEZAHPBOHONDIVA3J7E/,"지난달 서울 동대문구의 한 아파트를 9억5000만원 주고 산 A씨(42)는 “집값이 끝없이 오르는 게 불안해 대출을 3억원 넘게 얻어 집을 샀는데 요즘 마음이 답답하다”고 말했다. 10년 전세살이에 지쳐 직전 최고가보다 1억원 비싸게 주고 집을 샀는데, 이후 거래가 뚝 끊기고 호가가 제자리걸음하고 있어 마음을 졸이고 있다는 것이다. 그는 “부동산 시장을 부정적으로 전망하는 기사나 인터넷 글을 보면 ‘아파트 괜히 샀나’하는 생각을 지울 수 없다”고 말했다.
집값 상승세가 주춤하고 대출 금리까지 오르면서 이른바 ‘영끌’(영혼까지 긁어모은다는 뜻의 신조어)로 내 집 마련에 나섰던 이들의 불안감이 커지고 있다. 대출 이자 부담이 느는 것만도 부담스러운데, 집값까지 떨어지면 그 충격을 버티기 어렵기 때문이다. 온라인 부동산 커뮤니티에는 “서울 집값은 감당이 안 돼 뒤늦게 경기도 외곽 아파트를 샀는데 꼭지에 물린 것 같다”는 글들이 잇달아 올라오고 있다.
이런 불안감은 상대적으로 수입이 적은 20·30대가 더 하다. 작년 말 서울 마포구의 오래된 아파트를 매수한 직장인 B(39)씨는 매달 월급에서 생활비를 제한 거의 모든 돈을 원리금 상환에 쓰고 있다. B씨가 산 아파트는 그나마 호가가 2억원 가까이 오르긴 했지만, 대출 이율이 1%포인트 넘게 올라 매달 이자만 30만원 늘었다. B씨는 “퇴근 후 배달 아르바이트나 대리기사라도 해야 하나 고민 중”이라고 말했다.
은행권 주택담보대출 금리는 지난 8월 한국은행이 기준금리를 0.25%포인트 인상한 후 계속 오르고 있다. 금융 당국의 대출 규제 압박에 은행들이 우대 금리를 깎거나 가산 금리를 인상하고 있어 실수요자들이 창구에서 체감하는 금리 인상 폭은 더 크다. KB국민·신한·하나·우리은행이 지난 18일부터 적용한 주택담보대출 변동 금리는 연 3.031~4.67% 수준으로, 8월 말(2.62~4.19%)과 비교해 한 달 보름 사이 최대 0.48%포인트 높아졌다. 같은 기간 주택담보대출 혼합형(고정형) 금리도 2.92~4.42%에서 3.14~4.95%로 올랐다. 11월 중 기준금리 추가 인상 가능성이 높아 연내 대출금리는 5%를 돌파할 것으로 보인다."
https://www.chosun.com/economy/real_estate/2022/05/15/5WCWHF2EWFCU7LVIUMLAVPMRRU/,"[땅집고] 예비 건축주를 성공으로 이끄는 멘토 역할을 해 온 땅집고가 의료인과 의료업 종사자 등을 위한 ‘메디컬빌딩 건축 마스터 클래스 2기’ 과정 수강생을 모집한다.
오는 5월 25일~6월17일까지 매주 수·금요일 오후 7시30분~9시30분까지 총 8회(현장 스터디 1회 포함)로 운영한다. 메디컬빌딩 건축을 준비하는 의료인이라면 반드시 알아야 할 지식과 실무 노하우를 배우고, 실제 건축 기획부터 설계·시공·인테리어·세무전략까지 모든 건축 과정을 실전 중심으로 알려준다. 실제 병의원 건축 현장을 찾아가 필요한 정보를 배우는 현장 스터디도 1회 진행한다.
박병상 프라임코어컨설팅 이사가 병의원 유형별 입지 전략과 건축 사례를 소개한다. 원형준 더건축 건축사사무소 대표는 병의원 건물 경쟁력 강화를 위한 건축 전략을 제시한다. 박정수 트래콘건설 사장은 메디컬빌딩 시공 실전을, 최한희 에이티얼론투게더 대표는 병의원 인테리어 노하우를 각각 알려준다. 방범권 한국세무회계 대표세무사는 메디컬빌딩 건축 과정에서 절세 팁과 상속·증여를 위한 세무 전략을 소개한다.
강의는 서울 중구 태성빌딩 2층 땅집고 아카데미에서 진행하며 수강 인원은 20명 안팎이다. 수강료는 170만원이며 조기 등록하면 10만원 할인 혜택을 제공한다. (02)6949-6189."
https://www.chosun.com/economy/real_estate/2022/07/12/6HEZIH3PNBHBHOYRGM45Z5LPB4/,"땅집고가 선보이는 민간 부동산 경매 시스템 ‘땅집고 옥션’이 다음달 18일 첫 입찰을 실시한다. 이번 입찰에는 서울시내 알짜 빌딩 등 최저입찰가 기준 총 780억원 규모 우량 매물 10건이 나온다. 최근 핫 플레이스로 떠오른 서울 압구정로데오거리 희경빌딩과 강북 최고 상권인 마포구 연남동 스페이스빌딩, 최우량 임차인 중 하나인 스타벅스가 입점한 양천구 대림아크로빌 1층 구분상가 등이다.
이번 입찰에서는 매물별로 최저입찰가를 정하고 그 이상으로 최고가를 써낸 매수희망자가 낙찰받는다. 입찰은 오는 8월 18일 오후 1~3시 서울 중구 세종대로 땅집고 아카데미 교육장에서 진행한다.
◇한 달여간 100여건 접수…우량 매물 10건 선별
지난 6월 7일 땅집고 옥션 출범 공지 이후 한 달여 동안 땅집고 홈페이지와 전화, 이메일 등을 통해 전국 각지에서 매도 의뢰가 밀려들었다. 땅집고 옥션 총괄 운영사인 BTG컨설팅 정을용 대표는 “총 100여건을 접수했고 가장 경쟁력 있다고 평가한 매물 10건을 선별해 첫 입찰에 출품하게 됐다”면서 “일정상 이번에는 옥션에 올리지 못한 우량 매물도 꽤 많다”고 말했다.
유형별로는 현재 투자자 관심이 높은 서울 역세권 근린생활 빌딩이 7건으로 가장 많다. 모두 전철역이 가깝고 핵심 상권으로 꼽히는 곳이다. 구분상가와 연수원 부지도 각각 1건 입찰하며 서울 강남 오피스텔은 통매각(30실)을 진행한다. 지역별로 서울지역 매물이 9건이고, 경기도 가평군 연수원 부지가 1건 나왔다.
이번에 입찰하지 못한 매물은 8~9월 중 추가 옥션에 출품하고 파트너·제휴 중개사와 중개법인을 통해 개별 입찰과 수의계약도 진행할 예정이다.
◇신사동 170억대 빌딩, 스타벅스 입점상가도 매각
첫 땅집고 옥션에 출품한 최고가 매물은 서울 강남구 신사동 압구정로데오거리 한복판에 위치한 ‘희경빌딩’이다. 최저입찰가는 175억원이다. 대지면적 315㎡, 연면적 1085에 지하1층, 지상6층 규모다. 송파역 인근 재건빌딩(65억원)도 매물로 나왔다. 대지면적 393㎡, 건축면적 193㎡로 지하1~지상 5층 규모다. 정 대표는 “서울 역세권 빌딩은 강남·강북을 가리지 않고 여전히 투자자 관심이 많은 상품이어서 이번 입찰에서 경쟁이 치열할 것 같다”고 했다.
역삼역 5번 출구와 바로 이어지는 ‘역삼하이츠’ 오피스텔 30실도 눈에 띈다. 법인 보유 매물로 통매각과 호실별 매각 모두 가능하다. 통매각 최저입찰가는 133억9290만원이다. 최근 건물주가 가장 선호하는 ‘스타벅스’가 입점한 상가도 입찰한다. 서울 양천구 신정동 대림아크로빌 1층(101·101-1호) 상가로 스타벅스가 2031년 5월까지 임차한다. 전용면적 394㎡, 분양면적 957㎡다.
현재 서울에서 가장 핫한 상권 중 하나인 마포구 연남동 스페이스빌딩(56억원), 고려대 정문 앞 영진빌딩(55억원), 동소문동 더윤빌딩(52억원), 북한강변 기업연수원 오페라하우스(105억원)도 매수자를 기다린다. 옥션에 출품한 매물 상세 정보는 땅집고 홈페이지에서 확인할 수 있다.
◇파트너·제휴 중개법인 모집
땅집고옥션은 상업·업무용 부동산을 대상으로 하는 새로운 거래 시스템이다. 매도인 의뢰를 받아 매도희망가격과 입지, 권리관계 등을 공개하고 경쟁입찰을 통해 최적 매수인을 찾는 방식이다. 정 대표는 “땅집고 옥션에 매물을 의뢰하면 매도자와 중개사가 땅집고의 강력한 홍보·마케팅 네트워크를 활용해 전 국민 대상으로 매수자를 찾을 수 있고, 투명한 방식으로 거래할 수 있다”고 했다.
땅집고 옥션에 참여하려는 매도자는 운영사(BTG컨설팅)를 통해 매각을 의뢰해야 한다. 부동산을 소유한 개인이나 법인이 직접 신청하거나 매각 의뢰를 받은 파트너 공인중개사(법인·개인)도 가능하다. 땅집고옥션은 거래플랫폼과 마케팅·홍보 서비스를 제공하고, 실제 매물 검증과 중개·계약체결은 파트너·제휴 중개사(법인)가 맡는다. 땅집고 옥션은 실력 있는 공인중개사와 중개법인 대상으로 파트너·제휴사도 모집한다."
https://www.chosun.com/economy/real_estate/2024/01/08/HITOUE7QBRCQBDACABI6LDK66Q/,"태영건설 지주사인 티와이홀딩스 관계자는 7일 오후 늦게 “채권단과 추가 자구안과 관련해 협의를 이어나가고 있지만, 아직 방식은 확정되지 않았다”고 밝혔다. 앞서 “추가 자구안과 관련해 밝힐 내용은 없다”는 다소 강경했던 입장과 달라진 분위기였다. 태영건설의 워크아웃 신청과 관련해 대통령실까지 나서 “대주주의 자구 노력이 전제돼야 한다”며 압박 수위를 높이자 변화를 보인 것으로 해석된다. 91세인 윤세영 창업회장은 지난 3일 태영건설 채권단 설명회에 직접 등장해 “어떻게든 피해를 최소화해 태영과 함께해 온 많은 분이 벼랑 끝에 내몰리지 않도록 같이 살 수 있는 길을 찾게 도와 달라”고 눈물로 호소하기도 했다.
특히 그간 논란이 된 태영인더스트리 매각 자금의 일부인 890억원의 태영건설 직접 지원과 관련해 전향적인 방향으로 논의 중인 것으로 알려졌다. 당초 태영그룹 측은 태영인더스트리 매각 대금 1549억원 가운데 890억원을 태영건설에 직접 지원하지 않고, 지주사인 티와이홀딩스의 연대 채무 해소에 사용해 채권단의 반발을 샀다. 당초 태영그룹 측은 “태영건설의 최대 지분을 갖고 있는 티와이홀딩스의 재무 건전성이 지켜져야 태영건설의 워크아웃도 차질 없이 진행될 수 있다”는 입장이었다. 티와이홀딩스에 지원한 금액도 크게 보면 태영건설에 지원한 것으로 볼 수 있다는 취지다. 그러나 채권단은 추가로 890억원을 태영건설에 직접 지원할 것을 요구하고 있다.
또 다른 논란의 핵심 축이었던 이른바 ‘사재 대출’ 논란에 대해서 태영 측은 여전히 “오해로 비롯된 것”이라고 반박하고 있다. 윤 회장의 태영인더스트리 지분 매각 금액 416억원을 태영건설에 직접 지원하지 않고, 신종자본증권을 발행해 티와이홀딩스가 윤 회장에게 빌리는 방식으로 자본을 확충한 것에 대한 논란이 일고 있다. 태영그룹 측은 “증여는 증여세를 내야 해 금액 규모가 줄어들고, 대여는 윤 회장이 이자를 받아야 하는데 신종자본증권이 사재 출연이라는 취지에 가장 부합한 방법”이라고 주장했다."
https://www.chosun.com/economy/real_estate/2021/10/04/E7PCSATPDVATTP76FZOSJZAKG4/,"서울에서 공시가격 6억원 초과 주택을 보유해 재산세 인상률이 상한선(30%)을 채운 가구가 올해 87만이 넘는 것으로 나타났다. 재산세 납부액이 전년 대비 상한까지 오른 가구는 문재인 정부 출범 4년 만에 21배 넘게 급증했다. 이번 정부 들어 서울 집값이 줄기차게 오르고, ‘현실화’ 명목으로 공시가격이 해마다 급등한 여파로 주택 보유자의 세금 부담이 눈덩이처럼 불어난 것이다.
4일 서울시가 국민의힘 김상훈 의원에게 제출한 ‘서울 재산세 부담 상한 30% 부과 현황’ 자료에 따르면, 재산세가 전년보다 30% 오른 가구는 2017년 4만406가구에서 올해 87만2135가구로 21.6배 증가했다. 올해 재산세 부담이 상한까지 오른 가구의 세액 합계는 7559억여원으로 4년 전(약 298억원)보다 25.3배 늘었다. 지방세법은 재산세의 급격한 증가를 막기 위해 공시가격 3억원 이하 주택은 전년 대비 5%, 3억원 초과∼6억원 이하는 10%, 6억원 초과는 30%로 인상률을 제한한다.
서울 노원구는 2017년엔 재산세가 30% 오른 가구가 2가구뿐이었지만, 올해는 1만6354가구로 집계됐다. 이들 가구가 부담한 재산세 합계는 80억1997만원으로 4년 만에 가구 수는 8177배, 세액은 2만564배 증가했다. 상대적으로 저가 주택이 많은 금천구(5666배), 고덕 재건축 등 대규모 신축 아파트가 급증한 강동구(2875배), 서민 실수요자의 매수 수요가 꾸준한 성북구(2051배) 등도 재산세 30% 인상 가구 수가 2000배 이상 늘었다.
김상훈 의원은 “현 정부의 부동산 실정(失政)으로 서민·중산층 1주택자도 과도한 세금 부담에 고통받고 있다”며 “늦기 전에 부동산 정책을 원점에서 재설계해야 한다”고 말했다."
https://www.chosun.com/economy/real_estate/2023/05/27/YEHURCIKYVGKDIWUM37NSURHVQ/,"“전세사기가 3억원이하 서민주택에서 집중적으로 발생했다. 정부가 서민주거 시장인 빌라, 오피스텔 시장의 구조를 잘 모르고 전세대출과 보증을 무분별하게 확대한 결과이다. ""
이종혁 한국공인중개사협회장은 “전세사기 사건과는 별로도, 전세가격 급락으로 하반기로 갈수록 전세금 미반환 사고가 급증할 수 있다”면서 “현재의 정부정책으로는 똑같은 사고가 반복될 수 있다”고 우려했다. 1986년에 설립된 한국공인중개사협회는 개업중인 공인중개사 11만8000명 중 11만3000명이 가입해 있다. 이 회장은 부동산학 박사로 단국대, 목원대 등에서 교수·강사로도 활동했다.
-전세사기로 서민들의 피해가 많다.
“청년 등 서민층이 전세 사기 피해를 입고 고통을 겪고 있는 것에 대해 공인중개사협회장으로서 먼저 국민 여러분께 사과의 말씀을 드린다. 협회가 전세 사기 예방을 위해서 끊임없이 노력할 것을 다시 한 번 약속드리면서 최선을 다해서 예방책도 강구할 것이다.”
-전세사기의 원인은?
“전세 사기는 5년 전에도 있었고 10년 전에도 있었지만 이처럼 대규모로 발생한 적은 없다. 과거 사고가 터졌을 때 정부가 좀더 관심을 갖고 제도적 보완장치를 마련했어야 했다는 아쉬움이 있다. 근본적으로 보면 전세는 서서히 축소돼 가던 제도인데, 국가가 ‘친서민’ 정책이라는 명분으로 전세자금 대출을 확대했다. 월세를 선택하던 사람들이 전세로 돌아서면서 전세가격이 부풀어 올랐다. 전세자금 대출은 LTV(담보인정비율)나 DSR(총부채원리금상환비율) 규제를 받지 않는다. 특히 문재인 정부 들어서 급격하게 전세자금 대출이 늘었다. 전세자금이 대폭 풀리면서 매매가에 근접하는 전세들이 늘어났고 그 틈을 사기꾼들이 파고들었다.”
◇서민주택에 대해 너무 무관심했던 정부
- 전세사기가 3억원 이하의 서민 주택에서 집중적으로 발생했다.
“정부 정책이 아파트 중심이다. 서민주택에 대해서는 너무 무관심했다. 서민들이 3억 이상의 집을 산다는 것 자체가 쉽지 않다. 3억 이하 주택은 아파트는 거의 없고 대부분 빌라나 오피스텔이다. 3억 이하 주택이 정부의 주거복지 정책이 필요한 대상이지만, 정책적 사각지대로 방치됐다.”
-서민주택이 정책 사각지대에 방치됐다는 의미는?
“사기 사건이 집중적으로 발생한 30호 미만의 공동주택, 즉 빌라에 대한 분양은 제도권 밖에서 시행이 되고 있다. 주택법에 따라 ▲30가구 이상의 공동주택 ▲30가구 이상 단독주택 ▲30실 이상의 오피스텔 ▲분양면적 3000㎡ 이상 건축물 등에 대한 분양계약을 하거나 그 분양권을 전매하는 거래당사자는 관할 시·군이나 구청에 부동산 거래내용을 신고해야 한다. 일정 정도 행정관청의 통제를 받는다. 30가구 미만은 법의 사각지대이다 보니 분양 업자 또는 건축업자가 원가 3억원 주택을 5억에 분양하겠다고 한들 그것을 규제할 방법이 없었다.
다만 오랫동안 현장에서 중개업을 하시는 분들이 가격의 적정성 여부를 알 수 있다. 지역 전문가들이 바로 공인중개사들이다. 현장 공인중개사들을 크로스체크 하면 가격의 적정성 여부를 파악할 수 있다.”
-중개시장에서 사기극이 속출하는 동안 정부는 왜 뭐했나?
“지자체가 단속권한을 갖고 있다. 담당 공무원을 문제 삼기도 그렇다. 구청에 담당 공무원이 한 두명에 불과하다. 현장 단속은 엄두도 낼 수 없다. 지금의 시스템이라면 똑같은 상황이 또 발생하지 말라는 법도 없다.”
-한국공인중개사협회의 법정 단체화가 문제 해결에 도움이 될 수 있다고 주장하는데?
“99.9%의 공인중개사는 성실하게 업무를 수행하고 있다. 그런데 극히 일부가 전세 사기극에 가담해 피해를 준 것에 대해 진정으로 사과한다. 현장의 시장 교란 행위를 단속할 권한은 지자체에 있지만, 지자체는 그럴 능력이 없다. 지금의 정부 대책으로 막기도 역부족이다.
그래서 공인중개사들과 협조해서 단속을 하자는 것이다. 지난 10월 의원 입법으로 ‘공인중개사법 개정안’이 국회에 제출돼 있다. 법안은 한국공인중개사협회를 법정 단체로 지정, 앞으로 개업하는 공인중개사는 협회에 의무 가입하도록 했다. 협회는 윤리규정을 강화해 중개사들을 지도·감독할 수 있다. 또 ‘부동산 질서 교란행위’를 단속할 수 있고 회원이 법을 위반하면 시·도지사와 등록관청에 행정처분을 요청할 수도 있다. 협회가 당국과 함께 지역 공인중개사들의 자발적 제보를 바탕으로 불법행위를 단속할 수 있다. 그동안 전세사기가 발생한 지역의 중개업협회지부가 담당부서에 신고를 하면 “당신이 뭔데 그러느냐”는 반응이 많았다.”
-공인중개사 책임보험이 연간 한도가 1억이다. 올해부터 2억으로 늘었다고 해도 너무 적은 것 아닌가?
“그동안에는 이렇게 한 사람이 여러 건의 문제를 일으킨 적은 없었다. 이번 사태를 계기로 부동산 계약을 할 때마다 건별로 책임보험에 가입하자는 주장도 나온다. 협회 차원에서도 연구 용역중이다. 건별로 책임보험에 가입하려면 비용 문제가 있다. 원룸이나 오피스텔의 중개보수는 15만~20만원 정도이다. 쉽지 않은 문제이다. 정부도 함께 고민해야 한다.”
-정부가 전세사기 예방 대책을 내놓고 있다.
“새로운 정책이라는 게 기존에 해왔던 정책을 조금 보완하는 수준이다. 근본적인 대책은 부재하다. 문제가 집중적으로 발생하고 있는 30호 미만의 공동주택 분양 문제와 무자격 컨설팅 업자의 문제 등도 대책이 필요하다.”
-근저당과 확정일자의 우선순위와 같은 문제들이 해결되지 않았다.
“임차인 입장에서는 주택을 인도받고 전입신고를 하면 대항력이 생긴다. 전입신고는 그 다음 날부터 효력이 발생한다. 그런데 근저당은 바로 당일 날 효력이 발생한다. 세입자가 불리할 수 밖에 없다. 등기부같은 경우는 접수 번호로 따진다. 접수 번호에 따라서 우선순위가 결정되는 것처럼 근저당과 확정일자, 전입신고도 시간대로 체크해서 우선순위를 정하는 시스템을 갖춰야 한다. 정부에서는 특약으로 근저당이 확정일자 당일에 설정돼 있으면 계약해지를 요구할 수 있다고 했지만, 문제가 너무 복잡해진다. 등기부 등본에 ‘전세권 설정’을 의무화하는 것도 방법이다. 전세권 설정을 하면 채권이 물권이 돼 세입자의 권한이 강해진다. 전세권 설정을 하면서 선순위 채권 등에 대해 세입자가 심사숙고하는 과정을 거칠 수 있다.”
-은행은 보이스피싱 예방을 위해 현금자동인출기를 이용할 때도 경고메시지를 보낸다.
“저희 협회도 소속 업소에 스티커를 붙이고 전세 사기 예방을 위한 교육 프로그램도 만들고 있다. 계약서를 작성할 때 꼭 체크해야 할 체크리스트도 만들었다. 교육도 필요하다. 국방부에 제대 군인을 대상으로 임대차 계약서 작성, 등기부등본 보는 법 등 기초적인 부동산 상식을 2~3시간 정도 교육하자고 제안했지만 답이 없다. ""
-2년 전에 치솟은 전세 가격이 하락하고 있다. 하반기에 전세 보증금 미반환 사고가 더 늘어날 것이라는 우려도 나온다.
“집주인이 보증금을 돌려줘야 되는데 못 돌려준다든가 전세를 빼줘야 되는데 못 빼주는 사례가 늘고 있다. 임시방편으로 집주인이 과거 보증금과 현재 시세의 차이를 계산해서 이자를 임차인들한테 줘서 시간을 벌고 있는 경우도 많다. 현재 일부 고가 주택에서 발생한 현상이지만, 전국적인 현상으로 확산될 수도 있어 우려스럽다.”
◇저가 주택 구입자금 대출 확대 필요
-임대인들이 전세퇴거자금 대출 확대를 요구하고 있다.
“분명히 필요하다고 본다. 그런데 이게 한 두채면 될 테인데, 수십채, 수백채에서 동시다발적으로 보증금인하 요구가 이어지면 감당할 수 없다. 이런 현상들은 오피스텔을 중심으로 확산될 수 있다.”
-집값과 매매가 상승을 전제로 하는 무자본 갭투자가 한때 유행했다.
“2~3년 전에 한 사람이 수십채 수백채의 주택을 구입하는 사례도 많았다. 의도적으로 사기를 치려고 하지 않았지만, 전세보증금 반환을 해주지 못하면 결국 사기가 된다. 전세계약을 하자마자 바지 사장에게 물건을 떠넘기는 조직적 사기와는 차이가 나지만, 전세보증금 미반환이라는 결과는 같다. 정부가 전세 사기에 대책을 집중하고 있지만 미반환 사고는 전세 사기보다 피해자가 훨씬 더 많을 수 있다. 단속도 쉽지 않다. 내가 1억짜리 집을 사서 1억에 전세 계약을 할 때 세입자와 임대인이 합의에 의해서 이루어졌다면 정부의 개입여지가 많지 않다. 더군다나 정부가 전세자금까지 대출해준 경우에도는 더욱 그렇다. 좀더 대책이 필요하다. ""
-임대차 위주의 저가주택은 전세 가격이 매매가보다 높은 경우가 많다.
“일반적인 전세는 1억짜리 주택이면 전세 금액이 한 70~80%선에서 형성됐다. 그런데 전세자금 대출을 해 줌으로써 전세가격이 9000만원, 1억원까지 올랐다. 70% 선에서 전세금이 형성되면 큰 문제가 발생하지 않았을 것이다.
주택구입 자금은 대출규제로 3억짜리 집을 살 수 없는데, 전세자금은 3억원까지 제한 없이 대출이 됐다. 이런 틈을 사기조직이 파고들었다. 그러나 정부가 전세자금 대출 제한을 가하기도 쉽지 않다. 청년층의 주거문제를 악화시킬 것이라는 비난을 받을 수 있기 때문이다. ""
-그렇다면 대안은?
“전세대출의 한도를 정하고 나머지는 월세를 내도록 유도하는 방안도 필요하다. 월세에 대해서는 세액공제, 보조금 지원책이 필요하다. 또 저가 주택 시장을 되살릴 수 있는 정책도 필요하다. 저가 주택을 소유해도 아파트 청약에서 불이익을 받지 않도록 제도를 개편해야 한다. 저가주택 구입시에 전세대출 만큼 지원책을 마련하면 굳이 위험한 전세로 살 이유가 없다.”"
https://www.chosun.com/economy/real_estate/2025/02/20/H53A2UQL4JDCLBL4BRWWOWF5VA/,"방송인 박수홍이 작년 말 서울 강남구 압구정동의 아파트를 최고가에 매수한 것으로 확인됐다.
20일 국토교통부 실거래가 공개 시스템에 따르면 박수홍은 작년 11월 5일 압구정 신현대아파트 12차 전용 면적 170㎡(약 51평) 아파트를 70억5000만원에 매입했다. 해당 면적 신고가를 기록한 것으로, 직전 최고가는 작년 8월에 매매된 67억원이었다.
이달 10일 잔금을 치르면서 소유권 이전을 마무리했다. 법원 등기부등본을 보면, 박수홍과 아내 김다예씨가 2분의 1 지분씩 공동으로 아파트를 소유했다. 같은 날 박수홍 이름으로 채권 최고액 30억원의 은행 근저당권이 설정됐다. 통상 채권 최고액이 대출금의 120% 수준인 것을 고려하면 25억원가량을 빌린 것으로 추정된다.
박수홍 부부 이외에도 신고가 거래는 더 있었다. 작년 11월 전용 155㎡가 71억5000만원에 거래됐고, 전용 183㎡는 86억원의 신고가를 기록했다.
1982년 최고 13층, 총 27개동, 1924가구 규모로 지어진 압구정 신현대아파트 9‧11‧12차는 작년 11월 정비 계획안이 서울시 심의를 통과하면서 압구정 6개 구역 가운데 가장 빠른 속도로 재건축이 진행되고 있다.
신현대아파트는 최고 70층, 2600가구 아파트로 재건축된다. 용적률 300%를 받아 최고 250m 높이까지 지을 수 있다. 서울 아파트 중에서는 강남구 도곡동 타워팰리스 3차(264m‧69층), 양천구 목동 현대하이페리온(256m‧69층)에 이어 셋째로 높은 아파트가 된다.
한강, 주변 단지와 어우러지는 스카이라인을 만들기 위해 동호대교 남단과 현대고 주변은 20~39층으로 비교적 낮은 동을 배치할 예정이다. 또한, 단지를 남북으로 가로지르는 폭 8m 공공 보행로를 만들어 통경축(通經軸·개방감을 주는 열린 공간)을 확보할 계획이다. 초고층 단지가 한강을 완전히 가리지 않게 만드는 것이다.
공공 보행로는 올림픽대로 너머 한강공원까지 연결하고, 누구나 이용할 수 있게 개방하기로 했다. 경로당과 어린이집, 도서관, 돌봄센터, 수영장, 체육관 등 주민 시설도 외부에 개방한다."
https://www.chosun.com/economy/real_estate/2024/12/27/QQ73ACNLC5DTXDUOPUYK4PH7AQ/,"세계 최대 규모 반도체 산업단지인 용인 반도체 국가산단이 후보지 선정 이후 1년 9개월 만에 산업단지 계획 승인을 마쳤다. 이는 당초 목표 시점보다 3개월 앞당긴 것으로, 정부는 내년부터 이주·보상에 착수해 2026년 12월 착공에 나설 계획이다.
국토교통부는 26일 경기 용인시 삼성전자 기흥캠퍼스에서 사업 시행자인 한국토지주택공사(LH)와 입주기업 삼성전자 사이에 용인 반도체 국가산단에 대한 실시협약을 체결하고, 국가산단 지정에 따른 특화 조성계획을 발표했다. 용인 반도체 국가산단은 728만㎡(약 220만평) 부지에 대규모 반도체 생산공장 6기와 발전소 3기, 소부장(소재·부품·장비) 협력기업 60개 이상이 입주하는 대형 국가 전략사업이다. 2052년까지 최대 360조원에 이르는 민간 투자가 예정돼 있다.
정부는 지난해 3월 용인시 이동·남사읍을 반도체 국가산단 후보지로 선정했다. 통상 국가산단은 후보지 선정부터 지정까지 4년 이상이 소요된다. 정부는 공공기관(LH) 예타면제와 인허가 패스트트랙 등을 통해 용인 반도체 국가산단 지정 시기를 내년 3월에서 이달로 3개월 앞당겼다. 산단 지정 일정이 단축되면서 2026년 12월 착공 목표를 달성할 수 있는 기반도 마련됐다.
국토부는 착공까지 시간을 단축하기 위해 산단 부지 내 상주 중인 원주민과 기업에 대한 합리적이고 신속한 이주·보상 방안을 마련했다. 산단 남서쪽 창리저수지 일대에 37만㎡(약 11만평) 규모의 이주자 택지를 조성하고, 북서쪽에는 50만㎡(약 15만평) 규모의 이주 기업 전용 산단을 만들기로 했다. 이주자 택지를 공급받지 못하는 임차 가구를 위해선 산단 인근에 공공임대주택을 공급한다. 또 원주민이 원할 경우 현금 보상 대신 산단 내 생활 편의 시설 등이 들어설 땅을 주는 대토(代土) 보상도 시행할 예정이다.
산단 근로자를 위한 주거지인 이동공공주택지구는 내년 1월 지구 지정을 마치고, 반도체 생산공장 1호기가 가동되는 2030년에 맞춰 입주를 시작할 계획이다. 이동공공주택지구는 228만㎡(약 69만평) 부지에 1만6000가구 규모로 조성된다. 산단 조성으로 늘어나는 교통 수요에 대응하기 위해 산단을 관통하는 ‘국도 45호선 이설·확장사업’ 중 산단 내 구간은 2030년까지 개통하기로 했다. 정부는 산단 중심으로 격자형 고속도로망을 구축하고, 경강선 등 연계 철도망 구축을 추진해 주민의 출퇴근 편의성을 높일 계획이다."
https://www.chosun.com/economy/real_estate/2022/03/05/5LJQIH6GAZABLKG5HBI4RCXZ5Y/,"서울에서 2000가구 이상 대단지 아파트 매매 거래가 1년 사이 80% 급감했다. 특히 젊은 층의 ‘영끌’ 매수가 많았던 서울 외곽 지역에서 이런 ‘거래 절벽’은 더 심하게 나타났다. 부동산 전문가들은 “시장 동향과 집값 추이를 판단하기 어려울 정도로 거래가 줄었다”며 “추가 금리 인상 등으로 매매 시장이 더 위축되면 과중한 대출로 아파트를 사들인 젊은 실수요자들이 피해를 볼 수 있다”고 분석한다.
4일 본지가 서울 2000가구 이상 아파트 단지 88곳(총 26만7840가구)을 대상으로 2020~21년 매매 거래를 전수 조사한 결과, 작년 4분기(10~12월) 거래량은 560건으로 1년 전(2746건)보다 79.6% 줄었다. 지난해 연간 거래량(5431건)이 전년 대비 53.9% 감소한 것과 비교하면, 대출 규제와 금리 인상 여파가 본격화한 4분기에 거래가 완전히 얼어붙은 것이다.
대단지 아파트 거래 감소 폭이 같은 기간 서울 전체 아파트(-74%)보다 더 컸다. 김학렬 스마트튜브 부동산조사연구소장은 “시장에서 인기가 높은 대단지 아파트는 다른 주거 상품보다 경기 변동과 수요 증감에 훨씬 민감하게 반응하기 때문”이라고 설명했다.
◇강남보다 ‘노도강’에서 더 심해
거래량 감소는 서울 강남보다 강북에서, 고가 아파트보다 상대적으로 집값이 싼 서민 아파트 단지에서 더 두드러졌다. 작년 4분기 한강 이남 48곳 대단지 거래량(305건)은 1년 전보다 76.6% 줄었다. 반면 한강 이북 40곳(255건)에선 82.3% 감소했다. 특히 ‘노도강’(노원·도봉·강북구)은 1년 전보다 84.2%나 줄었다.
서울 강북구 미아동 ‘SK북한산시티’(3830가구)와 도봉구 방학동 ‘신동아1단지’(3169가구)는 서울에서 가장 거래가 활발한 아파트로 꼽힌다. 2020년엔 두 단지의 매매 거래만 689건으로 매일 두 집 정도 ‘손바뀜’이 일어났다. 하지만 작년 4분기에 SK북한산시티 매매는 12건, 신동아1단지는 8건 거래에 그쳤다.
한강 이남 서민 아파트 단지도 상황은 비슷하다. 관악구 봉천동 ‘관악드림타운’(3544가구)은 작년 4분기 매매 거래가 5건으로 1년 전보다 89.8% 줄었다. 구로구 개봉동 현대아파트(2412가구)도 10분의 1(31건→3건)로 줄었다. 이남수 신한은행 행당동지점장은 “중저가 아파트에서 거래 절벽이 더 심하게 나타나는 이유는 작년 하반기부터 강화된 대출 규제가 결정적”이라고 말했다. 강남 3구(강남·서초·송파구)처럼 집값이 비싼 지역은 주택담보대출이 아예 안 되는 15억원 이상 아파트가 대다수여서 대출 규제의 영향을 덜 받는다는 것이다.
◇수억원 내린 급매물만 거래
해가 바뀌면서 서울의 거래 절벽은 더 심해졌다. 2000가구 이상 전체 아파트 단지의 올해 1월 매매량이 102건에 불과했다. 전체 88개 단지 중 38곳(43%)은 아예 거래가 한 건도 없었고, 20곳(23%)은 단 1건에 그쳤다.
거래가 급감하면서 아파트 값 하락세도 뚜렷하다. 노원구 중계동 ‘중계그린’(3332가구)은 2월 초 전용 59㎡가 5억9000만원에 팔린 것이 올해의 유일한 거래다. 같은 면적이 작년 5월 7억5000만원에 팔린 것과 비교하면 20% 넘게 내린 셈이다. 서대문구 남가좌동 ‘DMC 파크뷰자이’(4300가구)도 2월 초 전용 84.9㎡가 13억에 팔렸는데, 직전 거래인 작년 11월(14억8000만원)보다 1억8000만원 내린 가격이다.
고종완 한국자산관리연구원장은 “아파트 값 낙폭이 커지면 최근 1~2년 사이 대출로 집을 산 실수요자들이 ‘하우스 푸어’로 전락할 수도 있다”면서 “금융 비용 지출이 커지면 소비를 줄이는 수밖에 없고 중장기적으로 경기 활성화에도 악영향을 미칠 것”이라고 말했다."
https://www.chosun.com/economy/real_estate/2025/04/08/J3KXNRERZBESZL7LHU33WCKOMU/,"옛 대구 MBC 부지에서 ‘어나드범어’ 분양
포스코이앤씨는 다음 달 대구 수성구 범어동 1번지 옛 대구 MBC 부지에서 ‘어나드범어’를 분양할 예정이라고 7일 밝혔다. 내년 1월 입주 예정인 후분양 아파트로 대구지하철 2호선 범어역이 가깝다. 단지는 지하 6층~지상 33층 5동에 아파트와 주거형 오피스텔, 판매 시설 등이 들어선다. 아파트는 총 604가구로 전용면적 136~242㎡ 대형 평형으로 구성됐다. 대구 최초로 단지 안에 입주민 전용 영화관과 스카이 커뮤니티, 멤버십 서비스를 도입할 계획이다.
‘마포아파트’ 입주 60년 기념 고객 사연 공모
현대건설은 지난 1964년 국내 최초 단지형 아파트인 서울 ‘마포아파트’ 입주 60년을 기념해 현대아파트와 관련한 고객 사연 공모를 진행한다고 7일 밝혔다. 현대아파트(현대홈타운, 현대홈타운스위트, 하이페리온, 힐스테이트, 디에이치 포함)에 거주했던 사람은 누구나 참여할 수 있고, 아파트와 관련한 추억이 담긴 사진과 물품을 설명과 함께 제출하면 된다. 5월 16일까지 우편이나 이메일로 응모하고, 총 1000명을 선정해 백화점 상품권 등을 시상한다."
https://www.chosun.com/economy/real_estate/2022/10/02/FFP57N5AAJDEXB5JVG64FGPO5M/,"서울 전역에서 아파트값 약세를 보이는 가운데, 대통령실 이전이 호재로 작용한 용산구 아파트 3.3㎡(평)당 가격이 송파구를 추월한 것으로 나타났다. 송파구를 제친 용산구는 강남구, 서초구에 이어 서울에서 아파트값이 세 번째로 비싼 지역이 됐다.
2일 KB부동산 주택가격동향에 따르면, 9월 용산구 아파트 3.3㎡당 평균 매매가격은 6120만 원으로 집계됐다. 8월(6106만 원)보다 14만원 올랐다. 용산구 3.3㎡당 아파트 값은 윤석열 대통령이 취임한 올해 5월(6005만원)과 비교해 4개월 사이 1.9% 상승했다. 대통령 집무실 용산 이전, 용산 정비창 개발 추진 등에 대한 기대감이 아파트 값에 영향을 미쳤다는 분석이다.
반면 9월 송파구 아파트 3.3㎡당 평균 매매가격은 6103만원으로 전월(6135만원) 대비 0.5% 내렸다. 서울 25구(區)에서 낙폭이 가장 크다. 서울에서 아파트 값이 가장 비싼 강남구(8491만원)와 서초구(7828만원)는 한 달 사이 3.3㎡당 평균 매매가격이 소폭 내렸다.
서울 전체 아파트의 3.3㎡당 평균 매매가는 8월 5129만원에서 지난달 5093만원으로 내렸다. 지난 6월 3.3㎡당 5158만원을 기록한 뒤 3개월 연속 내림세다."
https://www.chosun.com/economy/real_estate/2021/06/21/XVSNTZTDM5A5ROEL2YICFRBC2U/,"포스코건설이 공사 현장에서 근로자가 안전벨트를 제대로 착용했는지 확인할 수 있는 ‘스마트 안전벨트’를 개발했다고 21일 밝혔다.
센서 감지 방식으로 안전벨트가 생명줄이나 구조물에 정확히 연결됐는지 판단한 후, 이상이 있으면 착용자와 현장 안전관리자에게 즉시 알려준다. 안전관리자는 무전이나 현장 방문을 통해 안전벨트를 제대로 체결하라고 지시할 수 있다.
포스코건설은 지난 2년간 안전시스템 전문 중소기업인 티앤블루랩과 함께 스마트 안전벨트를 개발했다. 앞으로 교량·타워크레인 설치 작업 등 추락 위험이 큰 작업에 활용할 계획이다.
포스코건설 관계자는 “그동안 작업자가 실수나 불편함을 이유로 안전벨트를 제대로 체결하지 않는 경우가 많았다”며 “스마트 안전벨트로 건설 현장 추락 사고를 크게 줄일 수 있을 것으로 기대한다”고 했다."
https://www.chosun.com/economy/real_estate/2022/03/21/UI5A72JN7ZBOPKTHI5J2OTTAOY/,"한화건설이 작년 말 화재로 문을 닫았던 충북 청주의 소나무작은도서관을 새로 단장해 ‘포레나 도서관’ 101호점을 열었다고 20일 밝혔다. 소나무작은도서관은 지역 아동센터가 아이들을 위해 가정집을 빌려 연 작은 도서관이다. 돌봄이 필요한 아이들과 인근 초등학생들이 실내 스포츠·미술·음악 등 다양한 교육을 받던 이곳은 작년 12월 9일 불로 다 타버렸다.
지난 12년간 전국 사회복지시설에 자사 아파트 브랜드 ‘포레나’를 딴 도서관을 조성해 온 한화건설은 임직원들이 모은 기금 5000만원과 회사 기금 8000만원으로 작은 도서관을 재개관했다. 최광호 한화건설 부회장은 “건설사가 가장 잘하는 일이 바로 ‘짓는 일’”이라며 “아이들에게 꿈과 희망의 공간을 되찾아 줄 수 있어 기쁘다”고 말했다."
https://www.chosun.com/economy/real_estate/2022/01/11/FWQPWAJJB5CZJFI4CECV6PYVHY/,"서울 지하철 2호선 성수역 3번 출구에서 남동쪽으로 10분쯤 걸어가면 성동구 뚝섬로 4차로변에 이색적인 건물이 눈에 들어온다. 중간층은 뻥 뚫린 듯하고 고층부와 저층부는 서로 다른 방향으로 꼬여있다. 2020년 9월 준공한 복합문화공간 ‘더 그라운드’다. 지하 1층~지상 9층 규모로 상업시설과 주거공간이 함께 들어서 있다.
대지면적 201㎡, 연면적 845㎡로 건물 규모가 크지는 않지만, 흰색 외벽과 독특한 디자인으로 성수동 일대에서 단연 눈길을 사로 잡는다. 홍만식 리슈건축 소장이 설계했다. 홍 소장은 오는 2월 8일 개강하는 ‘조선일보 땅집고 건축주대학 21기 과정’에서 ‘수익형 빌딩 기획과 건축 설계 노하우’를 강의한다.
원래 이 땅에는 지은지 40년된 낡은 상가주택이 있었다. 건축주는 부부로, 남편은 포토그래퍼이자 아트 잡지 ‘더 그라운드’를 운영한다. 그는 기존 집을 부수고 개인 스튜디오를 겸하는 사옥형 건물을 짓고 싶어했다. 건축주는 홍 소장에게 “서울에서 가장 트렌디한 성수동에서 문화·예술 플랫폼이 될 수 있는 건물을 만들어 달라”고 요청했다. 그는 “외벽은 흰색으로 마감해 전체적으로 미술관 느낌이 나도록 하고, 층마다 자연 채광이 가능하도록 설계해 달라”고 했다. 무조건 건축비를 최대한 아끼는 건물이 아니라 디자인과 건물 용도에 대한 주문이 확실했던 것이다.
홍 소장은 이런 요구를 감안해 건물 내부 계단 배치부터 독특하게 디자인했다. 건물 전체는 남향이지만, 내부 계단은 층고에 따르게 다르게 배치한 것. 남쪽에 있는 도로변과 연결시키 위해 저층부 1~3층 계단은 남향에, 중층부터는 계단을 북측으로 틀어놔서 남향 창문을 가리지 않게 설계했다.
홍 소장은 “건물의 전창을 남향으로 할 수 있도록 계단을 독특하게 배치했다”고 했다. 건물 층간 이동은 엘리베이터를 이용한다.
더 그라운드는 저층부, 중층부, 고층부 등 크게 세 부분으로 나뉜다. 저층부와 고층부 외관은 사다리꼴 상자 모습이며, 중층부에 박힌 기둥 3개가 고층부 건물을 떠받치는 듯한 모양이다. 지상 1~5층은 갤러리와 전시공간, 6~7층은 스튜디오 겸 이벤트 공간, 8~9층은 주거공간으로 각각 구성됐다. 특이한 점은 1~3층, 4~5층, 6~7층, 8~9층이 각각 복층 형태로 이어져 있다는 것. 이 건물은 9층인데 11층 높이(33m)보다 더 높은 35m로 지어졌다. 특히 5층은 층고 5m가 넘는다.
이 건물의 또 다른 특징은 주차장을 때에 따라 전시공간으로 쓸 수 있도록 한 것. 건물 서쪽 1층에 3단 기계식 주차장이 있는데, 2대씩 총 6대 차량 주차가 가능하다. 1~2층 계단 창문을 통해 주차된 차량을 볼 수 있고, 주차장에는 전시용 조명도 설치돼 있다. 홍 소장은 “건물 면적이 크지 않고 지하 주차장을 짓기 힘든 구조였다”면서 “건축비를 줄이고 주차 대수를 최대한 늘리기 위해 주차장과 전시장을 호환 가능하도록 만들었다”고 했다.
지상 4~5층은 원래 포토그래퍼인 남편을 위한 개인 스튜디오 공간으로 설계했다. 일부는 큰 창으로, 일부는 통벽으로 설계했다. 6~7층은 이벤트홀이자 야외촬영장, 집무실 용도로 지었다. 용도에 맞게 통창과 야외 테라스를 배치해 개방감을 최대한 살렸다. 홍 소장은 “테라스에서 보면 남쪽으로 한강과 서울숲이 보이고 서쪽으로 남산, 동쪽으로는 아차산까지 보인다”며 “성수동이 더 개발되면 바뀔 수도 있겠지만 지금은 더 그라운드가 일대에서 제법 높은 건물이어서 뷰가 좋은 편”이라고 말했다. 8~9층에는 2개의 주거공간이 있다. 건축주는 8층(전용 24평)에서 거주하고, 다락방을 낀 9층(15평)은 세를 줬다.
홍 소장은 “성수동은 트렌디 한 곳이지만 낡은 공장과 건물이 많아 멋있는 신축 건물이 갖는 확실한 장점이 있다”며 “매력적인 건물은 임차인 유치 뿐 아니라 땅 가치에도 큰 영향을 미치게 된다”고 했다."
https://www.chosun.com/economy/real_estate/2024/10/30/AKLKY7LCAFBN5HV2M3OFE4RRTM/,"6년간 임대로 거주 후 매입 여부를 결정할 수 있는 ‘분양전환형 매입임대주택’이 첫 입주자를 모집한다. 국토교통부는 31일부터 전국 9개 시·도에서 분양전환형 매입임대주택 입주자(1091가구) 모집을 시작한다고 30일 밝혔다.
매입임대주택은 공공이 도심 내 주택을 매입하거나 신축해 직접 공급하는 공공임대주택으로, 시세 대비 저렴한 임대료로 장기간 거주할 수 있다는 장점이 있다. 이번에 새로 도입된 분양전환형 매입임대주택은 입주자가 최소 6년 임대로 거주 후 분양 받을 지 여부를 선택할 수 있다.
이번에 공급하는 주택은 전용면적 60~85 ㎡ 규모의 소형 아파트, 주거용 오피스텔이 대부분이며, 전체 1091가구 중 88%인 961가구가 수도권(서울 225가구·경기 371가구·인천 365가구)에 위치한다.
모집 유형별로는 전세형 774가구, 월세형 317가구다. 전세형은 무주택자면 소득·자산 요건없이 신청이 가능하며, 자녀가 있을 경우 가점을 받을 수 있다. 월세형은 무주택자인 신혼 부부(혼인 7년 이내)나 신생아(2세 이하) 출산 가구가 일정 자산요건을 충족했을 때 신청할 수 있다.
다만 입주 6년 후 분양 전환은 입주할 당시 일정 소득·자산 요건을 갖춘 사람만을 대상으로 한다. 소득이 전년도 도시근로자 월평균 소득의 130%(맞벌이 200%) 이하이고, 자산은 3억6200만원 이하여야 한다. 올해는 3인 가구 기준으로 월평균 소득 936만원(맞벌이는 1440만원)이 적용된다. 분양 전환 가격은 입주 당시와 6년 후 분양 당시의 감정평가액 평균으로 산정할 계획이다. 분양을 원하지 않거나 소득·자산 요건을 갖추지 못한 경우 전세형은 2년, 월세형은 최장 14년까지 임대로 추가 거주할 수 있다. 신청 방법과 주택 위치 등 자세한 내용은 LH청약플러스 홈페이지(apply.lh.or.kr)에서 확인할 수 있다."
https://www.chosun.com/economy/real_estate/2022/12/01/WJ2MKWEM3BBTLJV5UT45AVSABA/,"국내 최대 1만2032가구 규모인 서울 강동구 둔촌동 ‘올림픽파크 포레온’(둔촌주공 재건축)이 다음 주 4786가구에 대한 일반 분양을 앞두고 1일 모델하우스를 열었다. 서울 최저 기온 영하 9도의 한파에도 개관 시간인 오전 10시 전부터 몰린 관람객들로 모델하우스 앞에 긴 줄이 생겼다.
최근 금리 인상으로 부동산 경기가 위축됐지만, 서울 강남권에서 오랜만에 선보인 대단지 분양에 수요자들의 관심은 뜨거웠다. 모델하우스 내부에 4종류의 모의 주택이 마련됐는데 중도금 대출이 가능한 전용면적 59㎡와 실수요자 사이에서 가장 인기가 많은 판상형 84㎡A타입은 관람객들로 북새통을 이뤘다. 4개월 된 아기를 안고 온 이진희(28)씨는 “모델하우스를 둘러보니 마음에 들어 그나마 자금 마련 부담이 적은 전용면적 49㎡ 청약에 도전하려 한다”고 말했다. 동대문구 장안동에 사는 이용목(72)씨는 “11년째 무주택으로 살고 있는데, 오늘 인파를 보니 내 청약 점수로 당첨될지 걱정이다”라고 했다. 최진욱 현대건설 주택분양팀장은 “애초 하루 2600명에게만 모델하우스를 공개하려고 했는데, 이틀 만에 방문 예약이 마감되고 문의 전화가 빗발쳐 수용 인원을 3400명으로 늘렸다”고 말했다.
부동산 시장은 오는 5일 특별공급, 6~7일 1순위 청약을 접수하는 둔촌주공에 얼마나 많은 수요가 몰릴지 촉각을 곤두세우고 있다. 최근 집값 내림세가 가파른 데다가 분양시장까지 침체한 상황에서 둔촌주공 청약 성적표가 내년 주택시장 분위기를 가늠할 척도가 될 것이란 분석이다. 윤지해 부동산R114 수석연구원은 “둔촌주공 청약 경쟁률이 높게 나오면 서울 핵심 입지에 대한 수요가 여전하다는 사실이 확인되면서 침체한 시장 분위기가 반전하는 계기가 될 수 있다”고 말했다. 김광석 리얼하우스 대표는 “고분양가 논란이 있는 둔촌주공에서 미분양이 생기면, 집값 하락과 거래 절벽이 더욱 심해지고 장기 침체로 이어질 수 있다”고 했다.
한편, 이번 주 아파트 매매 가격은 또다시 역대 최대 하락 폭을 경신했다. 이날 한국부동산원이 발표한 전국 및 서울 아파트 값은 나란히 전주 대비 0.56%씩 내렸다."
https://www.chosun.com/economy/real_estate/2022/10/30/TVSYMYVCGRC5ZJNHKQJKUWXH6Q/,"인천 영종도에 있는 ‘아레나스 영종’은 연면적 6만평 규모의 대형 물류센터이다. 물류센터의 자랑은 6층 ‘호텔식 오션뷰 식당’이다. 창가에는 바다를 바라보며 식사를 할 수 있는 1인용 식탁이 있다. 안쪽 공간에서도 바다를 볼 수 있도록 바닥을 높였다. 인테리어도 고급 카페 수준이다. 식당을 나서면 루프탑 가든에서 커피를 즐길 수 있다. 대기업 사옥 식당을 연상시킨다. 물류센터를 만든 이지스 자산운용은 “물류센터의 주이용자인 근로자들의 만족도를 높일 수 있는 방법을 고민한 결과물이 오션뷰 식당이다. 식당 덕분에 입주업체의 직원 만족도가 높아졌다”고 말했다.
서울 인사동을 대표하는 관광명소가 ‘쌈지길’이다. 4층, 1200평 규모의 ‘ㅁ’자 나선형 건물로 각 층이 하나의 골목처럼 연결돼 있다. 2004년 오픈이후 전통공예, 디자인 상품 등 볼거리가 많아 외국관광객은 물론 젊은층도 자주 찾는 인사동 랜드마크이다. 이지스 자산운용이 2016년 쌈지길을 인수하자 헐고 새로 짓는 것 아니냐는 우려가 나왔지만, 곧 사라졌다.
이지스는 국내 유일의 공예∙핸드메이드 전문 쇼핑몰이라는 쌈지길의 정체성을 지키면서도 온오프라인 결합이라는 새로운 발전 방향을 제시했다. 쌈지길은 소상공인 작가들이 상품 개발과 오프라인 판매를 지원하는 온라인 ‘네이버 스마트스토어이브 커머스’도 운영하고 있다. 코로나로 임차인이 어려움을 겪자 일부 매장에 대해 임대료 대신 매출수수료 연동 방식으로 전환했다. 이지스는 2019년 강남의 새로운 핫플레이스로 떠오른 신사동 가로수길에 쇼핑몰 ‘가로골목’을 오픈했다. 소규모 브랜드의 진출기회를 주기 위해 임대기간을 1일, 1개월 단위도 가능하도록했다. 임대료 부담을 줄여 주기 위해 매출에 기반한 임대료 책정 시스템도 도입했다.
국내 38조, 해외 13조 등 52조원의 자산을 운용하는 이지스자산운용은 ‘공간 비즈니스 산업’의 혁신을 주도하겠다며 이처럼 다양한 시도를 하고 있다. 자산운용업은 개인 및 기관자금을 오피스, 쇼핑몰, 물류창고와 같은 부동산 등에 투자, 운용이익과 처분이익을 배당형태로 지급하는 회사이다. 이지스는 국내 부동산 펀드 설정 1위이다.
이지스의 공간비즈니스 혁신을 이끄는 주역은 조갑주 신사업 추진단장이다. 삼성생명, 현대건설, 코람코에서 자산운용 경험을 쌓은 조 단장은 2014~2021년 이지스 대표를 역임했고 작년에 대표직에서 물러나 신사업을 주도하고 있다. 조 단장은 “부동산업의 사회적 평가가 낮았던 이유 중 하나가 임대료만 챙기는 건물주라는 인식이 강했기 때문”이라며 “임대인과 임차인과 함께 성장하고 과실을 공유하는 벤처캐피털형 부동산업 모델을 만들어야 한다”고 강조했다.
-요즘 금리가 올라 자산운용을 하기가 쉽지 않을 것 같다.
“자산운용업은 하면 할수록 어려운 것 같다. 최소 3년에서 10년 이상의 장기투자이다 보니 현재를 통해 미래의 수요와 공급을 예측하고 금융시장의 변동성도 함께 고려해서 의사결정을 해야 한다. 현재 시장이 좋다고 미래가 항상 좋을 수는 없다. 현재 시장이 경색되어 있다고 장기투자자 입장에서 마냥 손 놓고 있을 수도 없다. 요즘과 같은 변동성이 큰 시장환경에서는 어떠한 방향성을 가지고 가야 될 지가 가장 큰 고민이고 어려운 부분이다.”
-금리가 오르면서 부동산 시장도 요동치고 있다.
-“운용사 투자 자금은 개인,기업, 연기금 및 공제회의 자금이다. 수익을 안정적으로 유지하는 것이 제일 중요하다. 요즘처럼 금리와 물가가 치솟는 시기에는 투자 판단을 내리기가 참 어렵다. 지금의 위기는 외환위기 때와 달리, 전세계적인 위기이다. 과거 10년은 저금리 시대였다. 저금리가 실물자산의 성장을 받쳐준 부분이 있었기 때문에 자산 운용업의 입장에서는 자산운용의 방향을 잡기가 수월했다.
부동산은 특히 금리가 큰 역할을 한다. 고금리 시기에는 은행을 선호할 수 밖에 없다. 금리와 연동돼 부동산 등 자산 재평가가 이뤄지고 있다. 금리가 안정되고 물가가 내릴 때까지 기다려야 할 듯하다. 어느 시점에 턴어라운드를 할 것인가를 예측하고 전략을 짜는 것이 중요하다.”
-자산운용업은 고객에게 안정적인 수익을 돌려주는 것이 핵심이다. 어떤 기준으로 부동산을 고르는가?
“상업용 부동산의 첫번째 특징은 건물의 고정성이다. 건물이 가지고 있는 공간적 특성과 건물이 놓여 있는 위치를 기준으로 그 지역이 최소 5년이상 현재보다는 더 발전할 가능성이 있는 지를 고민해야 한다. 향후 교통 인프라, 인구유입, 지역적 산업의 특성 등을 고려해야 한다. 두번째는 공간의 사용자 관점에서 공간의 하드웨어를 업그레이드 시킬 수 있는 지 고민해야 한다. 작게는 인테리어부터 대수선에 이르기까지 폭넓게 검토가 이루어 진다. 세번째는 공간의 컨텐츠와 서비스이다. 공간 사용자들의 업무효율성 증대와 쾌적함 등 그들이 상당부분의 시간을 보내는 공간에 대해 사용자들의 특성을 고려해 서비스 프로그램을 제공하는 것이다.”
-조 단장은 부동산업을 공간 비즈니스라고 정의했다.
“도시는 공간의 구성체이다. 도시에 어떤 공간이 많으냐에 따라 도시의 특징이 드러난다. 호텔이 많다는 것은 관광이 발달된 도시이고 리테일이 많다는 것은 교통인프라가 잘 발달되어 있고 유동인구가 많은 도시이다. 관광, 상업, 업무시설은 그 도시의 중요한 하드웨어이고 하드웨어에서 기업의 성장과 고용이 이루어진다. 도시성장에 있어 부동산의 산업별 공간은 그 도시의 중요한 인프라이다. 도시에 각 특성별 공간이 어떻게 구성되어있고 건축되어 있느냐에 따라 그 도시에 대한 격이 달라질뿐만 아니라 도시의 발전 방향도 달라진다. 공간을 만들고 운용하는 입장에서는 임대업의 개념보다는 각 공간 사용자와의 파트너 관계로 발전해야 한다. 공간의 사용자가 힘들면 같이 힘들고 공간의 사용자가 성장하면 같이 성장하는 공간비즈니스가 이루어져 한다고 생각한다. 공간산업은 새로운 산업을 만들어내는데 있어 중요한 시작점이기에 각 산업성장의 모태와 같다고 생각한다.”
-부동산업에 대한 사회적 평가는 박하다. 부동산이 새로운 가치를 창출하기보다는 단순 임대료나 시세차익을 얻는 비즈니스라는 평가가 강하기 때문 아닌가?
“부동산업이 임대인 역할만 하기 때문이다. 함께 성장하려면 평당 임대료가 아니라 사용자의 수익과 연계된 임대료 책정도 필요하다. 공간 제공자가 향후에도 모두가 공감하는 임대료를 받으려면 사용자가 성장할 수 있도록 도와야 한다. 공간 제공자는 서비스 업그레이드를 항상 고민하고 불편한 것을 찾아서 개선해주고, 마케팅도 해줘야 한다. 은행은 담보를 잡고 대출해주고 이자만 일정하게 받으면 된다. 돈 빌려간 사람이 뭘하든 간여를 하지 않는다. 기존의 부동산 임대업은 어쩌면 이자 추구형 은행모델이었다. 성장의 과실을 함께 나누는 ‘벤처캐피털 모델’도 필요하다. 그러려면 공간 임대료 지급 구조에 변화가 필요하다. 단순 공간 임대가 아니라 다양한 선택적 프로그램을 제공하고 공간 사용자의 수익에 임대료가 연동되어야 파트너가 되는 것이다.”
- 이지스는 인사동 쌈지길과 신사동 가로수길 ‘가로골목’을 운영한다.
“기획력과 창의력으로 소비자들에게 관심과 사랑을 받을 수 있음에도 브랜드 파워가 약하고 홍보 기회가 적어 제대로 도전도 하기 전에 사라지는 경우가 많다. 그래서 공유 리테일 공간을 통해 참신하고 창의적인 브랜드와 상품들이 시장에 진입할수 있는 기회를 제공하고 소비자들은 이러한 공간을 더 찾게 하는 방법에 대해 고민했다. 온라인과도 연계, 매출증대와 수익확대로 이어져 서로 윈윈할 수 있는 구조를 찾은 결과물이 가로골목이다. 코로나로 인해 어려움이 있지만 신진 브랜드나 디자이너들의 새로운 등용문이 될 수 있는 공간이 될 수 있도록 노력하고 있다.”
- 대표직을 내놓고 신사업추진단장을 맡았다.
“부동산은 지리적 위치와 건물의 하드웨어를 중시한다. 그러나 사용자 관점에서 바라볼 때 편리성, 쾌적성, 효율성과 같은 내부적 요소도 중요하다. 자산운용사들도 주로 공급자 관점에서 접근해왔다는 점을 부정하기 어렵다. 항공편에도 일등석, 비즈니스, 이코노미 등 서비스가 다양하다. 그런데 오피스에는 업의 특성이나 공간 사용자의 업무활동에 따른 차별화된 다양한 맞춤형 서비스가 많이 부족하다.
그런 측면에서 공간테크, 공간 콘텐츠가 필요하다. 신사업은 이지스가 운용하는 공간 하드웨어에 콘텐츠와 테크를 접목시킬수 있는 기업을 발굴하고 육성하는 것에서 시작하려고 한다. 공간의 새로운 가능성을 깨울 아이디어를 찾기 위해 1등 상금 5000만 원 규모의 공모전을 작년부터 개최하고 있다. 사업화 가능한 아이템은 이지스가 창업을 지원한다. 밤이 되면 텅 비는 오피스의 지하주차장과 옥상 공간을 활용해서 비즈니스를 하는 방안 등 다양한 아이디어가 나왔고 일부는 상업화를 추진하고 있다.”
-서울시가 용산 철도 정비창 부지를 국제업무중심지역으로 개발하는 계획을 발표했다.
“국제 업무지구에 걸맞는 하드웨어를 만드는 것은 어렵지 않다. 국제업무지구의 성공은 어떤 기업이 들어오고 어떤 인재가 들어오느냐에 달렸다. 아시아 허브가 되려면 어떤 인프라와 어떤 문화, 정책이 좋은 인재와 기업을 오게하는가에 대해 고민해야 한다. 실리콘 밸리, 맨해튼, 도쿄와 비교하면 서울이 하드웨어적으로 떨어진다고 볼 수 없다. 치안도 좋고 IT 기반도 좋다. 다른 국제 도시에 비해 일관성이 있는 기업 정책이 부족한 것 같다. 기업들은 10년, 20년이 아니라 50년, 100년을 보고 입지를 결정한다. 정책의 일관성에 대한 믿음을 줘야 한다.”"
https://www.chosun.com/economy/real_estate/2022/06/11/YUAWC5Z6YBFBFATDL33ACVS5OY/,"서울 아파트 매수세가 5주 연속 감소한 것으로 나타났다. 정부가 다주택자 양도소득세 중과(重課)를 유예하면서 아파트 매물은 늘었지만, 집값이 고점이라는 인식과 금리 상승 부담 탓에 아파트 수요자들의 매수 심리가 위축되고 있는 것으로 풀이된다. 그 여파로 이달 들어 서울 강남·송파·광진·성동구에선 아파트 거래가 단 한 건도 이뤄지지 않았다.
10일 한국부동산원에 따르면, 지난 6일 기준 서울 아파트 매매수급지수는 89.4로 전주(90.2)보다 0.8포인트 하락했다. 지수 100 미만은 매수자보다 매도자가 많다는 것으로, 지수가 낮을수록 매수세가 약하다는 의미다.
서울 매매수급지수는 작년 11월 셋째 주(99.6) 100선이 무너진 후 계속 하락하다가 지난 3월 대통령선거를 기점으로 반등해 7주 연속 상승했지만, 이내 다시 꺾여 5주 내리 하락세다. 전문가들은 “다주택자 양도세 완화 조치로 매물은 늘었지만 수요자들은 여전히 주택 구입에 부담을 느끼고 있는 것”이라고 해석한다.
실제로 부동산 정보 업체 아실에 따르면, 서울 아파트 매물은 대선 후 3개월 사이 25% 늘었다. 하지만 이날까지 집계된 5월 서울 아파트 거래는 1377건으로 전년 동기(4901건)의 3분의 1에도 못 미친다. 6월 거래는 184건에 불과하며, 특히 강남·송파·광진·성동구에선 거래가 단 한 건도 이뤄지지 않았다."
https://www.chosun.com/economy/real_estate/2024/12/30/DOMIJSI5PNBGTHJJ64ILZ7YAIM/,"올해 전국에서 아파트·빌라 등을 사들인 사람 10명 중 4명(42.1%)은 생애 최초 구입자인 것으로 나타났다. 이는 지난 2013년 이후 11년 만에 가장 높은 비율로, 올여름 집값이 급등하자 내 집 마련을 서두른 무주택자가 크게 증가한 것으로 풀이된다.
29일 대법원 등기정보광장에 따르면, 올해 11월까지 전국에서 매매를 원인으로 이전등기가 완료된 집합건물(아파트·오피스텔·다세대·연립 등) 거래 90만1479건 가운데 생애 최초로 부동산을 구입한 경우는 37만9067건(42.1%)으로 집계됐다. 작년 생애 최초 구입 비율(40.2%)과 비교해 2%포인트 가까이 늘었고, 2013년(43%) 이후 11년 만에 가장 높다.
집합건물 생애 최초 매수자 비율은 금리 인상 여파로 집값이 급락하고 ‘거래 절벽’이 나타난 2022년 34.1%까지 떨어졌다. 그러나 지난해 정부가 생애 최초 주택 구입자에 대한 대출을 확대하고, 특례보금자리론 등 저리의 정책대출 지원을 늘리면서 40.2%로 뛰었다. 올해 들어선 주택 공급 부족 우려로 서울·수도권 핵심지를 중심으로 집값과 전셋값이 급등하자 내 집 마련에 나선 무주택자가 늘어난 가운데 신생아 특례대출도 출시되자 생애 첫 주택 구입자가 증가한 것으로 분석된다.
지역별로 집합건물 생애 최초 매수 비율이 가장 높은 곳은 세종시(51.9%)였다. 대구가 48.1%로 둘째로 높았고, 뒤이어 울산(47.3%), 대전(45.7%), 경기(44.8%) 등도 평균을 웃도는 것으로 조사됐다. 서울도 생애 최초 매수자 비율이 36.0%로 지난해(33.0%)보다 증가한 것으로 나타났다."
https://www.chosun.com/economy/real_estate/2021/10/03/XL6VKRI4OZEXZBROCHAEQJZKUQ/,"올 들어 서울에서 아파트 매매 거래가 급감한 가운데, 일부 구에선 올 들어 거래된 아파트 절반 이상을 30대 이하가 사들이는 등 젊은 매수자 비율이 눈에 띄게 증가한 것으로 나타났다. 정부의 부동산 고점 경고에도 20~30대의 패닉 바잉 매수세는 꺾이지 않고 있는 것이다.
3일 한국부동산원의 월별·연령대별 아파트 매매 현황 통계에 따르면, 올해 1∼8월 서울 아파트 매수 건수는 3만9099건으로 이 중 30대 이하 매수가 41.8%(1만6345건)로 집계됐다. 40대(26.2%)나 50대(15.3%)보다 월등히 높은 수치다. 관련 통계 작성이 시작된 2019년(30.4%, 1∼8월 기준)보다 10%포인트 넘게 올랐고, 작년(35.7%)보다도 6.1%포인트 상승했다.
특히 서울 강서구(51.9%)와 성동구(50.9%)는 올해 거래된 아파트의 절반 이상을 30대 이하가 사들였다. 노원구(49.0%), 영등포구(47.3%), 관악구(47.2%), 중랑구(46.6%) 등 상대적으로 아파트값이 저렴한 지역에서 30대 이하 매수 비율이 높게 나타났다.
올 들어 8월까지 서울 아파트 매매 건수(3만9099건)는 지난해 같은 기간(7만1180건)보다 45.1%나 줄었다. 고종완 한국자산관리연구원장은 “거래 절벽 상황에서도 30대를 중심으로 ‘더 오르기 전에 아파트를 사야 한다’는 패닉 바잉 수요가 여전하다”며 “무리하게 대출을 활용해 집을 샀다가 부동산 경기가 침체하면 낭패를 볼 수 있다”고 말했다."
https://www.chosun.com/economy/real_estate/2025/03/17/AO5LZ6CTS5HMTCMW4A4T56VJHU/,"신축 아파트에 입주하기 전 마루나 조명, 주방 수납장 같은 내부 마감을 하나의 콘셉트로 수리할 수 있는 ‘옵션 패키지’ 전문 브랜드가 출시됐다. DL이앤씨가 선보인 인테리어 전문 브랜드 ‘디 셀렉션(D Selection)’이다. 국내 건설 업체 중 옵션 패키지를 상품화한 건 DL이앤씨가 처음이다.
DL이앤씨는 16일 아파트 입주 전 인테리어 옵션(추가 선택 품목)을 패키지로 시공할 수 있는 브랜드 ‘디 셀렉션’을 출시했다고 밝혔다.
신축 아파트를 분양받은 사람들이 입주 때 외부 업체와 별도로 계약해 취향에 맞는 제품을 다시 설치하는 경우가 많은 데서 착안한 상품이다. 마루, 벽지, 수납장 등을 철거하는 데 드는 비용이나 시간을 아낄 수 있도록 아파트 시공사 측이 입주 전 인테리어까지 다 해준다는 것이다. DL이앤씨 관계자는 “입주 후 멀쩡한 새 마루나 가구를 뜯어 버리는 일이 없기 때문에 철거에 드는 시간·비용을 아낄 수 있고, 건축 폐기물도 줄일 수 있다”고 말했다.
DL이앤씨는 170만건 이상의 인테리어 이미지, 블로그 게시물 등 빅데이터를 분석해 디 셀렉션을 개발했다. 입주민들이 가장 선호하는 인테리어 스타일을 크게 세 가지 콘셉트(모던 내추럴·소프트 클래식·미니멀)로 나눠 세부 사항을 취향에 맞게 선택하도록 했다. 입주민들은 사전에 가상 시뮬레이션을 통해 원하는 스타일의 인테리어가 적용된 모습을 확인한 뒤 상품을 고를 수 있다.
DL이앤씨 관계자는 “외부 업체 대비 30% 저렴한 가격에 개성 있는 인테리어를 적용할 수 있어 수요가 클 것으로 기대한다”고 말했다. DL이앤씨는 자사 브랜드 ‘아크로’와 ‘e편한세상’ 분양자들에게 디 셀렉션 패키지를 판매할 예정이다."
https://www.chosun.com/economy/real_estate/2022/11/17/OAGHRJBO2FGBDGM23GJKW24QUU/,"가파른 금리 인상에 서울 아파트값이 이번주 또 역대 최대폭으로 하락했다.
17일 한국부동산원에 따르면 이번주 서울 아파트값은 전주보다 0.46% 하락했다. 이는 25주 연속 하락으로, 2012년 5월 부동산원이 조사를 시작한 이후 주간 기준 가장 큰 폭으로 내린 것이다. 전국 아파트값 역시 0.47% 하락해 역대 최대 하락폭을 경신했다.
25구 가운데 중저가 아파트가 밀집한 노원구(-0.74%), 도봉구(-0.67%), 강북구(-0.63%)의 낙폭이 컸다. 부동산원은 “금리 인상 기조가 당분간 유지될 것으로 예상되면서 추가로 가격이 조정된 급매물만 간헐적으로 매수 문의가 존재하는 등 시장 상황이 악화됐다”고 분석했다. 신규 입주 물량이 많은 인천(-0.79%)과 경기(-0.59%)도 낙폭이 확대되면서 수도권 아파트값은 0.57% 하락했다.
전세시장도 매물이 쌓이며 하락세가 더 가팔라졌다. 이번주 서울 아파트 전셋값은 0.59% 하락해 부동산원 시세 조사 이래 10년6개월 만에 가장 큰 폭으로 하락했다."
https://www.chosun.com/economy/real_estate/2024/06/19/LIIWN4FYWBCINFXB25NFEC25UI/,"최저 1%대 금리로 주택 구입 자금과 전세 자금을 빌릴 수 있는 신생아 특례대출의 부부 합산 연 소득 기준이 2억5000만원까지 한시적으로 상향된다. 이미 시행 중인 신혼·출산 가구에 대한 주거 지원책 중 수요자 반응이 좋은 정책 중심으로 수혜 대상을 대폭 늘리기로 한 것이다. 아이를 낳는 가구가 아파트 청약 때 유리하도록 특별공급 기회를 한 번 더 주는 방안도 마련했다.
대통령 직속 저출산고령사회위원회는 19일 이런 내용의 결혼·출산 가구에 대한 주거 지원 방안을 발표했다. 지난 1월 말 출시된 신생아 특례 주택 구입·전세자금 대출은 부부 합산 연 소득이 1억3000만원 이하여야 신청할 수 있다. 수도권에서는 전용면적 85㎡ 이하, 9억원 이하 주택 대상인데 출시 5개월도 안 돼 6조원가량 대출 신청이 접수될 정도로 인기였다.
정부는 연 소득 요건을 올 하반기부터 2억원으로 완화하고, 내년부터 3년간은 2억5000만원까지 상향하기로 했다. 사실상 모든 출산 부부에게 혜택을 주겠다는 취지다. 신생아 특례대출 기간 중 아이를 또 낳으면 적용되는 우대 금리도 현행 0.2%포인트에서 0.4%포인트로 높인다. 신혼부부에게 최대 3억원(수도권 기준)을 빌려주는 전세자금대출의 연 소득 기준도 부부 합산 7500만원에서 1억원으로 완화한다.
태아를 포함해 2세 이하 자녀가 있는 가구가 공공·민간 분양 아파트를 청약할 때 우선 기회를 주는 ‘신생아 우선 공급’ 물량은 연간 7만 가구에서 12만 가구로 늘어난다. 민간 분양 아파트는 신혼 특별공급 물량 중 신생아 우선 공급 비율이 20%에서 35%로 확대된다. 공공 분양이나 공공 임대주택은 일반공급 때도 신생아 우선 공급을 신설하기로 했다.
정부는 올해 수도권을 중심으로 그린벨트 해제 등의 방법으로 2만 가구 규모의 신규 택지를 발굴하면서 이 가운데 70%(최대 1만4000가구)를 신혼·출산·다자녀 가구를 위한 공공주택으로 공급하기로 했다.
출산 가구의 특별공급 청약 기회도 확대한다. 지금까지는 특별공급 아파트 청약에 한 번 당첨되면 더는 특공 기회가 없었다. 그러나 당첨 이력이 있어도 출산하면 추가로 특별공급에 청약할 수 있는 기회를 한 번 더 주기로 했다. 단, 입주 전까지 기존 주택을 처분해야 하는 조건이다."
https://www.chosun.com/economy/real_estate/2023/05/14/35T4WYNUARBKFPEKU4ETUPMG6I/,"[땅집고] 한때 서울을 대표하는 집합상가가 ‘유령상가’로 전락했다. 땅집고가 동대문 쇼핑몰, 강변 테크노마트, 용산 전자상가 등을 취재한 결과, 집합상가 공실이 쏟아지고 경매로 나온 상가 매물 감정가도 크게 떨어졌다.
지지옥션에 따르면 지난해 8월 감정가 1억5700만원으로 책정된 동대문 밀리오레 1층 4㎡ 매장은 경매에서 302만원에 팔렸다. 동대문 상권을 대표하는 쇼핑몰인 밀리오레는 지상 7층까지 상가로 운영 중이다. 3층 위로는 공실률이 50%가 넘는다. 6층 상가의 경우, 점포 216곳 중 5곳 만이 영업을 하고 있다. 나머지 15곳은 문을 열었지만 종업원이 없다.
국내 전자상가를 대표하는 강변 테크노마트와 용산 전자상가도 마찬가지다. 테크노마트 8층은 집합상가 392곳 중 150곳 이상이 공실이다. 점포 임대료는 없고, 관리비만 1구좌당 25만원 수준. 그럼에도 들어오려는 임차인은 없다. 용산 전자상가 역시 손님들의 발길이 끊기면서, 공실도 크게 늘어났다. 한 빅테이터 전문기업에 따르면, 서울 주요 상권 153곳 중 2019년 대비 지난해 상권 매출 하락폭이 가장 큰 곳이 용산전자상가였다. 3년 새 매출이 무려 527억원 줄었다. 전자상가 인기가 줄면서 매출 하락폭이 컸다. 2위인 선릉역 350억, 3위 청담역 335억 감소보다 매출액 감소폭이 훨씬 컸다.
전문가들은 지금과 같은 방식으로는 테마형 집합상가 상권이 살아나기 힘들 것으로 전망한다. 한 업종으로 특화된 테마형 집합상가는 트렌드 변화에 빠르게 대응하기 어려운 구조라는 점이 치명적이다. 일례로 전자제품 장사가 안 되면 업종변경을 하면 되지만, 집합상가의 업종을 바꾸려면 점주 대다수의 동의가 필요하다. 상인들끼리 이해관계가 달라 업종 변경도 쉽지 않다. 개별 층마다 점포를 수없이 쪼개 분양해 점주만 수백명이 넘기 때문이다."
https://www.chosun.com/economy/real_estate/2021/05/12/5RCQQVAFBJHBTIQOLIQDD5C6KA/,"2017년 문재인 정부 출범 이후 4년간 서울 아파트 청약 경쟁률이 급등한 것으로 나타났다. 기존 집값이 뛰면서 분양가와 차이가 크게 벌어지고, 새 아파트 공급 부족까지 더해져 청약 시장이 과열된 것으로 풀이된다. 청약 경쟁이 치열해지면서 당첨 ‘커트라인'도 덩달아 상승, 3인 가구는 무주택 기간이 아무리 길어도 당첨이 힘들어졌다.
11일 부동산 정보업체 직방이 한국부동산원 청약홈 자료를 분석한 결과, 올해 서울 아파트 1순위 청약 경쟁률은 4월까지 평균 150대1을 기록했다. 2017년 평균 12대1이었던 것과 비교하면 경쟁률이 10배 넘게 치솟았다. 지난 3월 청약을 접수한 ‘고덕강일 제일풍경채’는 491가구 모집에 7만여명이 몰려 경쟁률 150대1을 나타냈다. 두 동짜리 미니 아파트인 ‘자양 하늘채 베르’는 27가구 모집에 1만명 가까이 신청하며 평균 경쟁률이 367대1에 달했다.
서울 청약 경쟁률이 급격하게 오르기 시작한 때는 2019년 하반기부터다. 정부가 민간택지 분양가 상한제 도입 방침을 밝힌 후 공급 부족 우려가 커지면서 청약 수요가 급증했다. 평균 경쟁률이 2018년 28대1에서 2019년 32대1로 오르더니 2020년엔 88대1로 급등했다.
청약 신청자가 몰리면서 당첨 가능한 청약 가점(84점 만점)도 가파르게 상승했다. 2017년엔 최저 당첨 가점이 44.9점이었지만 지난해 58.9점으로 올랐고, 올해는 64.9점을 기록 중이다. 64점은 무주택 기간과 청약통장 가입 기간에서 모두 만점(각 15년 이상)을 채운 3인 가구가 받을 수 있는 최고 점수다. 3인 가족이면 서울에서 평생 집 없이 살았어도 청약 당첨이 힘들어진 셈이다.
무주택 기간 등에서 상대적으로 불리한 2030 세대가 청약으로 서울 아파트를 마련하기는 ‘불가능'에 가깝다. 청약 시장에서 외면당한 30대가 기존 아파트 구매에 나서면서 ‘영끌'(영혼까지 끌어모아 자금 마련)과 ‘패닉 바잉'(공황 구매) 현상이 심해지고 있다. 함영진 직방 빅데이터랩장은 “청약 당첨 물량을 두고 세대 간 갈등까지 커지고 있다”고 말했다."
https://www.chosun.com/economy/real_estate/2023/12/05/4ROH3LA5L5GKTIH33BGZPTUBGI/,"태영그룹과 SBS를 설립한 윤세영(90) 창업 회장이 5년 만에 CEO(최고 경영자)로 복귀한다. 그룹 모태인 태영건설이 유동성 위기에 빠지자, 아흔 나이에 직접 ‘구원투수’로 등판하는 것이다.
태영그룹은 4일 “윤 창업 회장이 그룹 지주회사인 TY홀딩스의 대표이사 회장으로 복귀할 예정”이라고 발표했다. 2019년 3월 아들인 윤석민(59) 회장에게 회장직을 물려준 지 5년 만이다. 윤 창업 회장은 지난해 한 기업 정보 업체 조사에서 ‘국내 미등기 임원’ 중 최고 연장자였다. 아흔 나이에 매출 약 6조원(작년 태영그룹 총매출) 회사 CEO는 전 세계적으로도 드문 일이다. 회사 측은 “건설 업계 전체에 프로젝트 파이낸싱(PF) 우발 채무 등으로 어려움이 가중되는 상황 속에 태영건설의 사회적 책무를 완수하기 위해 윤 창업 회장이 경영 일선 복귀를 결정했다”고 밝혔다.
현재 아들인 윤석민 회장은 TY홀딩스와 태영건설의 사내이사 및 이사회 의장을 맡고 있으며, TY홀딩스 대표이사는 전문 경영인인 유종연(58) 사장이 담당하고 있다. TY홀딩스 관계자는 “그룹의 구체적인 경영진 구성과 역할은 내년 3월 이사회와 주총 이후 최종 결정될 것”이라고 말했다.
◇“위기의 태영건설 구하겠다”
윤 창업 회장 경영 복귀의 직접적인 이유는 그룹 모태인 태영건설 위기를 극복하기 위해서다. 태영건설은 윤 창업 회장이 서울 마포구 한 극장 내 사무실을 빌려 처음 창업한 회사다. 1980년대 말 1기 신도시 조성 사업 등으로 큰돈을 벌어, 1990년 국내 첫 민간 방송 사업권까지 따내는 발판이 된 회사다. 윤 창업 회장은 이번에 경영 복귀를 결정하면서 주변에 “50년 전 태영건설을 창업할 때의 정신, 창업 초심으로 돌아가 모든 걸 다 바친다는 각오로 계열사를 포함한 그룹 전체를 지휘하겠다”는 의지를 밝힌 것으로 전해졌다.
건설사 시공 능력 평가 순위 16위인 태영건설은 1년여 동안 유동성 위기를 겪고 있다. 작년 하반기부터 본격화된 부동산 경기 침체와 ‘레고랜드 사태’로 PF 시장이 경색된 상황에서, 태영건설은 작년 9월 말 국내 한 신용 평가 기관에서 다른 몇몇 건설사와 함께 ‘PF 우발 채무 모니터링이 필요한 기업’으로 지목됐다. 이후 증권가를 중심으로 태영건설에 대해 ‘PF 만기 연장에 실패했다’ ‘금융 당국에 자금 지원을 요청했다’는 등 이야기가 급속히 퍼졌다. 건설 업계 관계자는 “서울 성수동 오피스 빌딩 사업 등에서 PF 조달에 어려움을 겪은 것은 사실”이라며 “사업성은 괜찮은데, 주변 여건이 나빠 일시적으로 자금 부족에 빠진 것으로 안다”고 말했다.
유동성 위기에 몰린 태영건설은 대규모 차입과 계열사 매각으로 자금을 조달했다. 올해 초 회사채 발행과 펀드 조성을 통해 약 4000억원을 확보했다. 또 최근엔 그룹의 물류 사업을 담당하는 알짜 계열사인 ‘태영인더스트리’를 약 2400억원에 매각하는 계약을 글로벌 사모 펀드와 진행 중이다. 태영건설 관계자는 “계열사 매각 자금이 들어오면 유동성 문제는 대부분 해결될 것”이라고 말했다.
◇아흔 나이에 구원투수로
윤세영 창업 회장에게 2023년은 남다른 해였다. 1973년 ‘태영개발’이라는 이름으로 창업한 지 50년이 되는 해였다. 이 때문에 올해 초 신년사에서 “어려움이 가중되고 있지만, 원칙과 정직으로 이를 헤쳐나가겠다”는 의지를 직접 밝히기도 했다. 회사 관계자는 “현재도 회사 내 굵직한 사업 현안은 윤 창업 회장이 최종 결정하지만, 이번에 대표이사가 되면서 그에 따른 법적인 책임까지도 모두 지겠다는 것”이라며 “지금도 골프 18홀을 모두 돌 만큼 건강에도 문제가 없다”고 말했다.
윤 창업 회장은 1961년 서울대 법대를 졸업하고 당시 민주공화당 이동녕 국회의원 보좌관으로 사회 생활을 시작했다. 이후 한 건설회사 임원을 지내다 퇴사해 1973년 태영건설을 설립했다.
주로 관급 공사를 수주하며 성장하던 태영이 본격적으로 이름을 알리기 시작한 것은 1990년 국내 첫 민영방송 사업자로 선정돼 서울방송(현 SBS)을 설립하면서부터다. 당시 태영의 도급 순위는 30위권이었다. 윤 창업 회장은 2002년 지분의 대부분을 아들에게 넘기며 후계 구도를 일찌감치 정했다.
하지만 2017년 문재인 정부 출범 후 SBS 노조와의 갈등 속에 그해 9월 윤 창업 회장과 아들인 윤석민 회장이 모두 방송 경영에선 손을 떼기로 했다. 방송 업계 관계자는 “TY홀딩스가 SBS의 최대 주주인 만큼, 윤세영 창업 회장이 SBS 상황도 챙길 수밖에 없을 것”이라고 말했다."
https://www.chosun.com/economy/real_estate/2021/07/13/TBZJ6RZB45HZZCBDIFD6IFHLDA/,"경기도 남양주 다산신도시에 올 초 입주한 ‘다산자이 아이비플레이스’. 이 아파트 전용 84㎡는 지난 5월 11억3000만원에 팔렸다. 남양주 아파트 중 역대 최고 가격이다. 국토교통부 실거래가 자료에 따르면 올 들어 이달 12일까지 남양주에서는 전용 84㎡ 기준으로 10억원 넘는 아파트 거래가 19건 이뤄졌는데, 모두 다산신도시에 있는 아파트다. 다산동 A공인중개사무소 관계자는 “다산신도시 입주 초기인 2017년만 해도 84㎡ 시세가 4억원 내외였는데 4년여 만에 2.5배 정도 급등했다”고 했다.
한때 비인기지역으로 꼽히던 다산신도시에 최근 10억 넘는 아파트가 속속 등장하면서 최근 남양주 집값을 주도하고 있다. 전철·도로 등 각종 교통망이 개선되면서 서울 접근성이 크게 좋아진 것이 결정적 요인이다. 다만 다산신도시는 이미 아파트 분양이 끝나고 입주도 거의 마무리 단계여서 신규 주택 공급은 없다. 이런 가운데 태영건설이 시공하는 ‘다산역 데시앙’ 주거형 오피스텔 531실이 이달 분양에 나서 눈길을 끈다. 다산역 데시앙은 지하철 별내선 다산역과 가까운 중심상업지역에 들어선다.
◇서울 주택 수요 흡수하는 남양주
경기도에서는 서울 주택 분산을 위해 대규모 택지개발이 동시다발적으로 진행 중이. 특히 개발이 활발한 곳이 남양주다. 인구도 빠르게 늘고 있다. 2016년 66만명에서 지난해 71만명으로 늘었다.
남양주에는 교통망도 대거 확충될 전망이다. 정부가 왕숙신도시를 3기 신도시에 포함하면서 서울로 이어지는 전철과 도로 등 다양한 광역교통대책을 내놓은 것. 이 같은 교통 대책의 최대 수혜지로 꼽히는 곳이 바로 다산신도시다.
남양주 구도심 북쪽에 위치한 다산신도시는 ‘진건지구’와 ‘지금지구’로 나뉜다. 전체 부지 475만㎡에 주택 3만1000가구, 인구 8만6000명을 수용한다. 2015년부터 아파트 분양을 시작했다.
다산신도시는 별내신도시나 진접지구보다 지리적으로 서울에서 가장 가깝다. 하지만, 개발 초기 인기가 낮았다. 전철이 중앙선 1개 노선 뿐이고, 서울로 이어지는 외곽순환고속도로 정체가 심해 교통 접근성이 떨어졌던 탓이다.
그런데 지난 4~5년새 상황이 완전히 바뀌었다. 현재 다산신도시는 남양주에서 가장 집값이 비싼 지역이 됐다. 부동산114에 따르면 올 6월 다산신도시 3.3㎡(1평)당 아파트값은 1966만원으로, 2017년 말 대비 97% 올랐다. 같은 기간 남양주시(64%)나 경기도(62%) 평균 상승률을 훌쩍 뛰어넘는다.
남양주 최고가 아파트도 다산신도시에 몰려 있다. ‘힐스테이트 다산’(10억5000만원), ‘다산아이파크’(10억4000만원), 다산 펜테리움리버테라스(10억2500만원) 등 올 들어 남양주시에서 거래된 아파트 중 상위 10개 단지가 모두 다산신도시에 있다.
◇8호선 연장 2023년 개통…9호선·GTX-B까지
다산신도시 집값이 뛰는 이유는 교통망 개선 기대감 때문이다. 2023년 개통 예정인 지하철 8호선 연장(별내선)은 다산신도시 핵심 교통 수단이 될 전망이다. 현재 암사역에서 멈추는 8호선을 연장해 구리시와 다산신도시를 거쳐 별내신도시까지 연결한다. 별내선이 완공되면 다산신도시에서 잠실까지 30분 이내에 이동할 수 있게 된다.
정부가 지난해 말 발표한 왕숙신도시 관련 교통 대책도 다산신도시에는 직접적인 호재다. 다산신도시 북쪽에 왕숙1지구, 동쪽에 왕숙2지구가 감싸고 있어 왕숙신도시 교통 인프라를 다산신도시 주민들도 함께 사용할 수 있다. 그 중에서도 서울 강남을 지나는 황금노선인 9호선을 왕숙1·2지구까지 연장하는 방안에 대한 기대가 크다. 다산신도시 도농역에서 중앙선으로 한 정거장만 이동하면 왕숙2신도시에서 9호선으로 갈아탈 수 있게 된다. 8호선과 9호선을 통해 강남권으로 이동할 수 있게 되는 셈이다. 별내신도시에 정차하는 GTX(수도권광역급행철도)-B 노선을 이용하면 서울역까지 20분 내로 이동할 수 있다.
‘다산역 데시앙’ 분양관계자는 “3기신도시인 왕숙신도시 사전청약도 이달에 시작하지만 특별공급 비중이 85%에 달해 신혼부부나 생애최초 등 요건을 맞추기 쉽지 않다”며 “요건에 해당하지 않는다면 민간 아파트나 청약 규제가 덜한 주거형 오피스텔에 관심을 갖는게 나을 수도 있다”고 말했다."
https://www.chosun.com/economy/real_estate/2022/10/26/KFZBBSPE3BEBHG6GD7YHVHB3P4/,"[땅집고] 땅집고는 꼬마빌딩 투자 노하우를 알려주는 ‘땅집고 꼬마빌딩 실전투자스쿨 8기’ 수강생을 모집한다.꼬마빌딩은 아파트 등 주택에 비하면 규제가 덜해 자산가와 투자 자금이 계속 몰려들고 있는 상품 중 하나다. 하지만 최근 부동산 경기 침체기에 따른 상권 위축으로 공실 위험도 무시할 수 없어 ‘묻지마 투자’에 나섰다간 실패할 확률이 높다.
꼬마빌딩 실전투자스쿨에선 현직 유명 빌딩중개법인 중개사, 세무사 등이 투자 결정에 앞서 반드시 알아야 할 빌딩 트렌드, 지역별 시장·매물 분석, 공실 없는 빌딩 운영 노하우, 공간 기획 등을 알려준다.
강의는 11월 16일부터 12월 14일까지 총 9회다. 유정수 글로우서울 대표가 ‘상업용 부동산 시장 상권과 가치 투자’를 강의하고 종로구 창신동 상권을 분석한다. 권기성 ERA코리아 전무가 서초권 상권, 전하나 에이트빌딩 이사가 성동구 성수권 상권, 노창희 리맥스코리아 부사장이 강남구 역삼권 상권을 각각 분석한다. 꼬마빌딩 절세 노하우는 방범권 한국세무회계 세무사가 알려준다.
현장스터디는 4회 진행한다. 사전 이론 강의에서 배운 서초·성수·창신·역삼삼성권 등 4개 지역을 직접 찾아가 투자 사례와 매물을 답사하는 필드 스터디 방식이다. 이론 강의 교육장소는 서울시 중구 세종대로21길 22, 태성빌딩 2층 땅집고 아카데미 교육장이다. 다음달 16일 개강하며 수강료는 140만원이다. 사전 등록하면 10만원 할인한다. 홈페이지(https://zipgobiz.com/)에서 신청하면 된다. (02)6949-6190."
https://www.chosun.com/economy/real_estate/2021/04/01/WAXP4UJKTNBVJDFYF3LZPLCKT4/,"토지보상 및 부동산개발정보 플랫폼 ‘지존’이 홈페이지를 전면 개편했다고 1일 밝혔다. 2012년 홈페이지를 오픈한 지 9년 만이다.
지존은 이번 홈페이지 개편을 통해 새로운 지리정보시스템(GIS)을 탑재했다. 회원가입과 로그인을 하지 않고도 메인 페이지 검색 창에 지번 또는 동네 이름을 입력하면 인근 지역에서 추진 중인 각종 개발사업에 대한 기본정보를 무료로 열람할 수 있다.
지금껏 지존의 개발정보 서비스는 유료로 제공돼왔다. 지존은 앞으로는 무료회원에게도 준공된 사업지구에 대한 모든 개발정보를 무료로 제공하기로 했다. 또 다양한 저가 요금제를 출시해 이용자 선택의 폭을 넓혔다.
지존은 또 직접 조사한 개발정보별 향후 추진 일정과 개발정보에 관련된 다양한 사례와 전문가 칼럼 등도 제공한다.
한편 지존은 야심차게 준비한 ‘지지고(地知GO)’ 서비스도 올 하반기부터 시작한다. 일반인들이 토지 투자를 어렵게 생각한다는 점에 착안해 만든 토지 투자 학습과 서바이벌 경연대회를 연계한 프로그램이다. 지존 홈페이지에 접속해 소정의 참가비를 결제한 후 1단계에서 3단계까지 토지투자 관련 문제를 푸는 방식이다. 컴퓨터 운전면허 필기시험과 같이 문제은행에 저장된 문제가 랜덤 방식으로 출제되며 각 단계별로 일정 점수 이상을 획득하면 다음 단계로 이동하는 방식이다.
최종 3단계를 통과한 합격자 인원이 일정 규모 이상으로 모이면 1년에 1회 이상 결선 라운드를 개최하고 우승자에게는 소정의 상금을 제공한다. 방송사와의 협의를 통해 결선 라운드는 방송으로 제작하는 방안도 추진중이다."
https://www.chosun.com/economy/real_estate/2020/12/01/L2NAIK4UZFGSJLPBEC3JQ7O2JM/,"‘땅집고 리모델링 건축센터’에서 사업 신청자를 모집한다. 리모델링 건축은 신축보다 건축비가 30~40% 정도 저렴하고, 용적률과 일조권 규제가 느슨했던 옛 건축법을 그대로 적용받아 신축보다 수익성을 더 높일 수 있어 최근 도심에 낡은 건축물을 소유한 건축주들의 관심이 높다.
땅집고 리모델링센터에선 기존 주택이나 꼬마빌딩을 리모델링하거나 증축해 건축물의 가치를 높이고, 임차인이 선호하는 건물로 만드는 건축 사업을 진행한다. 땅집고 리모델링센터에서 진행하는 사업은 건축비가 400만~500만원 정도 들며, 주택 리모델링은 5억~10억원 안팎, 빌딩 리모델링은 10억원~30억원 정도 공사비가 들어간다.
우리나라 리모델링 건축 업계의 최고 실력자로 꼽히는 김종석 에이티쿠움파트너스 대표가 땅집고 리모델링센터 소장을 맡아 사업을 지원한다. 에이티쿠움이 기획, 입지 분석, 설계와 시공까지 ‘원 스톱’ 설루션을 제공한다.
김 소장은 최근 10여 년간 서울 연희동과 연남동 일대에서 100여 채의 노후 건물을 리모델링해 크게 성공시켜 속칭 리모델링 업계 ‘미다스의 손’으로 불린다. 땅집고 리모델링 건축 서비스는 단독주택, 다가구·다세대주택, 일반 중소형 빌딩, 나대지 가설 건축물 등 낡은 건물을 보유하고 있는 건축주가 신청할 수 있다. 땅집고건축 사이트나 전화로 사업 신청을 하면 된다."
https://www.chosun.com/economy/real_estate/2022/01/18/YS54PXCB2ZFVVGTTBGFRL5OHHQ/,"북한강변에 지은 대형 펜션인 ‘청평 오페라하우스’ 부지가 매물로 나왔다. 경기도 가평군 고성리 64 일대 25개 필지로 전체 면적은 8749㎡(약 2650평), 매각 가격은 110억원이다. 땅집고 기업부동산종합서비스센터에 매각 컨설팅을 신청한 물건으로 센터 운영을 맡은 중개법인 비티지(BTG)가 전속 중개한다.
청평 오페라하우스는 기업체 연수원과 오너 별장이 많이 들어선 북한강을 끼고 있다. 수상 레저 활동이 활발한 북한강에 바로 붙어 있다. 보트와 수상 스키 장비 등을 접안할 수 있는 자체 선착장도 갖추고 있다.
2003년 준공한 펜션 건물을 비롯해 총 3개동이 들어서 있다. 펜션으로 영업 중인 메인 건물은 지상 4층, 연면적 489평 규모로 엘리베이터가 있다. 지하1층~지상1층 교육연구시설(88평)과 지상 2층 주택(60평)도 있다. 차 25대가 주차할 수 있는 지상 주차장도 있다.
서울 잠실에서 약 52㎞ 떨어져 있다. 서울양양고속도로를 이용하면 자동차로 40분쯤 걸린다. 설악IC에서 직선거리 4㎞ 정도다.
청평 오페라하우스 주변은 서울 강남과 가깝고 북한강을 끼고 있어 수상 레저 중심지로 젊은층은 물론 가족단위 관광객이 많이 찾는다. 기업체 연수원과 교육장도 많다. 해당 부지 바로 옆에는 아시아에서 가장 깊은 수심을 가진 다이빙풀 ‘K-26′이 운영 중이다. 청평 북한강변에는 리조트와 캠핑장, 글램핑장, 수상 레저 시설이 몰려 있다.
땅집고 기업부동산센터 정을용 센터장(BTG 대표)는 “오페라하우스 부지는 북한강과 바로 옆에 선착장까지 갖춘 펜션 부지여서 희소성이 높아 향후 가치 상승을 기대할 수 있다”면서 “기존 건물을 리모델링하거나 신축해 기업체 연수원이나 게스트하우스, 캠핑장 등으로 개발할 수 있다”고 했다. 정 센터장은 “직원들이 휴가지에서 휴식을 취하며 업무도 함께 처리할 수 있는 ‘워케이션’ 센터를 짓기에도 적합하다”면서 “테라로사나 나인블럭, 스타벅스(더양평DTR점) 같은 북한강뷰를 활용한 기업형 카페 부지로 적합하다”고 했다.
-땅집고 기업부동산종합서비스센터와 기업부동산전문 중개법인 BTG는 기업과 법인이 보유한 부동산 매도·매입 의뢰를 받아 최적의 맞춤형 설루션을 제공합니다."
https://www.chosun.com/economy/real_estate/2025/06/13/5UHS2PFYLVANFMZKESY6ZD35NM/,"“작업장 내 안전에 문제가 될 수 있는 지점을 찾아줘.”
관리자의 요청에 인공지능(AI)이 가상 공간으로 구현된 건설 현장을 스캔하더니 자재가 위험하게 쌓여 있는 곳과 ‘추락 위험’ 표지가 빠진 곳을 짚어냈다. 건설 안전 설루션 기업 큐픽스가 아마존웹서비스(AWS)와 개발 중인 생성형 AI 서비스다. 매일 작업자가 360도 카메라로 현장을 돌아다니며 영상을 찍으면, AI가 도면과 공정, 작업 계획표 등을 비교해 사고 위험이 있거나 부실 공사 우려가 있는 현장을 알려주는 서비스다. 큐픽스 관계자는 “AI가 과거에 발생한 건설 관련 사고 패턴을 분석해 현장의 미흡한 부분을 빠르게 체크한다”며 “안전 관리자 같은 인력을 쓰는 것보다 속도도 빠르고, 사소한 판단 실수도 줄일 수 있다”고 했다.
건설 현장 내 안전 문제에 대한 경각심이 높아지면서 국내 건설 업계도 안전 관리 강화를 위해 다양한 첨단 기술을 도입하고 있다. 안전 사고를 예방하기 위해 AI를 활용하는 것은 물론, 고위험 작업을 대신 수행할 로봇 개발에도 적극적으로 나서고 있다. 중대재해법 시행에도 매년 200명 이상이 건설 현장에서 사고로 사망하고 있는 현실이다. 한 대형 건설사 관계자는 “현장 안전 사고는 법적 제재와 수주 경쟁력에 영향을 미치는 것을 넘어 지금은 회사의 생존과 직결되는 문제인 만큼 관련 기술 개발에 투자를 아끼지 않는다”고 했다.
◇AI·드론·로봇 등 활용해 건설 안전 강화
최근 건설 업계에서 가장 활발하게 개발되는 기술은 AI를 이용해 현장 상황을 자동으로 분석해 사고 위험을 실시간으로 알려주는 설루션이다. 건설 안전 설루션 개발 업체 무스마는 크레인 장비에 부착한 센서를 AI와 연동해 크레인 충돌을 방지하는 시스템을 운영하고 있다. 마치 자동차 후방 센서처럼, 크레인의 각 부분과 주변 사물 간의 거리를 계산해 충돌 사고를 방지하는 것이다. 또한 공사 현장에서 휴대할 수 있는 이동형 AI CCTV로 안전모 착용 여부를 확인하고, 작업자가 갑자기 쓰러지는 것도 탐지해 경고한다.
대규모 건설 현장에서는 사람이 모든 것을 확인할 수 없는 만큼, 드론을 활용하는 기술도 많이 활용된다. 프롭테크 기업 엔젤스윙은 드론으로 건설 현장을 촬영해 이를 가상 공간에 옮겨주는 설루션을 운영한다. 드론이 매일 정해진 시간에 현장을 자동으로 촬영해 날짜별 공사 진척도는 물론 현장 위험 요소를 조기에 탐지할 수 있는 게 특징이다. AI 안전 진단·검사 설루션을 개발한 딥인스펙션은 드론으로 터널·댐·공항·도로 등을 촬영한 뒤 AI로 균열이나 구조 결함 등을 찾아낼 수 있다.
현장 안전 사고를 줄이고 생산성을 높이기 위해 로봇 개발에 나선 기업도 속속 생기고 있다. 주로 추락 사고가 발생하기 쉬워 위험성이 높은 곳에서 작업자를 대체하기 위해서다. 삼성물산 건설 부문은 지난해 ‘철골 볼트 조임 자동화 로봇’과 ‘벽체 타공 로봇’을 선보였다. 로봇이 스스로 작업이 필요한 영역을 찾고, 분진이나 진동으로 인한 추락 사고 위험을 최소화할 수 있다. 현대엔지니어링이 개발한 ‘도장 로봇’은 사람이 직접 건물 외벽에 매달려 작업하는 방식에 비해 안전하고, 분당 최대 18㎡ 면적을 도색할 수 있어 현장 작업자보다 3배 정도 빠르게 작업할 수 있다.
◇글로벌 건설 안전 시장도 성장세
해외에서도 건설 안전 관리를 위해 첨단 기술 개발에 나서는 업체가 늘어나고 있다. 글로벌 건설 안전 시장 규모는 매년 10% 가까운 성장을 이어가면서 2034년 106억1000만달러(14조4158억원)에 이를 것으로 전망된다.
미국의 산업용 사물인터넷(IoT) 전문 기업 ‘트라이악스 테크놀로지스’가 개발한 스마트 헬멧은 작업자의 위치와 움직임 등을 실시간으로 추적하고 충격을 감지해 위험 지역 접근을 경고하거나 추락과 쓰러짐 등 사고를 관리자에게 알리는 기능이 탑재됐다. 일본 오바야시건설은 크레인 등 현장에 있는 중장비에 카메라를 장착해 주변 지형지물과 장애물, 작업자 위치 등을 분석할 수 있는 기술을 개발했다. 이를 통해 중장비 사각지대에 있는 근로자와 다른 중장비와의 충돌 사고를 방지한다."
https://www.chosun.com/economy/real_estate/2021/06/09/47DGAPOKW5HEDNERUTAHJIMZ4A/,"대우건설이 이달 중 서울 중구 세운재정비촉진지구 3-6, 3-7블록에서 생활숙박시설 ‘세운 푸르지오 그래비티’를 분양한다. 5월 청약을 마감한 ‘세운 푸르지오 헤리시티’에 이어 올해 두 번째로 세운지구에서 공급되는 주거 상품이다.
세운 푸르지오 그래비티는 전용면적 21~50㎡ 756실 규모다. 3-6구역에 396실, 3-7구역 360실이 들어서며 두 단지 모두 지하 6층~지상 20층 규모로 지어진다. 분양 관계자는 “생활숙박시설은 오피스텔처럼 취사·세탁 등이 가능하고, 주택이 아니기 때문에 청약통장도 필요 없다”면서 “대출 규제나 전매 제한에서도 자유로워 실수요자와 투자자 양쪽에서 모두 관심이 높다”고 말했다.
세운 푸르지오 그래비티의 최대 장점은 입지다. 서울 사대문 중심부에 자리해 풍부한 금융·교통 인프라를 갖췄다. 광화문 중심업무지구(CBD)의 직주근접 수요가 많고, 청계천과 접해 있어 수변 조망을 누릴 수 있다. 걸어서 지하철 2∙3호선 환승역 을지로3가역과 지하철 1∙3∙5호선 환승역인 종로3가역을 이용할 수 있다. 남산 1·3호 터널을 통해 차량으로 강남권 진출입도 편리하다.
단지 주변 을지트윈타워엔 대우건설·BC카드·KT 계열사 등이 입주했고 인근에 SK그룹, 한화그룹, 현대그룹, KEB하나은행 등 대기업과 금융사 본사가 많아 배후 수요가 풍부하다. 청계천을 비롯해 남산, 종묘공원, 남산골공원, 장충단공원 등 녹지시설이 가깝다. 운현초, 리라초, 숭의초 등 명문 사립초등학교가 인접해 교육 여건도 우수하다는 평가다.
세운지구에선 앞서 ‘세운 푸르지오 헤리시티’, ‘힐스테이트 세운 센트럴’ 등이 성공적으로 분양을 마쳤다. 세운 푸르지오 그래비티는 전용 40㎡와 전용 50㎡ 위주로 공급돼 세운지구의 지역적 특성을 반영했다는 평가를 받는다. 한 부동산 전문가는 “서울 시내 최중심지에 공급되는 소형 주거상품은 주변에 직장이 있는 고소득 1~2인 가구 등 배후 수요가 풍부하다”면서 “코로나 사태가 진정돼 광화문·동대문·명동 일대 상권이 다시 활성화하면 지금보다 급격히 늘어날 관광 수요까지 끌어들일 수 있다”고 말했다."
https://www.chosun.com/economy/real_estate/2024/11/12/OHPLCBTQDNHZDNL4SBFAQRPPDY/,GS건설이 호주에서 5억7000만 호주달러(약 5240억원) 규모의 지하철 터널 공사를 수주했다고 11일 밝혔다. 멜버른 교외 도시순환철도 노선에 약 10km 길이의 복선 터널과 39개의 피난 연결도로 등을 건설하는 것이다. 전체 공사비는 17억 호주달러로 이 중 GS건설 지분은 33.5%이다. GS건설 호주법인이 이탈리아·프랑스 건설사 등과 공동으로 공사를 진행한다.
https://www.chosun.com/economy/real_estate/2020/10/28/DV7DMMCHPRC2XFMZMRKRWEN4YU/,"포스코건설은 서울 문래동 철공소 소공인(小工人)을 대상으로 ‘스틸아트 공모전’ 을 열고 28일 서울 신사동 ‘더샵갤러리’에서 시상식을 가졌다고 밝혔다.
포스코그룹은 ‘산업의 쌀’로 불리는 철강을 주력 사업으로 삼고 있고, 문래동 철강거리는 골목 철강 산업의 명맥을 지키고 있는 곳이다. 포스코건설 관계자는 “70~80년대 한국 산업 발전에 중요한 역할을 했던 문래동 소공인들에게 새로운 성장 가능성을 제공하기 위해 공모전을 열었다”고 했다.
지난달 8일부터 이달 23일까지 서울소공인협회, 영등포·경인로 도시재생지원센터와 함께 진행한 이번 공모전에는 11개 팀이 참여해 열띤 경연을 펼쳤다.
최우수상에는 `복을 물고온 제비`, 우수상에는 `더샵# 포레스트`, `echo of circle`, `the giving tree` 등이 선정됐다. 최우수상 상금은 700만원, 우수상은 각 600만원이다.
수상작들은 이달 31일까지 더샵갤러리 1층에 전시되며, 전시회가 끝나면 인천 더샵 스카이타워, 오산대역 더샵 센트럴시티, 청주 더샵 퍼스트파크 아파트의 커뮤니티시설 로비에 설치될 예정이다. 입주민들에게 철강재의 다양한 활용성과 우수한 경쟁력을 보여주려는 취지다.
최우수상 `복을 물고온 제비`는 복을 가져다 주는 길조로 알려져 있는 제비가 흥부에게 박씨를 물어다 주듯, 포스코건설이 지은 견고한 집에 사는 이들에게 복을 가져다 준다는 의미를 형상화했다. 레이저 컷팅 기술로 철을 가공해 더샵 로고 제비집을 만들고 도장과 자개장식을 한 제비를 부착해 예술작품 소재로서의 철강재의 우수성을 보여줬다.
문래동에서 15년간 산업용 유닛 박스(Unit Box)와 대형조형물을 주로 제작해 온 거산조형에서 부친의 가업을 이어가고 있는 윤성호씨가 일러스트 작가 임수민·임영훈씨와 팀을 이뤄 이 작품을 만들었다.
기계부품을 가공·제작하는 대룡정공사의 소공인 정원석씨의 `더샵# 포레스트`는 더샵 로고를 철판으로 가공하고 여러겹으로 용접해 건축물 모양으로 만들었다. `더샵` 이 모여 숲을 이루고 공동체를 만들어가는 모습을 표현했다.
종합금목형주물을 주로 생산하는 부영금속 소공인 한부영씨의 `echo of circle`는 다양한 크기와 색깔의 원형 아크릴판을 철판 위에 부착해 자연의 순환과 조화로움을 표현했다. 금속 장식물이지만 무겁지 않고 발랄하며 안정감 있는 레이아웃으로 보는 이에게 편안한 느낌을 준다.
기계 및 반도체장비부품을 주로 생산하는 우정용접 소공인 송정우씨의 `the giving tree`는 굵은 철사로 나무의 잎사귀와 줄기를 형상화한 방사형판을 2개 겹쳐 붙였다. 각 판이 회전하면서 자연의 규칙과 아름다움을 보여준다.
이날 시상식에는 포스코건설 한성희 사장, 서울시 도시재생실 양용택 재생정책기획관, 영등포구 정언택 기획재정국장, 영등포 재생지원센터 임현진 센터장, 서울소공인협회 이용현 협회장 등이 참석했다.
한성희 포스코건설 사장은 “철을 매개로 도시재생과 지역경제를 활성화 시킬수 있는 방안을 모색하다 포스코건설의 더샵, 그리고 문래동 소공인과 예술인이 협업하는 지역상생 프로젝트를 추진하게 됐다”라며 ""`더불어 발전하는 기업시민` 경영이념에 걸맞게 소공인들에게 희망을 주고 지역경제에 활력을 불어넣는 상생활동을 앞으로도 펼쳐나가겠다”고 말했다."
https://www.chosun.com/economy/real_estate/2023/09/06/SBZ6QIZWGFB53K3U4642RQCEDU/,"서울 성동구 성수동 한복판에 배를 타고 건너가야 입장할 수 있는 카페와 레스토랑이 있다. 공간전문 기업 글로우서울이 지난 달 문을 연 카페 ‘레인리포트’다. 카페로 들어갈 때는 배를 타고 작은 연못을 건넌다. 카페 외벽에는 인공비가 수시로 쏟아진다. 비가 내리는 모습을 바라보며 커피도 마시고, 식사도 한다. 레스토랑 이름은 ‘살라댕탬플’이다.
원래 이 건물은 인쇄물을 만드는 낡은 공장이었다. 자재를 싣고 내리던 공터를 파 연못을 만들고, 원래 공장 건물을 보강해 카페와 레스토랑으로 쓴다. 이곳은 현재 성수동에서도 가장 ‘핫’한 카페로 꼽힌다.
레인리포트 기획에 참여한 허준 브랜딩디렉터(전 글로우서울 CMO)는 “소비자가 커피나 빵, 디저트 맛이 좋아서 카페를 찾기도 하지만 요즘은 공간 자체를 즐기는데 의미를 부여한다”며 “문전성시를 이루는 카페는 고객에게 공간에 대한 특별한 경험을 선사하고 저절로 사진을 찍게 만드는 힘이 있다”고 말했다. 레인리포트는 고객이 비를 직접 맞는 것은 꺼리지만 비가 내리는 모습을 감상하는 경험은 낭만적이라고 생각한다는 점에 착안해 만든 카페 브랜드다.
허 디렉터는 땅집고가 오는 19일 개강하는 ‘카페 유치와 개발, 경영의 모든 것 4기’ 과정에서 ‘성공적인 카페 브랜딩의 노하우’를 주제로 강의한다. 그는 최근 F&B(식음료) 업계에서 가장 인기 있는 ‘노티드도넛’, ‘다운타우너’ 등의 브랜딩을 맡았다.
카페에서 공간의 힘이 중요해진 것은 외국도 마찬가지다. 일본 시부야 마야시타 공원 인근 쇼핑몰 옥상에 자리잡은 스타벅스는 일본을 찾는 관광객이 꼭 들러야 하는 건물로 꼽힌다. 다른 스타벅스 매장과 달리 특정 브랜드와 협업해 만든 굿즈(상품)를 판다. 고객이 주문한 음료를 기다리면서 굿즈를 감상하고, 이 장면을 사진으로 찍어 SNS(소셜미디어)에 올린다.
작은 공간이라도 이른바 스토리텔링이 가능한 요소가 있다면 얼마든지 이목을 끌 수 있다. 서울 중구 을지로의 멕시칸 음식점 ‘올디스타코’는 규모가 33㎡(10평)가 채 되지 않지만 미국 타코집을 옮겨 놓은듯한 모습 때문에 ‘을지로 한복판 미국’이라는 별명을 얻었다.
주의해야 할 점도 있다. 허 디렉터는 “아무리 화려하게 장식해도 의미 없는 포토존은 사람을 불러모으지 못한다”며 “고객이 사진을 찍어야 하는 이유가 있을 만한 의미와 콘셉트를 만드는데 집중해야 한다”고 말했다.
<카페 유치와 개발 4기 과정>
땅집고가 오는 19일 ‘카페 유치와 개발, 경영의 모든 것 4기’ 교육 과정을 개강한다. 중대형 카페 개발 방향과 임대수익 극대화 방안을 제시한다. 심영규 글로우서울 이사는 최근 인기있는 카페 사례를 집중 분석한다. 이상훈 슬로베이커리 대표는 대형 카페 창업을 통한 부동산 가치 올리기 전략을 알려준다. 허준 글로우서울 전 CMO는 성공적인 카페 브랜딩, 송훈석 스타벅스 점포개발팀장은 스타벅스DT 입지 조건을 각각 소개한다. 강의는 총 6회로 현장스터디 1회를 포함하며 수강료는 180만원. 땅집고M 홈페이지(▶바로가기)에서 신청하면 된다. (02)6949-6190"
https://www.chosun.com/economy/real_estate/2022/01/07/E22YAX3X2JFPTMTXLXPS6VHFOI/,"전국적으로 아파트 값 내림세가 확산하면서 새해 들어 주택 매수 심리가 더욱 위축된 것으로 나타났다. 전국 아파트 매매수급지수가 5주 연속 기준선(100)을 밑돈 가운데, 수도권과 광역시를 뺀 지방 8개 도에서도 매매수급지수가 100 이하로 떨어졌다. 매매수급지수가 100을 밑돌면 아파트를 팔겠다고 내놓은 사람이 집을 사겠다는 사람보다 많다는 뜻이다.
한국부동산원에 따르면, 지난 3일 기준 지방 8개 도의 아파트 매매수급지수는 99.9로 2020년 11월 9일(98.9) 이후 1년 2개월 만에 100 이하로 내려갔다. 경남(100.4), 충남(101.7), 강원(102.4)은 매수 수요가 여전히 우위로 나타났지만, 전남(91.9), 경북(99.4), 충북(98.3) 등에서 매도세가 강해진 영향이다.
전국 아파트 수급지수는 일주일 전보다 0.5포인트 내린 95.6을 기록했다. 8주째 기준선을 밑도는 서울은 92.8까지 내렸다. 2019년 9월 9일(92.6) 이후 2년 4개월 만에 가장 낮은 수치다. 수도권(93.8)과 지방 5대 광역시(94.4)도 내림세가 이어졌다. 고종완 한국자산관리연구원장은 “서울은 강북 지역을 중심으로 집값 내림세에 속도가 붙고 있고, 대선 결과에 따라 부동산 정책이 바뀔 수 있다는 기대감 때문에 매수자나 매도자 모두 관망하는 분위기”라며 “서울 아파트값이 지나치게 올랐다는 인식에다 여전한 대출 규제도 매수 심리를 더 얼어붙게 하고 있다”고 말했다.
겨울방학을 맞아 이사 수요가 있음에도 수도권 전세 시장은 매물이 더 쌓이는 분위기다. 서울(94.5)과 경기(95.9)의 전세수급지수가 일주일 전보다 하락하면서 공급 우위가 이어졌고, 인천(100.2)만 0.1포인트 상승했다. 부동산 빅데이터 업체 아실에 따르면, 지난 6일 기준 서울 아파트 전세 매물은 3만1698건으로 한 달 전(3만484건)보다 4% 증가했다.
반면, 수도권 외 지방 아파트 전세수급지수는 100.9로 지난주(100.5)보다 0.4포인트 상승했다. 제주 전세수급지수는 일주일 사이 98.3에서 103.6으로 5.3포인트 급등했다."
https://www.chosun.com/economy/real_estate/2021/07/01/NZI2L4NI5NEJ3KQVFDXPT2AGAM/,"국토교통부가 지난달 30일 주거정책심의위원회를 열고 규제지역 해제와 신규 지정 안건을 심의했지만, 결론을 내지 못했다. 규제지역 해제 요건을 갖춘 지역은 또다시 집값이 뛸까 봐 당장 규제를 풀기 어렵고, 최근 집값이 들썩이는 지역은 향후 주택 공급이 늘고, 금리도 오를 수 있어 규제를 가하기 조심스럽다는 게 정부 논리다. 이런 정부 설명에 부동산 전문가 사이에선 “규제지역 지정·해제라는 한 가지 사안에 대해 두 가지 상반된 시장 전망을 인용하는 모순을 보여주는 꼴”이라는 지적이 나온다.
규제지역은 집값 상승률과 주택 거래량 등을 따져 지정한다. 국토부에 따르면, 6월 말 기준 전국 조정대상지역과 투기과열지구 중 규제지역 지정에 필요한 요건이 안 되는 곳은 광주 동구·서구, 충남 논산, 전남 순천·광양, 경남 창원 성산구·의창구 등이다. 이들 7곳은 더는 규제지역으로 남아있을 이유가 없다. 그러나 국토부는 “초(超)저금리, 규제 완화 기대 등으로 집값 상승률이 높은 상황이어서 신중한 접근이 필요하다”며 규제지역에서 해제하지 않기로 했다.
이날 회의를 앞두고 부동산 시장에서는 경기 동두천, 충남 아산, 부산 기장군 등 최근 집값이 가파르게 오른 곳은 규제지역에 추가될 것이라는 전망이 나왔다. 하지만 신규 규제지역 지정은 없었다. 국토부는 “7월부터 대출 규제가 강화되고 2·4 대책에 따른 주택 공급, 기준금리 인상 가능성 등 변수가 많아 좀 더 지켜봐야 한다는 것이 중론이었다”고 전했다.
주거정책심의위원회는 주요 부동산 정책을 심의하는 기구로 일부 민간 위원이 참여하지만, 정부 측 위원이 과반이어서 정부 입김이 강하게 반영된다. 금융권의 한 부동산 전문가는 “한자리에서 주택 시장에 대해 상반된 전망을 하고 안건에 따라 정부가 입맛대로 선택한 셈”이라며 “일관성 없는 시장 인식에 기반을 둔 부동산 정책은 신뢰를 얻기 어렵다”고 했다."
https://www.chosun.com/economy/real_estate/2021/11/23/YEZLVVBA7JD3XGMCN7ZEA2QHLQ/,"가수 이효리(42)·이상순(47) 부부의 제주 신혼집이 카페를 운영하는 한 법인에 넘어갔다.
23일 방송가에 따르면 JTBC는 최근 부부가 살았던 제주 애월읍 소길리에 위치한 집을 처분했다. 이와 함께 부부가 보유하고 있던 집 근처 토지도 매매했다.
이 집은 부부의 신혼집으로 두 사람은 2013년 이곳에서 결혼식을 올렸다. 부부는 2018년 JTBC 예능프로그램 ‘효리네 민박’의 배경으로 신혼집을 방송에 공개하기도 했다. 하지만 방송 후 부부의 집에 무단 침입이 발생하는 등 사생활 침해 문제가 불거지자, JTBC는 그해 이 집을 14억3000만원에 매입했다.
당시 부부는 집만 처분하고 근처 땅은 보유하고 있었다. JTBC가 3년 만에 집을 내놓으면서 부부도 토지 처분을 결정한 것으로 알려졌다.
새 주인은 제주 지역에 기반을 둔 한 브랜드로, 카페를 운영하는 법인이다. 매매대금은 집 15억원, 토지 10억원 등 총 25억원으로 전해졌다."
https://www.chosun.com/economy/real_estate/2021/03/15/AYZIVGXABBDL5ACA6EK3IMZJIQ/,"“문재인 정부는 출범 이후 줄곧 부동산 투기를 조장했어요. LH(한국토지주택공사) 직원들의 땅 투기 의혹 사건을 대충 조사하는 걸 보면서 국민들은 이 정부가 얼마나 가식적이고 무능한지 알았을 겁니다. 이 정권은 ‘불로소득 주도 성장’을 한 가짜 진보 정권입니다.”
지난 12일 서울 종로구 동숭동 경제정의실천시민연합 사무실에서 만난 김헌동(66) 경실련 부동산건설개혁운동본부장은 보수 야당은 명함도 못 내밀 정도의 분노를 숨기지 않았다. 청와대와 정부가 ‘청와대·국토부는 0명, LH 직원만 20명’이라는 신도시 투기 의혹 셀프 조사 결과를 내놓은 다음 날이었다. 참여연대와 함께 진보 정권의 ‘우군(友軍)’으로 불렸던 경실련에서만 25년째 활동 중이지만, 이제 그의 이름 석 자는 ‘문재인 정권 저격수’와 같은 의미로 통한다. 그는 현 정부의 잇단 부동산 실책으로 집값이 폭등하자 2019년 말부터 매서운 비판을 해왔다. 김 본부장은 문 대통령에 대해 “발본색원이란 말을 할 자격도 없다”며 “땅 투기를 조장한 3기 신도시 건설을 전면 백지화해야 한다”고 말했다.
-정부가 LH 직원 7명만 추가된 조사 결과를 내놨다.
“예상대로다. 시간만 허송했다. 수사권도 없는 공무원을 투입해 시민단체가 했던 토지 거래 내역과 직원 명단 대조 작업만 한 것이다. 정말 투기를 뿌리째 뽑아낼 생각이라면 3년이든 5년이든 거래된 토지 전체를 대상으로 구입한 사람의 직업이 뭔지, 자금은 어디서 나왔는지, 관련된 공직자나 친인척은 없는지 즉각 수사를 지시했을 것이다.”
-대통령은 수차례 ‘발본색원’을 강조하며 “투기 반드시 잡으라”고 했는데.
“나는 ‘문 대통령이 저런 말을 할 자격이 있는가’라는 생각부터 한다. 불필요한 3기 신도시를 건설하게 하고, 공기업 직원까지 땅 투기를 하라고 유인한 사람이 문 대통령이다. 대통령은 이번 투기 의혹 사건에 대한 책임을 통감하고 사과부터 해야 한다.”
경실련은 2017년 5월 문 대통령 취임 이후 작년 말까지 서울 아파트값이 78% 올랐다고 했다. 25번이나 부동산 대책을 내놓았지만, 문 대통령 재임 44개월 중 40개월 동안 집값이 올랐다는 것이다.
-대통령이 땅 투기를 유인했다니?
“대통령과 정부의 고위 관료들이 무능하니 이번 정부 들어 부동산 투기가 만연했고, 공기업 직원까지 ‘돈 벌 기회가 생겼네’ 하면서 투기에 뛰어든 것이다. 정부는 지난 2월 2·4 대책에서 공기업 주도로 구도심을 재건축·재개발해 아파트를 짓겠다고 했다. 그런데 그 정책을 실행할 LH 직원들은 부동산 투기와 부패 행위를 하고 있었다. 이 정부는 ‘부동산 투기와 전쟁을 하겠다’ ‘부동산 산 사람은 후회하게 만들겠다’ 등 말로만 떠든다. 나라의 주인인 국민을 얕잡아 보는 게 몸에 뱄다.”
김 본부장은 “애초 LH에 과도한 특권을 준 게 잘못”이라고 말했다. “주인의 땅을 강제로 사들이는 토지수용권, 신도시 등 택지 개발을 좌지우지하는 독점개발권, 논밭이나 그린벨트 등 땅의 용도를 바꿀 수 있는 용도변경권 등 3대 특권을 모두 가진 조직은 세계 어디에도 없어요. 이런 엄청난 권한을 준 것은 집 없는 서민을 위해 싸고 좋은 집을 지어서 집값을 안정시키라는 취지였어요.”
그는 이 대목에서 비판의 화살을 노무현 전 대통령으로 돌렸다. “노 대통령이 2004년 ‘공기업도 장사다. 장사는 10배를 남길 수도 있다’며 공약이던 공공 아파트 분양 원가 공개를 번복했습니다. 그때부터 LH가 집값 바가지를 씌우고, 3대 특권을 이용해 자기들 배만 불리고 있어요.” 경실련이 “부동산 투기와 집값 폭등의 광풍이 우리 사회의 근저를 뒤흔들고 있다”며 ‘아파트값거품빼기운동본부’를 출범한 것도 노무현 정권 때인 2006년 11월이었다.
-LH 투기는 잘못된 것이지만 3기 신도시를 전면 취소하면 서민의 내 집 마련은 더 어려워지지 않나?
“3기 신도시 지정을 취소한다고 해도 투기꾼들 손해 보는 일밖에 없다. 수도권에 신도시를 새로 안 지어도 집값을 안정시킬 수 있다.” 대규모 신도시 건설로는 집값을 못 잡고, 투기만 성행하는 부작용이 더 크다는 것이다.
-신도시 건설보다 나은 공급 대책이 있나?
“과거 노무현 대통령이 강남 집값을 잡겠다며 2기 신도시인 판교 신도시 건설을 발표했고, 그래도 안 되니까 송파에 위례신도시까지 지었다. 지금 강남 집값이 어떻게 됐느냐. 문 대통령도 서울 아파트값이 오르니까 3기 신도시를 꺼내 들었다. 이명박·박근혜 정부 때는 신도시 하나도 안 만들고도 집값이 오히려 내렸다.”
김 본부장은 느닷없이 스케치북 크기의 사진 한 장을 보여주면서 “이 아파트를 아느냐?”고 물었다. 서울 강남구 자곡동에 있는 ‘LH강남힐스테이트’ 사진이었다.
-이명박 정부가 보금자리주택 사업으로 공급한 아파트 아닌가?
“이런 아파트 지으라고 LH가 존재하는 것이다. 토목·건설에 대해 잘 아는 이명박 대통령은 LH를 시켜서 2011년 서울 강남에서 30평 아파트를 3억원대에 분양했다. 땅은 빼고 아파트 건물만 무주택 실수요자들에게 공급했다. 아파트 건축비가 1평에 550만~600만원쯤 한다. 30평 아파트를 1억8000만원이면 지으니 LH가 3억원에 팔아도 남는 장사다.”
-하지만 이명박 정부 때는 주택 시장이 크게 침체했는데.
“2011년 서울 강남에 반값 아파트가 공급되니 수도권 주택 시장이 난리가 났다. 노무현 정부 때 수도권에 아파트를 분양받은 수십만 명이 손해를 봤다. 경기도 용인에 5억~6억원짜리 아파트를 분양받았는데 입주 때 집값이 3억원도 안 되는 일이 벌어졌다. 대치동 은마아파트의 경우, 2007년 14억원까지 올랐던 것이 2014년엔 8억원으로 내렸다. 이명박 정부는 미분양 아파트를 저렴하게 사들여 신도시 안 짓고도 수도권에 수십만 가구를 공급했다.”
김 본부장은 작년 11월 ‘부동산 대폭로: 누가 집값을 끌어올렸나’라는 책을 펴냈다. 이 책에서 그는 “문재인 정부 시작과 함께 ‘투기의 꽃길’이 열렸다”며 “아파트값이 폭등하고 부동산 투기가 만연하는 상황을 멈춰 세워야 한다는 절박함으로 부동산건설개혁운동본부 본부장을 맡았다”고 썼다.
-책에서 “문재인 정부는 의도적으로 집값 상승을 유도하는 정책을 썼다”고 했다.
“문 대통령은 취임 후 노무현 정부에서 집값 잡기에 실패한 김수현 사회수석에게 부동산 정책을 맡기고, 아무 경험도 없는 김현미 국토부 장관을 임명했다. 김수현·김현미의 첫 작품이 정부가 임대 주택을 많이 공급할 수 없다며 민간 임대 사업자에게 엄청난 세금과 대출 특혜를 준 것이다. 이들이 집을 사들이기 시작하면서 시장에 ‘가짜 수요’가 생겼고, 집값이 엄청나게 뛰었다.”
-정부가 작년 7월 계약갱신청구권, 전·월세 상한제 도입을 담은 주택임대차법 개정으로 전세난까지 심각해졌다.
“어느 동네 전·월세 가격이 얼마인지도 모르면서, 상한제만 도입하면 무슨 소용이 있나. 임대차 3법을 도입하려면 전·월세 신고제부터 도입해야 하는데 순서가 완전히 잘못됐다. (신고제 도입으로) 임대차 시장 현황부터 정확히 파악해야 하는데 아직도 안 됐다. 50만원 월세에 허덕이는 사람도 지원 못 하면서 20억원짜리 전셋집에 사는 사람을 보호하는 꼴이다.”
-’주택 정책만 보면 이명박 60점, 노무현 20점'이라고 했다. 문재인 대통령은 몇 점인가?
“0점, 아니 마이너스 점수를 주고 싶다. 단군 이래 5000년 동안 이렇게 집값이 오르고, 양극화와 빈부 격차가 심화한 때가 없었다. 이번 정부 들어 주변에 집 사서 돈 벌었다는 수백만 명이고, 집을 못 사서 속상한 사람은 그보다 더 많다. 집값 때문에 가정과 직장에서 불화가 생기고, 젊은이들은 상실감에 시달린다. 열심히 일하는 게 아무 의미가 없는 나라가 돼버렸다. 나는 문 대통령과 그 측근들이 우리 사회의 엄청난 부동산 거품을 정권 유지를 위한 정치적 목적으로 이용한다고 생각한다. ‘소득 주도 성장’ 외치면서 부동산 투기로 ‘불로 소득 주도 성장’을 한 가짜 진보 정권이다.”
-이 정부가 남은 1년 동안 부동산 시장 안정 위해 무엇을 할 수 있을까.
“강남구 서울의료원 부지와 구룡마을, 은평구 불광동 혁신파크, 용산구 철도정비창, 노원구 태릉골프장 등 정부가 소유한 땅이 많다. 위례신도시, 마곡·강일·항동지구에도 집 지을 부지가 충분하다. 이 땅을 계속 정부·지자체가 소유하면서 25평은 2억원, 30평은 2억5000만원짜리 아파트를 지어 무주택 실수요자들에게 건물만 분양하는 것이다. 서울 25구에서 매달 500가구, 1000가구씩 이런 아파트가 공급되면 겁나서 10억원, 20억원짜리 기존 아파트 못 산다. 이런 식으로 서울 집값이 먼저 내리면, 수도권도 안정되고, 전셋값도 당연히 내릴 수밖에 없다.”
김 본부장은 “이번 LH 투기 의혹 사건은 국회의원이나 고위 공직자의 부동산 투기나 부정 사건 등 여러 방향으로 확산할 것”이라고 말했다. 그는 “잘만 하면 부동산 투기의 뿌리를 뽑고 부동산에 대해 인식을 고치는 계기를 만들 수 있다”고도 했다. “하지만 정부는 눈앞에 닥친 선거를 유리하게 만들 정치적 계산밖에 없는 것 같아요. 여당이 서울·부산시장 참패하고, 내년 대선도 위험하다고 느낄 정도로 민심이 바뀔 것입니다.”
☞김헌동은 누구
국내 대형 건설사에서 20년을 근무하다가 1995년 삼풍백화점 붕괴 이후 시민운동을 시작했다. 경실련의 ‘아파트값거품빼기운동’을 이끌었고 2019년부터 부동산건설개혁운동본부장을 맡고 있다."
https://www.chosun.com/economy/real_estate/2021/03/05/T5R3K5DZPNCWJHZ5FZPPDTMUD4/,"DL이앤씨와 SK건설이 터키 다르다넬스 해협에서 건설 중인 ‘차나칼레 대교’가 최근 현수교(懸垂橋)의 핵심 공정인 주탑(主塔) 간 연결 케이블 설치에 들어갔다. 이 케이블은 교량의 하중을 지탱하는 뼈대 역할을 하는데, 주탑 간 거리(경간장)가 길어질수록 시공이 어렵다. 차나칼레 대교의 경간장은 2023m. 지금껏 학계에서 ‘기술적 한계’로 통한 2㎞에 도전하는 첫 번째 사례다. 차나칼레 대교가 완성되면 일본 고베의 아카시해협 대교(경간장 1991m)를 뛰어넘는 세계 최장 현수교가 된다.
차나칼레 대교는 기술적으로도 의미가 있지만, 국내 건설사가 ‘투자개발형’이라는 새로운 방식으로 수주한 프로젝트라는 점에서 업계의 주목을 받는다. 발주처가 제시한 설계대로 공사만 하던 기존 사업과 달리 우리 기업들이 기획부터 금융, 시공, 운영 전반을 원스톱으로 맡아 부가가치가 높다. DL이앤씨와 SK건설은 차나칼레 대교 하나의 프로젝트로 16년 동안 수익을 거두게 된다.
국내 건설업계는 지난해 코로나 확산 등의 대외 악재에도 불구하고 양호한 경영 성과를 거뒀다. 지난 몇 년 동안 지속한 주택 경기 호황에 기댄 측면이 크다는 분석이다. 올해 건설업계 최고경영자(CEO)들의 신년사에서는 “미래를 대비해 변하지 않으면 죽는다”는 위기감이 빠지지 않는다. 하지만 이런 상황을 미리 예측하고 준비했던 기업도 많다. 대형 건설사를 중심으로 수년 전부터 사업 포트폴리오 다각화 등 미래의 신성장 동력을 찾는 데 주력했다. 주택이나 단순 시공에 치중했던 사업 구조를 보다 효율적이며, 장기적으로 지속 가능한 방향으로 전환할 수 있는 계기를 마련하는 것이다.
다양한 신사업으로 활로를 모색하는 건설사들에서 눈에 띄는 성과가 나타나고 있다. 글로벌 무대에서 디벨로퍼로 대형 프로젝트를 수행함으로써 생산성을 높이거나 친환경 사업 비중을 늘리는 곳도 있다. 4차 산업혁명 관련 첨단기술이나 모듈러주택 등 최신 트렌드를 선점해 새로운 시장을 만들려는 시도도 계속되고 있다.
터키 차나칼레 대교는 총 길이 3.6㎞에 달하는 세계 최장 현수교인데다 바람·습도 등에 따라 시시각각 시공 여건이 달라지기 때문에 교량 건설 중 가장 기술적 난도가 높은 것으로 평가받는다. DL이앤씨는 지금까지 하루 최대 1300여명의 인력과 레미콘 트럭 9000대 분량의 콘크리트를 투입했다. DL이앤씨 관계자는 “현장 직원들이 하루하루 새로운 역사를 쓴다는 각오로 작업에 임하고 있다”고 전했다.
다양한 분야의 전문 기업을 인수하는 방식으로 신사업을 모색하는 사례도 있다. GS건설은 2012년 스페인 수(水)처리 기업 ‘GS이니마’를 인수하며 국내 기업 중 처음으로 글로벌 수처리 시장에 진출했고, 지난해에는 브라질 1위 기업 ‘BRK 암비엔탈’의 산업용수 부문을 인수했다. GS건설은 인수·합병(M&A)으로 확보한 수처리 기술을 활용해 부산시와 ‘스마트양식 클러스터 조성사업’을 추진 중이다. 지난해에는 폴란드와 영국의 모듈러주택 전문 기업을 인수하며 글로벌 모듈러주택 시장에도 뛰어들었다.
최근 재계에서는 친환경 경영이 화두로 떠오르고 있다. 환경(Environment)·사회(Social)·지배구조(Governance)의 앞글자를 딴 ‘ESG’는 기업을 평가하는 주요 지표로 활용되기 시작했다. 이런 흐름에 발맞춰 친환경 분야에서 신사업을 발굴하는 건설사도 늘어나는 추세다.
SK건설은 폐기물 처리 기업 EMC홀딩스를 올해 인수하며 자원순환 사업에 첫발을 디뎠다. EMC홀딩스를 기반으로 자원 재활용 기술을 적극적으로 개발해 기술력 중심의 친환경 기업으로 탈바꿈한다는 전략이다. 지난해에는 글로벌 연료전지 기업인 미국 블룸에너지와 합작법인을 설립하고 세계 최고 성능의 연료전지 국산화에 성공했다. 현대건설은 서남해 해상풍력 실증단지와 서산 태양광발전소를 시공한 경험을 바탕으로 수소연료발전, 조력발전 등 신재생 에너지 관련 사업을 확대하고 있다.
주택과 업무·상업시설 등을 함께 건설해 부가가치를 높이는 ‘복합개발’도 많은 건설사가 주목하는 신사업 분야다. 롯데건설은 서울주택도시공사(SH)와 ‘마곡 마이스(MICE) 복합단지 특별계획구역’ 개발사업을 위한 협약을 2019년 체결하고 사업을 추진 중이다. 마곡 도시개발구역 8만2000여㎡ 부지에 컨벤션센터와 호텔, 문화·집회시설 등을 짓는 3조3000억원 규모 초대형 프로젝트다. 한화건설은 수원 광교신도시 원천호수 인근에 오피스텔, 백화점, 호텔, 컨벤션센터 등을 짓는 ‘마이스 복합단지’ 프로젝트를 최근 성공적으로 마무리한 경험을 바탕으로 서울역 북부역세권 복합개발과 대전역세권 개발사업도 추진 중이다.
4차 산업 관련 최신 기술을 활용해 사업 경쟁력을 높이는 기업들도 눈에 띈다. 대우건설은 2019년 국내 건설사 중 처음으로 드론관제시스템(DW-CDS)을 도입했다. 건설현장의 영상을 실시간으로 모든 관계자에게 전달해 공정 및 안전관리의 효율성을 높이고 있다. 특히 코로나로 인해 해외 방문이 어려워진 상황에서 해외 현장을 관리하는데도 드론 기술을 활용하고 있다. 호반건설은 신기술을 보유한 벤처·중소기업에 투자하는 방식으로 신사업 기회를 발굴하고 있다. 2019년 투자 플랫폼 ‘플랜에이치’를 만들었으며 지금까지 15개가 넘는 스타트업에 투자했다.
김영덕 한국건설산업연구원 연구본부장은 “안정적인 수익을 낼 수 있는 기존 사업 구조에서 탈피해 신사업을 발굴하는 것은 위험요소도 있지만, 장기적 관점에서는 피할 수 없는 도전이기 때문에 치밀한 준비가 필요하다”며 “정부도 우리 기업이 글로벌 무대에서 경쟁력을 갖출 수 있도록 정책적인 지원을 강화해야 한다”고 말했다."
https://www.chosun.com/economy/real_estate/2023/06/20/JKFUVRER3JDSRAKLJ73BRVTQVY/,"땅집고 홈페이지에서 ‘다주택자 종합부동산세 환급액 계산기’를 클릭하면 다주택자들이 지난해 낸 종부세 중 얼마나 돌려받을 수 있는지 간단하게 확인할 수 있다. 세금·연금 알고리즘 전문 스타트업 ‘아티웰스’가 개발한 서비스다. 본인이 일시적 2주택, 상속주택이나 지방 저가주택 보유 등 특례 대상자에 해당하면 홈택스 본인 인증 단계만 거치면 환급액이 자동 산출된다.
계산 후 실제 종부세를 돌려받기 위해선 종합부동산세 신고서, 주택 수 산정 제외 신청서 등 관련 서류를 국세청에 제출해 경정청구를 신청하거나 소재지 세무서에 문의해야 한다."
https://www.chosun.com/economy/real_estate/2021/05/24/2VICM5QBWFBZRKUPWP7WKQMOAI/,"서민 아파트가 밀집한 서울 도봉구 쌍문4동에는 지하철역이 하나도 없다. 인근 쌍문2동과 방학2동도 사정은 마찬가지다. 이달 서울시가 발표한 ’2020 서울서베이'에 따르면 도봉구에 사는 4명 중 1명은 1시간 이상 걸려 직장에 출근한다. 도봉구 내에 일자리가 적어 다른 지역으로 통근하는 주민이 많은 데다가 대중교통 불편까지 겹친 결과다. 쌍문동에서 강남으로 출퇴근하는 최모씨는 “출근 시간에 버스를 타고 가까운 지하철역까지 가는 데만 20분이 걸린다”며 “이사 오기 전 생각했던 것보다 교통이 더 불편하다”고 말했다.
노원구, 도봉구 등 서울 동북권에서 강남 방향으로 가는 주요 도로인 동부간선도로는 ‘동부 주차장’이라고 불릴 만큼 교통 체증이 심하다. 월계1교 지점은 지난해 하루 평균 차량 11만7986대가 이용, 서울 시내 주요 간선도로 중 통행량이 가장 많다. 정부가 지난해 8·4 공급 대책을 통해 태릉골프장 부지에 아파트를 짓겠다는 계획을 내놓자 지역 주민들이 “지금도 ‘교통지옥’인데 아무런 대책 없이 집만 더 지으면 어떻게 하느냐”고 반발하기도 했다.
◇강남에만 집중된 지하철 인프라
강북과 강남의 대중교통 인프라는 지하철역 수부터 차이가 난다. 강남구가 총 33개로 가장 많은 지하철역을 보유하고 있고, 송파구(29개)가 그다음으로 많다. 지하철역이 여러 개 몰려 있는 동네도 강남에 집중돼 있다. 박홍근 더불어민주당 의원실이 서울시에서 제출받은 자료를 보면 서초구 18개 동(洞) 중 12곳(67%), 강남구 22개 동 중 14곳(64%), 송파구 27개 동 중 9곳(33%)에 지하철역이 3개 이상 있다. 서울 전체에서 전철역 3개 이상인 동이 103개인 점을 고려하면, 지하철 인프라가 좋은 동네 셋 중 하나는 ‘강남 3구’인 셈이다.
전문가들은 구도심이 많은 강북과 달리 강남은 격자형으로 만들어진 계획도시라 도로나 지하철을 갖추기 쉬운 조건이라고 설명한다. 여기에 신도시 등 수도권 주요 택지 개발이 분당·수원·용인 등 남부권 위주로 진행된 점도 강남권 교통 집중을 가속화했다. 2010년 이후 새로 개통된 지하철역을 보면 3호선 수서~오금 구간, 9호선 확장, 신분당선, 수인분당선 확장 등 대부분 강남권을 지나는 교통망이다. 강남은 기존 고속버스터미널에다 2016년 SRT까지 개통하며 지방으로 가는 교통까지도 더 좋아졌다.
◇2007년 나온 경전철 7개, 개통은 ‘제로’
서울시는 2007년 ‘서울시 10개년 도시철도망 구축계획’에서 “균형 발전이 필요하다”며 노원구와 중랑구, 은평구 등을 지나는 7개 경전철 노선을 발표했다. 하지만 14년이 지난 현재 개통한 노선은 단 하나도 없다. 영등포구 샛강역과 관악구 서울대 앞을 잇는 신림선이 내년 개통 예정으로 그나마 진척이 빠른 편이다. 성동구 왕십리역과 노원구 상계역을 잇는 동북선은 중간에 사업이 한 차례 중단된 끝에 작년에야 첫 삽을 떴다. 면목선(청량리~신내), 목동선(신월동~목동) 등은 정부의 예비타당성 조사조차 통과하지 못했고, 우이신설 연장선(우이~방학)도 아직 착공을 못한 상태다. 경제성이 없다는 이유로 민간 사업 추진이 무산됐기 때문이다.
서울시는 이들 노선을 2019년 발표한 ‘2차 계획’에 다시 반영했다. 면목선과 우이신설연장선 등을 재정 사업으로 바꾸고, 청량리~목동을 잇는 강북횡단선을 새로 포함했다. 서울시는 철도 교통 수혜자가 40만명 늘어나고, 통행 소비 시간이 7분 단축될 것으로 예상하고 있다.
이 사업들이 정부 예비타당성 조사를 넘을 수 있을지 미지수다. 수도권 사업의 경우 예비타당성 조사에서 경제성 배점 비중이 높아졌기 때문이다. 조혜림 서울기술연구원 연구위원은 “유동인구가 많은 강남과 달리 강북은 경제성 평가에서 낮은 점수를 받을 가능성이 크다”며 “단순히 경제적 논리로만 접근하면 강북의 열악한 교통망을 개선하기 쉽지 않다”고 했다."
https://www.chosun.com/economy/real_estate/2024/10/28/VAV35QBTYBHKLN4JVAGM67QUYI/,"삼성물산 건설부문(이하 삼성물산)의 홈 플랫폼 ‘홈닉’이 또 한번 혁신적 변화와 함께 새로운 시작에 나섰다. 홈닉은 디지털 스마트홈 서비스와 더불어 입주민의 문화 생활과 건강관리 등 주거의 모든 서비스를 한 앱(APP)으로 이용할 수 있는 플랫폼이다.
삼성물산은 최근 기존 홈닉에서 입주민 선호도가 높은 콘텐츠를 중심으로 기능을 대폭 강화하고 본격 서비스 확장을 위한 ‘홈닉2.0′을 새롭게 선보인다고 밝혔다. 홈닉은 지난해 8월 전용 앱 출시와 동시에 서울 서초구 ‘래미안 원베일리’에 최초 적용됐다. 이후 끊임없는 기술 개발과 기존 주거 단지로 확대 적용해 현재까지 3만3000여 가구에서 활용하는 등 편리하고 풍요로운 주거 생활을 가능하게 한 입주민 필수 서비스로 자리를 잡아가고 있다. 지난 8월에는 ICT(정보통신 기술) 서비스를 대상으로 열리는 시상식 ‘ICT 어워드 코리아 2024′에서 디지털 서비스 혁신 분야 대상을 받기도 했다.
◇생활 밀착형 서비스 대거 보강한 ‘홈닉 2.0′
삼성물산이 최근 공개한 홈닉2.0의 가장 큰 특징으로 아파트 생활에 필수적이면서도 입주민의 주거 가치를 높일 수 있는 생활 밀착형 서비스를 보강한 것이 꼽힌다. 커뮤니티 예약, 방문 차량 등록 같은 기본적 서비스서 벗어나 관리비나 월세 납부 등 결제 기능을 갖춘 고객 중심의 완결형 홈 플랫폼으로 진화하고 있다.
새로 추가된 대표적 콘텐츠는 ‘아파트 케어’ 서비스다. 신규 아파트 단지 입주 때 발생하는 하자나 수리·교체가 필요한 노후 단지 가구에 최적의 AS(애프터서비스)를 제공하는 것이다. 입주자가 홈닉이나 아파트아이 앱을 통해 접수하면 래미안의 전문 엔지니어가 방문해 문제를 해결해 준다. 10월부터 서울 서초구의 일부 아파트 단지에서 시작해 다른 지역으로 확대해 나갈 계획이다.
홈닉 사용자를 위한 특별한 공동 구매 서비스도 선보인다. 입주민과 주변 상권에서 직접 제안하는 방식의 공동 구매를 비롯해 아파트 개별 가구 보수에 필요한 자재나 부품을 적기에 제공하는 고객 맞춤형 서비스이다. 삼성전자·미래에셋 등 30여 제휴사에서 제공하는 특가 제안과 패키지 판매 등의 혜택을 누릴 수 있는 멤버십 서비스 ‘홈니커스 클럽’도 추가됐다.
스마트 홈 기능에는 사용자의 생활 방식을 인식해 집 안 곳곳의 가전과 IoT(사물 인터넷) 기기를 브랜드와 상관없이 홈닉 앱 하나로 자동 제어할 수 있는 매터(Matter) 기술이 더해졌다. 이 밖에도 에너지 절약을 위한 사용량 분석과 누진 구간 알림 제공, 입주자 대표 회의 소통 기능 같은 콘텐츠를 담아 입주민의 만족도를 한층 높일 예정이다.
◇전국 랜드마크 아파트 단지로 서비스 확장
삼성물산은 지난 7월 서울 서초구 반포동 ‘아크로리버파크’ 단지에 홈닉 서비스 계약을 체결하고, 대구 지역의 대표 건설사 중 하나인 HS화성과 파트너십을 맺는 등 전국 각지의 랜드마크 아파트 단지들을 대상으로 서비스 확장에 힘을 쏟고 있다. 국내 대표 아파트 전용 앱인 ‘아파트아이’와도 협업해 더 많은 가구가 홈닉 서비스와 혜택을 누릴 수 있는 기반을 마련했다. 전국 3만여 단지에서 사용 중인 아파트아이는 관리비 조회∙납부, 택배 예약, 커뮤니티 등 입주민에게 다양한 서비스를 제공하는 생활 지원 플랫폼이다.
삼성물산은 새로워진 홈닉2.0의 서비스를 고객이 체험해 볼 수 있도록 서울 송파구 문정동 ‘래미안갤러리’에서 팝업스토어를 운영하기도 했다. 김명석 삼성물산 주택사업본부장은 “입주민의 생활 편의를 최우선으로 업그레이드한 홈닉2.0을 전국 다양한 아파트 단지에 제공할 수 있게 됐다”며 “단지별 특성과 라이프 스타일을 반영한 최적화 서비스로 입주민의 주거 만족도를 극대화할 것”이라고 했다."
https://www.chosun.com/economy/real_estate/2025/02/17/FLLOZ7FBHJAUTASJXVFLHOKQK4/,"[땅집고] “지방에는 1인 기준, 월100만원이면 생활이 가능한 시니어타운도 있어요. 하루 세끼(월 90끼)와 주거, 다양한 프로그램을 누릴 수 있죠. 집에 혼자 살면 식사와 인간관계 형성에 어려움을 겪지만, 시니어타운에서는 얼굴을 자주 보면서 자연스럽게 친구를 사귑니다.”
‘실버타운 올가이드, 100세 시대 최고의 노후 주거지’라는 책을 낸 문성택·유영란 부부는 “보증금이 비싼 일부 실버타운이 유명세를 타면서 실버타운이 부유층 전유물이라는 오해가 생겨 안타깝다”고 했다.
노후 주거 전문 유튜브 ‘공빠TV’를 운영하는 문성택·유영란 부부를 통해 국내에서 가성비 높은 시니어타운 ‘톱(TOP) 5’를 알아봤다.
문성택씨는 땅집고가 개강하는 ‘시니어 주거 및 케어시설 개발과 운영 전문가 과정(4기)’에서 수요자 관점에서 국내 시니어 주거 사례를 비교·분석하는 방법을 소개한다.
[조선닷컴회원서비스] 딱 5명만 선착순! 땅집고 시니어 강의 20% 할인 찬스
■ 의령 일붕실버랜드: 보증금 0원에 가성비·자연이 강점
경남 의령에는 보증금 없이 입주 가능한 시니어타운이 있다. 바로 ‘일붕실버랜드’. 2년치 생활비 2640만원을 내면 2년 동안 거주할 수 있다. 1인 기준으로 월 110만원으로 주택(전용 10평)과 식사를 모두 해결하는 셈이다. 이 곳은 ‘봉황산 동굴법당’으로 유명한 사찰 일붕사가 설립한 전원형 시니어타운인 만큼 자연 환경이 뛰어나다.
문화와 여가 생활도 즐길 수 있다. 2015년 개원한 일붕노인대학을 통해 다양한 문화 강좌를 수강하거나, 인근 의령예술촌과 연계한 문화 활동이 가능하다. 지자체가 주관하는 노인일자리 사업을 통해 기초연금 외에 생활비를 버는 입주민도 있다.
일붕실버랜드는 한적한 곳에서 노후를 보내고 싶은 어르신의 선호도가 높다. 외국에서 살다 은퇴 후 고국을 찾거나, 역이민을 희망하는 이들에게 잘 알려져 있다. 실제 입주한 사례도 있다.
■신앙생활 만족도 높은 종교 재단 시니어타운
이용료가 저렴한 시니어타운을 찾다 보면 종교 재단이 운영하는 곳을 만날 수 있다. 경북 김천의 ‘월명성모의 집’이 대표적이다. 1인 기준으로 보증금은 6000만원, 식비(90끼 기준)를 포함한 월 생활비는 105만원 선이다.
보증금 조절도 가능하다. 보증금 2000만원당 월 생활비를 5만원 추가 납부하면 된다. ‘월명성모의집’은 이름에서 알 수 있듯이 천주교 재단이 운영한다. 신부님이 매일 미사를 집전한다. 입주민 10명 중 9명이 천주교 신자로 알려져 있다.
경기 안성에는 천주교 수원교구 인준 시설 ‘미리내실버타운’이 있다. 1층 성당에서 매일 미사가 열리고, 봄·가을 성지순례 등 신앙관련 프로그램을 운영해 신앙생활을 하기에 좋다. 대건효도병원과 한 건물을 쓰고 있어 병원 접근성도 매우 높다.
이 곳 역시 이용료가 저렴한 편이다. 1인 기준으로 21평형의 경우 보증금 1억원, 90끼 포함한 생활비 149만원이다. 부부형(42평)은 보증금 2억원에 180끼 기준 생활비 298만원이다.
충남 공주에는 개신교가 운영하는 시니어타운 ‘공주 원로원’이 있다. 1인가구 기준 보증금 9000만 원(15평)에 90끼 생활비가 100만원이다. 부부 가구는 1억3000만원(23평형)에 180끼 기준으로 생활비가 200만원이다.
한국장로교 복지재단이 1996년 은퇴목회자를 위해 설립했다. 실버타운 옆에 요양원과 주간보호센터도 있다. 개신교 신자가 80% 정도이지만 일반인도 입주해 있다. 예배실에서는 새벽기도회와 주일예배, 수요예배, 금요기도회가 열린다. 성가대 등 신앙커뮤니티도 있다.
[조선닷컴회원서비스] 딱 5명만 선착순! 땅집고 시니어 강의 20% 할인 찬스
공주시의 도심근교형 실버타운이지만, 자연을 만끽할 수 있다. 주변이 나무와 꽃으로 둘러싸였다. 동물 농장과 텃밭, ‘샤론의 꽃집’이라는 작은 식물원도 있다.
■온천·골프장·병원 갖춘 은퇴자마을 실버타운
전북 고창의 ‘서울시니어스 고창타워’는 리조트형 시니어타운이다. 고창시가 조성한 은퇴자 마을 웰파크시티 내에 있다. 웰파크시티는 호텔과 스파(SPA), 리조트, 온천휴양병원, 노인복지주택 단지, 골프장, 문화체육센터, 복합 상가 등이 들어선 주거·휴양·관광 복합 공간이다.
이 곳은 전국에서 6개 시니어타운을 운영하는 서울시니어스가 운영한다. 아파트처럼 지어진 6개 타입의 주택이 있다. 전용면적 32㎡(F타입·1인 기준)은 1억원 보증금에 30끼 기준으로 생활비가 43만원이다. 전용면적 64㎡(C타입·1인 기준)은 보증금 2억4970만원에 30끼 기준, 59만6440원의 생활비가 든다. 식사를 직접 만들면 생활비가 더욱 줄어든다.
가장 큰 장점은 인근에 병원과 온천, 골프장 등 편의시설이 많은 것이다. 차로 30분 거리에 KTX가 지나는 정읍역이 있다. 정읍역에서 2시간 이동하면 서울 용산역에 도착한다. /westseoul@chosun.com"
https://www.chosun.com/economy/real_estate/2023/07/17/WOQGQXSENVHGJG3TE55SMAYAWY/,"LH, 신설1구역 시공사에 두산건설 선정
한국토지주택공사(LH)는 서울시 동대문구 신설1구역 시공사로 두산건설이 선정됐다고 16일 밝혔다. 2020년 8월 도입된 공공 재개발 사업 중 첫 시공사 선정 사례다. 총공사비는 978억원이며, 2025년 착공해 2028년 입주를 시작할 계획이다. 최고 24층 아파트 299가구가 공급된다.
통신3사·행정안전부, ‘인파 예측 시스템’ 구축
SK텔레콤·KT·LG유플러스 등 통신 3사는 행정안전부와 함께 기지국 접속 정보를 기반으로 한 ‘인파 예측 시스템’을 구축한다고 16일 밝혔다. 통신 3사가 기지국에 접속한 스마트폰 수량 등 정보를 제공하면 행안부는 이를 활용해 인파 밀집 추이를 분석·예측한다."
https://www.chosun.com/economy/real_estate/2022/12/26/XTOZ2PMH5ZFIDMHTHICNLC4S6I/,"올해 아파트 리뷰에서 가장 많이 언급량이 늘어난 키워드는 ‘벽간소음’인 것으로 조사됐다.
26일 부동산 플랫폼 직방에 따르면, 올해 직방과 호갱노노에 등록된 아파트 리뷰에서 벽간소음이 언급된 비율은 예년(2018~2021년)보다 3.76배 늘어났다. 벽간소음은 층간소음과 달리 공동주택 같은 층에 위치한 옆 세대에서 발생하는 소음을 뜻한다. 올해 4분기 기준 절대적인 언급률은 0.48% 수준으로, 층간소음(8.7%)에 비하면 낮지만 상승세는 가팔랐다. 벽간소음과 같이 언급되는 키워드 1위는 층간소음으로, 아파트 정주여건을 평가하며 층간소음을 지적할 때 벽간소음에 대해서도 같이 언급하는 경우가 다수였다.
다음으로 언급률이 많이 상승한 키워드는 ‘안전진단’과 ‘분양가’로 예년보다 각각 2.82배 늘었다. 안전진단은 대선이 있었던 올 1분기에 높은 언급률을 기록했다. 윤석열 대통령이 대선 후보 당시 언급한 30년 이상 노후 아파트에 대한 정밀안전진단 면제 정책이나, 대선 직후 발표한 재건축 안전진단 완화 정책 등의 영향으로 해석된다. 실제 안전진단과 같이 언급된 키워드도 재건축이 가장 높은 비율을 차지했다. 실제 리뷰들을 보면 새 정부의 안전진단 완화·면제와 관련해 재건축 가능성에 대한 기대감을 언급하는 글이 다수였다.
지난해까지 1~2% 내외의 언급률을 기록했던 분양가도 올 들어 언급률이 꾸준히 상승하면서 4분기 언급률이 5.5%까지 올랐다. 아파트 시장이 가격 하락기에 접어들면서 앱 이용자들이 청약예정 단지의 분양가에 보다 민감하게 반응하고 있기 때문으로 분석된다. 직방 관계자는 “2022년 아파트 시장의 주요 키워드들은 양호한 주거환경에 대한 관심, 그리고 한 해 동안의 재건축·청약시장의 이슈를 보여주고 있다”고 설명했다."
https://www.chosun.com/economy/real_estate/2022/07/19/3RVZL7NXBZCILJA5RDIFSPRLZY/,"“우리나라와 달리 미국 정부는 집값을 잡기 위한 규제 정책을 펴지 않죠. 부동산이 경제 논리에 맞춰 정상적으로 움직이기 때문에 유망 지역과 상품만 잘 고른다면 투자에 성공할 수 있습니다. 그야말로 ‘아는 만큼 보이는’ 시장인 셈이죠.”
미국 캘리포니아주 얼바인에 본사를 둔 부동산 전문기업 네오집스(Neozips) 어태수<사진> 대표는 “국내 아파트를 사들이던 투자자들이 최근 미국 부동산에 큰 관심을 보이고 있다”고 했다. 각종 대출 규제와 세금 인상 등으로 국내 부동산 투자가 힘들어진 반면 미국은 규제가 거의 없기 때문이다.
메리츠화재를 거쳐 2015년 미국으로 건너가 부동산 컨설팅에 종사한 어 대표가 성사시킨 부동산 거래액만 10억달러(약 1조3130억원)가 넘는다. 지난해 네오집스를 창업했고 주거·상업용 부동산 데이터 1억5500만건을 분석해서 얻은 빅데이터 296억건을 활용해 고객에게 맞춤형 부동산 서비스를 제공하고 있다.
어 대표는 기본적으로 미국은 주택 공급이 너무 부족하다고 했다. 그는 “2007년 서브프라임 모기지 사태 때 건설사들이 주택 공급을 포기했던 것이 아직도 영향을 미치고 있다”면서 “2030년까지 캘리포니아에서만 주택 200만가구가 부족한 실정”이라고 했다.
미국 정부가 부동산 규제 정책을 펴지 않는 것도 투자자에게는 유리하다. 어 대표는 “우리나라처럼 집값을 잡겠다고 대출을 옥죄거나 금리를 올리지 않는다”면서 “부동산 가격이 급등락하지 않고 경제 상황에 따라 완만하게 움직이기 때문에 우량 상품을 잘 고르면 충분히 투자에 성공할 수 있다”고 했다.
어떤 지역을 눈여겨봐야 할까. 어 대표는 “한국 강남처럼 전통적인 핵심 지역이 인기가 높다”면서 “다만 투자 목적과 그에 따른 지역 선택이 분명해야 한다”고 했다. 서부에선 실리콘밸리 등 대형 일자리가 있는 로스앤젤레스, 학군이 좋은 얼바인, 날씨가 좋은 샌디에이고 등이 유망지로 꼽힌다. 동부에서는 아이비리그 학군이 있는 뉴욕 맨해튼과 보스턴이 인기다. 과거에 집값이 낮았던 중부 텍사스 오스틴과 댈러스는 테슬라와 삼성전자 등이 진출 의사를 밝히면서 신흥 투자지역으로 주목받고 있다.
어 대표는 주거용 부동산은 70만~150만달러(9억~12억원) 주택이 인기가 높다고 했다. LA나 얼바인 기준으로 40~60평 규모 단독주택이다. 유학생 자녀 실거주용으로 쓰다가 자녀가 졸업해 귀국하면 현지인에게 임대놓으면 월세로 3500~5000달러 정도 받을 수 있다.
상업용 부동산은 200만~500만달러(25억~65억원)짜리 건물에 투자하면 좋다. 어 대표는 “통상 1층에 스타벅스 드라이브 스루 매장이나 유명 약국 체인점인 CVS·월그린 등 우량 임차인이 입점해 있으면 연 수익률 4~5% 정도 나온다”고 했다. 다만 상업용 부동산은 우리나라와 달리 건물을 되팔아 차익을 올리겠다고 생각하면 안된다. 미국에선 우량 임차인이 20~30년간 장기간 계약하는 경우가 많아 쉽게 임대료를 올리거나 명도할 수 없기 때문이다.
미국에선 재산세에 따라 임대 수익률이 크게 달라질 수도 있다는 점도 감안해야 한다. 부동산 취·등록세는 없지만, 재산세 세율이 지역에 따라 최대 2% 중반에 달할 정도로 높아서다.
어 대표는 미국 부동산에 투자할 때 지나치게 수익률만 따져서는 곤란하다고 했다. 투자자가 이민을 가지 않는 이상 직접 관리할 수 없고, 각종 리스크에 즉각 대응하기 힘들어 ‘안전한 투자’가 최우선이라는 것. 어 대표는 “미국 부동산 전문 기업의 조언을 바탕으로 투자대상 부동산이 해당 지역에서 정말 우량 물건인지 다방면으로 파악하는 것이 가장 중요하다”고 했다."
https://www.chosun.com/economy/real_estate/2022/04/13/ZZNUQZZ6EJHOHKNWWRQS62EMBY/,"대선 이후 서울 강남권 일부 재건축 아파트에서 직전보다 수억원씩 오른 거래가 나오고 있다. 강남권 주요 재건축 아파트 단지에선 향후 집값 상승을 기대하며 매물을 거둬들인 탓에 한 달 사이 매물이 30% 급감한 곳이 여럿이다.
12일 국토교통부 실거래가공개시스템에 따르면, 서울 강남구 압구정동 ‘신현대11차’ 전용면적 183㎡는 지난달 17일 59억5000만원에 거래됐다. 2020년 12월 기록한 직전 최고가(52억원)보다 8억원 가까이 올랐다. 강남구 대치동의 재건축 추진 단지인 ‘개포우성1차’ 전용 158㎡도 지난달 19일 사상 최고가인 51억원에 거래됐다.
원희룡 국토교통부 장관 후보자는 이런 상황을 감안한 듯, 지난 11일 “규제 완화가 투기 이익으로 연결되는 일은 없을 것”이라고 말했다. 윤석열 정부의 재건축 규제 완화는 예상보다 신중하게 추진될 것이라는 관측이 힘을 얻고 있다.
부동산 전문가들은 “강남 재건축이 꿈틀대면 부동산 시장 분위기가 순식간에 바뀔 수 있다는 사실을 차기 정부도 잘 알고 있기 때문에 작은 변화에도 민감하게 대응하는 것”이라고 해석한다. 실제로 과거에도 집값이 급등할 때면 어김없이 강남 재건축 단지가 가장 먼저 움직였다. 하지만 시장 일각에서는 “당장 집값이 급등하는 것도 아닌데, 규제 완화를 시작도 하기 전에 과열부터 걱정하고 움츠리는 건 너무 소극적”이라는 불만도 나온다.
대선 이후 서울과 수도권 전체 아파트값은 약보합세를 유지하고 있고, 거래도 여전히 위축된 상태다. 한국부동산원이 집계한 지난주 서울 아파트값은 보합(0%)으로 11주 만에 하락세를 멈췄지만, 주택시장이 상승세를 탔다고 보기는 어렵다.
하지만 서울 강남권 재건축 단지에선 간혹 거래되는 매물마다 신고가(新高價) 기록을 세우는 현실이다. 강남구와 서초구는 대통령실 이전 호재가 있는 용산구와 함께 서울 25구(區) 중 가장 먼저 아파트값이 상승 반전했다. 민간 기관인 부동산R114 조사에선 대선 이후 한 달 동안 강남구 아파트값은 0.11%, 서초구는 0.09% 올랐다.
강남권 주요 재건축 단지에선 팔려고 내놨던 매물이 급속도로 줄고 있다. 송파구 신천동 ‘진주아파트’는 12일 기준 매물이 21건으로 한 달 전(48건)에 비해 절반 이하로 줄었다. 압구정 한양4차(-35.5%), 송파구 잠실주공5단지(-33.6%) 등도 대선 이후 매물이 급감했다. 강남구 대치동의 한 공인중개사는 “아파트 소유주들 사이에서 ‘새 정부가 출범하면 집값이 더 오를 것’이라는 기대감이 확산하면서 매물을 거둬들이거나 호가를 올리는 분위기”라고 말했다.
원 장관 후보자가 규제 완화에 신중한 입장을 보인 배경엔 최근 강남권 재건축 시장 동향이 적지 않은 영향을 미쳤다는 분석이 지배적이다. 이 때문에 새 정부 출범 초기 부동산 정책은 규제 완화보다 주택 공급에 힘이 실릴 전망이다. 대규모 공급 계획의 구체적인 청사진을 먼저 공개해 수요자들의 불안 심리를 누그러뜨리고서 점진적으로 규제를 완화하는 방안이 유력하게 거론된다.
윤석열 당선인이 공약한 전국 250만 가구 중 재건축·재개발(47만 가구)을 제외한 공공택지, 국공유지 개발은 국토부가 이미 사업 후보지를 대부분 파악해둔 상태라 정책 결정권자의 의지만 있으면 바로 추진 가능하다. 원 후보자도 전날 “실제 수요에 맞는 현실적인 공급 대책을 가급적 이른 시일 안에 내놓을 것”이라고 말했다.
고종완 한국자산관리연구원장은 “원 후보자가 취임도 하기 전부터 규제 완화 속도 조절을 언급한 것은 재건축에서 촉발된 가격 상승이 시장 전반으로 확산하는 것을 막으려는 의도로 보인다”며 “부동산 정책의 목적이 장기적인 시장 안정인 만큼, 투기 억제와 충분한 주택 공급 사이에서 적절한 균형점을 찾아야 할 것”이라고 말했다."
https://www.chosun.com/economy/real_estate/2023/05/11/2BTPAS5CQZCCRE42EVBPDCKIRM/,"50년 역사의 서울 광화문 ‘뉴국제호텔’이 지난 2일 부동산 자산운용사 GRE파트너스에 635억원에 팔렸다. GRE파트너스는 뉴국제호텔을 리모델링해 오피스와 상업 시설로 개발할 계획이다. 부동산 업계 관계자는 “코로나를 거치면서 도심 중소형 호텔이 큰 타격을 입었다”며 “사무용 빌딩으로 활용하는 것이 안정적인 수익을 확보하는 데 유리하다고 판단한 것”이라고 말했다.
최근 호텔과 오피스텔 가운데 오피스 빌딩으로 용도 변경을 추진하는 곳들이 늘고 있다. 서울 오피스 빌딩은 최근 공실률이 하락하고, 임대료가 매 분기 역대 최고치를 경신하는 등 호황을 보이고 있다. 반면 호텔은 2010년대 중반 이후 너무 많이 지어져 공급 과잉 상태에서 코로나의 직격탄을 맞아 수익성이 급격히 악화했다. 오피스텔도 부동산 시장 침체 속에 그나마 있는 수요가 아파트로 몰리며 미분양에 시달리고 있다. 글로벌 부동산 컨설팅업체 컬리어스 장현주 이사는 “오피스 시장은 신규 공급 물량이 적어 당분간 호황이 지속될 가능성이 높다”고 말했다.
◇호텔·오피스텔 ‘오피스’로 탈바꿈
하나대체운용은 서울 명동에 위치한 ‘티마크그랜드호텔 명동’을 오피스로 용도 변경해 자체 개발을 추진하고 있다. 이 호텔은 과거 대한전선의 사옥인 인송빌딩으로 건립됐으나, 2009년 호텔로 탈바꿈했다가 다시 오피스로 돌아가게 됐다. 이지스자산운용은 과거 충무로 타워였던 ‘티마크호텔 명동’을 다시 오피스로 개발하고 있다. 객실 257개 규모의 5성급 호텔이었던 서울 구로구 ‘신도림 쉐라톤 디큐브시티 호텔’은 작년 7월 서울 서부권 최대 오피스 빌딩으로 탈바꿈했다. 이 호텔은 코로나 팬데믹(대유행) 여파로 여행객이 급감하면서 2021년 10월 폐업했지만, 오피스로 바뀐 뒤에는 대부분의 사무실이 임차인을 찾았다. 2021년 이지스자산운용에 매각된 밀레니엄 힐튼 서울 호텔도 오피스 중심의 복합시설로 개발될 예정이다.
오피스텔 개발을 준비하던 시행사들도 사업 방향을 오피스로 틀고 있다. 부동산 개발업체 넥스트프로퍼티스는 2021년부터 해 오던 최고급 오피스텔 서울 중구 ‘버밀리언 남산’의 분양을 중단하고, 해당 부지에 오피스 빌딩을 짓기로 했다. 이미 오피스텔을 분양받은 사람들에게는 작년 10월 분양 대금을 돌려줬고, 설계 변경과 인허가도 마무리돼 조만간 오피스 빌딩 착공에 들어갈 계획이다. 아스터개발은 최고급 오피스텔 개발을 목적으로 2021년 매입했던 역삼동 부지에 오피스텔 대신 오피스 빌딩을 세우기로 했다. 최근 강남구청으로부터 설계 변경을 승인받고, 연면적 3만986㎡ 규모의 오피스를 개발할 계획이다.
◇“수급 불균형에 오피스 시장 강세 지속”
호텔·오피스텔의 용도를 오피스로 바꾸는 움직임은 서울 시내에 오피스 공급이 줄어들면서 공실률이 크게 낮아지고, 임대료는 급등하며 투자 가치가 높아졌기 때문이다. 글로벌 부동산 서비스 업체 존스랑라살(JLL)에 따르면, 서울 주요 권역 A급(연면적 3만3000㎡ 이상) 오피스 공실률은 작년 1분기 5.5%에서 올해 1분기 1.1%로 낮아졌다. 반면 월평균 임대료는 3.3㎡당 12만5300원으로, 전년 동기(10만2600원)보다 22.1% 올랐다.
경기 침체 우려 속에서도 오피스 시장이 강세를 나타내는 원인은 고질적인 수급 불균형에 있다. 글로벌 부동산 컨설팅업체 쿠시먼앤드웨이크필드(C&W)에 따르면, 2011년 65만5026㎡에 달했던 서울 주요 권역 A급 오피스 신규 공급량은 2015~2019년 5년간 연평균 19만4141㎡로 70% 줄었다. 최용준 C&W 상무는 “글로벌 금융 위기 이후 오피스 공실률이 높아지면서 어려움을 경험했던 투자자들이 물류센터 등 다른 상업용 부동산으로 눈을 돌리면서 ‘공급 절벽’이 발생했다”며 “코로나 팬데믹 때 호황을 누렸던 IT 업체를 중심으로 새로운 임차 수요가 늘면서 서울 주요 권역 오피스가 포화 상태가 됐다”고 했다.
내년부터 2026년까지 예정된 신규 개발 물량도 연평균 11만9854㎡에 불과해 당분간 오피스 시장 강세는 지속될 것으로 전망된다. 최 상무는 “향후 공급량도 턱없이 부족한 수준이라, 공실률은 낮은 수준에서 계속 유지될 것”이라고 했다."
https://www.chosun.com/economy/real_estate/2024/08/28/TKVJFNY4UVGTHF6IUSHDMBZXPM/,"지난 6월 코람코자산운용은 식자재 전문 물류업체 푸드누리로부터 경기 이천 물류센터를 908억원에 사들였다. 연면적 약 1만3000평(4만3209㎡) 규모인 이 물류센터는 지난해 공매에 나왔지만, 6차례 유찰된 끝에 감정가(1400억원) 대비 35% 싼 가격에 새 주인을 찾았다. 앞서 지난 4월에는 연면적이 약 9만평(29만9252㎡)에 달하는 인천 석남동 혁신물류센터가 이지스자산운용에 5850억원에 팔렸다. 이 물류센터를 소유하고 있던 글로벌 사모펀드 KKR(콜버그크래비스로버츠)은 2022년 4월부터 매각을 시도해왔지만, 그동안 부동산 경기 침체와 물류센터 공급 과잉이 겹쳐 거래를 성사시키지 못하다 2년 만에 매각에 성공할 수 있었다.
코로나가 끝난 뒤 공급 과잉에 시달리며 얼어붙었던 국내 물류센터 거래 시장이 활기를 되찾고 있다. 2022년 하반기부터 팬데믹 완화와 경기 침체 우려로 전자상거래 수요가 정체되자 물류센터 시장은 공실이 늘고 임대료가 내리면서 거래가 급감했다. 그러나 작년 말 물류센터 공급이 정점을 찍은 뒤 PF(프로젝트파이낸싱) 부실 자산 정리와 공사비 급등 여파로 올해부터는 공급이 줄고, 알리익스프레스나 테무 등 중국 이커머스 업체들의 진출로 대형 물류센터 중심으로 수요 확대의 기대감이 높아지면서 투자가 활발해지고 있다.
◇2분기 물류센터 거래 2배 증가
27일 상업용 부동산 서비스 회사 젠스타메이트에 따르면, 올해 2분기 전국 물류센터 거래액은 1조8549억원으로 전 분기(8969억원)의 배(倍) 수준으로 늘었다. 2분기 기준으로는 2018년 이후 역대 가장 많은 거래액이다. 한 물류센터 컨설팅사 관계자는 “물류센터 수급 불균형이 완화하는 가운데 PF 상환 실패나 경영난으로 헐값에 나온 양질의 물류센터를 선점하려는 수요가 많아 거래 규모가 늘었다”고 했다.
국내 물류센터 시장은 코로나 기간에 쿠팡과 컬리 같은 이커머스가 급성장하면서 공급이 폭발적으로 늘었다. 특히 신선식품 배송 경쟁이 붙으면서 저온 물류센터를 중심으로 단기간에 투자가 집중됐다. 그러나 2022년 하반기부터 물류센터 붐을 이끌었던 전자상거래 수요가 팬데믹 완화와 경기 침체 우려로 꺾인 상황에서, 코로나 전 착공에 들어간 물류 센터는 계속 지어지면서 공급 과잉이 발생했다. 2018~2021년 연평균 70만평(약 231만㎡)이 공급된 수도권 물류센터는 2022년에는 125만평(약 413만㎡), 지난해에는 184만2000평(약 609만㎡)이 공급됐다. 고금리로 부동산 시장이 침체한 가운데 공급 과잉으로 공실률이 20%대로 치솟고 임대료가 급락하자 물류센터 투자 수요도 얼어붙었다.
그러나 작년 4분기를 정점으로 올해부터 물류센터 공급량이 급감하고, 대출금리도 안정되면서 다시 투자 수요가 살아나기 시작했다. 삼성증권에 따르면, 올해 수도권 물류센터 공급 규모는 123만2000평(약 407만㎡)으로 작년보다 33% 줄어들 것으로 추산되고, 내년에는 2018년 이후 최저치인 50만평(약 165만㎡)에 그칠 전망이다. 국내 중소 시행사들이 개발을 추진하던 물류센터가 공사비 급등과 수요 부진에 착공도 못 한 채 사업이 중단되고, PF 조달에 어려움을 겪으면서 공매로 넘어가는 사례가 급증한 탓이다. 글로벌 부동산 서비스 기업 세빌스코리아에 따르면, 인허가 후 착공에 성공한 물류센터 비율은 2021년 74%에서 2022년 27%로 떨어지더니 작년에는 4%에 그쳤다.
◇알리, 테무의 진출 확대에다 쿠팡까지 투자 가세
특히 올 들어 알리, 테무 등의 중국 이커머스가 본격적으로 한국 시장에 진출해 이커머스 업체 간 경쟁이 치열해지면서 물류센터 수요 확대에 대한 기대감이 높아지고 있다. 알리익스프레스의 모회사 알리바바는 물류센터 투자를 포함해 향후 3년간 한국에 1조5000억원을 투자하겠다고 밝혔고, 쿠팡도 이에 맞서 신규 물류센터 확장에 나섰다.
국내외 투자자들은 향후 사업성이 살아날 때를 대비해 NPL(부실채권) 펀드를 조성해 헐값에 물류센터를 사들이고 있다. 한국투자증권은 지난 4월 미국 대체투자사 안젤로고든과 4000억원 규모의 물류센터 NPL 펀드를 조성했고, 메리츠증권도 지난 5월부터 3000억원 규모의 펀드를 꾸리고 있다. NH투자증권, KB증권, 인베스코 등도 펀드 조성을 시작했거나 준비 중이다."
https://www.chosun.com/economy/real_estate/2022/04/22/ZSLJJ5JZMNHV5NWGSQBKP3ECKI/,"서울 강남구 대치동에 들어서는 하이엔드 주거시설 ‘아티드(ATID)’가 22일 견본주택을 열고 본격적인 분양에 돌입했다.
아티드는 2개 동(棟)에 전용면적 55㎡ 오피스텔 44실과 전용 38㎡ 도시형 생활주택 56가구로 구성된다. 강남 중심부에 들어서는 입지 덕분에 테헤란로를 비롯해 코엑스, 롯데월드타워 등에 쉽게 접근할 수 있다. 삼성동 일대 대형 개발사업의 수혜도 기대된다.
오피스텔은 전실 복층형 설계가 적용된다. 천장 높이가 3.7m로 개방감이 뛰어나다. 도시형 생활주택은 2룸 선택형 구조를 도입했다.
견본주택인 ‘아티드 갤러리’는 강남구 압구정로 455에 있다. 오피스텔과 도시형 생활주택 유닛을 모두 확인할 수 있다."
https://www.chosun.com/economy/real_estate/2021/05/12/VDAERZ4SYFDS3MZT6AOOL2KGMM/,"제주 애월읍의 단독 별장형 타운하우스 ‘안달루시아골프&타운하우스’가 1차 분양을 마감하고 2차 분양에 들어갔다. 분양 금액과 혜택이 1차 때와 변경됐다.
안달루시아를 분양받으면 제주 동·서부권 명문 골프장 12곳을 무기명 4인 회원가로 이용할 수 있다. 월 4회 예약을 보장하고, 안달루시아 회원 전용 예약실을 운영할 예정이다. 제주도를 방문하는 골퍼들의 편의를 위해 하이캐디 골프백 택배 서비스와 이용료 10% 할인 혜택도 제공한다.
안달루시아는 2500만원을 보증금으로 내고 10년 후 반환받거나 계약 기간을 연장할 수 있다. 회원이 되면 연간 4일을 무료로 묵을 수 있으며, 20일은 이용 관리비만 내고 이용할 수 있다.
안달루시아는 대지 450㎡, 주택 129㎡(약 40평) 규모로 16가구가 조성된다. 야자수와 돌담, 스페인풍 기와가 어우러져 이국적인 느낌을 준다. 가구마다 돌담으로 독립된 공간과 정원이 조성된다. 근처에 대형마트와 은행, 병원 등 편의 시설이 있으며, 여행 명소인 고내포구와 애월 근린공원이 자동차로 10분 이내 거리에 있다. 애월 해안도로가 가까워 국제 영어 교육 도시와 신화 역사 공원, 제주 국제공항 등으로 이동하기도 편하다."
https://www.chosun.com/economy/real_estate/2021/12/19/ADCLKLK3IRDLNDPW7ST5Q33WNQ/,"한국토지주택공사(LH)가 내년 정부 사전청약 주택 물량을 계획보다 더 늘리고, 1분기 이후 공급 예정인 공공분양 아파트와 건설 임대주택도 1분기에 앞당겨 공급하기로 했다.
LH는 지난 15일 김현준 사장 주재로 ‘주택공급대책 종합 점검회의’를 열고 주택시장 안정을 위해 내년에 진행하기로 한 주택공급 사업을 조기 착수하기로 결정했다. 공공분양 주택의 경우, 내년 정부 사전청약 목표인 3만 가구보다 더 많은 물량을 추가 공급할 계획이다. 수도권 내 양호한 입지에 건설 중인 임대주택 공급시기도 애초 계획보다 앞당기기로 했다.
내년 1분기 이후 공급하려던 공공분양 및 건설임대 물량 중 9000가구를 1분기 중 공급하고, 추가로 매입임대와 전세임대 입주자 모집도 조속히 시행할 계획이다. 이날 회의에선 또 전세시장 안정을 위해 올해 매입약정 방식으로 확보한 신축 매입임대와 공공전세주택을 본격적으로 공급하기로 했다. 이와 별도로 내년 하반기 매입 계획이던 주택 중 약 3000가구를 1분기에 앞당겨 사들이고, 입주자도 조기 모집하기로 했다. 김현준 LH 사장은 “최근 주택시장 안정화 흐름이 끊기지 않도록 모든 가용 수단을 동원해 주택공급을 확대하겠다”고 말했다."
https://www.chosun.com/economy/real_estate/2023/06/03/2CA4GGA2JFCT3NGRTKJPL3IZCM/,"“나한테 맞는 실버타운을 들어가려면 본인의 경제력, 자산,건강 상태 등을 파악해 본인을 알아야 한다” (유튜브 공빠TV 문성택·유영란 부부)
유튜브에서 약 14만명의 구독자를 보유한 실버타운 채널 ‘공빠TV-공부하는 엄마 아빠’ 운영자인 문성택, 유영란 부부가 유튜브 땅집고TV에 출연해 실버타운 예찬론을 펼쳤다. 최근 이들 부부는 그동안 발품을 팔면서 얻은 정보와 탐방기를 모아 <실버타운 올가이드>를 출간했다.
실버타운이 좋은 이유에 대해 문씨는 “나이가 들어서 혼자가 된 경우에는 식사를 스스로 해결하기가 쉽지 않다”며 “실버타운의 경우 양질의 식사가 제공된다”고 했다. 유씨는 “실버타운에는 동호회 활동, 여행 등의 다양한 프로그램이 있고, 수영장과 헬스장 등 시니어 전용 시설이 한곳에 모여있어 편리하다”고 말했다.
두 사람은 실버타운이 똑같은 서비스를 제공하는 것은 아니어서 ‘신중한 선택’이 필요하다고 강조했다. 유씨는 “본인이 전원 속에서 살 것인지, 교통 좋은 곳에서 살 것인지 등 다양한 상황에 따라 적절한 곳을 찾아야 한다”고 강조했다. 문씨는 “건강 상태도 중요하다며 본인이 지병이 있다거나 가족력이 있으면 병원이 가까워야 하는데 대부분의 실버타운은 병원이 안에 있거나 가까이에 있다”고 말했다."
https://www.chosun.com/economy/real_estate/2023/02/22/23KR4ZRFUNESHO736YCPIR6LGI/,"국토교통부와 경찰 등 관계 당국이 건설 현장의 불법 행위를 집중 점검한 결과, 월례비와 노조원 채용 강요 등 건설노조의 불법 행위는 광범위하고 집요하게 이뤄지고 있는 것으로 드러났다. 한 타워크레인 기사는 임금 이외 웃돈인 ‘월례비’를 약 1년 동안 2억2000만원이나 받아 챙긴 것으로 확인됐다. 이를 포함해 438명이 챙긴 월례비는 총 243억원으로, 이 중 상위 20%는 1인당 최소 9500만원 넘는 돈을 챙겼다. 경찰은 작년 12월부터 특별 단속을 통해 총 400건(1648명)의 불법 행위를 적발했고 이 중 20명을 구속했다.
정부는 이 같은 불법 행위를 근절하기 위해 채용 강요와 월례비 수취에 대해선 현행 형법상의 강요·협박·공갈죄를 적용해 처벌하기로 했다. 향후 관련 법을 개정해 불법 행위를 저지른 타워크레인 기사의 면허를 취소하고, 대형 건설사에는 불법 행위 신고를 의무화하는 방안도 추진하기로 했다. 국토부 관계자는 “건설 현장에서 관습이 돼버린 월례비와 채용 강요, 금품 요구, 태업 등을 뿌리 뽑는 게 목표”라고 말했다.
◇광범위한 노조 불법 행위
정부 실태 조사에 따르면 작년 3월 대구 중구 한 아파트 건설 현장 소장은 노조에 단체협약비 조로 9000만원을 냈다. 돈을 주지 않으면 공사 차량 출입을 막겠다는 협박을 받았기 때문이다. 호남 지역의 한 전문 건설업체는 공사 현장의 민주노총 소속 타워크레인 기사들에게 월례비라는 명목으로 매달 1인당 400만~450만원의 웃돈을 지급했다.
노조원 채용 강요도 일상적으로 벌어지고 있다. 한 하도급업체 관계자는 “공정별로 특정 조합의 고용 비율을 일방적으로 들이밀고, 따르지 않으면 해코지를 한다”며 “벽돌 한 장 날라본 적 없는 사람이 작업팀장으로 내려와도 어쩔 수 없다”고 말했다. 한 민간 건설협회 관계자는 “조합원 고용 비율을 못 맞추면, 공사장 입구 앞에서 차량 10여 대를 번갈아 천천히 움직이며 막다시피 하는 경우도 있었다”며 “결국 레미콘 트럭들이 진입을 못 해 돌아갔다”고 말했다.
이미 노조가 현장을 완전히 장악해 버린 탓에 기업들은 공기를 맞추기 위해 울며 겨자 먹기로 노조의 부당한 요구를 들어주고, 노조의 세력은 더욱 불어나는 악순환이 반복된다. 건설업계 관계자는 “노조 눈치 보느라 대다수 기업은 대응할 엄두도 못 낸다”며 “정부 실태 조사나 단속에서 드러나지 않은 현장까지 감안하면 실제 피해 규모는 조 단위에 이를 것”이라고 말했다. 원희룡 국토부 장관도 “건설 노조의 부당한 금품 수수와 공사 방해는 공사 비용을 증가시켜 안전·품질을 저해하고 국내 경제에도 위협”이라고 말했다.
◇월례비 요구하면 면허 취소
정부가 채용 강요와 전임비·월례비 수취 등 건설 노조의 불법 행위에 대해 현행 형법상 강요·협박·공갈죄를 적용하기로 한 것은 건폭(建暴)을 강력 범죄로 취급하겠다는 의미다. 기존에도 건설노조에 대한 고소·고발이 있긴 했지만, 대부분 민사 사건이었다. 국토부 관계자는 “현행법에도 노조 불법 행위를 처벌할 수 있는 규정이 있지만, 적용된 사례가 거의 없어 사문화된 실정”이라며 “기존 법들의 실효성을 살리고 행정 제재까지 추가해 불법을 뿌리 뽑겠다는 취지”라고 말했다.
정부 의지대로 ‘건폭’에 대한 처벌이 이뤄지려면 무엇보다 피해 신고가 활성화되고 이에 대한 수사가 이뤄져야 한다. 노조 대응이 어려운 하도급사를 대신해 대형 건설사인 원도급 업체와 감리 회사에 불법 행위 신고 의무를 지운 것은 이런 취지다. 또 월례비 등 건설노조에 부당한 금품을 건넨 사업자도 면허취소 등 강력하게 제재하기로 하면서 건설사 책임을 강화했다. 노조와 적당히 타협하며 이득을 취하는 것도 용납하지 않겠다는 의미다. 다만 이런 조치들을 위해선 건설기계법 등 관련 법 개정이 필요해 시행까진 다소 시일이 걸릴 전망이다.
정부는 법 개정 전까지 공백을 없애기 위해 월례비를 받는 타워크레인 기사에게 국가기술자격법을 적용해 최대 1년까지 면허정지 처분을 내리기로 했다. 향후 건설기계관리법 개정을 통해 불법 행위를 주도한 노조 측 관계자나 연관 사업자에 대해 면허 또는 사업자 등록 취소까지 가능하도록 할 계획이다. 현장 관리감독도 지속적으로 강화하기로 했다. 경찰은 현재 진행 중인 건폭 특별 단속을 6월 25일까지 이어가고 고용노동부도 3월부터 건설현장 노사관계 불법 행위에 대한 점검에 나선다."
https://www.chosun.com/economy/real_estate/2023/01/21/JJJNBEREGRBEHOOUWV2NJNG7PA/,"[땅집고] 최근 전세시장 움직임 심상치 않다. 전세사기 빌라왕 사건이 사회적 이슈로 부상하면서다. 이런 가운데 금리인상과 집값 하락으로 역전세난이 서울 핵심지역까지 확산 중이다. 특히 올해 서울 강남을 중심으로 입주물량이 늘어나 전셋값 하방 압력이 점차 커지고 있다. 부동산R114에 따르면 올해 서울지역 입주 물량은 3만2682가구 수준이다. 이 중 6371가구(20%)가량이 강남구에 집중돼 있다.
특히 2020년 임대차법 시행 이후 1년 6개월간 수도권 전셋값이 30% 이상 뛰었다. 당시 집값 상승에 힘입어 갭투자로 들어간 이들의 전세 계약이 만료하는 시기가 올해다. 이들 매물의 만기 시점이 도래하면서 올 연말까지 역전세난이 심화할 것이라는 우려가 나온다. 집주인들은 세입자를 구하기 쉽지 않은 상황에서 기존 세입자의 전세금을 급히 빼주고 종전 계약보다 훨씬 저렴한 금액으로 새로 계약을 할 수밖에 없다. 여유 자금이 없는 이들이 갱신계약 시점에 수억원에 달하는 전세보증금을 구해야 하는 셈이다.
땅집고TV 봉다방에서는 최근 사회적 이슈로 떠오른 ‘빌라왕’ 사태와 관련하여 전세 사기 사건에 대해 짚어보고 향후 전세 시장의 전망에 대해 살펴봤다."
https://www.chosun.com/economy/real_estate/2022/05/03/CMCGWRC5QJGHXPRHKW2CO4XEI4/,"건축·부동산·미술 중심으로 국내 최고 실전형 강의를 제공해 온 땅집고 아카데미가 이달에 3개 교육 과정을 진행한다. 올해 처음 개설해 성황리에 조기 마감했던 ‘메디컬빌딩 건축 마스터클래스’와 ‘NFT 완전정복’은 각각 2기를 개설한다. 미술 애호가를 위한 ‘아트 컬렉터 첫걸음’ 강의도 선보인다.
메디컬빌딩 건축 마스터클래스는 병·의원 건축을 준비 중인 의료인과 관련 종사자를 위한 전문 강좌다. 병원 건축은 입지 선택, 마감재, 동선 구성, 인테리어 등이 병원 시스템과 이용자 특수성에 적합해야 한다. 이번 강좌는 병원 건축 경험이 풍부한 전문가로 강사진을 구성했다. 단국대병원·일산백병원·중앙대병원 등을 설계해 병·의원 건축에서 국내 최고 수준인 원형준 더건축사사무소 대표와 함께 실제 메디컬빌딩 건축 현장을 방문하는 현장 스터디도 진행한다.
NFT 완전정복 과정은 최근 디지털 자산 영역에서 새로운 트렌드를 주도하는 NFT를 정확하게 이해하게 실전 투자의 기초를 배우고 싶어하는 수요자를 대상으로 진행한다. NFT 기본 개념과 기초 지식, 관련 상품에 대한 투자 유망성과 위험성을 구체적으로 소개한다. 채상우 인블록 대표, 김열매 NH투자증권 연구위원, 이지은 법률사무소 리버티 변호사 등 전문가가 멘토로 나선다.
이달 처음 선보이는 ‘아트 컬렉터 첫걸음’은 아트 컬렉터로 입문하려는 입문자들을 위한 실전 강의다. 최근 미술품 시장이 급성장하면서 ‘아트 컬렉터’를 꿈꾸는 투자자들이 늘고 있다. 이번 강의는 미술품 시장에 대한 기초 지식, 가치를 지닌 미술품을 고르는 노하우 등을 알려준다. 전문가와 함께 해외 유명 아트 갤러리 투어도 진행한다. 상세 커리큘럼 확인과 수강 신청은 홈페이지에서 하면 된다."
https://www.chosun.com/economy/real_estate/2022/08/29/VPHIPLISQND4NCNKKCTV6ZE3NE/,"전국 시가총액 상위 50대 아파트 매매 가격이 2년 4개월 만에 가장 큰 폭으로 하락했다는 조사 결과가 나왔다. 실제 서울 강남권 일부 단지는 직전 최고가 대비 수억 원씩 내려간 가격에 거래가 이뤄지고 있다. 금리 인상과 경기 불안 등의 여파로 주택 수요가 급감하면서 ‘똘똘한 한 채’로 통하는 인기 아파트 가격도 본격적인 하락 국면에 접어들었다는 분석이 나온다.
28일 KB국민은행이 발표한 월간 동향 자료에 따르면, ‘KB선도아파트50′ 지수는 이번 달 0.72% 하락했다. 2020년 4월(-0.91%) 이후 2년 4개월 만에 최대 하락 폭이다. 지난달 0.23% 떨어지며 2년 2개월 만에 하락세로 돌아선 데 이어 한 달 만에 낙폭이 3배로 확대된 것이다. 이달 전국 아파트 매매 가격이 0.23% 떨어진 것과 비교하면 선도아파트 하락세가 전체 평균보다 훨씬 가파른 셈이다.
선도아파트50 지수는 전국 아파트 중 시가총액(세대수와 가격을 곱한 것) 상위 50개 단지를 매년 선정해 가격을 지수화한 것이다. 서울 서초구 아크로리버파크, 강남구 래미안대치팰리스·은마아파트, 송파구 잠실주공 5단지, 양천구 목동신시가지, 부산 수영구 삼익비치 등 주요 신축 및 재건축 단지들이 포함된다.
최근 강남권에선 선도아파트 지수에 포함된 아파트들이 직전 대비 수억 원씩 떨어진 가격에 거래되는 사례도 확인되고 있다. 강남구 대치동 은마아파트 전용면적 76㎡는 지난달 24억원에 팔리며 작년 11월 기록한 최고가(26억3500만원)보다 2억원 넘게 떨어졌다. 강남구 도곡동 도곡렉슬 전용 134㎡는 지난 5월 49억4000만원에 거래됐지만, 이달에는 42억3000만원으로 7억원 이상 떨어졌다. 두 집은 동(棟)이나 층도 비슷하다.
김기원 리치고 대표는 “집값 대세 하락이 시작되고 수요가 사라지면 강남 등 인기 지역 아파트도 영향을 피할 수 없다”며 “금리나 환율 등 거시 경제 변수에 따라 앞으로 하락세가 더 가팔라질 수 있다”고 말했다."
https://www.chosun.com/economy/real_estate/2021/11/30/AWYW32U56ZAYNFCE263EHF37IE/,"통상 분양 비수기로 통하는 12월에 전국에서 7만 가구가 넘는 아파트가 공급된다. 수도권 공공택지에서 진행하는 3차 사전청약을 포함한 수치지만, 이례적으로 많은 물량이다.
30일 부동산 전문 리서치업체 리얼투데이에 따르면, 12월 전국에서 7만1397가구가 분양에 나선다. 이 중 일반에게 분양되는 물량은 6만2558가구다. 수도권에 2만5542가구, 지방에 3만7016가구로 집계됐다. 경기도에서 가장 많은 22개 단지 1만6545가구가 분양되고, 경북(9862가구), 인천(8162가구)의 물량도 많다. 서울에선 835가구가 공급될 예정이다.
당장 1일부터 3기 신도시를 포함한 수도권 공공택지에서 3차 사전청약이 진행된다. 하남 교산, 과천 주암, 시흥 하중, 양주 회천 등 4곳에서 4167가구 규모다. 서울 강남권과 인접한 하남 교산과 과천 주암에 관심을 둔 수요자가 많아 높은 경쟁률을 기록할 것으로 보인다.
연말임에도 분양 물량이 집중된 원인에 대해 부동산 업계는 정부의 가계부채 관리 강화 정책의 영향으로 분석한다. 내년 1월 이후 입주자 모집 공고를 내고 분양하는 단지는 잔금 대출도 DSR(총부채원리금상환비율) 산정에 포함되기 때문에 건설사들이 연내 분양을 서두르는 분위기다.
리얼투데이 관계자는 “내년에 대통령 선거와 지방선거가 이어지면서 주택 분양시장의 불확실성이 커질 수 있다고 보는 시각이 많다”며 “분양가상한제 개편으로 인한 분양가 상승, 금리 인상과 대출 규제 강화도 우려돼 올해 안에 분양하려는 건설사가 늘어난 것으로 보인다”고 말했다."
https://www.chosun.com/economy/real_estate/2025/02/21/M73YPTYYUJAZ7PAXM7V7CVCCDQ/,"[땅집고] “실버타운이 부유층의 전유물이라는 이야기는 오해다. 하이엔드 실버타운 월 이용료가 수백만원인데도 입소 대기가 많은 이유가 입소하려는 어르신들이 모두 돈이 많아서 일까요?”
한의사이자 실버타운 전문 유튜브 채널 공빠TV를 운영하는 문성택 씨는 “하이엔드 실버타운은 편의시설을 잘 갖춘 호텔급 시설”이라며 “월 이용료를 계산하면 집에서 요양보호사와 가사도우미를 들이는 것보다 저렴하다”고 했다.
실제로 도심 인기 실버타운은 월 이용료가 500만원 넘는데도 입주자 만족도가 높고 대기자도 많다. 하이엔드 실버타운은 입소하려면 최소 2~3년 걸린다.
문 씨는 대중에게 수요자 관점에서 시니어 주거시설을 심층 분석해 생생한 정보를 제공한다. 그가 추천하는 국내 럭셔리 시니어타운은 어디일까. 5곳을 꼽아봤다.
문 씨는 땅집고가 개강하는 ‘시니어 주거 및 케어시설 개발과 운영 전문가 과정(4기)’에서 수요자 관점에서 국내 시니어 주거 사례를 비교·분석하는 방법을 소개한다.
[조선닷컴회원서비스] 딱 5명만 선착순! 땅집고 시니어 강의 20% 할인 찬스
■ 럭셔리 실버타운 1위 ‘더클래식500’
문 씨는 서울 광진구 자양동에 위치한 ‘더클래식500’을 첫손에 꼽았다. 임대 보증금(2025년 2월)은 10억원, 월 임대료는 400만원 정도로 높은 편이지만, 입소 어르신들의 만족도가 매우 높다. 실제 이 곳의 재계약률은 90%가 넘는 것으로 알려졌다.
식사 한끼가 1만5000원인데, 부부가 90끼를 먹는다고 가정하면 관리비 포함해서 월 700만원 정도가 필요하다. 대신 식사를 하지 않으면 그만큼 비용이 내려간다.
개인 주거공간은 55평 단일 평형으로 다른 실버타운에 비해 면적도 넓은 편이다. 문화·운동 동호회 활동이 활발하고 응급상황에 대비한 메디컬 시스템을 갖추고 있다. 야외 수영장도 갖췄다.
입지도 우수하다. 지하철 2·7호선이 지나는 건대입구역까지 걸어서 5분이면 도착한다. 영화관과 백화점, 대형마트 등 생활 인프라도 도보권이다.
■ 6만8000평 정원갖춘 삼성노블카운티
2001년 첫 선을 보인 경기도 용인시의 삼성노블카운티도 수도권 대표 럭셔리 실버타운이다. 삼성그룹 내 삼성생명공익재단이 운영한다.
가장 큰 장점은 식사다. 카드를 찍고 들어가면 맞춤형 식사를 제공한다. 당뇨, 고혈압 등을 미리 다 체크해서 거기에 맞는 식사를 제공한다. 부부 기준, 90식을 먹을 경우 월 생활비로 500만원 정도가 든다. 다만 의무식 제도가 없고 15일 이상 여행을 갈 경우 생활비를 할인해 준다.
개인 주거공간은 30평에서 72평까지 10개 타입이 있다. 부부가 들어갈 수 있는 중간 평형(46평)의 보증금이 7억3000만~8억2000만원이다. 월 생활비로 382만원이 든다.
이곳에는 의료시설 뿐 아니라 문화센터, 스포츠센터도 있다. 입주민과 지역주민이 함께 이용 가능하다. 실버타운이 지역사회에 자연스럽게 녹아든 사례로 꼽힌다. 6만8000평의 드넓은 정원도 삼성노블카운티의 매력 중 하나다.
■ 강남 대표 실버타운 ‘더시그넘하우스’
서울 강남구 자곡동 ‘더시그넘하우스’는 입지에서 매우 높은 점수를 받는다. 자곡동 보금자리주택지구에 있어 강남 한복판에서 대중교통으로 20분이면 도착한다. 주요 실버타운 중 가장 최신식 시설을 보유한 것도 장점이다. 2017년 문을 열어서 신축 아파트 같은 느낌을 받을 수 있다.
[조선닷컴회원서비스] 딱 5명만 선착순! 땅집고 시니어 강의 20% 할인 찬스
부부가 40평대에 지낼 경우 보증금으로 10억원 정도를 내야 한다. 90식 기준, 이용료는 약 420만원이다. 이곳에는 건강이 악화돼 더 이상 혼자 생활이 어려운 입주민을 돌봐주는 너싱홈도 있다. 월 1200만원 비용이 든다.
■ 롤모델 실버타운이라는 수원 유당마을
경기도 수원 유당마을은 30년 전에 문을 열었다. 1988년 개원한 국내 1세대 실버타운이다. 그럼에도 ‘깜짝 놀랄 정도로 관리가 잘 된 곳’이라는 평가를 받는다. 부부가 30평형에 지내려면 보증금 2억5500만원에 90식 기준으로 350만원 정도가 든다.
입주자의 건강상태에 따라 신관, 본관, 케어홈에 입주한다. 케어홈에서는 독립생활이 어려운 분을 위해 돌봄 서비스를 제공한다. 부속의원과 한의원이 있고 개원초부터 90식 의무식 제도를 택했다. 식사를 거르지 말라는 의미이다.
■ 분당 대표 서울시니어스분당타워
서울시니어스 분당타워는 성남시 분당구에 있어 도심형 시니어타운으로 분류되지만, 탄천 길이 인근에 있어 전원생활도 누릴 수 있는 곳이다. 길 건너편에 분당서울대병원이 있는 것도 큰 장점이다. 수영장, 골프장, 헬스장 등도 있어 건강을 챙길 수 있다. 2003년 문을 연 뒤 꾸준히 인테리어 등 리모델링을 거쳐서 깔끔하다는 인상을 주는 곳이다.
방 크기는 30~100평대까지 있다. 부부가 방 2개와 화장실 2개를 갖춘 40평대(전용면적79㎡)에 지낼 경우 입주보증금은 5억7100만원, 월 생활비는 246만원 정도다.
분당타워는 전국에서 총 6개 서울시니어스타워를 운영 중인 송도병원이 3번째로 연 곳이다. 총 6개 시니어스타워는 입주민 연합 행사도 한다. /westseoul@chosun.com"
https://www.chosun.com/economy/real_estate/2024/09/10/3MFNMQA7ZNB5PNVIXZ45U2HJK4/,"서울에서 이른바 ‘노(老)치원’으로 불리는 데이케어센터(노인 요양 시설)가 설치된 재건축 아파트가 늘어날 전망이다. 서울시가 ‘신속 통합 기획’ 방식으로 재건축을 추진하는 조합에 인허가 기간 단축, 용적률 상향 등의 혜택을 주는 대신 공공 기여로 단지 안에 데이케어센터 설치를 요구하고 있기 때문이다. 데이케어센터는 초기 치매 등 노인성 질병으로 혼자서 일상생활이 어려운 노령층(장기요양 1~5등급)을 돌봐주는 시설인데, 일부에선 “아파트 값에 부정적인 영향을 미칠 것”이라며 설치를 반대하고 있다. 하지만 “데이케어센터 없으면 신통기획도 불가”라는 오세훈 서울시장의 강경한 태도에 여의도와 강남권 주요 재건축 조합들이 잇따라 반대하던 기존 입장을 바꾸고 있다.
9일 정비 업계에 따르면, 서울 서초구 서초동 ‘서초진흥’ 재건축 조합은 최근 서울시의 데이케어센터 설치를 수용하기로 결정했다. 조합원들의 반대로 재건축 사업이 속도를 내지 못하자 최근 열린 대의원회에서 우선 데이케어센터를 설치하기로 하고, 서울시와 추가 협상을 통해 규모를 줄이거나 별도 주차장을 만들어 단지와의 간섭을 최소화하기로 의견을 모았다. 앞서 영등포구 여의도동 ‘대교아파트’는 일찌감치 데이케어센터 설치를 수용하면서 조합 설립 7개월 만인 지난달 재건축 계획이 확정됐다. 인근 ‘시범 아파트’의 경우 조합원들이 설치를 적극적으로 반대하면서 재건축 사업 진행이 1년 넘게 멈춰선 상황이다.
서울시가 재건축 조합에 데이케어센터 설치를 강력하게 요구하는 배경엔 내년 초고령화 사회(고령 인구 비율 20%) 진입을 앞두고 노인 요양 시설 확충이 시급하기 때문이다. 작년 말 기준 서울에 노인 장기요양 인정 1·2등급 대상자는 2만5574명인 데 비해 요양 시설 정원은 1만6999명(492개)으로 수요 대비 공급 충족률은 66.5%에 그친다. 서울은 빈 땅이 거의 없고 땅값도 비싸 노인 요양 시설 공급이 쉽지 않다.
지난 4월 서울시는 신통기획뿐만 아니라 2000가구 이상 주택 단지를 개발할 때 노인 요양 시설 설치를 의무화하는 내용의 법령 개정도 국토교통부에 건의했다. 다만 국토부는 노인 요양 시설 의무 설치에는 부정적인 입장으로 알려졌다."
https://www.chosun.com/economy/real_estate/2023/12/20/6NZAHEP64FEC5EB2TFCT32US3E/,"인베이드투자자문이 다음 달 6일 오후 2시부터 서울 강남구에서 ‘2024년 부동산 대전망’ 강연회를 개최한다. 기존에는 월 단위로 강연회를 열여왔지만, 보다 광범위한 주제에 대해 다양한 정보를 제공하고자 신년 특집으로 연간 부동산 시장에 대한 행사를 준비했다.
이번 강연회는 크게 금융, 절세, 시황 등 3가지 주제로 구성된다. ‘대출의 마법’ 저자이자 인기 유튜버인 김은진 레오대출연구소 대표가 대출을 활용한 내 집 마련 및 투자 전략에 대해 강연하고, 금융권 세무 전문가인 원종훈 KB국민은행 강남스타PB센터 본부장이 절세 기법을 소개한다. 이어 이상우 인베이드투자자문 대표가 내년도 부동산 시장에 대한 전망과 구체적인 투자 전략을 소개하며, 현장에서 질문도 받을 예정이다.
이상우 대표는 내년 이후 국내 부동산 시장에서 양극화가 더욱 심해질 것으로 보고 있다. 출산률 감소로 인구가 줄어들면서 절대적인 부동산 수요는 줄어들지만 자녀 교육이나 교통 등 생활 인프라가 좋은 지역을 찾는 사람들의 열망은 더욱 높아진다는 것이다. 그는 “결국 자녀 키우기 좋고, 의료 환경이 좋은 지역이 앞으로도 유망할 것”이라고 말했다.
내년 부동산 시장의 향방을 가를 핵심 변수로 이 대표는 전셋값을 꼽았다. 올 하반기 들어 반등하던 아파트 매매가격이 최근 들어 다시 하락세로 돌아섰지만 전세 수요가 많은 지역은 전셋값이 꾸준히 오르면서 매매와 전세의 차이가 줄어들어 주택 수요자들 사이에서 ‘차라리 집을 사는게 낫다’는 심리가 확산할 수 있다는 것이다. 이 대표는 “2020~2021년과 같은 대세 상승은 힘들더라도 누구나 살고 싶어하는 지역의 아파트값은 꾸준히 우상향할 가능성이 크다”며 “현재 보유중인 주택의 가치 상승에 한계가 있다고 판단된다면 하루라도 빨리 상급지로 옮겨가야 한다”고 말했다."
https://www.chosun.com/economy/real_estate/2023/05/09/262JR7JYW5H4NDAX524TW5HACI/,"경기 화성시 봉담읍 상리 690-4 일대 봉담2지구에 짓는 ‘DS타워’ 상업시설이 분양 중이다. 지하 2층~지상 8층 규모에 연면적 7269㎡로 오는 6월 준공 예정이다. 시행사 측은 “지상 4~7층에 메가스터디학원, 대치대성학원, 국제학교 부속 영어유치원 입점을 확정했다”면서 “봉담2지구는 배후 주택 대비 점포 수 비율이 2.5%로 상업시설이 크게 부족해 선점 효과를 노릴 수 있다”고 밝혔다. 주변에 대형 공영주차장(440대)이 있고 파리바게뜨·롯데리아 등 유명 프랜차이즈 매장도 많다.
화성 봉담2지구는 1만2000가구를 수용하는 신도시급으로 80% 정도 입주를 마쳤다. ‘힐스테이트 봉담’, ‘중흥S클래스’ 등 약 2만2000가구 아파트가 있어 배후 수요가 풍부하다."
https://www.chosun.com/economy/real_estate/2020/12/23/QWRL2ANDGVCJTJXZUJSWMTK564/,"서울 중구 충무로1가(명동)의 ‘네이처리퍼블릭 명동월드점'이 18년 연속 전국에서 가장 비싼 땅이 됐다. 내년 1㎡당 공시지가가 2억650만원으로 잠정 결정돼 전국에서 처음으로 1㎡당 땅값 2억원 시대를 열었다.
국토교통부는 내년도 표준지 공시지가(안)에 대해 소유자 열람 및 의견청취 절차를 24일부터 진행한다고 밝혔다. 표준지는 정부가 표본으로 선정한 전국 52만 필지로, 소유자 의견청취 절차를 거쳐 내년 2월 최종 가격이 결정·공시된다. 나머지 땅의 공시지가는 지방자치단체가 표준지를 기준으로 내년 상반기에 산정한다.
국토부에 따르면, 표준지 중 내년 공시지가가 가장 비싼 곳은 서울 명동의 네이처리퍼블릭' 부지다. 내년 공시가격 예정액이 1m²당 2억650만원으로 처음으로 2억원을 넘었다. 올해 공시지가(1억9900만원)에서 3.77% 오른 가격이다. 3.3㎡(평)당 공시지가는 6억8145만원으로, 총면적이 169.3m²이기 때문에 전체 공시지가는 349억6045만원으로 예상된다.
표준지 공시지가 2위는 우리은행 명동금융센터로, 1m²당 1억9900만원으로 올해보다 700만원(3.65%) 오른다. 3~10위도 모두 명동 상권 땅으로, 작년에 이어 표준지 공시지가 1~10위까지를 모두 명동이 차지했다."
https://www.chosun.com/economy/real_estate/2021/06/30/KJRZM6BYEZECFJCNP2YJ3AYLZE/,"서울 중소형 아파트값이 평균 10억원을 넘은 것으로 나타났다. 중소형 아파트는 전용면적 60~85㎡(공급면적 24~34평형)으로, 신혼부부부터 3~4인가구까지 실수요자 선호도가 가장 높은 면적이다.
30일 KB국민은행에 따르면 이달 서울의 중소형 아파트 평균 매매가격은 10억1262만원으로, 처음으로 10억원을 넘겼다. 문재인 정부가 출범한 2017년 5월(5억4464만원)과 비교하면 5억원 가까이 올랐다. 상승률로 보면 85% 급등했다.
지역별로는 강남권(한강 이남 11개구) 중소형 아파트 평균 매매가격이 11억7628만원, 강북권(한강 이북 14개구)이 8억8140만원으로 조사됐다. 강남권 중소형 아파트값은 2018년 8월 8억원을 넘긴 뒤 1년 5개월 만인 지난해 1월 9억원을 넘었다. 이후 7개월 만에 10억원, 그 후 다시 5개월 만에 11억원을 돌파했다. 강북권 역시 2019년 8월 평균 6억원대에 진입한 후 11개월 후 7억원을 처음 넘어섰고, 이후 6개월 만에 8억원을 넘기며 상승 추이가 빨라지고 있다.
실거래가도 가파르게 오르고 있다. 노원구 상계동 ‘수락리버시티3단지’ 84㎡는 지난 10일 7억3000만원에 팔려 2019년 7월 4억6500만원보다 2억5000만원 넘게 올랐다. 은평구 수색동 ‘대림한숲’ 84㎡는 지난 9일 9억원에 거래돼 2년 전(5억6500만원)보다 3억원 넘게 올랐다."
https://www.chosun.com/economy/real_estate/2021/01/01/QTKVOCDJPBH45HTMZY27KYW3DI/,"지난해 전국적으로 집값이 들썩였지만, 무주택 서민들에게는 전세 시장 불안에 따른 충격이 더 컸다. 작년 7월 말 계약갱신청구권·전월세상한제 도입이 기폭제가 돼 전셋집 매물이 품귀 현상을 빚고 가격도 가파르게 치솟았다. KB국민은행 통계에 따르면, 작년 전국 아파트 전셋값은 7.5%, 서울은 12% 넘게 올랐다. 최근 3~4년 줄곧 약보합세였던 전세 시장 분위기가 돌변하면서 무주택자들의 시름이 더 깊어졌다.
새해 들어서도 전세난이 풀릴 기미가 보이지 않는다. 본지가 설문 조사한 부동산 전문가 7명 모두 “2021년 전셋값은 작년보다 더 오를 것”이라고 답했고, 대다수가 전셋값 인상 폭이 매매 가격 상승률을 웃돌 것으로 예상했다. 특히 서울과 수도권의 전세난이 더 심각할 것이라는 전망이 많았다.
전셋값 인상 요인은 명확하다. 서울·수도권 아파트 입주 물량이 작년의 절반 수준으로 줄어들기 때문이다. 부동산114 조사에 따르면, 올해 서울에 입주 예정인 아파트는 2만8000여 가구로 지난해(4만9000여 가구)보다 2만 가구 이상 감소한다. 고종완 한국자산관리연구원장은 올해 전셋값 변동률을 서울은 8% 이상, 수도권은 5% 정도로 예상했다. 고 원장은 “입주 물량 감소는 전세난 심화로 직결된다”며 “전세는 실수요 시장이라 거품이 없다”고 강조했다. 올해 서울·수도권 집값이 1% 내릴 것이라고 예상한 이광수 미래에셋대우 연구위원도 “입주 감소로 서울 전셋값은 1~3% 오를 것”이라고 했다.
이창무 한양대 도시공학과 교수는 올해 전국적으로 전셋값이 3% 이상 오른다고 내다봤다. 그는 “전월세상한제와 계약갱신청구권의 영향이 지속되면서 신규 전세 시장에서 매물 부족 문제가 해결되기 어렵다”며 “종합부동산세 등 주택 보유세 인상도 전셋값에 영향을 미친다”고 말했다. 송인호 KDI 경제전략연구부장은 올해 전셋값 인상률이 매매 가격 대비 최고 2%포인트 정도 더 높을 것으로 예상했다. 그는 “오는 6월 전월세 신고제까지 시행되면 임대차 시장에서 공급자 우위 경향이 더 강하게 형성될 것”이라며 “정부는 시간이 지나면 전셋값이 안정된다고 하지만, 공급 물량 감소에 의한 상승 압력이 더 강할 것”이라고 말했다.
다만, 우병탁 신한은행 팀장은 “전세 시장이 연초까지 강세를 보이다가 상반기 이후엔 보합세로 안정을 찾을 전망”이라고 했다. 그는 “시간이 지날수록 주택임대차법 개정 영향이 다소 반감하고, 전세 수요 일부가 매수로 전환하면서 (전셋값) 상승 폭이 제한될 것”이라고 설명했다."
https://www.chosun.com/economy/real_estate/2023/04/19/KNGVMKXBLVDGNL4PQXBPR3IK5A/,"정부의 대대적인 규제 완화에도 지방 청약 시장 침체가 이어지면서 중도금 대출 은행을 찾지 못하는 아파트 단지가 속출하고 있다. 전국적으로 미분양이 급증하자 은행들이 리스크 관리 차원에서 중도금 대출에 필요한 분양률 기준을 높이고 있기 때문이다. 중도금 대출이 제때 이뤄지지 않으면서 자금 사정이 어려운 중소 건설사와 시행사의 연쇄 부도 우려가 커지고 있다.
◇지방 곳곳에서 막힌 중도금 대출
18일 부동산업계에 따르면 대구 수성구 파동 ‘수성레이크 우방아이유쉘’은 작년 2월이 중도금 1차 대출 실행일이었으나, 시행사가 1년이 넘도록 대출해줄 금융기관을 찾지 못하고 있다. 이에 일부 분양받은 사람들이 계약 해지를 요구하고 나섰다. 이 단지는 2021년 10월 분양 당시 고분양가 논란에 1.02대1이라는 저조한 청약 경쟁률을 기록했다. 분양받은 사람들은 낮은 분양률 탓에 은행권에서 중도금 대출을 거절당한 것으로 보고 있다. 입주예정자협의회가 정보 공개 청구를 통해 확인한 분양률은 지난 1월 기준 40%대 수준에 그쳤다.
통상 선분양 아파트는 분양 대금을 계약금 10%, 중도금 60%, 잔금 30% 정도로 나눠서 낸다. 중도금은 분양 대금에서 차지하는 비율이 가장 크기 때문에 분양받은 사람이 집단 대출로 진행하는 경우가 대부분이다. 시행사들은 분양이 시작되고 나서 금융권과 집단 대출 협약을 맺고, 분양받은 사람들은 해당 금융사에서 대출받는 구조다. 보통 분양 5~6개월 뒤 1차 중도금 대출을 실행하고, 3~5개월 간격으로 나머지 중도금을 내게 된다.
작년 하반기 분양한 단지들은 올해 1분기 중도금 납부 시기가 차례로 도래했지만, 대출해줄 금융회사를 찾지 못해 중도금을 내지 못하는 단지가 늘고 있다. 작년 8월 분양한 충남 아산시 권곡동 ‘아산 한신더휴’는 지난 1월이 1차 중도금 납부 예정일이었으나, 아직 대출 은행을 구하지 못했다. 작년 10월 분양한 아산시 배방읍 ‘엘리프 아산탕정’도 1차 중도금 대출 실행일을 3월에서 5월로 미뤘고, 대전 유성구 학하동 ‘포레나 대전학하’도 3월에서 6월로 연기했다.
이처럼 중도금 대출 은행을 찾기 어려워진 것은 작년 하반기부터 미분양이 급증하면서 은행권이 리스크 관리 차원에서 중도금 대출 승인 때 요구하는 분양률을 대폭 높였기 때문이다. 국토교통부에 따르면, 작년 6월 2만7910가구였던 전국 미분양 주택 수는 지난 2월 말 7만5438가구로 3배 가까이 늘었다.
청약 시장이 호황이었던 2020~2021년에는 분양률이 50% 수준이면 무난하게 중도금 대출이 승인됐고, 초기 분양률이 30%에 그치더라도 사업성이 있다고 판단되면 중도금 대출이 나오기도 했다. 그러나 최근 5대 시중은행과 지방은행, 단위 농협과 새마을금고 등은 중도금 대출 승인 분양률을 70% 수준으로 요구하는 것으로 알려졌다. 분양률이 70% 이하이면 준공에 실패하거나 공기가 지연돼 대출 연체율이 치솟고 손실이 커질 수 있다고 판단해 중도금 대출 문턱을 높인 것이다. 실제 대구 소재 새마을금고 지점 12곳은 지역 중견 건설사 다인건설의 오피스텔 사업장에 집단 대출을 내줬지만, 건설사가 자금난으로 공사를 중단하면서 동반 부실 우려에 휩싸였다.
◇중소 건설사 연쇄 도산 우려
전문가들은 중도금 대출이 계속 막힐 경우 돈줄이 마른 중소 건설사와 시행사가 줄줄이 무너질 수 있다고 우려한다. 고종완 한국자산관리연구원장은 “중도금 대출을 실행하지 못하면 자금 여력이 없는 시행사가 시공사에 공사비를 제때 지급하지 못해 공사가 중단되거나, 연쇄 부도로 이어질 수 있다”고 했다.
중견·중소 건설사 단체인 대한주택건설협회는 현재 대출 금액의 80% 수준인 HUG(주택도시보증공사)와 HF(한국주택금융공사)의 중도금 대출 보증 비율을 높여달라고 요구하고 있다. 김형범 대한주택건설협회 주택정책부장은 “HUG나 HF의 보증 범위가 개선되면 은행권에서 요구하는 분양률이 지금보다는 낮아질 것”이라며 “미분양이 집중된 지방 주택 시장에 인센티브를 부여해 지역 경제와 부동산 시장 안정을 도모해야 한다”고 했다."
https://www.chosun.com/economy/real_estate/2022/07/25/W66YE3ZWBNH5HA4TWS37JZIYVM/,"3기 신도시 등 수도권 공공택지에서 공급되는 약 4700가구 아파트에 대한 사전 청약이 시작된다.
한국토지주택공사(LH)는 25일부터 경기도 5개 지구 4763가구에 대한 사전청약 신청을 받는다고 24일 밝혔다.
이번 사전청약을 통해 3기 신도시인 남양주 왕숙1·2(1827가구)와 고양 창릉(1394가구)에서 각각 1000가구 넘는 주택이 공급되고 화성 태안3(632가구), 평택 고덕(910가구)도 입주자를 모집한다. 공급 평형은 전용면적 59·74·84㎡ 등 3가지이며, 평택 고덕은 51㎡도 일부 포함됐다.
공공택지에서 공급되는 주택은 분양가 상한제가 적용되기 때문에 주변 시세보다 20~40% 정도 가격이 저렴하다. 이번에 공급되는 지역의 예상 분양가는 고양 창릉지구가 4억~6억원대, 나머지는 3억~5억원대로 책정됐다. 전체 분양 물량 중 85%가 특별공급으로 신혼부부, 다자녀 가구, 노부모 부양가구 등에게 우선 배정된다.
이달 15일 기준으로 공급 지역에 거주하는 무주택 가구 구성원이면서 청약저축에 가입한 사람이라면 누구나 사전 청약에 도전할 수 있다. 현재 해당 지역 거주 요건(6개월~2년)을 충족하지 못했더라도 본청약 공고일까지 채우면 거주 요건을 인정받을 수 있다. 일부 특별공급 유형은 소득 요건도 충족해야 한다."
https://www.chosun.com/economy/real_estate/2024/06/30/OMTYC62E6ZFN7NQZGTJNMMJSLI/,"서울 아파트 가격이 회복세를 보이는 가운데, 경매 시장에서도 아파트 수요자들 간 경쟁이 치열해지고 있다. ‘똘똘한 한 채’ 열기 속 강남권 아파트들은 경매 시장에 나오기만 하면 곧바로 낙찰되고 있으며, 비강남권에서도 낙찰가율(감정가 대비 낙찰가 비율)이 100%를 넘는 사례가 잇달아 나오고 있다.
30일 경·공매 데이터 전문 기업 지지옥션에 따르면, 6월 서울 아파트 평균 낙찰가율은 92.9%로 전달(89.1%)보다 3.8%포인트 올랐다. 지난해만 해도 70~80% 선에서 오르내렸으나, 올해 들어 85% 선을 웃돌면서 100%에 점점 가까워지고 있다. 경매 건수 대비 낙찰 건수를 의미하는 낙찰률도 47.2%로 전달(42.5%)보다 올랐다. 낙찰률은 지난해 4월 19%대까지 떨어졌으나 올해 들어서는 지난 4월 이후 40%대를 기록 중이다.
강남 지역 아파트는 경매 시장에 나오는 족족 바로 매각되고 있다. 강남구 ‘타워팰리스’ 전용면적 159㎡는 지난 18일 감정가(42억원)보다 높은 46억5000만원에 팔렸다. 송파구 ‘헬리오시티’ 전용 84㎡도 첫 입찰에서 감정가(18억9500만원)의 102%인 19억4500만원에 팔렸다.
최근에는 강북에서도 인기 지역 단지는 경매 수요가 몰리는 분위기다. 서울 성동구 ‘행당대림’ 전용 59㎡는 지난 4월 첫 경매에서 감정가 8억9000만원에 나왔다가 응찰자가 없어 유찰됐는데, 최근 2차 입찰에선 40명이 몰리며 9억3000만원에 낙찰됐다. 종로구 ‘경희궁자이’ 전용 84㎡는 유찰 없이 감정가(18억4000만원)의 104.7%인 19억2706만원에 낙찰됐다.
경매 시장의 온기는 수도권으로도 확산하는 분위기다. 이달 들어 경기도 아파트 낙찰률은 45.7%로 전달(40.4%)보다 5.3%포인트 올랐으며, 낙찰가율도 87.3%로 전달(86.4%)보다 상승했다."
https://www.chosun.com/economy/real_estate/2024/11/11/57AHIU2PHVFWDHBIXMF4NY7G3Y/,"정부가 지난 5일 200만평이 넘는 수도권 그린벨트 해제를 통해 5만 가구를 공급하겠다고 밝힌 가운데 기존에 발표한 수도권 택지지구에서도 주택 공급 물량을 확대하고 나섰다. 기존에 업무시설이나 공원을 조성하려던 땅을 주택용지로 바꿔 아파트나 주상복합을 짓기로 한 것이다.
10일 국토교통부에 따르면, 국토부는 지난달 25일 ‘화성동탄2 개발계획 및 실시계획 변경안’을 고시했다. 경기도 화성시 화성동탄2지구는 원래 11만7278가구가 들어설 예정이었다. 그러나 이번 개발 계획 변경에 따라 총 12만3594가구로 6300여 가구 늘어난다. 지난 3월 경부고속도로 지하화 작업이 마무리되면서 상부에 새로운 부지가 생겼기 때문이다. 원래는 글로벌 기업 본·지사 등을 유치하는 업무용지로 계획돼 있었지만, 주상복합용지로 바꾸기로 했다.
공공주택지구인 화성어천지구의 주택 공급 물량도 최근 기존 4117가구에서 4906가구로 789가구가 늘었다. 국토부는 자족시설과 녹지 면적을 줄여 주택건설용지 규모를 약 22만㎡에서 약 24만㎡로 확대하기로 했다. 3기 신도시 중 하나인 고양창릉 주택 공급 물량도 기존 3만5588가구에서 3만8073가구로 2500여 가구 확대됐다. 지난 1일에는 서울과 맞붙어 있는 구리갈매역세권 공공주택지구의 주택 건설 계획을 6162가구에서 158가구 늘어난 6320가구로 변경했다. 유치원 부지를 민간 임대 용지로 바꾼 것이다.
이런 움직임은 서울을 중심으로 집값이 급등하자 개발 계획을 발표한 공공택지에서 주택 공급 물량을 조금이라도 더 늘리려는 시도다. 국토부는 지난 8·8 주택 공급 활성화 방안에서 “3기 신도시와 수도권 택지 등에서 토지 이용 효율성을 높여 2만 가구 이상을 추가 확보하겠다”고 밝힌 바 있다. 현재까지 4개 지구의 개발 계획을 바꿔 1만 가구 이상을 확보했다.
다만, 일부 지구에선 기존 도시 계획과 달리 주택 물량을 더 늘리는 것에 대한 우려도 나온다. 특히 대기업 본사 등을 유치할 ‘광역 비즈니스 콤플렉스’가 들어설 것으로 기대했던 화성동탄2지구의 반발이 거세다. 인근 아파트 입주민들은 “도시 자족 기능이 크게 약화하고 ‘베드타운’으로 전락하게 됐다”며 개발 계획 변경 반대 서명에 나섰다. 동탄2신도시가 지역구인 이준석 개혁신당 의원도 페이스북을 통해 “동탄2신도시는 베드타운을 넘어 직장·주거가 함께하는 자족 도시로 설계됐다”며 “광역 비즈니스 콤플렉스는 자족 도시화를 위해 원안에 가깝게 유지돼야 한다”고 했다."
https://www.chosun.com/economy/real_estate/2022/09/30/FKPISOF4RJFAXAFFMZ4ZUWG74A/,"토지보상 및 부동산 개발정보 플랫폼 ‘지존’이 다음 달 15일 개강하는 ‘제34기 보상경매 아카데미 실전 투자과정’ 수강생을 모집한다.
보상경매 투자란 각종 개발사업에 포함돼 현재 토지보상이 진행 중이거나 향후 보상이 예정된 토지 및 건물을 경매로 낙찰받아 보상금을 받는 방식의 투자기법이다. 일반적인 토지 투자에 비해 환금성과 안정성이 높은 것으로 평가받는다.
이번 과정은 보상경매 투자의 기본적인 내용과 유망 물건 고르는 법, 토지수용 전략 및 절세 노하우 등을 포괄적으로 다룬다. 수강생들의 실전 투자를 돕기 위해 각종 개발사업지구에 편입돼 현재 보상 중이거나 향후 보상 대상이 되는 물건에 대한 정보와 예상 보상가도 제공한다.
모집 정원은 15명이며, 수강을 원하는 사람은 지존 홈페이지에서 신청서를 내려받아 이메일로 발송하면 된다. 지존은 사업 구조 재편 차원에서 이번 강좌를 끝으로 보상경매 아카데미는 폐강하기로 했다."
https://www.chosun.com/economy/real_estate/2024/05/13/RLVE7C6O7ZCHXN5OWFPEFZGLSY/,"GS건설이 경기도 이천시 송정동 산 31번지 일원에 짓는 ‘이천자이 더 레브’를 이달 분양한다. 올해 입주하는 ‘이천자이 더 파크’, 2026년 입주 예정인 ‘이천자이 더 리체’에 이어 이천에서 세 번째로 선보이는 자이 브랜드 아파트다. 지하 4층~지상 최고 25층, 7동(棟)에 전용면적 84~185㎡ 635가구 규모다. 실수요자가 선호하는 전용 84㎡ 타입이 86%(545가구)를 차지하고, 중대형 물량도 포함해 선택 폭을 넓혔다.
자립형 경제도시인 이천에는 SK하이닉스·오비맥주·하이트진로·AT세미콘·팔도 등 여러 기업이 있다. 직주근접 여건이 뛰어나다는 평가를 받으면서 앞서 공급한 자이 아파트 두 곳은 모두 단기간에 분양을 마감했다.
◇300m 거리에 초·중학교, 대규모 공원과 이어지는 산책로
단지는 바로 인근에 초등학교와 중학교가 있어 교육 여건이 잘 갖춰져 있고, 공원 같은 녹지도 풍부하다. 단지에서 약 300m 거리에 송정초, 송정중이 있어 통학 여건이 좋다. 특히 송정초는 증축 공사를 통해 학교 시설을 개선 중이다. 인근 도로 확장도 예정돼 있어 앞으로 통학 환경이 더욱 좋아질 전망이다.
단지 바로 북측에 1만2000여 ㎡ 규모(축구장의 약 1.5배) 공원이 조성될 예정이다. 이 공원은 단지 내 순환 산책로와 바로 연결된다. 주변에 아리산, 망현산 등이 있어 쾌적한 주거 환경을 누릴 수 있다. 각종 생활 인프라도 잘 갖춰져 있다. 반경 약 2㎞에 이마트, 관고시장, CGV, 이천중앙로 문화의거리 등이 있다.
중부고속도로 서이천 IC, 영동고속도로 이천 IC, 성남이천로를 통해 다른 지역으로 이동이 편리하다. 특히 GTX(수도권광역급행철도) 2기 사업으로 꼽히는 GTX-D 노선에 이천시가 포함되면서 향후 서울 접근성이 더욱 좋아지고, 교통 호재에 따른 수혜도 기대된다.
◇고급 커뮤니티 시설에 주차 공간도 넉넉
이천자이 더 레브는 차별화된 고급 커뮤니티 시설을 갖출 전망이다. 입주민 커뮤니티 시설인 ‘클럽 자이안’에는 GDR(골프존 드라이빙 레인지)이 적용된 골프 연습장, 피트니스, GX룸, 탕이 있는 사우나, 카페테리아 등이 조성된다. 또 단지 내 지상 1층에는 게스트 하우스 2실이 있어 외부 손님을 위한 숙소나 파티 장소 등으로 활용할 수 있다. 다함께돌봄센터, 교보문고와 협업해 만드는 작은도서관, 독서실 같은 보육 시설과 교육 시설도 들어설 예정이다.
단지는 가구당 1.6대의 넉넉한 주차 공간을 제공한다. 전체 주차 공간의 55% 이상을 확장형(가로 2.6m, 길이 5.2m)으로 조성해 입주민의 주차 편의를 높일 계획이다. 모든 동은 필로티 설계를 적용해 저층 가구의 사생활 보호에 신경을 썼다. 가구마다 개별 창고가 제공돼 계절용품이나 부피가 큰 생활용품 등을 쉽게 보관할 수 있게 했다. 또 단지 전체에 실수요자들이 선호하는 판상형 맞통풍 설계를 적용했고, 일부 가구는 3면 개방형으로 설계해 채광이 잘되고, 탁 트인 개방감을 느낄 수 있다.
GS건설 관계자는 “이천에서 먼저 선보인 자이 단지들이 지역민에게 큰 인기를 끌었던 만큼 이천자이 더 레브도 프리미엄이 기대된다”며 “차별화된 상품성을 앞세워 지역을 대표하는 프리미엄 아파트 단지로 만들겠다”고 말했다."
https://www.chosun.com/economy/real_estate/2024/12/10/R46BGVLCGBDXTFMF3JZPFEXI6E/,"부동산 개발기업 HMG그룹이 서울 예술의전당 한가람미술관에서 내년 3월16일까지 ‘불멸의 화가 반 고흐’전(展)을 주최한다고 10일 밝혔다. 라이프스타일 기업으로의 변신을 선언한 HMG그룹이 김한모 회장 주도로 선보이는 문화예술 진흥 프로젝트의 하나다.
이번 전시회는 네덜란드의 크뢸러 뮐러 미술관 등이 소장한 원화 76점을 선보인다. 고가 작품들이 많아 보험총평가액이 1조원이 넘는 것으로도 화제가 되고 있다. 김한모 HMG그룹 회장은 지난달 말 열린 개막행사에서 “국내 문화예술 진흥에 기여하고자 이번 전시를 기획하게 됐다”며 “사회 여러 분야에서 선한 영향력을 미칠 수 있는 모범적인 기업이 되도록 힘쓰겠다”고 했다.
HMG그룹은 부동산 개발사업뿐만 아니라 지난 2019년 칸서스자산운용 인수를 시작으로 자동차 LED 전문기업 클라우드에어, F&B 분야 식음연구소 운영 등 비즈니스 영역을 확장하고 있다."
https://www.chosun.com/economy/real_estate/2024/11/04/KM2SKUJGTBEKXLAVC5NZ3BV7FQ/,"우미건설이 이달 울산광역시 중구 다운동에서 ‘다운2지구 우미린 어반파크’를 분양한다. 지난해 공급한 ‘다운2지구 우미린 더 시그니처’에 이은 후속 물량이다. 단지는 지하 2층~지상 25층 11동(棟), 총 731가구 규모로 조성된다. 전 가구가 수요자의 선호도가 높은 전용면적 84㎡로 구성됐다. 세 가지 주택형으로 전용 84㎡ A 타입 514가구, B 타입 120가구, C 타입 97가구다. 12일 특별 공급, 13일 1순위 청약을 접수한다. 당첨자 발표는 21일이다.
◇울산 내 최대 주거 단지 중심에 자리
단지가 들어서는 울산 다운2지구는 중구 다운동과 울주군 범서읍 일대에서 개발 중인 186만1246㎡ 규모 공공 택지다. 울산에서 단일 지역으로는 최대 규모 주거 단지로 향후 1만2400여 가구가 거주할 전망이다. 아파트 단지뿐만 아니라 교육·문화·상업·녹지 시설 등이 차례로 들어선다.
울산시는 다운2 지구를 각종 첨단 기술을 적용한 ‘스마트 도시’로 조성한다는 계획이다. 지난달 ‘다운2지구 스마트 도시 건설 사업 실시 계획’을 승인했고, 올해 말까지 교통·안전·환경 등 도시 서비스 15종을 도입해 정보통신 인프라를 구축하겠다는 구상이다. 울산시는 또 다운2지구 인근에 스마트 제조 업체와 기후 테크 기업을 집중적으로 육성하는 ‘다운 혁신융합 지구’ 개발 사업을 추진하고 있다. 한국생산기술연구원과 한국전자통신연구원 등 공공기관들이 이미 다운 혁신 융합 지구에 입주하겠다는 의사를 밝혔다. 울산시 계획대로 도시 인프라가 갖춰지고, 기업 유치가 마무리되면 주거와 일자리가 결합한 새로운 도심으로 떠올라 인구 유입과 부동산 가치 상승이 기대된다.
다운 2지구 한복판에 들어서는 우미린 어반파크는 단지 바로 앞에 역사 공원이 들어설 예정이며, 신설 예정인 유치원과 초·중·고등학교가 가깝다. 울산~부산 고속도로, 울산~포항 고속도로 등 다양한 교통망을 이용해 주변 지역으로 편리하게 이동할 수 있다. 앞으로 울산 외곽 순환도로, 다운2지구~성안교차로 등이 인근에 건설될 예정이라 교통 환경은 더욱 좋아질 예정이다.
◇다양한 테마 조경으로 주거 쾌적성 높여
단지는 우미건설이 전면 개편한 ‘린’ 브랜드가 적용된다. 전체 11동 중 6동을 정남향으로 배치했고, 동과 동 사이 거리가 넉넉해 개방감과 채광·통풍을 극대화했다. 단지는 다양한 주제로 꾸미는 조경 면적을 전체 부지의 30% 수준까지 올려 쾌적한 주거 환경을 갖추는 데 공을 들였다. 주민 편의 시설로는 스카이 라운지, 다목적 체육관, 게스트 하우스, 피트니스 클럽, 실내 골프 연습장, 탁구장 등을 갖췄다.
대다수 가구에 4베이(거실과 방 3개를 전면 발코니 방향으로 배치) 판상형 맞통풍 구조를 도입했다. 가족 구성에 따라 알파룸을 선택할 수 있다. 3면 발코니 등 특색 있는 공간 활용과 풍부한 수납 공간을 마련한 것도 눈에 띈다. 실내에 깨끗한 공기를 공급하는 환기 시스템과 홈 네트워크, IoT(사물인터넷) 등도 설치된다. 견본 주택은 울산광역시 중구 우정동 522-1번지, 한국석유공사 후문 맞은편에서 11월 중 개관 예정이다. 우미건설 관계자는 “차별화된 설계와 편의 시설로 울산 다운 2지구를 대표하는 아파트 단지가 될 수 있게 힘을 쏟겠다”고 했다."
https://www.chosun.com/economy/real_estate/2020/12/22/HHXCE5XH4RGFNCQDQ4DDRUFMNU/,"경남 창원시 의창구 동읍에는 공공 임대주택을 제외하고 대단지 아파트가 하나도 없다. 제일 큰 단지가 325가구 규모의 ‘삼진아파트’인데, 입주 30년이 넘은 낡은 단지여서 가장 큰 평형(전용면적 56㎡) 시세가 6000만원이 안 된다. 그런데 의창구가 지난 17일 투기과열지구로 지정되면서 동읍 지역도 서울·분당·세종과 같은 수준의 대출·세금 규제를 적용받게 됐다. 동읍의 한 주민은 “부동산 정책을 결정하는 사람이 단 한 번이라도 우리 동네에 와봤는지 궁금하다”고 말했다.
정부가 지난 17일 전국 37곳을 신규 규제 지역(투기과열지구·조정대상지역)으로 지정한 후 지방 중소 도시를 중심으로 불만 목소리가 터져 나오고 있다. 수도권과 비교하면 여전히 집값이 저렴한 편이고, 같은 지역에서도 동(洞)별로 제각각인 시장 상황을 무시하고 시·군·구 단위로 일괄 규제를 적용한 탓에 서민들만 피해를 본다는 것이다.
대표적인 곳이 비(非)규제 지역이다가 ‘조정대상지역’을 건너뛰고 단번에 ‘투기과열지구’로 지정된 창원 의창구다. 의창구 내에서 동읍·북면에 거주하는 주민들은 “아파트값이 턱없이 낮고, 미분양도 많은 허허벌판 시골을 무슨 근거로 투기과열지구로 지정했느냐” “탁상행정의 끝판왕” 등의 글을 국토교통부 홈페이지에 올리며 반발하고 있다. 실제로 의창구 동읍 ‘대한아파트’는 전용 59㎡ 아파트의 이달 실거래가가 6500만원이다.
조정대상지역으로 지정된 지역 주민들도 국토부 홈페이지나 청와대 국민청원 게시판, 지방자치단체 홈페이지에 항의 글을 올리고 있다. 경기도 양주 장흥면의 한 주민은 국토부 홈페이지에 “아파트라고는 달랑 빌라 몇 개 띄엄띄엄 있고, 건축 중인 빌라들도 80% 미분양”이라고 적었다. 전남 순천의 한 주민은 “비규제 지역 확인 후 아파트 분양권을 샀는데, 갑자기 조정대상지역으로 지정돼 대출이 막혔다”며 “투기꾼들은 이미 (차익 챙겨서) 튀고, 실거주자만 막대한 재산 피해를 본다”고 했다.
부산·대구 등 지방 광역시에서도 “집값이 비싼 다른 지역과 한꺼번에 묶여 같은 규제를 받는 건 불공평하다”는 불만이 쏟아지고 있다. 지난주 조정대상지역에 추가된 부산 사상구 거주 한 누리꾼은 “전용면적 84㎡가 1억5000만원 하는데 해운대·수영과 같은 규제 지역인 게 말이 안 된다”고 지적했다. 해운대·수영의 인기 아파트는 같은 면적 매매 가격이 10억원이 넘는다.
이번에 규제를 피한 지역에선 아파트 매물이 줄어들고 가격이 오르는 등 벌써 ‘풍선 효과’ 조짐이 나타나고 있다. 충남 천안과 인접한 아산이 대표적이다. 아산 배방읍 ‘요진와이시티’ 전용면적 84㎡는 규제 직전인 16일 5억8000만원에 거래됐지만 지금 호가(呼價)는 7억원으로 치솟았다. 경남 양산, 경북 구미, 강원 원주 등에서도 아파트값이 들썩이는 분위기다. 정수연 제주대 교수는 “집값이 이미 오를 대로 오른 뒤 뒤늦게 규제를 하는 정부 부동산 정책이 시장 상황을 계속 왜곡하고 있다”고 지적했다."
https://www.chosun.com/economy/real_estate/2021/04/23/4ZA33NOPKRENRFUXI6MI7PWACI/,"경기도에서 아파트 전셋값이 가장 비싼 지역은 성남시 분당구로 나타났다. 최근 1년 사이 전셋값이 가파르게 오르며, 기존 최고가 지역이던 과천을 4년 10개월 만에 제쳤다.
23일 KB부동산 주택가격동향에 따르면, 3월 기준 성남 분당구의 3.3㎡(평)당 아파트 평균 전셋값은 2643만원으로 과천(2631만원)을 제쳤다. 분당 아파트 전셋값은 1년 전보다 38%(729만원) 올랐지만, 과천은 오히려 2%(52만원) 내리며 두 지역의 전셋값이 역전됐다. 과천이 경기도 내 아파트 전셋값 1위에서 밀려난 것은 2016년 6월 이후 처음이다.
분당 전세 시장은 작년 7월 말 주택임대차법 개정 이후 매물이 급감했고, 두산중공업 같은 대기업 이전과 판교 IT 업계 근로자의 이주 수요가 가세하면서 전셋값이 가파르게 올랐다. 일례로 분당구 야탑동 ‘장미마을(동부)’ 전용면적 84.99㎡는 작년 3월 말 4억7000만원(5층)에 전세 거래가 됐지만, 올해 3월 중순엔 3억원 넘게 오른 7억8000만원에 계약됐다. 반면 과천은 작년부터 신규 대단지 아파트 입주 물량이 쏟아지면서 전셋값이 안정세를 보이고 있다."
https://www.chosun.com/economy/real_estate/2023/04/13/TRDG4P5RA5DTPLJZ4D2AUWOIP4/,"정자교 붕괴의 원인 중 하나로 부실한 유지 관리가 거론되면서, 전문가들 사이에선 “노후 인프라 시설의 유지 관리에 대한 투자를 확대해야 한다”는 지적이 나온다. 1기 신도시를 비롯해 대한민국 인프라의 상당수가 1980~1990년대에 집중 공급됐던 점을 감안할 때, 기반 시설들의 노후화에 대비하지 않으면 국민 안전이 위협받을 수 있다는 것이다. 당장 해외 선진국에 비해 턱없이 적은 관련 예산부터 늘려야 한다는 주문이다.
12일 국토교통부에 따르면, 작년 말 기준 전국 시설물 16만2481개 중 완공된 지 30년이 넘은 시설물의 비율은 17.3%다. 30년은 노후 시설물 여부를 판단하는 기준이다. 국토부는 이 비율이 5년 후 30%, 10년 후 45.7%로 높아질 것으로 전망했다. 2032년에는 전국 터널, 교량, 상하수도 등 인프라 시설의 절반이 노후 시설물이 된다는 뜻이다.
노후 시설물은 안전에 취약하기 때문에 점검과 유지 보수가 철저히 이뤄져야 한다. 시설물 관리 주체가 대부분 공공기관이나 지방자치단체이므로 관련 예산을 확보하는 것이 무엇보다 중요하다. 하지만 올해 SOC(사회간접자본) 예산 19조7378억원 중 유지 관리 예산은 23.4%(4조6098억원)에 불과하다. 신규 투자(15조1280억원)의 30% 수준이다. 최근 열수관 파열, 싱크홀 등 도심 안전사고가 잇따르면서 노후 인프라에 대한 관심이 높아진 덕분에 꾸준히 늘어나고 있지만, 아직 부족하다는 평가가 나온다.
해외 선진국들은 노후 인프라 대응에 더 적극적으로 나서고 있다. 일본 국토교통성은 지난해 노후 인프라 정비 예산으로 1조5360억엔(약 15조2331억원)을 배정했다. 신규 인프라 투자 예산(1조7556억엔)과 맞먹는다. 미국은 노후 인프라 개선에 1조2000억달러(약 1592조원)를 투입하는 법안을 2021년 통과시켰다. 조재용 대한건설정책연구원 책임연구원은 “우리나라도 향후 노후 인프라 대응 수요가 급증할 것으로 예상되는 만큼, 선제적 대응을 위해 충분한 예산을 미리 확보해야 한다”고 말했다."
https://www.chosun.com/economy/real_estate/2021/12/27/NS4XV4JRJFEBRJKVWNSXNN263Y/,"서울 집값이 지나치게 올랐다는 인식이 확산하는 가운데 대출 규제와 금리인상까지 더해지면서 서울 아파트 거래량이 역대 최저 수준으로 쪼그라들었다. 강북구, 중구 등 일부 지역에선 월 거래량이 5건도 되지 않아 사실상 거래가 끊기다시피 했다. ‘거래 절벽’을 넘어 ‘거래 빙하기’라는 평가가 나온다.
27일 서울시 집계에 따르면, 이날 기준 12월 서울 아파트 거래량은 338건이다. 작년 12월 거래량(7546건)의 5%에도 못 미친다. 아직 신고 기간(계약 후 30일)이 한 달가량 남았다는 점을 감안해도 매수 심리가 바닥인 상황이어서 1000건을 넘기긴 어려울 것이란 관측이 지배적이다. 서울시가 주택 거래를 집계하기 시작한 2006년 이후 거래량 최저 기록은 글로벌 금융위기 때인 2008년 11월의 1163건이다. 지금 추세가 이어진다면 역대 최저 기록을 갈아치울 가능성이 크다.
구별 거래량을 살펴보면 강북구와 중구가 각각 3건, 4건에 그쳤고 종로구(5건), 광진구(6건), 성동·용산구(각 7건)도 10건에 못 미쳤다. 가장 거래가 많은 강서구도 25건으로 전월(75건)의 3분의 1 수준이다.
문재인 정부 출범 후 서울 아파트 거래량은 월 평균 5000건 수준을 유지해왔다. 지난해에는 주택 공급 부족 불안감에 20~30대의 ‘패닉바잉(공황매수)’ 수요까지 가세해 6월과 7월엔 거래량이 1만건을 돌파하기도 했다. 올해 초 월 3000~5000건 수준을 유지하던 서울 아파트 거래량은 금융당국의 가계대출 규제가 시작되면서 9월 거래량이 2707건으로 뚝 떨어졌고 10월(2198건), 11월(1344건)에도 감소 추세가 이어졌다.
고종완 한국자산관리연구원장은 “매수심리가 위축되면 주택 거래가 줄어드는 게 당연하지만, 거래량이 너무 적으면 일부 특수 거래에 통계가 좌우되는 등 시장 왜곡이 나타나 수요자 혼란을 부추길 수 있다”며 “구매력 있는 실수요자 대상의 대출까지 과도하게 규제하는 것은 바람직하지 않다”고 말했다.
김학렬 스마트튜브 부동산조사연구소장은 “대출 규제로 인해 집을 사고 싶어도 못 사는 상황이 됐기 때문에 지금의 거래량 통계에 큰 의미를 부여하기는 어렵다”며 “은행 대출이 정상화되는 새해가 되고서도 거래 절벽이 이어질지 지켜봐야 한다”고 말했다."
https://www.chosun.com/economy/real_estate/2024/06/18/GNRIOLBIXVBK7L4MXKUZ4Z264Q/,"1만2000가구가 넘는 국내 최대 규모 재건축 아파트인 서울 강동구 ‘올림픽파크포레온(둔촌주공 재건축)’이 올해 말 입주를 앞두고 단지 내 중학교 신설 문제로 서울시와 갈등을 겪고 있다. 10대 인구가 줄어 중학교 설립이 어려워지자 서울시가 애초 중학교 자리로 비워둔 부지를 다른 용도로 전환하려 하기 때문이다. 입주 예정자들 사이에선 “중학교 신설 등 교육 여건이 좋아 분양받았는데, 입주를 몇 달 남기고 취소라니 황당하다”는 반응이 나온다.
저출생 여파로 학생 수가 줄면서 학교 신설 문제로 갈등을 겪는 재건축·재개발 사업지가 늘고 있다. 학교 신설 문제가 꼬이면서 신규 아파트 공급이 미뤄지거나, 학교를 새로 짓지 않았다가 아파트 입주 후에 과밀 학급이 되는 경우도 발생한다. 재건축·재개발로 도심 주택 공급을 원활히 진행하면서 학생 인구 감소에도 대응할 수 있는 유연한 대책 마련이 시급하다는 지적이 나온다.
◇재건축·재개발 발목 잡는 학교 문제
둔촌주공 재건축 조합은 2014년 서울시교육청과 학교용지 기부 채납 협약을 맺고 단지 안에 중학교 한 곳을 신설할 계획이었다. 그러나 2020년 교육부 중앙투자심사위원회가 학령인구 감소로 수요가 부족하다며 중학교 신설 ‘부적정’ 판정을 내렸다. 다른 중학교를 단지 안으로 이전하는 방안은 인근 주민 반발로 무산됐고, 서울시교육청은 ‘도시형 캠퍼스’ 형태로 중학교 분교 설립을 추진하기로 했다.
그러나 서울시교육청의 계획과 달리 서울시는 교육부 심사 결과에 따라 단지 내 부지를 학교가 아닌 ‘공공 공지’로 전환하는 것을 검토 중인 것으로 알려졌다. 입주가 임박한 시점에서 단지 내 학교용지를 미계획 토지로 남겨놓을 수 없다는 이유에서다. 학교만 세울 수 있는 학교용지와 달리 공공 공지는 공원·체육 시설, 주거 편익 시설, 상업·업무 시설 등 여러 용도로 사용할 수 있다.
서울시 방침에 조합원과 입주 예정자들은 반발하고 있다. 조합은 “1만2000여 가구에서 중학생이 최대 3000명이 될 수 있다는 추산도 나오는데, 인근 중학교로 분산 배치하기에는 학생 수가 너무 많아 중학교 신설이 꼭 필요하다”고 주장한다. 아파트를 분양받은 사람들은 “국내 최대 아파트 단지 안에 여학생이 다닐 중학교가 없는 게 말이 되느냐” “중학교가 새로 생긴다고 해 청약했는데 입주를 앞두고 날벼락 같은 소식”이라고 반발하고 있다.
현행법에 따르면, 300가구 이상 주택을 공급하는 사업자는 시·도 교육청과 협의해 적정한 학교용지를 확보해야 한다. 그러나 저출생 고착화로 학생 수가 줄어들면서 원래 계획했던 학교 설립이 취소되는 경우가 늘고 있다. 지난해 전국 초·중·고 학생 수는 520만9000명으로 5년 전(545만3000명)보다 25만명 가까이 줄었다.
서울 서초구 방배동 ‘디에이치방배’(방배5구역 재건축)는 지난해 일반 분양을 하려고 했으나, 초등학교 신설 문제가 발목을 잡으면서 분양 일정이 올해로 미뤄졌다. 3080가구 규모의 단지로 초등학교를 새로 지으려 했지만, 2022년 착공 후 교육부 반대로 학교용지에 다목적 체육 시설과 사회복지 시설을 짓기로 했다. 학교용지에 다른 시설을 지으려면 관련 인허가를 새로 받아야 해 분양 일정까지 늦어진 것이다. 서울 송파구 ‘잠실주공 5단지’와 은평구 ‘갈현1구역’ ‘응암2구역’ 등도 학교 신설 문제로 사업이 지연됐다.
◇잘못된 수요 예측에 ‘임시 교실’서 수업받기도
학교 신설을 취소했다가 낭패를 보는 경우도 있다. 지난해 3500가구가 입주한 대전 유성구 용산지구의 경우 교육청이 학생 수 예측을 잘못하는 바람에 일부 학생이 임시 모듈러 교실에서 수업을 받고 있다. 대전 교육청이 2019년 예상 학생 수가 480여 명에 불과하다며 초등학교 예정 부지를 없앴는데, 아파트 분양 때 신혼부부 특별 공급 물량이 늘면서 학생 수가 최대 1200여 명으로 불어난 탓이다.
수도권 1기 신도시와 서울 여의도·목동 등 대규모 재건축이 예정된 상황에서 학교 신설을 둘러싼 갈등은 지속될 전망이다. 한 정비업계 관계자는 “교육청이 학령인구 산정 근거를 투명하게 공개해야 잡음이 생기지 않을 것”이라고 말했다. 고종완 한국자산관리연구원장은 “저출생 상황에서 무작정 학교 신설만 고집할 수는 없는 일”이라며 “분교 형태의 도시형 캠퍼스 도입 절차를 간소화하고, 향후 학생 수요가 줄었을 때 지역 커뮤니티 시설로 학교를 활용하는 방안을 찾아야 한다”고 말했다."
https://www.chosun.com/economy/real_estate/2022/05/05/PM7YPZO2LNB4NHTECN2VQHHC6E/,"HDC현대산업개발(HDC현산)이 지난 1월 외벽 붕괴 사고가 발생한 광주광역시 서구 화정동 ‘화정 아이파크’에 대해 무너진 201동을 포함해 2개 단지 8개 동(棟) 847가구 전체를 철거하고 새로 짓기로 결정했다.
정몽규 HDC그룹 회장은 4일 오전 서울 용산구 아이파크몰 HDC현산 본사에서 기자회견을 열고 “사고 후 4개월째 피해 보상을 위한 대화를 이어왔지만 입주 예정자들의 불안이 계속되고 회사 또한 신뢰 회복에 어려움을 겪고 있다”며 “입주 예정자들의 요구를 전면 수용해 8개 동을 모두 철거하고 새로 짓기로 했다”고 밝혔다.
당초 HDC현산은 정밀안전진단을 받은 후 전체 또는 일부 동의 재시공 여부를 결정할 계획이었다. 하지만 입주 예정자들이 불안감을 호소하고, 최근 윤석열 대통령 당선인을 비롯한 정치권 인사들이 잇따라 유족 및 입주 예정자들을 만나면서 대응에 나서자 전면 재시공하는 방향으로 입장을 정한 것으로 관측된다.
HDC현산은 화정 아이파크 철거 및 재시공에 약 70개월(5년 10개월)이 걸리고, 총 3700억원의 비용이 발생할 것으로 추산했다. 정 회장은 “고객과 국민의 신뢰를 얻지 못한다면 회사의 존립 가치가 없다고 생각한다”며 “앞으로도 안전에 관해서라면 회사에 어떤 손해가 있더라도 고객과의 약속을 지킬 것”이라고 말했다.
HDC현대산업개발이 화정 아이파크 전면 재시공을 결정하면서 4개월 가까이 평행선을 달려오던 입주 예정자와의 피해 보상 협상을 마무리하고 철거 등 후속 작업을 본격화할 수 있을 것으로 전망된다.
HDC현산은 화정 아이파크 철거 및 재시공 비용, 입주 지연에 따른 지체보상금(납부한 분양대금의 6.48%를 매년 지급) 등 총비용으로 3700억원을 책정했다. 1700억원은 작년 실적에 손실 추정액으로 미리 반영했고 이날 추가로 2000억원을 더 책정했다. 한 건의 부실공사 사고로 인해 작년 연간 영업이익(2734억원)보다 많은 손실을 떠안게 된 것이다. 화정 아이파크의 총공사비는 2557억원이었다.
건설업계 일각에서는 “존폐 기로에 서 있는 HDC현산이 차기 정부를 의식해 결단을 내린 것”이란 해석도 나온다. HDC현산은 지난해 광주 학동 재개발 현장 붕괴 사고로 이미 8개월 영업정지 처분을 받은 데 이어 화정 아이파크 사고로 인해 최악의 경우 건설업 면허 등록 말소 처분까지 받을 수 있는 상황에 처해 있다.
이런 가운데 지난달 19일 윤석열 당선인과 인수위 위원들이 화정 아이파크 유족 및 입주 예정자들을 만났고, 29일에는 원희룡 국토교통부 장관 후보자가 “이런 일이 다시 일어난다면 기업은 망하고 공무원은 감옥에 가야 한다”며 강하게 질타했다. 한 대형 건설사 임원은 “안전진단도 하지 않고 모든 동을 새로 짓는 것은 합리적인 판단이라 보긴 어렵다”면서도 “입주 예정자들과의 갈등이 지속되면서 발생하는 기업 이미지 하락과 정치권 압박, 중징계 위험 등 여러 요소들을 감안해 판단을 한 것 같다”고 말했다.
HDC현산의 전면 재시공 방침에 대해 입주 예정자들은 “현산 측에서 추가 사업비로 2000억원이나 책정해 놀랐다”며 환영하는 분위기다. 이승엽 화정 아이파크 예비입주자대표회의 대표는 이날 본지 통화에서 “많이 늦기는 했지만 대환영”이라면서 “입주 예정자들로부터 ‘이제 안전한 집으로 이사 갈 수 있게 됐다’며 안도하는 전화를 많이 받았다”고 말했다. 예비 입주자들의 소셜미디어(SNS) 대화방에서도 전면 재시공 발표 소식이 하루 종일 화제가 됐다. “앞으로 (입주까지) 6년 가까운 시간을 더 기다려야 한다니 막막하다”는 반응도 있었다. 원희룡 후보자도 이날 정몽규 회장의 기자회견 직후 SNS에 관련 기사를 공유하며 “현대산업개발의 고뇌에 찬 결단이 우리나라의 안전 문화를 획기적으로 높이는 계기가 되길 바란다”고 썼다."
https://www.chosun.com/economy/real_estate/2020/09/11/6HE3SCGVZVEOVEWGTRYXOW7T4Y/,"대림산업은 10일 이사회를 열고 지주사·건설·석유화학 등 3사로 분리하는 방안을 의결했다고 밝혔다. 대림산업을 존속 법인인 지주회사 디엘 주식회사(가칭)와 건설회사 디엘이앤씨(가칭), 석유화학 회사 디엘케미칼(가칭)로 분할하는 것이다. 대림산업은 12월 4일 임시 주주총회를 거쳐 내년 1월 1일 지주회사를 출범시킬 계획이다.
대림산업을 디엘과 디엘이앤씨로 인적 분할하고, 디엘에서 디엘케미칼을 물적 분할하는 구조다. 디엘과 디엘이앤씨는 기존 주주가 지분율(디엘 44%, 디엘이앤씨 56%)에 따라 새 회사의 주식을 나눠 갖게 된다. 디엘케미칼 주식은 100% 디엘이 갖는다.
대림산업 관계자는 “그동안 성격이 다른 건설 사업과 석유화학 사업이 각각 독립적으로 성장할 수 있는 최적의 시점을 모색해왔다”며 “기업 분할을 통한 개별 성장 전략으로 주주 가치를 높이고, 주주 이익 극대화를 실현하기 위한 것”이라고 배경을 설명했다.
지주사인 디엘은 앞으로 계열사별 독자 성장 전략을 지원·조율하는 역할에 집중하기로 했다. 디엘이앤씨는 디지털 전환을 가속해 생산성을 더욱 높이고, 디벨로퍼 중심의 사업자로 성장한다는 계획이다. 디엘케미칼은 윤활유와 의료용 신소재 사업 진출 등을 통해 글로벌 톱 20위 석유화학 회사로 발돋움한다는 목표를 세웠다."
https://www.chosun.com/economy/real_estate/2022/09/27/N52A3APYLBF37MNFMQM3NRC7SE/,"GS건설이 충청북도 음성군 금왕읍 일대 금왕도시개발지구에서 ‘음성자이 센트럴시티’를 분양한다. 이 아파트는 지하 3층~지상 27층 16개동 전용면적 59~116㎡ 총 1505가구다. 총 11개 주택형 중 전용면적 116㎡PHA(4가구)와 116㎡PHB(1가구)는 펜트하우스로 조성한다. 음성군에 분양하는 첫 자이 브랜드 단지이며 음성군 최대 규모다.
음성군에 짓는 아파트 중 처음으로 스카이라운지를 조성해 병막산과 도심을 조망할 수 있도록 했다. 지상에는 게스트하우스 3개실을 만들어 숙소나 파티장으로 쓸 수 있다.
입주민 커뮤니티센터에는 피트니스룸, GX룸, 필라테스룸, 골프연습장, 남녀사우나, 작은도서관, 독서실, 다목적실, 키즈놀이터, 카페테리아 등이 들어선다. 카페테리아에서는 커피와 다과를 즐길 수 있다. 분양회사 관계자는 “작은도서관은 교보문고가 북 큐레이션을 통해 엄선한 책을 비치하고, 교보문고를 상징하는 향기와 조명시설을 갖춘다”고 했다.
단지 반경 1㎞ 이내에 용천초, 무극중, 금왕교육도서관 등 교육시설과 하나로마트, 제일조은병원, 시외버스임시정류소 등이 있다. 단지 북측에 병막산이 있고 용담산근린공원, 금왕금빛근린공원, 응천 등을 걸어서 이용할 수 있다. 단지에서 약 5㎞ 거리에 금왕산업단지, 금왕농공단지, 금왕테크노밸리, 성본산업단지 등이 있어 배후 주거 수요가 많다는 평가다. 중부고속도로, 경부고속도로 등과 연계되는 평택~제천고속도로 음성 IC가 단지에서 가깝다.
분양회사 관계자는 “음성자이 센트럴시티는 계약하면 바로 전매가 가능하다”면서 “유주택자와 세대원도 청약 신청할 수 있고 재당첨제한이 없다”고 했다. 중도금 무이자 융자 혜택과 발코니 무상 확장을 제공한다. 1차 계약금 1000만원 정액제도 실시한다.
다음달 4일 특별공급을 시작으로 5일 1순위 청약을 받는다. 당첨자 다음달 14일 발표하며 정당계약은 같은 달 25~27일 진행한다. 견본주택은 충북 음성군 맹동면 두성리에 있다."
https://www.chosun.com/economy/real_estate/2021/07/08/ABFPWFLLY5DC5NNSPE6EW23J2M/,"㈜한양은 주택사업 경쟁력 강화를 위해 아파트 브랜드 ‘수자인’ 로고 디자인을 9년 만에 전면 개편하고, 부산 에코델타시티(558가구) 등 올해 하반기 분양 예정 단지부터 차례로 적용한다고 7일 밝혔다."
https://www.chosun.com/economy/real_estate/2024/07/17/BVEUWDOVWJE6TB2BGIU64ERNCY/,"서울과 경기도에서 몇 달째 미분양으로 남아있던 아파트들이 속속 주인을 찾고 있다. 신축 아파트 공급이 줄어든 가운데 서울을 중심으로 분양가와 집값이 치솟자 미분양 아파트로 눈을 돌리는 실수요자들이 늘어난 영향이다. 수도권에서 ‘대출을 끌어서라도 지금 집을 사는 게 낫다’라는 분위기가 확산하는 것과 무관치 않다. 서울과 수도권 일부 지역에서 나타나는 양상으로 지방에선 여전히 미분양 물량이 계속 쌓이고 있다.
16일 한국부동산원 청약홈에 따르면, 지난 9일 진행된 서울 동작구 ‘상도 푸르지오 클라베뉴’ 8차 무순위 청약은 14가구 모집에 1208건이 접수되면서 경쟁률 86대1을 기록했다. 올해 3월 준공된 이 단지는 작년 9월 일반 분양 때 1·2순위 청약 경쟁률이 14대1을 기록했으나, 당첨자들이 대거 계약을 포기하면서 전체 771가구 중 197가구가 미분양으로 남았다. 지하철역도 멀고 경사진 부지에 있는데도 분양가가 전용 84㎡ 기준 최고 13억9300만원으로 주변 시세보다 비싼 탓에 수요자들로부터 외면을 받았다. 미분양 물량을 ‘줍줍’이라고 하는 무순위 청약을 통해 처분하려 했지만, 7번이나 청약을 접수해도 반응이 신통치 않았다. 그러다가 최근 서울 아파트 값이 16주 연속 오르고, 평균 분양가가 3.3㎡당 4000만원을 돌파하자 8번째 무순위 청약에 수요가 대거 몰리면서 ‘완판(100% 계약)’을 앞두게 됐다. 시공사 관계자는 “이번 주 안에 미분양 제로가 예상된다”고 말했다.
경기도 광명시 ‘트리우스 광명’도 작년 10월 분양 이후 9개월 만에 완판에 성공했다. 전용 84㎡ 최고 분양가가 11억5380만원으로 광명뉴타운 내 다른 분양 단지보다 1억원 넘게 비싸 730가구 중 105가구가 미분양으로 남았다. 이 단지도 지난 2일 6번째 무순위 청약에서는 경쟁률이 63대1을 기록하며 미분양 물량을 모두 소진했다. 이 밖에 경기 용인시 ‘영통역자이 프라시엘’, 파주시 ‘힐스테이트 더 운정’ 등도 고분양가 논란을 딛고 완판에 성공했다. 분양업계 관계자는 “올해 초만 해도 ‘너무 비싸다’며 외면하던 수도권 수요자들이 아파트 값 상승세가 심상치 않자 ‘저 정도면 사는 게 낫겠다’고 분위기가 바뀐 것”이라고 했다."
https://www.chosun.com/economy/real_estate/2021/08/17/LVSANS42RFCTBMM6OTS3UEBZHA/,"지난달 수도권 전세값이 0.79% 올라 올 들어 최고 상승률을 기록한 것으로 나타났다. 임대차 3법으로 인해 전세 매물 부족 현상이 나타나는 상황에서 방학 이사 수요, 정비 사업 이주 수요 등이 겹치며 값을 끌어 올렸다는 분석이다.
17일 한국부동산원이 발표한 ‘7월 전국 주택가격 동향조사’에 따르면 수도권 전세값은 0.79% 올라 지난달 0.55%보다 0.24%포인트 상승했다. 이는 지난 2월 기록한 0.72% 상승률을 넘는 것으로 올 들어 최대 상승 수치다. 서울 전세값도 0.49% 올라 지난달(0.36%)보다 0.13%포인트 올랐다. 정비사업에 따른 이주수요가 있는 서초구(0.89%), 학군 수요가 많은 송파구(0.74%), 강동구(0.73%), 양천구(0.72%)의 상승률이 높았다. 지방도 지난달 0.37%에서 0.41%로 상승폭이 확대됐다.
매물 부족 현상은 월세 가격 상승도 부추기고 있다. 수도권(0.17→0.25%)과 서울(0.10%→0.14%), 지방(0.11%→0.14%) 모두 지난달보다 상승폭이 확대됐다. 정부는 임대차법 시행 1년 만에 전·월세 계약 갱신율이 평균 77.7%로 직전 1년 평균 57.2% 대비 대폭 늘어났다고 자화자찬하고 있지만, 실제론 전·월세 가격이 꾸준히 상승해 주거 안정과는 괴리가 있다는 게 전문가들의 공통된 견해다.
매매 가격도 불안정하긴 마찬가지다. 재건축 단지를 중심으로 매수세가 몰리면서 집값이 잡히지 않는 분위기다. 노원(1.32%), 도봉(1.09%)을 필두로 한 서울 주택 매매가격은 0.6% 올라 지난해 7월(0.71%) 이후 최고 상승률을 기록했다. 수도권은 1.17% 올라 두 달 연속 상승폭을 확대했다."
https://www.chosun.com/economy/real_estate/2021/11/03/2D27JOGJK5FSZLPIYWJXHHVUUA/,"서울 지하철 3호선 신사역 인근에 들어서는 ‘신사역 멀버리힐스’가 상업시설 2차 분양과 임대를 진행하고 있다. 서울 서초구 잠원동 27-4번지 일대에 들어서는 신사역 멀버리힐스는 지하 8층~지상 최고 14층 2개 동 규모로 주거시설과 병원·상가가 한곳에 모인 복합 단지이다. 지하 8층~지상 13층짜리 주거용 동은 오피스텔 83실과 도시형 생활주택 12실이 들어선다. 바로 옆 상업·근린생활시설 동에는 메디컬 타워와 각종 편의시설이 들어선다.
신사역 멀버리힐스는 교통 호재가 예정돼 유동 인구가 더욱 늘어나는 핵심 입지에 들어선다. 내년 예정된 신분당선 신사역이 개통되면 신사역은 지하철 3호선, 7호선, 9호선이 모두 지나는 교통 요충지가 된다. 위례중앙광장에서 송파구와 강남구를 가로지르는 위례신사선은 이르면 2027년 신사역까지 연결될 예정이다. 역세권 상가라는 장점 덕분에 1차 분양 때는 최고 61대 1의 경쟁률을 기록했다. 2차 상가 청약에서도 일부 층은 이미 완판됐다.
최근 강남 일대 오피스 공실률이 낮아지고 있다는 점도 호재다. 판교·분당권 오피스 공실률이 0%를 기록하면서 사무실을 찾은 기업들이 강남·여의도 등 서울 오피스·상가로 눈을 돌리고 있다. 분양 관계자는 “최근 오피스 수요가 높아지면서 역세권 상가에 들어서려는 스타트업과 기업들이 많다”며 “교통이 편리한 신사역 인근에 새로 공급되는 상가에 대한 선호도 높은 것으로 보인다”고 말했다.
신사역 멀버리힐스는 하나자산신탁이 시행하고 롯데건설이 시공을 맡았다. 자세한 내용은 공식 홈페이지나 전화로 문의할 수 있다. 1600-3216"
https://www.chosun.com/economy/real_estate/2023/08/27/Y3RCSUFUNNBDJBMIVKHLBZR3IY/,"“50년 만기 주택담보대출(주담대)을 만 34세 이하로 제한한다고요? 생애 최초로 집을 구매하는 연령이 30대 후반~40대 초반입니다. 사업체 물려받은 금수저거나 사업 성공한 영앤리치 전용 상품으로 만들겠다는 소리밖에 안 됩니다.”
우리나라에서 올해 처음으로 만기 50년의 초장기 주담대 상품이 출시한 가운데, 정부 입김으로 만기별 나이를 만 34세까지 제한하려 하자 중장년층 역차별 논란이 불거지고 있다. 금융당국은 치솟는 가계 빚을 나이 제한을 통해 조절한다는 구상이지만, 차주들 사이에서는 ‘이해하기 힘든 엉터리 정책’이라는 혹평이 나온다.
■금융당국 엄포에…벌써 ‘만 34세 이하’ 연령제한 둔 은행도
24일 은행권에 따르면 카카오뱅크는 50년 만기 주담대 상품은 만 34세 이하만 선택할 수 있도록 하는 만기별 연령 조건을 신설했다. 45년 만기는 만 35세~39세만, 40년 만기는 만 40세 이상만 선택할 수 있다. 15ㆍ25 ㆍ 35년 만기는 만 19세 이상이라면 모두 선택할 수 있다. 새로운 조건은 25일 신청·약정 건부터 적용한다. 앞서 카카오뱅크는 지난 10일 주담대 만기를 최장 45년에서 50년으로 늘리면서, 45년 만기에 있던 ‘만 39세 이하’ 조건을 없앴다.
금융당국이 연령 제한 없이 50년 만기 주담대를 내준 은행들을 문제 삼은 뒤 나온 후속 조치다. 앞서 금융당국은 주담대 관리 강화 계획을 밝히면서, 50년 만기 주담대를 차주별 총부채원리금상환비율(DSR) 규제 우회 수단으로 활용하고 있다고 지적했다. 일할 수 있는 기간이 길지 않은 중장년층 이상의 경우, 만기가 긴 대출 상품을 이용하는 건 적절치 않다는 주장이다.
김주현 금융위원장은 지난 16일 “50년 만기 주담대에 대해 연령제한 방안 등을 검토하겠다”고 언급했다. 이복현 금감원장도 같은 날 “은행들이 주담대 산정에서 DSR 관리가 적정했는지 실태점검을 할 예정”이라며 경고했다.
금융당국 지적에 은행권은 하나둘 50년 주담대 판매를 중단하거나, 연령 제한을 설정하는 분위기다. NH농협은행과 BNK경남은행은 50년 만기 주담대 판매를 중단한다고 발표했다. BNK부산은행은 50년 만기 주담대 출시 일정을 재검토하기로 했다. Sh수협은행과 대구은행은 50년 주담대에 ‘만 34세 이하’ 연령 제한을 두기로 했다.
■ “쥐꼬리 대출이 가계 대출 빚 원흉? 사회주의 계획경제가 따로 없네” 비판
35세 이상 차주들은 초장기 주담대의 도입 취지가 고금리 시기에 원리금 부담을 덜어주기 위한 것인 만큼 ‘연령에 따른 역차별’이라고 반발하고 있다. 온라인 커뮤니티에서는 ‘나이 제한은 세대 갈등만 부추기는 터무니없는 엉터리 정책’이라는 의견이 나온다. 정부가 총부채원리금상환비율(DSR) 40%ㆍ 주택담보대출비율(LTV) 50%라는 깐깐한 기준을 세워놓고 대출 부실을 걱정한다는 것이 말이 안 된다는 것.
지난 19일 네이버 카페 부동산스터디에는 ‘50년 주담대 나이 제한이 웃기는 이유(사회주의 방식)’라는 글이 올라왔다. 글쓴이는 “은행 대출에 만기 설정은 사실 원금과 이자의 스캐쥴 관리 목적이지, 이렇게 타이트한 DSR이 부실의 원인이 될 수는 없다”고 말했다. 애초에 DSR 40% 전제라 만기를 늘려서 원리금이 줄어들기 때문에 대출 원리금으로 개인이 파산하기는 쉽지 않다는 지적이다.
이어 그는 “집 사는 평균 나이를 고려하지 않고 만 34세로 제한한 건 금수저 전용 상품이라는 의미”라며 추가로 후순위 받아서 사업하다 망하거나 일자리를 잃었을 때 발생하는 정도의 부실을 우려한다며 국가에서 나이 등을 제한하는 것은 사회주의 계획경제에서나 볼 수 있다”고 덧붙였다.
■ 日 등 선진국 50년 만기, 스웨덴은 105년도…”국가 개입은 오버”
특히 해외 선진국의 경우 만기가 50년을 넘어 100년 이상인 주담대 상품도 있어 금융당국의 대처는 더욱 빈축을 사고 있다. 일본, 스페인, 프랑스, 포르투갈에서는 50년 만기 주담대 상품이 활성화해 있고, 핀란드는 60년, 스웨덴은 105년까지의 상품도 있다.
만기가 50~60년을 넘는 일부 상품은 자손이 이어받아 돈을 갚는 구조로까지 설계돼 있다. 월 이자 부담 상환을 덜어내려는 수요가 늘면서 초장기 주담대 상품이 늘어났다는 분석이 나온다. 일부 네티즌들은 관련 내용에 “이자 비중이 높더라도 월 상환 부담이 적은 것이 낫다는 수요자가 존재한다면 은행이 내주면 될 일” “개인이 책임질 부분까지 국가가 이래라저래라해서는 안 된다”고 댓글을 달았다.
반발이 거세지며 금융당국도 새 가이드라인을 바꿀 수 있다는 전망도 나온다. 은행권 관계자는 “금융당국은 내주 50년 주담대 상품 관련 가이드라인을 내놓을 전망”이라면서 “4개 시중 은행을 중심으로 정부의 새 가이드라인을 따라갈 것”이라고 말했다. 익명의 금융 전문가는 “만 34세 이하라는 기준으로 인해 반발이 커지면서 정부도 이를 의식하고 있을 것”이라면서 “정부 가이드라인에 나이 제한 내용은 빠진다는 얘기도 돌고 있다”고 말했다."
https://www.chosun.com/economy/real_estate/2021/04/27/M3ASQQKCWZAYFCK42KKBCGPRNU/,"작년 7월 말 계약갱신청구권과 전·월세 상한제를 담은 주택임대차보호법을 시행한 이후 9개월간 세종시 전셋값이 무려 50% 가까이 폭등한 것으로 나타났다. 같은 기간 서울에서도 고가 주택이 많은 서울 강남권보다 노·도·강(노원·도봉·강북구) 같은 강북권 주거 지역의 전셋값이 더 가파르게 올랐다. 세입자의 주거 안정을 위해 도입한 전·월세 규제가 부유층보다 무주택 서민의 주거비 부담을 더 큰 폭으로 늘린 역설적 결과를 낳은 것이다.
◇강남·서초보다 노·도·강 전세 더 올랐다
27일 KB국민은행의 월간주택가격동향에 따르면, 이달(12일 기준) 서울 전용면적 85㎡(공급 면적 32~34평형) 아파트의 평균 전셋값은 5억9892만원으로 임대차법이 개정된 작년 7월(4억8800만원)보다 22.7% 올랐다.
지역별로 동대문구(28.4%)의 상승률이 가장 높았고 도봉(28.3%), 노원(27%), 금천(25.8%), 성북(25.6%), 은평(25.1%), 강북(23.7%)처럼 서울에서 상대적으로 아파트값이 저렴한 지역에서 전셋값이 가파르게 올랐다. 반면 전셋값이 가장 비싼 강남(18.9%), 서초(17.9%)의 상승률은 서울 평균을 밑돌았다.
전문가들은 임대차법 개정 후 서민 주거지의 전셋값이 더 많이 오른 원인으로 ‘연쇄 효과’를 꼽는다. 계약갱신청구권과 전·월세 상한제로 전세 매물이 급감해 가격이 오르자 강남 3구와 마·용·성(마포·용산·성동구) 같은 인기 주거 지역 세입자들이 주변으로 밀려났고, 그 여파가 서울 외곽 서민 주거지로 연쇄적으로 밀어닥치며 충격이 증폭했다는 것이다. 자녀 교육 같은 이유로 비강남지역 자택은 세를 주고 강남에서 고가 전세를 사는 사람들을 통해 집값 비싼 지역의 전세금 인상 여파가 전세금이 상대적으로 싼 지역으로 확산하면서 무주택 서민들의 부담이 더 커진 결과가 나타난 것이다.
‘5% 상한’ 조건으로 계약갱신청구권을 행사한 세입자도 재계약 기간이 끝나면 주변 시세에 맞춰 전세금을 대폭 올려주거나 외곽으로 거주지를 옮겨야 하기 때문에 주거가 불안정하긴 마찬가지다. 노원구 상계동의 한 공인 중개업소 관계자는 “최근 전세를 구하는 사람 대부분이 도심에서 밀려나온 무주택자”라며 “서울 외곽에서도 전세를 못 구하는 사람들은 경기도로 나갈 수밖에 없다”고 말했다.
심교언 건국대 교수는 “정부·여당이 시장 상황에 대한 진지한 고민 없이 임대차법 개정을 강행할 때부터 주거 취약 계층이 더 피해를 볼 수 있다는 우려가 컸다”며 “주택 매매와 전·월세 시장은 무수히 많은 사람이 유기적으로 연결돼 변화하기 때문에 단순히 ‘임대인 대 임차인’으로 나누는 이분법적 정책은 효과를 거두기 어렵다”고 말했다.
◇입주 끝난 세종, 집값 이어 전세도 폭등
임대차법 개정 후 전국적으로는 세종시의 전셋값이 가장 많이 오른 것으로 나타났다. 전용 85㎡ 아파트 평균 전셋값이 작년 7월 1억8020만원에서 이달 2억6533만원으로 9개월 만에 47.2% 올랐다. 문재인 정부가 출범한 2017년 5월부터 작년 7월까지 38개월 동안 상승률(12.2%)의 4배나 된다.
세종시 전셋값이 단기간에 급등한 이유로는 매매 가격보다 전셋값이 지나치게 낮다는 점이 꼽힌다. 한국부동산원 집계에 따르면 지난해 7월 세종시의 아파트 전세가율(매매 가격 대비 전세 가격 비율)은 48.8%로 전국 평균(70.2%)보다 20%포인트 이상 낮다. 최근 전셋값이 급등하며 전세가율이 이달 60.9%까지 높아졌지만, 전국 평균(70.4%)보다는 아직 낮다.
이상우 인베이드투자자문 대표는 “세종시는 행정수도 이슈 등으로 매매 가격은 급등했지만, 새 아파트 입주가 꾸준히 이어지며 전셋값은 장기간 안정적이었다”며 “2019년 대단지 아파트 입주가 마무리된 상황에서 임대차법 개정까지 이뤄져 전세 공급이 급감했고, 대전·공주 등 주변 지역에서 세종으로 밀려드는 전세 수요가 꾸준해 전셋값이 더 오를 가능성이 크다”고 말했다."
https://www.chosun.com/economy/real_estate/2022/07/04/XDUGWAFDEFE4DLS4BOBNVHTV6I/,"“건설 노조로부터 2년간 보복을 당하면서 회사는 도산했고, 수억원의 빚을 졌습니다. 조폭도 이렇진 않을 겁니다.”
6월 말 서울의 한 커피숍에서 만난 김대훈(40)씨는 “지금 이 순간에도 노조의 횡포에 고통받고 있을 건설 근로자들을 생각하면 피가 거꾸로 솟는다”고 말했다. 비계(飛階·작업자 이동용 간이 철제 구조물) 시공업체를 운영하던 김씨는 작년 초 경남 거제에서 진행 중이던 일감을 빼앗겼다. 그 배후에 민주노총 산하 건설노조가 있다는 것을 알게 된 김씨는 노조 관계자를 경찰에 고소했고, 그때부터 그야말로 지옥 같은 생활이 시작됐다. 노조는 김씨에게 비계 설치 일감을 주는 건설사마다 찾아다니며 작업 중단과 업체 변경을 강요했다는 것. 말을 듣지 않는 건설사가 있으면 조합원들을 동원해 공사 현장을 점거했다고 한다. 그는 “2015년 창업해서 벌어들인 수익이 7억원 정도 되는데 노조한테 찍히고 나서 적자만 15억원”이라며 “빚을 갚기 위해 회사를 폐업하고 집도 처분했다”고 말했다.
20대 초반부터 건설 현장 근로자로 일했던 김씨는 10년간 일하면서 쌓은 기술로 비계 시공 업체를 차렸다. 오랫동안 함께 손발을 맞춘 근로자들 덕분에 솜씨가 좋다는 평가를 받았다. 회사가 자리를 잡자 김씨는 2020년 동갑내기 여자친구와 늦깎이 결혼을 했고, 부산에 신혼집을 마련했다. 하지만 노조의 보복이 시작되면서 대학교수를 준비하던 아내는 요즘 마트에서 일하며 생활비를 벌고 있다. 김씨와 팀을 꾸려 일했던 동료들도 노조의 방해로 일거리를 못 구해 생활고에 시달리고 있다.
김씨는 “건설 현장은 노조가 장악한 무법천지”라며 “사회적 약자의 이익을 대변한다는 노조가 오히려 힘없는 동료 근로자와 영세 자영업자를 겁박하는 데 앞장서고 있다”고 말했다.
김대훈<사진>씨도 처음부터 노조와 싸울 의도는 없었다. 하지만 자기가 정당하게 수주한 일감을 노조에서 통째로 빼앗아가려고 하자 ‘해도 해도 너무한다’는 생각에 법적 대응에 나섰다. 김씨가 경찰에 제출한 통화 녹취록을 보면, 민주노총 관계자는 김씨에게 “우리는 (당신의) 수주 자체를 인정하지 않는다”며 “D사(발주처)를 찾아가서 강하게 얘기할 것”이라고 했다. 건설사를 압박해 계약을 파기시키겠다는 의미로 노조가 건설 현장의 하도급 계약을 좌지우지하는 실상이 그대로 드러난 것이다. 김씨는 “지금처럼 노조가 활개를 친다면 정직하게 일하는 사람은 사라지고 건설 비용이 치솟아 그 피해가 국민에게 돌아갈 것”이라고 말했다.
건설업은 인력(人力) 의존도가 높고 안전사고 위험도 큰 탓에 전통적으로 노조의 입김이 강한 업종으로 꼽힌다. 인원수가 많고 국민 주거와 직결되는 건설 현장을 마비시킬 수 있기 때문에 정부나 정치권도 건설 노조에는 소극적으로 대응해왔다.
정부가 건설 노조의 불법 행위를 근절하기 위해 작년 10월부터 대대적인 현장 점검을 벌이고, 올해 3월 관련 대책도 내놨지만, 현장에서 체감하는 노조의 횡포는 전혀 나아지지 않고 있다. 일감 요구, 공사 현장 점거, 태업 등으로 건설사를 괴롭혀 굴복시키는 ‘구태(舊態)’가 뿌리 깊게 자리를 잡은 탓이다. 경찰 관계자는 “일부 지역에선 특정 노조가 건설 공사를 올스톱시킬 수 있는 핵심 공정을 완전히 장악하고 있어 대형 건설사도 눈치를 볼 수밖에 없는 상황”이라고 말했다.
건설 노조의 불법 행위는 문재인 정부 때 가파르게 늘었다. 경찰청 통계에 따르면, 2016년 2598건이던 건설 현장 집회·시위가 지난해 1만3041건으로 5배 가까이 급증했다. 하나의 현장에서 이권을 두고 여러 노조가 대립하는 ‘노노(勞勞) 갈등’도 갈수록 심각해지고 있다. 그러나 이들의 불법 행위에 대한 처벌은 말 그대로 ‘솜방망이’다. 경찰이 지난해 10월부터 올해 3월까지 143명의 건설 노조 관계자를 검찰에 송치했지만, 실제 처벌은 구속 2명, 과태료 부과 6건(9000만원)에 그쳤다."
https://www.chosun.com/economy/real_estate/2022/01/18/KDLKQYKIDVBLHKT2BDAXGJQW6Y/,"국내 6위 건설사 현대엔지니어링이 다음 달 15일 증시에 상장한다. 현대엔지니어링은 정의선 현대차그룹 회장이 지분 11.7%를 보유하고 있는 알짜 기업으로, 증권가에서는 상장 후 몸값이 10조원에 달할 것이란 전망도 나오고 있다. 현대엔지니어링은 이번 상장으로 자금 최대 3000억원을 조달, 탄소 포집⋅청정 수소 생산 등 미래 신사업에 투자할 계획이다.
재계에서는 현대엔지니어링 상장이 현대차그룹 지배 구조 개편의 신호탄이 될 것이란 관측도 나온다. 정 회장이 현대엔지니어링 지분 일부를 매각해 조달하는 최대 4000억원의 자금을 지분 승계에 활용한다는 것이다. 증권가에서는 “현대엔지니어링 입장에선 정 회장의 지분 매각으로 인한 논란을 우려해 기업 가치 제고와 주가 관리에 상당히 신경을 쓸 수밖에 없을 것”이라는 말이 나온다.
현대엔지니어링은 내달 3~4일 공모주 청약을 받고 15일 코스피 시장에 상장된다. 현대엔지니어링이 지난달 금융위원회에 제출한 증권신고서에서 밝힌 공모 희망가는 주당 5만7900~7만5700원. 이 금액을 기준으로 계산한 시가총액은 4조6300억~6조500억원이다. 현재 건설업종 1위 현대건설의 시가총액(14일 종가 기준 4조8607억원)을 뛰어넘는 금액이다. 공모가는 이달 25~26일 기관 투자자 대상 수요 예측을 통해 최종 확정된다.
증권신고서에 따르면, 이번 공모로 풀리는 주식은 총 1600만주로, 정의선 회장이 보유한 주식 약 534만주도 포함된다. 공모가 상단을 기준으로 계산하면 정 회장의 지분 가치는 4000억원이다. 정 회장은 이 자금으로 현대차그룹 지배 구조의 핵심인 현대모비스 지분을 추가 취득하거나 정몽구 명예회장의 지분을 승계받는 데 필요한 세금으로 활용할 것이란 관측이 나온다.
현대엔지니어링의 공모가를 두고 증권가 일각에서는 ‘기업 가치보다 과도하다’는 말도 나오지만, ‘수소 등 미래 신사업에 대한 기대감이 반영된 것’이라 보는 의견도 많다. 한 대형 자산운용사 펀드매니저는 “신사업을 통해 얼마나 가시적인 성과를 내느냐에 따라 현대엔지니어링은 기존 건설주들과 전혀 다른 기업으로 평가될 수도 있을 것”이라고 말했다.
현대엔지니어링은 상장을 기점으로 ‘친환경’과 ‘에너지’ 분야의 신사업을 집중 육성하겠다는 계획을 밝혔다. 폐플라스틱이나 이산화탄소에서 수소 등 자원을 추출하는 자원 순환 사업을 키우고 태양광, 초소형 모듈 원전 등 다양한 미래 에너지 영역으로 사업을 확장하겠다는 것이다. 공격적인 투자로 3년 후에는 신사업의 매출 비율을 10%까지 높이는 걸 목표로 하고 있다.
현대엔지니어링의 신사업 중 가장 속도가 빠른 것은 이산화탄소 포집 및 자원화 분야다. 이산화탄소에 전기화학 반응을 일으켜 오염물질 배출 없이 수소와 탄산염을 생산하는 기술이다. 작년 12월 자원 순환 전문 기업 GT와 협력해 현대제철 인천 공장에 10㎾급 설비를 갖췄고 내년부터 상용화에 나설 계획이다.
폐플라스틱과 암모니아를 가공해 수소를 추출하는 사업도 주요 신사업 아이템이다. 올해부터 설비를 건설하고 2024년 상업 생산을 시작할 계획이다. 연간 생산량은 2만2000t으로 수소차 15만대를 운행할 수 있는 양이다.
현대엔지니어링은 조직 구조도 친환경·에너지 사업 육성에 포커스를 맞추고 있다. 작년 7월 G2E(Green Environment & Energy) 사업부를 신설했고, 최근에는 수소 사업 총괄팀을 G2E 사업부에 편입시켰다. 한대희 현대엔지니어링 G2E사업부장(전무)은 “친환경 수소 생산 기술에 대한 선제적 연구⋅개발과 투자로 시장 지배력을 높이고 향후 태양광, 초소형 모듈 원전 등으로 사업을 확장해 글로벌 친환경·에너지 기업으로 거듭나겠다”고 말했다."
https://www.chosun.com/economy/real_estate/2023/03/02/D6KQGL3HBFEVTJDFS3ZPP2JOW4/,"서울에서 전셋집을 구하던 30대 A씨는 온라인 부동산 중개 플랫폼에 올라온 매물을 보고 마음에 들어 중개업소에 연락했지만, 해당 매물은 이미 계약이 이뤄진 후였다. 아쉬워하는 김씨에게 중개업소는 “더 좋은 집이 있다”며 한 신축 빌라를 소개해주고 중개 수수료도 절반으로 깎아주겠다고 제안했다. 대출까지 받아 계약한 김씨는 입주 후 6개월이 지나고 우연히 집주인이 바뀌었다는 사실을 알게 됐다. 예전 집주인은 연락이 닿지 않았고, 새 집주인은 보증금을 돌려줄 돈이 없다고 했다. 그제야 A씨는 본인이 전세 사기에 당했다는 사실을 알게 됐다.
경찰청 국가수사본부는 국토교통부, 지자체와 함께 5월 31일까지 3개월간 주택·중고차 허위 매물에 대한 특별 단속을 실시한다고 1일 밝혔다. 최근 온라인 플랫폼을 통한 주택·중고차 거래가 활발해지면서 검증되지 않은 중개업체가 난립하고, 허위 매물로 인한 서민·청년층 피해가 확산하고 있다는 지적에 따른 것이다. 앞서 윤석열 대통령도 지난달 16일 전세 사기 관련 대책 회의에서 주택과 중고차 허위 매물에 대한 단속을 주문한 바 있다.
경찰은 본청 수사국장을 팀장으로 한 전담 팀을 꾸리고 전국 경찰서와 공조해 단속 및 첩보 수집을 병행할 계획이다. 불법 광고와 사기, 시장 교란 행위가 주요 단속 대상이다. 특히 허위 매물을 조직적·고의적·지속적으로 등록하는 악덕 조직을 색출하는 데 수사력을 집중할 방침이다. 온라인 플랫폼이 범행에 가담하거나 방조한 정황이 확인되면 플랫폼도 수사할 예정이다.
국토부도 인터넷 플랫폼 광고를 모니터링해 허위 매물을 찾아내고 지자체와 합동으로 현장 단속반도 운영한다. 특히 분양 대행사, 빌라 시행사 등 무자격 업자가 ‘중개 수수료 무료’ ‘이사비 지원’ 등을 내세우며 올린 전세 사기 목적의 허위 매물을 집중적으로 색출해 행정 처분하고 경찰 수사도 의뢰한다는 방침이다. 또 거래가 완료된 매물이 허위 광고에 악용되는 것을 막기 위해 온라인 플랫폼에 즉시 삭제하도록 조치할 예정이다."
https://www.chosun.com/economy/real_estate/2022/10/11/L2GSSIP27JDZBEGQYJQPXDZEEI/,"DL건설이 인천시 서구 청라동에서 주거형 오피스텔 ‘e편한세상 시티 청라’를 분양 중이다. 지하 3층~지상 21층 2동, 전용면적 71㎡ 총 240실이다. 청라국제도시에 들어서는 첫 ‘e편한세상 시티’ 브랜드 단지다.
청라국제도시에는 수도권 지하철 7호선 청라연장선 공사가 진행 중이다. 현재 종점인 석남역에서 공항철도 청라국제도시역까지 10.77km 구간에 총 7개역을 신설한다. 2027년 12월 완공 목표다. 개통하면 ‘e편한세상 시티 청라’에서 서울 강남 주요 지역과 가산디지털단지 등을 환승 없이 곧바로 이동할 수 있다.
이 단지 바로 옆에 최고 448m ‘청라시티타워’ 건설 사업이 추진 중이다. 완공하면 국내에서 가장 높고, 세계에서 여섯번째로 높은 전망타워가 된다. 수변 조망이 가능한 청라호수공원과 커낼웨이도 가깝다.
주변 개발 호재도 있다. 자동차로 10분 안팎 거리에 800병상 규모 종합병원인 서울아산병원이 들어설 예정이다. 약 5만평 규모 쇼핑몰인 스타필드 청라, 아시아 최대 규모로 짓는 코스트코 청라점도 개점 준비 중이다.
오피스텔이지만 아파트에 못지 않은 실내 구조를 선보인다. 모든 호실에 방 3개 욕실 2개 다용도실 'ㄷ’자형 주방을 설치한다. 기본 제공 옵션도 여럿 있다. 현관에는 중문(中門)과 지문인식형 디지털도어록를 달고 바닥에는 두께 115㎜ 광폭 강마루를 깐다. 주방 상판은 엔지니어드 스톤으로 시공한다. 거실 아트월은 3종류 중 하나를 무상으로 선택 가능하다. 냉장고장, 드레스룸 옷장, 실내 천장형 에어컨, 욕실 환풍기 등도 무료 제공한다.
단지 내 커뮤니티 시설은 지하가 아닌 지상층에 만든다. 입주민 접근성을 높이고 채광 효과를 최대한 살리기 위해서다. 피트니스센터, 스크린 골프장, 실내 놀이터, 라운지 카페 등을 마련한다.
분양대금은 계약금 10%, 중도금 60%, 잔금 30%로 구성한다. 수요자의 초기 자금 부담을 낮추기 위해 계약금 비율을 낮추고, 중도금 무이자 혜택도 제공한다. 분양홍보관은 인천시 서구 청라동 99-6 일대에 있다. 2025년 5월 입주 예정이다."
https://www.chosun.com/economy/real_estate/2022/05/31/RRXO7VUNMNAZZCJI3FYRODNSQA/,"[땅집고] 경기 의왕도시공사와 의왕백운PFV 등이 무산 위기였던 백운밸리 종합병원 유치를 재추진하기로 했다. 종합병원 부지 매각을 포기하고 200병상 규모 종합병원이 들어설 가능성이 높아졌다.
이원식 의왕도시공사 사장과 김양묵 의왕백운PFV대표, 이수영 백운AMC대표, 진봉균 백운밸리 종합병원유치 비상대책위원장은 지난 27일 백운밸리 의료복합시설용지(지식문화지원시설4 부지)에 200병상 이상 종합병원을 최대한 빨리 유치하기로 합의하고 협약서를 작성했다고 30일 밝혔다.
☞관련기사: “의왕 첫 종합병원? 땅 1300억에 팔아요”…주민 분노 폭발
백운밸리는 의왕시 백운호수 남쪽 학의동 일대 95만4979㎡를 그린벨트(개발제한구역)에서 풀어 아파트 등 공동주택 4080가구와 의료시설·비즈니스센터 등을 조성하는 신도시다. 의왕도시공사가 2012년 3월 도시개발계획 승인을 받은 뒤, 민관합동 PF사업으로 추진했다. 의왕도시공사와 민간업체가 자본금 50억원으로 시행사인 ‘의왕백운PFV’를 설립했다. 지분은 의왕도시공사가 50%이며, 시행 대행은 ‘의왕백운AMC’가 맡는다.
이날 협약서는 의왕도시공사·의왕백운PFV·의왕백운AMC가 백운밸리 지식문화지원시설4부지에 종합병원을 설립하기 위해 거치는데 필요한 사전 법률 검토 결과를 바탕으로 이뤄졌다.
법률 검토에 따르면 ▲지식문화지원시설4 부지 지구단위계획의 주 용도를 ‘의료시설’ 중 종합병원만 남겨두고, 부속 용도인 노인복지시설 등을 제외하는 방식으로 변경하는 것 ▲의왕백운PFV의 민간출자자인 미주산업개발이 지식문화지원시설4 부지를 감정가 수준으로 공급받은 뒤, 해당 부지에 의료재단을 유치하는 것 등이 법적으로 문제가 없는 것으로 나타났다.
협약서에 따라 의왕백운AMC는 지식문화지원시설4 부지에 200병상 이상 종합병원을 유치하기 위한 안건을 의왕백운PFV 이사회에 상정하기로 했다. 의왕백운PFV가 해당 안건을 의결하면 의왕시가 부지 주 용도를 종합병원으로 변경하고 부속용도에서 노인복지시설을 제외하는 내용으로 용도변경한다는 계획이다.
진봉균 비상대책위원장은 “지난해부터 백운밸리 입주민이 종합병원 유치를 위해 고군분투한 결과여서 의미가 깊다”면서 “다만 6월 지방선거를 앞두고 상황이 급반전한 느낌이 없지 않다. 협약서는 강제 사항이 아니고 종합병원 유치 시기도 구체적으로 못박지 않았다는 점에서 앞으로 주민들의 꾸준한 감시가 필요하다”고 했다."
https://www.chosun.com/economy/real_estate/2022/12/21/C7OLGXYCOJEMHNVS5YRVSW2CUA/,"LH(한국토지주택공사)가 지난해 일부 직원의 땅 투기 의혹으로 추락한 대(對)국민 신뢰도를 회복하기 위한 고강도 혁신 방안을 마련했다.
LH는 지난 16일 전사적인 반부패·청렴 문화 확산을 위한 ‘청렴 서약식’을 열었다. 이 자리에서 LH는 기업 투명성 및 공정성 강화, 인사체계 개편과 경영 효율 극대화, 수요자 눈높이에 맞춘 주택 품질 개선 등을 골자로 한 자체 혁신안을 원희룡 국토교통부 장관에게 보고했다.
원희룡 장관은 청렴 서약식 이후 LH 임직원들과 서울 수서역세권 지구의 공공 임대주택 건설 현장을 방문해 층간 소음 개선 등 주택 품질 향상을 당부했다. 원 장관은 “LH가 국민의 이익을 위해 진심과 열정을 바치는 조직으로 거듭날 수 있도록 국토부도 지원을 아끼지 않겠다”고 말했다. 이한준 LH 사장은 “모든 업무에 엄격한 청렴·윤리 기준을 적용하고, 혁신 계획과 본연의 역할을 충실히 이행하겠다”고 했다."
https://www.chosun.com/economy/real_estate/2020/11/05/AZHSI6N45JFDTKTAYMFJKGIHWI/,"김경선 여성가족부 차관이 당첨됐다가 포기한 세종시 아파트 분양권 추가 분양에 25만명 가까운 인파가 몰리면서 홈페이지가 마비되는 등 소동이 벌어졌다.
4일 부동산 업계에 따르면, 전날 진행된 세종시 ‘세종 리더스포레 2단지’ 전용면적 99.26㎡ 잔여 1가구 무순위 청약에 전국에서 24만9000여 명이 신청했다. 최근 ‘줍줍’으로 통하는 무순위 청약은 청약통장 보유나 무주택 여부 등 자격 제한 없이 19세 이상이면 누구나 신청할 수 있다.
해당 분양권은 김 차관이 고용노동부 재직 시절 실거주 목적으로 분양받았다가 지난 9월 차관 인선 직전 다(多)주택 해소를 위해 포기한 물건으로 파악됐다. 내년 6월 입주 예정이며, 분양가는 4억4190만원이다. 주변 비슷한 아파트 시세가 14억~15억원이어서 10억원 가까운 차익이 날 것으로 예상된다. 추첨 결과, 1998년생 여성이 당첨돼 주변의 부러움을 샀다.
김 차관은 분양권 포기로 계약금(분양가의 20%) 8800여 만원도 돌려받지 못하는 것으로 알려졌다."
https://www.chosun.com/economy/real_estate/2024/09/02/B4HX4G7ZWVE3RGMTNTZL3FD7RA/,"지난 7월 서울에서 아파트를 사들인 사람 3명 중 1명은 40대로 나타났다. 최근 서울 아파트 주력 매수 층은 30대였는데, 1년 11개월 만에 40대 매수자 수가 30대를 추월했다. 서울 아파트 값이 가파르게 오르는 상황에서 9월부터 시행된 대출 규제 전에 내 집 마련에 나선 40대가 늘어난 영향으로 풀이된다.
1일 한국부동산원에 따르면, 7월 서울 아파트 매수자 중 40대가 차지하는 비율은 33.2%로 30대(31.5%)보다 많았다. 서울에서 40대 아파트 매수자가 30대보다 많은 것은 2022년 8월 이후 1년 11개월 만이다.
2020년대 들어 서울 아파트 시장에선 30대 매수자가 40대보다 많은 경우가 대부분이었다. 특히 아파트 값이 치솟았던 2021년 1월에는 30대 매입 비중이 사상 최대인 39.6%까지 치솟았지만, 40대 매입 비율은 25.8% 수준에 머물렀다. ‘영끌’(영혼까지 끌어모아 대출)을 마다치 않고 내 집 마련에 나섰던 30대와 달리 40대는 상대적으로 신중했던 것이다. 금리 인상 등의 이유로 집값이 내리고 거래량이 급감한 2022년 7~8월에는 40대 비중이 잠시 30대를 앞질렀지만, 이후엔 줄곧 30대가 40대를 앞섰다.
서울에서 40대 매수자가 늘어난 것은 정부가 2단계 스트레스 DSR(총부채원리금상환비율) 시행을 7월에서 9월로 연기한 것이 영향을 미쳤다는 분석이다. 서울 아파트 값이 오르면서 불안감이 커진 40대가 대출 규제 강화 전 주택 구매에 나섰다는 것이다. 보통 40대는 30대 수요자보다 대출 규제와 금리 변화에 더 민감하다는 게 전문가들의 평가다. 고종완 한국자산관리연구원장은 “신생아 대출, 생애 첫 주택 구입 등 저리의 정책 자금을 이용할 수 있는 30대보다는 자녀 양육비 등 경제적 부담이 큰 40대가 대출 규제에 더 민감할 수밖에 없다”고 말했다."
https://www.chosun.com/economy/real_estate/2025/03/16/NIABNJVE6JGFPPORAM4Y6ABPA4/,"지난달 토지거래허가구역 해제 여파로 서울 아파트 거래량이 6개월 만에 5000건을 넘어선 것으로 나타났다. 특히 강남권을 중심으로 거래량이 크게 늘었다. 심상찮은 서울 아파트 시장 움직임에 서울시가 토허제 재지정 검토를 거론하자 수요자들 사이에 정책에 일관성이 없다는 비판의 목소리가 커지고 있다.
16일 서울시에 따르면, 지난달 서울 아파트 거래량은 15일 신고 기준 5138건을 기록해 작년 8월(6537건) 이후 6개월 만에 5000건을 돌파했다. 서울 아파트 거래 건수는 작년 9월 정부가 대출 규제를 강화한 이후 줄곧 3000건대에 머물렀다. 2월 거래에 대한 신고 기한이 보름가량 남아 있어 거래량은 더욱 늘어날 전망이다.
이달 초까지는 강북 지역의 거래 신고 증가가 두드러졌으나 시간이 갈수록 강남권의 거래 신고가 급증하고 있다. 현재까지 2월 거래량이 가장 많은 곳은 송파구로 15일 조사 기준 428건이 신고됐다. 이어 강남구가 419건, 강동구가 344건으로 집계됐다. 특히 강남구의 거래 신고 건수는 이미 1월(198건) 거래량의 2배가 넘었다. 지난달 13일 자로 토지거래허가구역에서 풀린 뒤 계약이 크게 늘어난 것이다.
이달 15일까지 신고된 2월 서울 아파트 매매 5138건 가운데 토지거래허가 해제 후인 13일 이후 계약 건은 3281건으로 전체의 63.9%에 달했다. 2월 거래 신고분 10건 중 6건이 토허제 해제 이후 계약된 것이다. 강남구는 전체 419건 가운데 토허제 해제 후 288건이 계약된 것으로 나타났다. 2월 거래량의 68.7%에 달한다. 송파구도 현재까지 신고된 428건 가운데 62.6%인 268건이 잠실 토허제 해제 후 계약이 이뤄졌다.
이 같은 거래량 증가세는 비강남 인기 지역에서도 나타나고 있다. 마포구 아파트 2월 거래량 289건 가운데 69.2%인 200건이 토허제 해제 직후인 13일 이후 계약이 이뤄졌고, 성동구는 325건 중 68.6%인 223건이 토허제 해제 후 계약됐다. 다만 단기 호가 상승과 정부 단속 등의 영향으로 최근 매수세는 잠시 주춤한 상태라는 게 현지 중개업소들의 설명이다.
서울 아파트값 상승세가 심상찮자 서울시는 지난 13일 정부 합동 부동산시장 점검 회의에서 “서울 주택시장 상황을 면밀히 점검하고 가격이 비정상적으로 과도하게 상승할 경우 토지거래허가구역 재지정을 즉시 추진하겠다”고 밝혔다. 해제한 지 불과 한 달 만에 재지정을 언급한 것이다.
이에 부동산 카페 등에는 일관성 없는 정책을 성토하는 글들이 빗발치고 있다. 서울 잠실동의 한 거주자는 “토허제를 5년 만에 풀어놓고 감당이 안 되니까 한 달 만에 다시 재지정한다는 게 말이 되느냐”고 비판했다."
https://www.chosun.com/economy/real_estate/2024/08/14/44RQ5NN52REITCDUTCO7REWXMI/,"최근 서울과 수도권 일부 지역에서 아파트 값이 급등함에 따라 정부가 부동산 불법행위에 대한 현장 점검과 함께 투기 의심 행위가 있는지 기획 조사에 나선다. 아파트 값 오름세가 가파른 서울 강남 3구 및 마포·용산·성동구를 시작으로 제1기 신도시 등을 포함한 수도권 전 지역으로 점검 지역을 확대할 계획이다.
국토교통부는 13일부터 수도권 주택·토지 이상 거래에 대한 관계 부처·지자체 합동 현장 점검 및 기획 조사에 착수한다고 이날 밝혔다. 국토부는 우선 올해 말까지 총 3차례에 걸쳐 국세청, 금융위, 금감원, 지자체, 한국부동산원, HUG(주택도시보증공사)와 함께 5개 현장 점검반을 운영하기로 했다. 집값 담합, 이상 고가 거래, 허위 매물·신고 등 위법 행위 발생 여부를 집중적으로 살펴볼 계획이다. 또한 올해 수도권 주택 거래 신고분을 전수 분석하기로 했다. 신고가 거래 신고 후 해제, 장기 미등기 등 가격 띄우기 의심 거래, 단기간 여러 차례 매수, 편법 증여, 대출 규정 위반 등을 집중 조사한다.
이 밖에 지자체와 함께 신규 택지 투기 수요 차단을 위해 서울 개발제한구역 및 인접 지역의 토지 이상 거래에 대한 기획조사도 실시하기로 했다. 국토부 관계자는 “불법 정황이 확인될 경우, 국세청·금융위 등에 통보하고 경찰에 수사 의뢰할 계획”이라고 했다."
https://www.chosun.com/economy/real_estate/2021/07/13/OU6A3RDLI5H3LAKBGC3UQJJUNU/,"서울 빌라 거래량이 아파트 거래량을 6개월 연속 추월한 것으로 나타났다. 아파트값이 급등하면서 상대적으로 저렴한 빌라로 ‘내 집 마련’ 수요가 옮겨갔고, 재개발 기대감으로 인한 투자 수요까지 가세한 결과로 풀이된다.
13일 서울부동산정보광장에 따르면, 지난달 서울의 다세대·연립주택(빌라) 매매 건수는 4522건으로 아파트 매매 건수(3010건)를 크게 앞섰다. 아직 지난달 부동산 거래 신고 기한이 3주가량 남아있지만, 지금 추세가 뒤집히기는 어려울 전망이다.
보통 주택 시장에선 아파트 거래량이 빌라 거래보다 2~3배 많은 게 일반적이었다. 그러나 올 들어선 매달 빌라가 아파트보다 더 많이 팔렸고, 둘 사이의 거래량 격차도 커지고 있다. 올 1월 빌라 거래량은 5839건으로 아파트(5789건)를 근소하게 앞질렀는데, 지난달에는 차이가 1000건 이상으로 벌어졌다. 아파트 거래 시장이 양도세 강화 등 각종 규제로 거래 절벽 상태를 맞은 데 비해, 빌라 거래량은 매달 꾸준히 늘고 있다.
지역별로 보면 은평구(551건), 강서구(415건), 도봉구(326건), 강북구(323건) 등 순으로 빌라가 많이 팔렸다. 집값이 상대적으로 저렴하거나 재개발을 추진하는 동네가 많은 곳이다."
https://www.chosun.com/economy/real_estate/2021/10/28/PS7JE4H57ZH6PJAKLCE3B7Y4TY/,"노형욱 국토교통부 장관이 임대료 인상률 제한과 같은 규제로는 전세 시장을 안정시킬 수 없다며 ‘공급 확대’ 의지를 밝혔다. 다만, 대규모 아파트는 공급에 시간이 걸리는 만큼 오피스텔이나 빌라 등을 대체재로 빨리 공급한다는 방침이다.
노 장관은 28일 정부세종청사에서 열린 국토부 기자간담회에서 지난해 7월말 주택임대차법 개정 후 나타나고 있는 전세 이중가격 현상에 대해 “2+2년을 일률적으로 3+3년으로 늘리는 건 또 다른 부작용을 낳을 것”이라며 “전반적으로 공급이 뒷받침돼야 한다”고 말했다.
임대차3법 시행 이후 전세 시장에서는 같은 아파트 단지의 같은 면적에서도 임대료 인상이 제한되는 갱신 계약과 그렇지 않은 신규 계약 간에 수억원의 전셋값 격차가 생기는 등 부작용이 나타나고 있다. 이를 해소하기 위해 신규 계약에도 전월세 상한제를 적용하거나 정부가 적정 임대료를 정하는 표준 임대료를 도입해야 한다는 목소리도 나왔지만 주무부처 장관이 부정적 입장을 표명한 것이다. 앞서 이달 중순 G20 재무장관회의에 참석한 홍남기 경제부총리도 비슷한 목소리를 낸 바 있다. 이로써 연내 발표 예정인 전세 대책에 급진적인 규제가 포함될 가능성은 낮아졌다.
노 장관은 “전셋값이 계속 오를 것이라는 기대감을 낮춰야 이중가격이 해소된다”며 “결국 공급이 이뤄져야 시장 안정이 가능하다”고 말했다. 그러면서 “아파트는 공급까지 시간이 오래 걸리기 때문에 도심 자투리땅을 이용한 주택이나 빌라, 연립, 도시형생활주택, 오피스텔 공급을 늘려 수요를 흡수할 수 있다”고 말했다.
노 장관은 최근 서울 집값 상승세가 주춤해지고 있지만 강남·서초·송파 등은 여전히 서울 내에서 가장 높은 수준의 상승률을 기록하고 있다는 지적에 대해 “똘똘한 한채 등 그 지역 수요가 여전히 많기 때문”이라고 설명했다. 이어 강남 집값을 잡을 의지가 있냐는 질문에는 “정부가 특정 지역 집값을 찍어서 내릴 수는 없다”며 “시장 전반이 안정되도록 여건을 만드는 게 중요하다”고 말했다."
https://www.chosun.com/economy/real_estate/2023/09/04/K4YHPAUBH5AUNBLOKMTSUEYME4/,"SK에코플랜트는 3일 “자사가 지분 참여 중인 캐나다 그린수소 사업 ‘뉴지오호닉 프로젝트’가 캐나다 주 정부로부터 풍력발전을 위한 국유지 사용 승인을 받았다”고 밝혔다. 사용 승인을 받은 토지 면적은 총 1077.91㎢로, 서울 전체 면적의 약 1.8배에 이른다. 부지 사용 승인으로 가능한 풍력발전 설비용량은 4기가와트(GW)로, 원자력발전소 3∼4기 분량에 육박한다. 이 프로젝트는 풍력발전으로 생산된 전기로 물을 분해해 수소를 생산하는 것이다."
https://www.chosun.com/economy/real_estate/2022/12/20/FSH3ULAP7JD6RAQ442KYWQLKGI/,"5년 만에 경매 시장에 나온 서울 강남 최대 재건축 단지 은마아파트 매물이 집값의 87%를 대부업체에서 조달한 ‘영끌’ 매물인 것으로 확인됐다.
15일 서울중앙지법에 따르면 서울 강남구 대치동 은마아파트 전용면적 84㎡는 지난 15일 감정가 22억3200만원에 2차 매각이 진행됐지만 유찰됐다. 지난달 감정가 27억9000만원에 진행한 1차 매각에서 응찰자가 없어 유찰된 데 이어 감정가를 20% 내린 2차 매각에서도 주인을 찾지 못한 것이다.
경매업계에 따르면 이 아파트 소유자는 작년 9월 27억원에 아파트를 매입했다. 작년 11월 기록한 최고가인 28억2000만원과 비슷한 수준이다. 당시 15억원이 넘는 아파트는 금융권 대출이 금지된 탓에 소유자는 대부업체를 통해 22억원을 빌려 잔금을 치렀다. 올해 1월엔 다른 대부업체로 대출을 갈아타면서 1억5000만원 더 많은 23억5000만원을 빌렸다. 아파트값의 87%를 빚으로 마련한 것이다. 대부업체 금리를 10%로 산정하더라도 한 달 이자만 2000만원에 달한다. 결국 이자를 감당하지 못하면서 지난 5월 임의경매 절차가 개시됐다. 이 아파트 소유자는 아파트 관리비 약 97만원도 밀려있는 것으로 알려졌다.
은마아파트 전용 84㎡의 최근 실거래가는 지난달 기준 21억5000만~23억5000만원이다. 현재 시장에 나와있는 매물 호가도 21억~24억5000만원 수준이다. 내년 2월 3차 매각 최저 입찰가는 17억8560만원으로 낙찰이 되더라도 대부업체는 원금 회수에 실패할 것으로 전망된다."
https://www.chosun.com/economy/real_estate/2023/07/10/7QUSVB45IFAV7IL5WAAIQGY7IU/,"정부가 전세 보증금 반환 보증보험 가입 요건을 강화하면서, 현재 보증보험에 가입된 주택의 절반가량은 해당 요건을 충족하지 못하는 것으로 나타났다. 이럴 경우 보증금을 낮추지 않고 현재 수준으로 재계약을 맺으면, 보증보험 가입이 거부된다. 정부는 지난 5월 ‘무자본 갭투자’를 막기 위해, 집값 대비 전세 보증금이 지나치게 높으면 보증보험 가입이 어렵게 만들었다.
9일 유경준 국민의힘 의원이 주택도시보증공사(HUG)로부터 제출받은 자료에 따르면, 올해 4월 기준 전세금 반환보증에 가입한 15만3391가구 중 7만1155가구(46%)가 향후 현 수준의 보증금으로 계약을 체결하면 보증 가입 심사에서 탈락하게 된다. 특히 탈락 위험 가구 중 90% 이상이 공시가 3억원 이하 저가 주택이고, 60%는 전세 사기에 취약한 다세대 빌라인 것으로 나타났다.
이처럼 전세 보증금을 올리지 않는데도 보증보험 가입이 거부되는 것은 정부가 지난 5월부터 가입 기준을 바꿨기 때문이다. 이전엔 보증보험에 가입 가능한 전셋값의 요건이 주택 공시가격의 1.5배였지만, 이제는 1.26배로 낮아졌다. 당시 정부는 보증보험 요건이 너무 느슨해 전세 사기에 악용될 소지가 있다는 이유로 제도를 강화했다.
유경준 의원은 “주거 취약 계층이 많이 거주하는 저가 빌라의 가입 거절 위험이 큰 만큼, 주택 유형이나 금액별로 가입 요건을 차등화하는 방안을 검토해야 한다”고 말했다."
https://www.chosun.com/economy/real_estate/2022/01/15/X4XX7LJWQVGHHE6HCYCW72CXVE/,"<차학봉기자의 부동산 봉다방>
2020년 집권 여당의 천도론 바람을 타고 40% 이상 폭등, 전국 아파트 가격 상승률 1위를 기록했던 세종시의 하락세가 길어지고 있다. KB국민은행조사에서는 작년 8월부터, 한국부동산원 조사에서는 6월부터 지속적으로 하락세를 보이고 있다. KB국민은행의 주간 단위 아파트 가격조사에서 -0.06%(12월27일), -0.14%(1월3일),-0.3%(1월10일) 등 새해들어 하락폭이 커지고 있다.
특히 KB국민은행의 1월10일 기준 매수 우위 지수가 ‘o’을 기록했다. 중개업소를 대상으로 한 설문조사로 작성하는 매수우위지수는 100을 초과할수록 ‘매수자가 많다’를, 100 미만일 경우 ‘매도자가 많다’는 의미이다. 2020년 집값이 폭등할때는 매수 우위지수가 180까지 치솟았다.
◇거래량 급감속에 가격 뚝뚝
거래도 급감하고 있다. 집값이 급등하던 2020년 6월 한달 거래량이 1500건을 넘었지만 작년 하반기부터 거래량이 200건 안팎으로 줄었다. 고점 대비 2억~3억원 하락한 매물도 거래되고 있다. 세종시 E 아파트 39평형이 지난7월 13억8500만원에 거래됐으나 작년 말 9억5000만원에 거래됐다. 작년 5월 9억5000만원에 거래됐던 S아파트 34평형은 6억8000만원에 거래되기도 했다.
전세가격도 내림세이다. 부동산원 조사에서 5월(-0.19%) 6월(-0.41%) 7월(-0.31%), 8월(-0.14%) 등 4달 내린후 9월(0.1%)과 10월(0.38%) 소폭 올랐다. 그러나 11월,(-0.9%)와 12월(-1.6%) 다시 하락세로 돌아섰다.
◇천도론 바람 탄 외지인이 올린 집값이 부메랑
세종시의 하락세가 길어지는 것은 실수요보다 투자수요가 집값을 끌어올렸기 때문이라는 분석이 나온다. 2020년 여당인 더불어민주당이 행정수도 이전론을 제기했다. 투자수요가 몰리면서 외지인 구입비율이 50%를 넘었다. 실수요보다 투자 수요가 많다보니 매매가에서 전세가가 차지하는 비율을 뜻하는 전세가 비율도 지나치게 낮다. 세종이 48%로, 전국(69.8%)과 대전(71.3%)은 물론 집값이 비싼 서울(57.6%) 보다 낮다. 실제 10억원하는 아파트의 전세가격이 3억~4억 정도하는 사례도 많다. 전세가율이 지나치게 낮다는 것은 그만큼, 주택가격이 고평가됐다는 의미일 수 있다.
주민소득에 비해 집값이 지나치게 오른 것이 덫이 됐다. 세종의 주택구매부담지수는 142.3으로, 서울(182)에 이어 전국 2위를 기록했다. 주택구매부담지수는 중간 소득 가구가 표준대출을 받아 중간가격 주택을 사는 경우 상환 부담을 나타내는 지수다. 지수가 100일 때는 매달 소득의 25%를 주택구매 담보대출 원리금 상환에 쓴다는 의미로, 숫자가 커질수록 부담도 늘어난다.
◇대전도 하락세로 돌아서
세종시 인근 대전도 하락세로 돌아섰다. 한국부동산원이 발표한 1월 1주(1월3일 기준) 주간 아파트가격 동향에 따르면 대전 아파트 매매가격은 전주 대비 0.06% 하락했다. 대전 아파트 매가격이 하락한 것은 지난 2019년 4월 3주 –0.03%를 기록한 이후 2년 9개월여 만이다. 대전 5개구 중 ▲서구(-0.16%) ▲유성구(-0.05%) ▲중구(-0.01%) 등 3개구의 아파트 매매가격이 전주보다 떨어졌다. 대전아이파크시티( 2,560가구), 갑천트리풀시티(1,762가구)가 작년 말 입주하면서 대전 집값 안정에 기여하고 있다.
◇입주 폭탄은 해소될 듯
세종 주택시장 침체의 원인중 하나가 입주물량이다. ‘부동산114′에 따르면 세종 아파트 입주 물량은 2020년 5655가구에서 2021년 7668가구로 증가했다. 이른바 입주폭탄이 터진 것이 매매와 전세시장에 영향을 준 것이다. 하지만 올해는 전년보다 크게 줄어든 4개 단지 2157가구가 입주한다."
https://www.chosun.com/economy/real_estate/2021/06/23/BCVBXBB35BABDMZWC4KBGHXD3Y/,"경기도 아파트 매매가격과 전셋값이 계속 오르고 있는 가운데, 최근 1년 동안 전셋값이 가장 많이 오른 지역은 하남인 것으로 나타났다.
23일 부동산 정보업체 경제만랩이 KB국민은행 자료를 분석한 결과, 경기도의 3.3㎡(평)당 아파트 평균 전셋값은 지난해 5월 1020만원에서 올해 5월 1328만원으로 1년간 30.3% 올랐다. 같은 기간 하남은 1245만원에서 1865만원으로 49.8% 올라 경기도에서 가장 높은 상승률을 기록했다.
용인(41.9%), 화성(40.5%), 남양주(40.3%), 광명(40.2%) 역시 3.3㎡당 아파트 전셋값 상승률이 40%를 웃돌았다. 그다음으로 김포(38%), 성남(36.2%), 광주(35.8%) 등 순으로 상승률이 높았다.
하남시 덕풍동 ‘덕풍현대’ 전용면적 59.91㎡는 지난해 5월 2억원에 전세 계약을 맺었지만, 올해 5월에는 3억8000만원에 계약이 체결돼 1년간 2억원 가까이 상승했다. ‘하남자이’ 전용 84.99㎡도 작년 5월 3억5000만원에서 지난달 4억9000만원으로 1억4000만원 상승했다.
황한솔 경제만랩 리서치연구원은 “하남은 올해 3월 지하철 5호선 하남선 구간이 개통하면서 서울 접근성이 크게 좋아졌고 전세 수요도 늘어났다”며 “새 임대차법으로 전세 매물까지 줄어들면서 전셋값이 치솟은 것으로 보인다”고 했다."
https://www.chosun.com/economy/real_estate/2024/07/15/NNWHKYB4SNC7HLIYJJRI6V4IJY/,"울산 울주군에서 가동 중인 신고리 원자력발전소 3·4호기는 에너지 안보와 경제 발전을 견인한 핵심 엔지니어링 프로젝트로 꼽힌다. 우리나라 독자 기술로 완성한 첫 ‘한국형 원전’으로, 2007년 착공을 시작해 3세대 신형 원전으로는 세계 최초로 2019년 상업 운전에 성공했다. 한국을 세계 여섯 번째 원전 수출국으로 도약하게 해준 아랍에미리트(UAE) 바라카 원전의 참조 발전소가 바로 신고리 3·4호기다. 신고리 3·4호기는 부산·울산·경남 지역 전력 수요의 23%를 소화하고 있으며, 연간 화석연료 수입량을 418만t이나 줄였다. 건설 기간 일일 최대 3000명, 연인원 420만명 이상의 일자리를 창출했고, 300여 중소 협력 업체가 참여해 지역 경제 발전에도 기여했다.
신고리 3·4호기 같은 핵심 산업 시설부터 도로·공항·철도 등에 이르기까지 우리의 일상을 풍요롭게 만드는 모든 인프라 프로젝트의 바탕에 ‘엔지니어링’이 있다. 엔지니어링은 교량, 도로, 공항, 플랜트 등 인프라의 사업 기획부터 타당성 조사, 설계, 조달, 감리, 운영에 이르기까지 시공을 제외한 모든 공정을 아우르는 산업을 뜻한다. 전체 공사비에서 엔지니어링의 매출 비율은 10~15% 수준이지만, 프로젝트의 최종 품질은 엔지니어링 기술에 좌우되기 때문에 ‘건설 산업의 꽃’이라고 불린다.
◇지난해 엔지니어링 수주 역대 최대
기후변화, 에너지 전환 및 탈탄소화가 주요 이슈로 떠오르면서 전 세계적으로 엔지니어링 기술 수요가 높아지고 있다. 엔지니어링 산업의 글로벌 시장 규모는 2022년 기준 2009억달러(약 277조원)에 달한다. 국내 엔지니어링 기업의 수주 실적도 지난해 역대 최대인 10조5078억원을 기록했다. 2019년(8조1611억원)과 비교하면 4년 동안 28.8% 성장했다.
엔지니어링은 일자리 창출 기여도가 크고 제조업·플랜트·기반시설 등 전 산업의 발전을 뒷받침하는 고부가 가치 산업이다. 엔지니어의 창의성과 축적된 경험이 핵심 경쟁력인 지식 기반 산업으로 지속 가능한 양질의 일자리 창출에 기여하고 있다. 매출 10억원당 고용 인원 수를 뜻하는 고용 유발 계수가 엔지니어링은 11명으로 전체 산업 평균(8명)이나 건설업(10.2명)보다 높다. 40만2000여 명이 엔지니어링 산업에 종사하고 있는데, 상근직 비율이 90.9%에 달할 정도로 일자리 질도 우수하다. 생산성과 수익성을 판단하는 지표인 부가가치율 역시 엔지니어링은 62.1%로 산업 평균(38%)의 1.6배가 넘는다.
해외시장에서 국내 엔지니어링 기업들의 입지도 점차 커지고 있다. 미국 엔지니어링 전문지 ENR은 매년 설계 매출 기준으로 ‘글로벌 225대 기업’을 발표하는데 한국은 삼성엔지니어링과 도화엔지니어링, 삼우종합건축사무소, DL이앤씨, 한국전력기술 등 11개 기업이 포함돼 세계 11위를 차지했다.
◇반세기 빛낸 프로젝트 찾는다
한국엔지니어링협회는 이런 엔지니어링 산업의 가치와 중요성을 널리 알리기 위해 2022년 ‘대한민국 엔지니어링 대상’을 만들었다. 엔지니어링 산업의 위상 제고에 가장 크게 기여한 프로젝트와 기술자를 선정해 최고 1억원의 상금을 수여한다.
작년 대상에는 튀르키예 ‘차나칼레 대교’가 선정됐다. 차나칼레 대교는 배로 한 시간 넘게 걸리던 다르다넬스 해협의 이동 시간을 10분 이내로 단축해 교통 불편 해소와 지역 경제 발전에 큰 도움이 되고 있다. 신고리 원전 3·4호기 종합설계가 최우수상을 받았다.
12월 4일 열리는 제3회 대한민국 엔지니어링 대상 시상식에서는 협회 창립 50주년을 기념해 지난 반세기 동안 국민 경제와 국가 발전에 기여한 분야별 대표 엔지니어링 프로젝트에 대한 특별상을 추가로 수여한다. 7월 31일까지 대한민국 엔지니어링 대상 홈페이지(www.kengawards.kenca.or.kr)에서 신청할 수 있다. 이해경 한국엔지니어링협회 회장은 “자랑스러운 우리 엔지니어링 산업을 널리 알리고, 엔지니어가 존중받는 미래를 만들기 위해 노력하겠다”고 했다."
https://www.chosun.com/economy/real_estate/2024/03/07/BMIBHUCPLBGZHDHX6XNGY3HT6Q/,"올해 1월 서울 아파트 월세 거래에서 소형 아파트가 차지하는 비율이 63%를 넘어 역대 최고를 기록했다. 기존에 오피스텔·빌라에 전세로 거주하던 1~2인 가구가 전세 사기에 대한 우려로 소형 아파트로 옮기면서, 목돈이 필요한 전세 대신 월세를 선택한 것으로 풀이된다.
6일 부동산 정보 제공 업체 경제만랩에 따르면, 올해 1월 서울 아파트 월세 거래 총 8221건 가운데 전용 60㎡ 이하 소형 아파트는 5241건으로 전체 거래의 63.8%를 차지했다. 이 같은 비율은 국토교통부가 관련 통계를 작성하기 시작한 2011년 이후(1월 기준) 가장 높다. 중소형(전용 60㎡ 초과~85㎡ 이하)은 2188건으로 26.6%, 중대형(전용 85㎡ 초과~135㎡ 이하)은 7.6%, 대형(전용 135㎡ 초과)은 2.0%를 차지했다.
이는 1~2인 가구가 급증한 데다, 전세 사기 영향으로 소형 아파트 수요가 늘고 있기 때문으로 분석된다. 행정안전부에 따르면, 서울 1인 가구는 지난달 기준 199만9999가구로 전체 가구의 44.6%를 차지했다. 황한솔 경제만랩 리서치연구원은 “최근 전셋값이 크게 올라 자금 여력이 낮은 젊은 층이 전세 보증금을 마련하는 게 갈수록 어렵다”며 “이 때문에 소형 아파트 월세 계약은 당분간 증가할 것”이라고 말했다."
https://www.chosun.com/economy/real_estate/2020/09/07/GEPM4VNTY5GBBENHS4SLNJ4UPM/,"계약갱신청구권제와 전⋅월세 상한제를 담은 주택임대차법 개정안이 시행된 후 서울 곳곳에서 전세 실거래가가 억 단위로 뛴 것으로 나타났다. 강남, 마용성(마포⋅용산⋅성동) 등 인기지역은 물론, 중저가 아파트 밀집지역의 전셋값도 급등했다.
7일 직방에 따르면, 강동구 명일동 삼익그린2차 전용면적 107㎡는 지난 7월 6억5000만원에 거래됐지만 지난달에는 8억9500만원에 거래됐다. 한달 새 전셋값이 2억4500만원 뛴 것이다. 이 밖에 송파구 잠실동 우성아파트(2억3000만원), 성동구 금호동1가 벽산(2억2000만원), 강남구 압구정동 한양5단지(2억1000만원) 등의 전셋값이 2억원 넘게 올랐다.
직방에 따르면 임대차법 시행 전후인 7월과 8월 서울에서 각각 8827건, 5099건의 전세 거래가 발생했다. 직방은 이 가운데 동일 단지, 같은 면적의 거래가 두달 연속 발생한 사례 1596건을 조사에 활용했다.
중저가 아파트가 많은 금관구(금천⋅관악⋅구로), 노도강(노원⋅도봉⋅강북) 등에서도 전셋값이 오른 아파트는 심심찮게 있었다. 금천구 독산동 금천롯데캐슬 골드파크1차(60㎡)는 2억8500만원에서 4억7000만원으로 1억8500만원 올랐고, 관악구 봉천동 관악파크푸르지오(85㎡)는 4억5000만원에서 6억원으로 1억5000만원 올랐다.
서초구 반포동의 고가 아파트 소형 면적은 일부 전셋값이 떨어졌다. 반포자이 60㎡는 8월 8억9250만원으로 7월(11억원)보다 전셋값이 2억750만원 떨어졌다. 아크로리버파크도 85㎡는 1억5000만원 올랐으나, 60㎡는 1억3000만원 떨어졌다.
함영진 직방 빅데이터랩장은 “개정된 임대차법 시행 후 임대시장의 가장 큰 변화는 전세매물이 희소해졌다는 점”이라며 “임대시장 대전환이 예상되는 만큼, 이에 대비가 필요할 것”이라고 말했다."
https://www.chosun.com/economy/real_estate/2021/09/08/2TALGPFEI5H6HHAZWIGZB333PM/,"국토교통부 산하 국토연구원을 포함한 국책 연구기관 세 곳이 정부 부동산 정책의 난맥(亂脈)을 조목조목 지적하는 합동 보고서를 발표했다. 이 기관들은 “현 정부 출범 이후 20차례 넘게 부동산 대책을 발표했음에도 주택 가격이 전국적으로 급등했다”며 “정치가와 공직자들이 실정(失政) 책임을 국민 탓으로 전가하고, 부동산을 통한 불로소득을 바로잡겠다고 징벌적 과세 수준의 애먼 칼을 빼 들었다”고 비판했다.
7일 정부와 국책 연구 기관에 따르면, 한국형사·법무정책연구원과 국토연구원, 한국주택금융공사 주택금융연구원은 지난달 ‘부동산 시장 질서 확립을 위한 중점 대응 전략’이라는 719페이지짜리 보고서를 국무총리실 산하 경제·인문사회연구회에 제출했다.
보고서는 최근 몇 년 사이 전국적으로 집값이 급등한 부동산 시장에 대해 “정부의 정책 오류 또는 의도적 정책 실패로 인해 거래는 실종된 채 명목 가치만 올랐다”고 진단했다. 이어 “주택 소유자는 낮은 가격에 매물을 내놓아도 거래가 성사되지 않는 ‘거래 절벽’에 신음하고, 실수요자는 ‘매물 잠김’으로 예산과 조건에 맞는 주택을 찾아내지 못해 밤마다 울고 있다”고 적었다.
보고서는 “정부의 정책 목표가 부동산 가격을 통제하는 것이 돼서는 안 된다”며 “부동산 거래가 활성화되도록 규제와 조세 등 불필요한 시장 개입을 최소화해야 한다”고 밝혔다. 하지만 문재인 정부는 출범 직후 “주택 공급은 충분하며, 다주택자 등 투기꾼들이 집값을 끌어올린다”며 수요를 억누르는 규제 일변도의 부동산 정책을 쏟아냈다. 그 결과, 2017년 5월 5억7000만원이던 서울 아파트 평균 매매가격은 올해 7월 11억900만원으로 94.5% 올랐다.
국책 연구기관들은 작년 8월부터 1년에 걸쳐 역대 정부의 부동산 정책을 연구한 결과, 현 정부가 집값 상승의 ‘원흉’으로 다주택자를 지목한 것을 문제점으로 지적했다. 보고서는 “객관적 기준이나 사회적 합의 없이 여러 주택을 소유한 것만으로 종합부동산세 등 세금 중과의 핵심 표준으로 삼았다”고 했다. 보고서는 또 “역대 정부가 추구하는 정치적 이념에 따라 주택 정책이 영향을 받았다”면서 “현 정부는 충분한 정책 검증 과정 없이 임대차 3법을 강행함으로써 스스로 반(反)자본주의적 이미지에 갇히게 된 측면이 작지 않다”고 했다.
◇”공공이 악덕 투자자 같다”
공공(公共) 주도의 주택 공급 정책을 정면으로 비판한 것도 눈에 띄었다. 보고서는 “국내 주택 공급은 민간에서 주로 맡았으며, 저소득층을 위한 임대주택을 공급해 온 공공이 주도하는 주택 공급 전략은 한계가 있다”고 꼬집었다. 또한 LH(한국토지주택공사) 등 부동산 정책을 실행하는 정부 산하기관이 제대로 기능 하지 못한 점을 지적하며 “경영 평가가 보편화한 이래 공공 부문이 실적과 성과에 매몰되면서 차익과 폭리를 노리는 악덕 투자자와 다르지 않게 됐다”고 비판했다.
실제로 각종 규제책에도 집값이 잡히지 않자 문재인 대통령은 ‘특단의 공급 대책’을 주문했고, 정부는 올해 초 ‘2·4 대책’을 통해 LH 등 공공 주도로 전국에 80만 가구 이상을 공급하겠다고 발표했다. 그러나 공공 주도의 주택 공급 확대 정책은 소유주 반발 등의 난관으로 지지부진하고, 재건축·재개발 등 민간 정비 사업에 대한 완화 요구는 여전히 외면받는 실정이다. 올해 서울 재건축 단지에서 나온 일반 분양 물량은 275가구뿐이다.
◇집값 비정상...거품 붕괴 위험
보고서는 또 부동산 금융 분야에 대해 “LTV(주택담보대출비율)·DTI(총부채상환비율) 등을 집값 안정 수단으로 활용하면서 자기 자본이 부족한 실수요층의 주택 구매 기회를 과도하게 제약한 측면이 있다”고 지적했다. 정부가 최근 시중은행을 통해 대출 조이기에 나서면서 전세금 대출이 막히고 중도금을 못 구해 청약 포기자가 나오는 등 무주택 서민들의 피해가 속출하고 있다는 것이다.
보고서는 최근의 부동산 가격을 ‘비정상’으로 진단하며 ‘거품 붕괴’를 경고하기도 했다. 보고서는 “환율과 금리 둘 중 하나만 정상화하거나 실물 경기가 침체한다면, 집값이 올랐다는 환상이 신기루처럼 사라질 것”이라며 “일본처럼 부동산 거품이 순식간에 꺼지면 주거 약자뿐만 아니라 모든 국민이 피해를 함께 감당할 수밖에 없다”고 했다.
이 보고서는 국무총리실 산하 경제·인문사회연구회가 작년 초 한국형사·법무정책연구원에 주문한 협동 연구 과제이다. 금융·조세·법률 등 부동산 정책의 사각지대를 해결한다는 취지로 연구가 진행됐고, 국토연구원과 주택금융연구원이 함께 참여해 보고서를 만들었다. 연구를 진행한 기관들은 “공공성 강화도 필요하지만, 집이 자산 형성을 위한 재화이자 경제활동의 한 축임을 인정해야 한다”며 “균형 잡힌 시각으로 주택을 바라보는 일관된 정책 운용이 중요하다”고 강조했다."
https://www.chosun.com/economy/real_estate/2023/09/19/5YGDDAE7IZABBATC3GV7CGNRN4/,"경기 화성 동탄신도시 남쪽 동탄호수공원 옆에 들어선 ‘라크몽’. 2021년 말 문을 연 아케이드형 상가로 연면적 6만893㎡(약 1만8400평), 지하 3층~지상 5층 규모다. 현재 동탄호수공원 일대에서는 속칭 가장 잘 나가는 상가로 꼽힌다.
라크몽이 처음부터 성공한 것은 아니었다. 초기 상가 분양률이 절반을 밑돌고, 입점 상인도 적어 상권 활성화에 애를 먹었다. 당초 배후 수요가 탄탄하고 호수공원도 인접해 분양 성공 기대감이 컸지만 코로나19 사태 등으로 직격탄을 맞았다.
그런데 지난해 초부터 반전이 일어났다. 라크몽 상가 지상 4~5층에 실내 동물 테마파크 ‘주렁주렁’이 입점한다는 소문이 나면서 미분양 상가가 팔려나가고 상권도 살아난 것. 동탄호수공원 인근 A공인중개사사무소 관계자는 “고객을 끌어모을 수 있는 확실한 앵커 테넌트(anchor tenant·핵심 임차인)가 들어온다는 소식에 투자자들이 안심하면서 미분양 물량을 거의 완판했다”고 말했다.
◇연간 30만명 방문…고층부 입점도 가능해
지난 17일 찾은 주렁주렁 동탄 라크몽점은 자녀를 동반한 가족 단위 고객으로 북적였다. 2개 층을 합해 1000평쯤 되는 실내동물원에 펭귄·나무늘보·홍학 같은 동물 100여종, 약 400마리가 있다. 아이들 반응이 뜨거웠다. 이성완 주렁주렁 부사장은 “동탄 라크몽점은 지난해 30만명이 방문했고 매출은 50억원 정도였다”며 “올해 매출은 60억원까지 오를 것 같다”고 했다.
현재 상업용 부동산 시장에서 가장 주목받는 콘텐츠 기업 중 한 곳인 주렁주렁이 ‘땅집고 공간기획센터’에 파트너로 참여한다. 땅집고 공간기획센터는 중대형 상가·빌딩에 임차인을 연결해 주는 프로젝트를 진행하고 있다. 건물주에게는 핵심 임차인을, 테넌트에게는 임차 조건이 좋은 공간을 각각 찾아준다.
주렁주렁은 에버랜드 사육사 출신인 정상민 대표와 10여년 리테일 경력을 갖춘 이성완 부사장이 2012년 설립한 국내 최초 실내 동물 테마파크다. 전국 4개 지점에서 연간 매출이 200억원에 달한다. ‘동물원’이라는 콘텐츠 자체의 모객 효과가 큰데다 일반 임차인은 입점을 꺼려하는 고층부 근생 상가 입점이 가능한 것도 강점이다.
주렁주렁은 어떻게 성공했을까. 대개 동물원은 동물을 철창에 가둔 상태에서 일방적 관찰만 가능하다. 주렁주렁은 고객이 눈앞에서 동물과 교감할 수 있도록 울타리를 없앴다. 또 서울 영등포와 경기 화성 동탄처럼 도심형 동물원이어서 고객 접근성이 탁월하고 날씨에 관계없이 연중 영업이 가능한 것도 장점이다.
◇운영 노하우가 중요…지하층은 입점 안해
실내동물원 운영이 결코 만만한 것은 아니다. 방문객과 동물이 직접 접촉하는 만큼 전문적이고 철저한 운영관리 노하우가 필요하다. 이 부사장은 “주렁주렁은 동물 사육에 대한 기본적인 노하우를 갖추고 있다”면서 “동물이 쉬는 쉼터 등 후면 공간을 청결하게 유지하고 불쾌한 냄새가 나지 않도록 관리할 줄 알아야 한다”고 했다.
주렁주렁은 인구가 일정 기준을 넘고 매장 규모는 500평 이상이어야 입점한다. 1층이 아닌 지상층도 가능하다. 하지만 햇볕이 들지 않는 지하층은 동물 생태에 적합하지 않다. 땅집고 공간기획센터에 의뢰하면 건물과 상권 특성을 파악해 주렁주렁 입점을 지원하고 입점 이후 땅집고가 마케팅·홍보도 지원한다.
최근 상업용 부동산 시장에선 주렁주렁처럼 건물 상층부 대규모 공간을 채울 수 있는 브랜드의 중요성이 커지고 있다. 흔히 ‘상가의 얼굴’로 통했던 1층도 중요하지만 상대적으로 세입자를 구하기 어려운 3층 이상 공간을 잘 채워야 상가 전체가 살아나고 수익성도 좋아지기 때문이다. 성시정 땅집고 공간기획센터 부장은 “대형 상가 상층부는 식음료보다 트렌디한 전시·관람·체험형 매장의 성공 확률이 높다”며 “다만 강력한 콘텐츠를 갖춘 임차인에게는 건물주가 시설비를 일부를 지원하고, 임대료를 좀 더 높게 책정해 윈윈하는 모델을 만드는 방안이 필요하다”고 했다."
https://www.chosun.com/economy/real_estate/2023/09/05/XHZDWN2EJNBG3LZPEZ6LJPEFFU/,"한국토지주택공사(LH)가 2년 전 부동산 투기 의혹으로 시행된 혁신안을 제대로 이행하지 않았다는 주장이 나왔다.
경제정의실천시민연합은 5일 오전 기자회견을 열고 LH 임직원 투기 방지 혁신안 이행 실태를 발표했다. 지난 2021년 LH 부동산 투기 사태 이후 국회는 LH 임직원 투기 방지를 목표로 하는 이른바 ‘LH 5법’을 통과시켰다. LH 임직원들의 재산 등록을 의무화하고 국토부 장관이 매년 LH 임직원의 부동산거래를 정기조사하며 LH 임직원이 업무와 관련된 부동산을 보유하고 있거나 매수하면 이를 신고하도록 한 내용 등이다.
그러나 경실련이 LH와 인사혁신처, 국토교통부 등에 정보 공개 청구한 결과, 이 같은 혁신안이 제대로 지켜지지 않은 것으로 드러났다. 경실련은 LH 임직원의 재산등록제는 등록한 재산을 제3자에게 비공개하고 있어 실효성이 없다고 지적했다. 경실련은 “인사혁신처도 LH 임직원의 재산심사 내역을 별도로 관리하지 않는 등 부실한 재산심사가 의심된다”며 “부동산 투기 행위를 적발하고자 도입되었으나, 전혀 그 취지를 살리지 못하고 있다”고 했다.
공직자 이해충돌방지법에 규정된 ‘LH 임직원 부동산 매매신고제’ 역시 자진 신고로 실효성이 없었다. 경실련이 LH에 정보공개 청구한 자료에 따르면, 공직자 이해충돌방지법 시행 이후 LH 임직원이 직무 관련 부동산을 매매했다고 신고한 건은 0건, 직무상 비밀이용으로 처벌한 건도 0건이었다.
그러나 국토부의 LH 임직원 대상 부동산 거래 정기 조사에서는 미공개정보 이용 및 업무상 비밀이용으로 수사 의뢰를 받은 게 2건, 미공개정보를 이용해 투기가 의심된 감사의뢰 2건이 확인됐다. 경실련은 “업무 관련 부동산 거래가 있었지만 LH의 자체적인 내부 감시가 제대로 이뤄지지 않은 것으로 보인다”고 했다.
경실련은 이처럼 2년간 LH 혁신에 아무런 성과가 없었다며 대통령이 직접 LH 쇄신을 챙기고 근본 해법을 제시해야 한다고 주장했다. 경실련은 근본 해법으로 LH의 주택개발업무 제외 및 3기 신도시 사업참여 배제, 공직자 투기 및 이해충돌방지 제도 실효성 강화, 분양원가 등 투명한 행정정보 공개, 전관영입업체 입찰참가 배제 등을 제시했다.
한편, 경실련은 이한준 LH 사장에 대한 의혹도 제기했다. 이 사장은 취임 전인 2019년 2월부터 지난해 9월까지 용마엔지니어링에서 건설사업 분야 종합자문 활동을 했다. 이 업체는 LH 퇴직자가 재취업한 용역업체다. LH는 해당 업체와 2022년 7월 용인보라 지방도 315호선 경부고속도로 횡당교량 등 설계용역을 수의 계약으로 체결했다. 계약 금액은 18억5745만원 규모다. 경실련은 이 수의계약에 부당한 청탁이 있었는지 여부 등에 대한 조사가 필요하다고 주장했다. 다만 LH 관계자는 이에 대해 “이 사장이 LH 사장으로 취임한 것이 작년 11월인데, 그보다 4개월 앞서 맺은 계약을 두고 부정 청탁 가능성을 주장하는 것은 억지”라고 했다."
https://www.chosun.com/economy/real_estate/2022/04/18/5OSUH3A43NELXCYETEY5ZKHYJQ/,"유진그룹 계열사인 동양이 1463억원 규모의 물류센터 공사를 수주했다고 17일 밝혔다. 충북 음성군 금왕테크노밸리 산업단지에 지하 1층~지상 4층, 연면적 11만8000여㎡ 규모의 물류센터를 짓는 사업이다. 물류센터가 들어설 금왕테크노밸리 산업단지는 중부고속도로와 평택제천고속도로가 가까워 수도권뿐만 아니라 전국을 아우르는 물류 허브로 경쟁력을 갖췄다는 평가를 받는다.
동양은 지난 2016년 법정관리를 졸업하고 유진그룹에 편입된 이후 경영이 정상화되면서 수주 실적도 눈에 띄게 좋아지고 있다. 주택과 토목 외에도 물류센터 등 새로운 건설 분야로 사업 다각화도 추진 중이다. 동양 관계자는 “전자상거래 시장 성장에 맞춰 물류센터 수주 역량 강화에 집중할 것”이라고 말했다."
https://www.chosun.com/economy/real_estate/2024/10/22/OHVHRACTGJERVFMZ4W4L7MWK7M/,"서울 송파구 신천동에 공급되는 ‘잠실 래미안 아이파크(잠실 진주 재건축)’ 특별공급에 4만명에 가까운 신청자가 몰렸다.
22일 한국부동산원 청약홈에 따르면, 전날 진행한 잠실 래미안 아이파크 282가구 특별공급 모집에 3만9478만명이 접수, 평균 140대 1의 경쟁률을 기록했다. 신청자가 가장 많았던 유형은 생애 최초로, 50가구 모집에 1만9312명이 몰렸다. 신혼부부 유형에도 1만3114명이 접수했고, 다자녀가구 유형에는 6229명이 신청했다.
잠실 래미안 아이파크는 잠실 일대에서 20년 만에 공급되는 신축 아파트여서 수요자들의 관심을 끌었다. 분양가 상한제 단지인 동시에 서초구나 강남구에서 최근 분양된 단지보다 분양가가 낮게 책정된 것도 인기 요인으로 꼽힌다. 이 단지의 3.3㎡당 분양가는 5409만원으로, 전용면적 59㎡는 15억원대, 84㎡는 18억~19억원대로 책정됐다. 그간 래미안원펜타스 등 강남권 분양가는 전용 84㎡가 20억원을 웃돌았다.
인근 대단지인 파크리오의 시세가 전용 59㎡ 20억원대, 84㎡ 23억원대로 당첨될 경우 최소 5억원 안팎의 시세차익이 기대돼 이날 진행되는 일반 공급에도 많은 신청자가 몰릴 것으로 예상된다."
https://www.chosun.com/economy/real_estate/2021/07/27/BSTAGZJSWJBF7FL3MEOUCMYSPA/,"부동산 미디어 플랫폼 ‘땅집고’가 올 하반기 다양한 부동산·건축 강의를 개설하고 수강생을 모집한다.
오는 8월24일 ‘조선일보 땅집고 건축주대학 19기’가 문을 연다. 예비 건축주를 성공으로 이끄는 멘토 역할을 해 온 건축주대학은 이미 1000명이 넘는 수강생을 배출한 국내 최고 실전형 건축 강좌다. 인문학 강의가 아닌 건축주라면 반드시 갖춰야 할 기본 소양과 실무 지식을 쌓고, 실제 건축 때 건축가나 시공사 현장소장과 의사 소통할 수 있는 방법을 알려준다.
8월 31일에는 최근 부동산 시장에서 가장 핫한 아이템으로 떠오른 빌딩 투자 노하우를 전수하는 ‘중소형 빌딩 투자 실전과정 3기’가 시작된다. 빌딩 투자 결정에 앞서 반드시 알아야 할 빌딩 시장 최신 트렌드, 지역별 시장·매물 분석, 수익성을 2배로 높이는 리모델링 기법, 공실 최소화를 위한 빌딩 운영·세입자 관리 노하우 등을 소개한다.
10월 5일에는 ‘리모델링 마스터 클래스 2기 과정’이 개설된다. 오래된 중소형 빌딩과 낡은 주택 등을 보유하고 있거나 구입해 수익성 높은 건물로 리모델링하려는 건축주에게 꼭 필요한 실무형 강의다. 저렴한 비용으로 건물 가치를 최대한 끌어올리는 리모델링은 신축만큼이나 고려할 점이 많은데 전문가들이 상세히 짚어준다.
땅집고가 주최하는 강의에 사전 예약하면 수강료 20만원 할인 혜택을 준다. 일부 강의 일정은 변경될 수 있다. 신청은 홈페이지에서 하면 된다."
https://www.chosun.com/economy/real_estate/2022/11/11/BFPQYELTTJHSTA2NA3AWDOFKJM/,"8월부터 3개월간 비어 있던 LH(한국토지주택공사) 사장에 이한준(71·사진) 전 경기도시공사 사장이 선임됐다.
10일 국회와 정부 관계 부처에 따르면, 원희룡 국토부 장관은 최근 이 전 사장을 LH 사장으로 대통령에게 임명 제청했다. 앞서 LH 신임 사장 공모에 10여 명이 지원했고, LH 임원추천위원회는 이 전 사장과 박무익 전 행정중심복합도시건설청장을 후보자로 추천했다. 기획재정부 공공기관운영위원회는 두 후보자를 검증한 뒤 이 전 사장을 최종 후보자로 정했다.
전북 정읍 출신인 이 전 사장은 윤석열 대통령 선거 캠프에서 부동산 공약 설계에 참여해 신도시 정비 사업 추진 등에 대해 조언한 것으로 알려졌다. 교통연구원 부원장을 지냈고, 2008~2011년 경기도시공사 사장으로 광교신도시 개발을 지휘했다. 이 전 사장은 GTX(수도권광역급행철도)를 최초로 제안한 도시교통 분야 전문가로 알려졌지만, 신도시와 공공택지 개발 경험도 풍부해 정부 주택 공급 대책을 수행하기에 적임자라는 평가를 받은 것으로 알려졌다."
https://www.chosun.com/economy/real_estate/2021/01/02/SEN5DINQVRFY3KW5CFTSBZX5FQ/,"올해 서울 4만4700여가구를 포함해 전국에서 민간 아파트 39만여가구가 분양될 예정이다. 단일 재건축으로는 역대 최대인 서울 강동구 둔촌주공 재건축(1만2032가구) 등 대규모 물량이 나오면서 작년보다 공급 물량이 20% 정도 증가한다. 하지만 청약통장 가입자가 전 국민의 절반을 넘어선 데다 ‘로또 청약’ 광풍 속에 청약 경쟁률도 계속 치솟고 있어 올해 당첨도 ‘하늘의 별따기’일 것이란 예상이 나온다.
1일 부동산 정보업체 ‘부동산114’에 따르면, 올해 아파트 분양 물량은 수도권 20만6651가구, 지방 18만4203가구로 수도권 비중이 좀 더 높다. 서울에서는 서초구 래미안원베일리(2990가구)·방배6구역(1131가구), 성북구 장위10구역(2004가구), 송파구 잠실진주(2636가구) 등이 분양에 나선다. 경기도에서는 광명 2·5·10R구역 재개발(7273가구), 수원권선6구역(2175가구) 등이 공급을 앞두고 있다. 다만 분양 계획 물량에는 재건축·재개발 조합원 몫도 포함돼 있어 실제 청약을 통해 공급되는 물량은 이보다 훨씬 적다. 둔촌주공의 경우 일반공급 물량은 4786가구로 전체의 절반 이하다.
분양 물량이 늘지만 청약 당첨은 쉽지 않다. 한국부동산원 청약홈에 따르면 작년 11월 말 기준 전국 청약통장 가입자는 2710만명으로 국민 절반 이상이 청약 통장을 갖고 있다. 1년 전과 비교하면 150만명 넘게 늘었다. 전체 통장 가입자 중 서울 가입자만 679만명에 이른다.
청약 경쟁률도 가파르게 오르고 있다. 기존 아파트값이 급등한 상황에서 정부의 분양가 통제로 신축 아파트 분양가가 시세보다 크게 저렴해졌기 때문이다. 지난해 서울 아파트 청약 평균 경쟁률은 77대1로, 2000년대 이후 가장 높은 경쟁률을 기록했다. 2019년(32대1)과 비교하면 두 배로 뛰었다. 서울에선 청약 가점 60점은 넘어야 당첨을 기대해볼 수 있다는 예상이 나온다. 3인 가구 기준으로 무주택 기간과 청약 통장 가입기간이 각각 14년은 채워야 받을 수 있는 점수다. 박원갑 KB국민은행 부동산 수석전문위원은 “분양가가 저렴한 데다 새 아파트 선호도가 갈수록 높아지고 있어 청약 열풍이 이어질 것”이라고 했다."
https://www.chosun.com/economy/real_estate/2023/10/03/OBMWRKWCK5GMXDMMFRL6NRUSTQ/,"“규모가 엄청나니까 아무래도 보기 싫죠. 조만간 재개발 하겠지 했는데 14년간 방치될 줄이야…” (파주 유승앙브와즈 아파트 입주민 P씨)
경기도 파주시 탄현면에는 14년째 공사가 중단된 폐건물이 있다. 신세계 아울렛 바로 옆이다. 높은 펜스로 둘러싸여 있지만 그 안에는 짓다가만 건물 수십 동이 버려져 있다. 철근과 시멘트는 부식돼 있고 땅에 놓인 자재들도 버려진 지 오래다. 폐건물이 버려진 부지의 규모만 무려 21만㎡. 2년 이상 방치된 사업지 중 동양 최대 수준이다.
이곳의 정체는 ‘통일동산지구 휴양콘도미니엄’으로 토지주인 시행사 시티원과 시공사인 DL이앤씨가 합작한 민간개발 사업이다. 1990년 노태우 정부 시절, 여의도 면적(848만㎡)의 절반이 넘는 약 553만㎡ 규모가 ‘통일동산지구’로 지정돼 개발을 시작했다. 통일동산 내 52만㎡(16만평)부지에는 1250실 규모의 대규모 콘도미니엄과 워터파크 등의 종합 휴양 시설이 계획됐다. 폐건물이 있는 곳은 숙박시설인 콘도가 들어서는 부지로 21만㎡(6만5000평)에 달한다. 31개 동의 콘도가 지어질 예정이었지만 2008년에 공사가 33.46% 진행된 상태로 멈춘다.
금융위기로 인해 시행사 시티원의 자금난이 악화되면서 공사를 진행할 수 없었던 것. 분양 홍보 당시 30평에서 90평대 객실의 분양 가격은 5억원에서 20억원 정도였다. 평당 1770만원에서 2150만원 수준. 이는 파주신도시 분양가인 평당 1000만원의 약 두 배에서 세 배였다.
콘도 분양에 문제가 생기자 골프장, 워터파크 등의 개발도 중단됐다. 집 앞에 종합 휴양시설이 생긴다는 소식에 탄현면의 발전을 기대했던 유승앙브와즈 아파트 입주민들은 폐건물이 14년 동안 방치되는 모습을 지켜볼 수밖에 없었다. 심지어 폐건물과 가까운 101동 세대에서는 거실에서도 흉물스런 모습이 훤히 보인다. 주민들은 원치 않았던 ‘흉물뷰’를 가지게 된 것. 유승앙브와즈 입주민 P씨는 땅집고와의 인터뷰에서 “골프장, 워터파크 등 생긴다고 했을 때 동네가 발전될 테니 다들 좋아했었다”며 “처음에는 플래카드도 걸고 했었는데 오래 방치되면서 의미가 없어졌다”고 한숨을 내쉬었다.
2015년 방치 기간이 길어지자 파주시는 이 부지를 ‘부동산투자이민제’ 지구로 지정하려 했다. ‘부동산투자이민제’는 5억 원 이상 투자한 외국인에게 한국 거주 자격을 부여하고, 5년 이상 거주하면 영주권(F-5)을 주는 제도다. 다수 중국투자기업이 관심을 표명했다. 하지만 예상치 못한 사드 여파로 투자유치에 실패했다.
결국 파주시는 4년 뒤인 2019년, 국토교통부 방치건축물 정비 선도사업 공모에 참여해 이 건물들을 철거하려 했다. 그러나 이마저도 실패로 돌아갔다. 파주시청 관계자는 “공사비 지급 조건을 두고 시공사와 시행사 간 의견이 틀어졌다”며 “사유지이기 때문에 시에서 강제로 할 수 있는 부분은 아니다”라고 말했다.
시행사와 더 이상 사업을 추진할 수 없다고 판단한 DL이앤씨는 2020년 8월, 시행사 시티원을 상대로 4000억원대 공사 대금 청구 소송을 제기한다. 이 소송은 1심 재판이 진행 중이며 내년 초 판결이 날 예정이다. 판단한 DL이앤씨 관계자는 “부지가 어떻게 활용될지는 시나 시행사의 의견이 중요할 것 같다”고 말했다.
☞더 많은 기사는 땅집고에서 보실 수 있습니다"
https://www.chosun.com/economy/real_estate/2022/09/20/57UCHLSYT5HNJFQL5FDBID526Q/,"경기 시흥시 신천동에서 주거형 오피스텔 ‘시흥 신천역 해링턴타워 709′가 분양한다. 지하 2층~지상 27층 1개동에 전용면적 63~84㎡ 총 194실이다.
서해선 신천역이 걸어서 1분 걸리는 이른바 초역세권 오피스텔이다. 신천역에서 지하철을 타고 두 번 환승하면 여의도까지 1시간 안에 닿는다. 서해선은 내년 대곡~소사 구간이 연장 개통할 예정으로 부천종합운동장역에서 7호선으로 갈아탈 수 있다. 오는 2029년 서울 구로역과 인천 연수구 청학역(수인선)을 연결하는 제2경인선이 개통하면 이른바 더블 역세권이 된다.
단지 서쪽에 소래초등학교가 있고 반경 1km 이내에 신천중, 대흥중, 신천고, 소래고 등이 있다. 주변에는 삼미전통시장, 하나로마트, 롯데마트, CGV 등 편의시설도 많다.
모든 호실 씽크대에 음식물쓰레기처리 시스템을 설치했다. 모든 호실에 개별창고도 준다. 분양회사 관계자는 “주차장은 100% 자주식이며 호실당 1대 이상 주차가 가능하다”면서 “거실 천장을 일반 오피스텔보다 높은 2.7m로 설계해 실내가 탁트인 느낌을 준다”고 했다.
이 오피스텔은 요즘 세입자가 가장 선호하는 2룸과 3룸으로 꾸민다. 여기에 아일랜드형 주방, 터치식으로 열리는 빌트인 가구를 비롯해 유상옵션을 추가하면 고급형 세탁기와 건조기도 제공한다. 전망이 탁 트여 있는 최상층에 스카이 피트니스와 스크린 골프연습장, 퍼팅 연습장을 갖춘다. 간단한 요리가 가능한 공유다이닝 겸 입주민 간 소통과 교류를 위한 라운지도 마련한다.
분양회사 관계자는 “시흥 신천역 해링턴타워 709는 주거형 오피스텔이라서 거주지역, 보유 주택 수, 세대주 여부 등과 관계없이 만 19세 이상이면 누구나 청약이 가능하고 100% 추첨제로 당첨자를 선정한다”며 “서해선과 제2경인선이 지나는 신천역까지 걸어서 1분이면 도착할 수 있어 실수요자와 투자자 모두 관심이 많다”고 했다.
분양 홍보관은 경기도 광명시 양지로 19 광명 어반브릭스 3층 366호에 마련했다."
https://www.chosun.com/economy/real_estate/2022/03/30/M3KE3SJ2CREGHJ4KKOGYXDKCWU/,"한국토지주택공사(LH)는 지난 25일 김준기 혁신위원장과 김현준 사장이 참석한 가운데 올해 두 번째 혁신위원회를 열고 지난 1년간의 활동 성과를 점검했다.
외부 전문가들로 구성된 LH 혁신위는 작년 5월 출범 이후 10차례의 회의를 거쳐 내부 통제 강화, 경영 관리 강화, 업무 체계 혁신, 국민 소통 강화 등 4대 추진 방향을 설정하고, 경영 전반의 혁신 과제를 발굴했다. 혁신위는 작년 3월 불거진 LH 직원들의 부동산 투기 사태의 근본적인 원인을 진단하고, ‘사전 예방-적발·제재-감시·관리’로 이어지는 재발 방지 대책과 함께 내부 통제 방안을 마련했다.
이와 함께 부동산 투기 행위자에 대해서는 승진을 원천적으로 배제하는 등 회사 전반의 근무 분위기를 쇄신하는 조직·인사 혁신 등 경영 관리 강화 방안도 마련해 추진했다. 올해는 임금 피크 기간 단축을 통한 가용 인력 확대, 저(低)성과자 관리 프로그램 강화 등을 시행한다는 계획이다."
https://www.chosun.com/economy/real_estate/2021/02/03/CEMG4HUU2VEYDFCYPHBNEV5ENI/,"‘팬데믹 특수’로 치솟던 영국 집값이 하락세로 돌아섰다. 코로나 직격탄으로 하락세를 보이던 영국 집값은 작년 7월부터 급반등해 연간 7.3% 올랐다. 6년 만에 최고 상승률을 기록했다. 비록 월간 변동률이지만, 주요 국가 중에 첫 월간 집값 하락이 ‘팬데믹 자산 미니 버블’의 마감으로 이어지는 것 아니냐는 관측도 나온다.
2일 파이낸셜 타임스에 따르면 영국주택가격지수(Nationwide House Price Index)가 1월 전달에 비해 0.3% 하락했다. 코로나 침체로 작년 5~6월 하락세를 보이다 ‘V’자 반등에 성공한 후 6개월 만에 첫 하락세이다.
20여 차례 대책에도 연초부터 집값이 강한 상승세를 보이자 정부가 다시 ‘특단의 대책’을 내놓겠다고 선언한 한국과 영국은 너무나 대조적이다.
◇취득세 면제 조치에 교외 주택 수요 폭발로 집값 급등
영국 정부는 코로나 경기악화를 막기 위해 작년 7월 한시적으로 50만 파운드(약 7억 6329만 원) 이하 주택에 대해 취득세를 면제하는 조치를 취했다. 영국 집값은 이를 계기로 강한 오름세로 돌아섰다. 실업률 증가 등 경제 상황이 좋지 않은 가운데 집값이 급등한 것은 취득세 감면, 재택근무로 더 넓고 쾌적한 환경의 주택을 찾는 수요가 급증하고 금리 인하로 저리의 대출이 가능했기 때문이다.
특히 집에서 일하는 시간이 늘면서 정원을 가꿀 수 있는 교외 단독주택 수요가 급증했다. 이 때문에 단독주택이 아파트 가격 상승률의 2배를 기록했다고 현지 언론이 전했다. 코로나 시대를 맞아 밀집 거주하는 아파트 인기가 시들해진 것이다. 보통 아파트를 구입하는 생애 첫 주택 구입보다는 집을 넓히는 주택 구입수요가 급증한 것도 같은 맥락이다. 런던의 평균적 주택가격은 전년보다 9.7% 오른 51만4000파운드(7억 8400만원)를 돌파했다.
코로나 영향을 상대적으로 덜 받는 중상층의 이사수요가 많았다. 파이낸셜타임스는 “지난해 주택 거래는 좀더 넓고 쾌적한 환경을 찾아 교외로 이전하려는 수요가 늘면서 45만 파운드(6억8000만원)~ 80만 파운드(12억2000만원) 가격대 수요가 많았다”고 전했다. 취득세 면제가 3월말까지 이지만 연초부터 집값 변동률이 마이너스로 돌아서자 ‘단기 호황의 마무리’를 전망하는 시각이 우세하다.
◇5% 하락 전망도, 저금리만으로 집값 상승 한계 드러나
영국 현지 언론은 대체로 “단기적으로 집값이 급락하기보다는 연간 2~3% 정도 하락하는 냉각기를 거칠 것”이라고 전망했다. 주택담보대출 은행인 영국 핼리팩스는 “3월 말 최대 50만 파운드까지의 주택에 대한 정부의 취득세 면제 조치가 끝나는데다 여전히 경기가 좋지 않은 만큼, 연간 5%까지 하락할 수 있다”고 전망했다. 영국 신문 가디언은 “주택 시장 붕괴를 막기 위해서는 영국 정부가 취득세 감면 조치를 3월 말 이후에도 유지해야 한다는 요구가 늘어나고 있다”고 전했다. 취득세 면제가 주택시장의 과열을 가져왔지만, 코로나로 인한 경기 악화를 막는데 효과적이었기 때문에 연장 가능성도 있다는 것이다.
이번 영국의 집값 하락은 저금리와 과잉유동성, 정부의 부양책만으로 집값 상승세가 지속되는데 한계가 있다는 것을 보여준다. 영국은 기준금리가 2018년 0.75%에서 현재 0.1%까지 내린 상태이다. 신규 주택담보대출의 평균 이자율은 1.83% 전후로 역사적으로 매우 낮은 수준이다.
포스트 코로나 시대에도 영국 경제 전망이 마냥 긍정적이지는 않다. 브렉시트 후폭풍으로 인한 다국적 기업들의 이전, 실업률 상승 등의 악재가 도사리고 있기 때문이다. 코로나 이후 최대 130만 명이 영국을 떠났다는 보고서가 나왔다. 영국은 인구의 14%, 950만명이 외국 출생자이다. 코로나로 유럽에서 확진자 발생 1위를 기록하면서 호텔 등 접객 서비스업에 종사하다 실업자가 된 이민자, 외국인 근로자들이 귀국한 것이다.
실업률, 소득 등 경제 펀드멘털이 악화하는 가운데 저금리와 유동성 만으로 집값 상승세가 지속될 수는 없다. 작년 연말 실업률이 5년만에 최고치인 5%로 치솟았는데, 내년 중반기에는 7.7%로 더 악화될 것으로 영란은행은 전망하고 있다.
◇영국 정부 대대적인 주택확충 추진, 효과 있을까
영국 정부는 집값을 천정 부지로 치솟게 만든 원인이 공급부족에 있다고 보고 공급량을 본격적으로 늘리고 있다. 영국은 1인 가구 증가와 이민 등 사람 수 증가를 고려하면 연간 34만 가구 정도가 필요하지만, 상당기간 15만 가구 수준에서 공급됐다. 1970년대 연간 35만 가구가 공급됐지만, 1980년대 이후 15만~ 20만 가구 수준에 그쳤다. 2013년에 13만5000가구까지 줄었다. 한국(5180만명)의 인허가 물량이 연간 50만 가구 수준인데 반해 영국(6800만명)은 인구에 비해 공급량이 절대 부족하다.
집값 급등이 쟁점이 되면서 영국 보수당 정부는 2015년에 2020년까지 100만 가구 건설을 공약했고 2017년에는 2022년까지 추가로 50만 가구 공급계획을 발표했다. 계획에는 미치지 않지만 2017~2019년에는 20만 가구 안팎의 공급이 이뤄졌다. 작년에는 24만 가구까지 늘어났다. 영국의 주택공급 부족은 인허가 과정의 복잡성, 환경규제, 자치 단체들의 소극적 태도 등 복합적이다."
https://www.chosun.com/economy/real_estate/2021/04/19/T2DMLYYJZNADDBEKOEC5PIZ6BQ/,"삼성타운 B동 이름 ‘더 에셋’으로 변경
코람코자산신탁이 리츠(부동산투자회사·REIT’s)를 통해 보유 중인 서울 서초 삼성타운 B동의 이름을 ‘더 에셋’(The Asset)으로 변경했다고 25일 밝혔다. 코람코자산신탁은 이번 건물명 변경을 통해 삼성 사옥이라는 이미지를 벗고 독자적인 자산으로 발전시킨다는 계획이다. 빌딩의 상징성을 높이 산 다수의 외국계, IT(정보기술) 기업들이 입주를 희망하고 있다.
’창호 수퍼세이브' 6년만에 전면 리뉴얼
LG하우시스가 고단열 창호 브랜드 ‘LG Z:IN(지인) 창호 수퍼세이브 시리즈’를 6년 만에 전면 리뉴얼했다. 수퍼세이브 시리즈는 창호 제품을 기능과 가격대에 따라 3(보급형), 5(기본형), 7(고급형)로 구분한 것으로 2015년 출시 이후 작년까지 50만 세트 넘게 팔렸다. 회사 측은 “새로 선보이는 제품은 에너지 소비효율, 단열성 등에서 최고 사양”이라고 설명했다.
’동탄역 금강펜테리움 더 시글로' 내달 분양
금강주택은 동탄2신도시 C-2블록에 짓는 주상복합 ‘동탄역 금강펜테리움 더 시글로’를 5월 분양한다. 지하 4층~지상 38층, 3동, 아파트 380가구와 지상 25층, 1동, 오피스텔 132실로 구성된다. 경부고속도로, 제2외곽순환고속도로가 가깝고 인근 동탄역에서 SRT를 이용하면 강남 출퇴근도 편하다. 입주는 2024년 10월 예정이다.
‘아산테크노밸리 6차 이지더원’ 분양
라인건설이 충남 아산시 둔포면 아산테크노밸리 Ab5블록에 짓는 ‘아산테크노밸리 6차 이지더원’을 분양할 예정이다. 지하 2층~지상 최고 25층, 12동, 전용면적 68~84㎡ 822가구로 지어진다. 6차까지 준공되면 약 8000가구 규모의 ‘이지더원’ 브랜드 타운이 만들어진다."
https://www.chosun.com/economy/real_estate/2023/06/02/3ZIHW4IJJJG6RI4OUFQDHGSEAM/,"국세청이 GS건설에 대한 특별 세무조사에 나섰다. 1일 관계 기관 등에 따르면, 국세청은 이날 서울지방국세청 조사4국 직원을 투입해, 서울 종로구 GS건설 본사에 대한 세무조사를 진행했다.
2019년 정기세무조사를 받았던 GS건설이 이번엔 특별 세무조사를 전담하는 조사4국으로부터 조사를 받게 되자, 업계에선 지난 4월 발생한 인천 검단신도시 아파트 지하주차장 붕괴 사고와 관련해 GS건설의 회계 문제를 들여다보는 게 아니냐는 관측이 나온다. GS건설 관계자는 “특정 사안과 관계없이 정기 세무조사 성격으로 이뤄지는 것으로 알고 있다”고 했다."
https://www.chosun.com/economy/real_estate/2023/09/12/YIFCYNT6PBENPILOJO6HFSUKAU/,"땅집고가 상업용 건물을 채워야 하는 건물주나 시행사 임직원 등을 대상으로 오는 10월18일 ‘공실 빌딩 살리기 임대차 전략 2기’ 교육 과정을 개설한다. 건물 기획 단계부터 공실을 줄이고 속칭 핫 플레이스로 만들 수 있는 실전 임대차 노하우를 전달한다. 이미 지은 아파트 상가·플라자 상가·중대형 근생빌딩 등에서 발생한 대규모 공실 해법도 제시한다.
강의는 총 6강이며 성수동 현장스터디 1회를 포함한다. 황윤민 무월F&B 대표, 김신동 스위트스팟 이사, 성정학 박스풀 대표 등 상권 트렌드, 공간 마케팅, 상업공간 운영·관리 전문가들이 강사로 나선다. 수강생이 희망하면 땅집고 공간기센터에서 무료로 일대일 컨설팅을 진행한다. 수강료 170만원이며 땅집고M 홈페이지에서 신청하면 된다."
https://www.chosun.com/economy/real_estate/2022/05/18/AW4UOXX6MJC63COX6OTBYM6IKU/,"[땅집고] 경기 의왕 백운밸리 사업 시행사인 의왕백운PFV가 당초 호텔·상업시설 등 기반시설을 짓기로 했던 땅을 주거용으로 용도변경한 뒤 팔아치워 주주사들끼리 2년간 2150억여원을 배당금으로 나눠가진 것으로 확인됐다.
이 과정에서 자본금 50억원인 의왕백운PFV에 적게는 1억원, 많게는 11억원 정도만 투자한 민간업체들이 1개사당 최대 500억원, 총 1000억원이 넘는 배당금을 챙겨 “봉이 김선달이 따로 없다”며 논란이 커지고 있다. 이 때문에 일각에서는 이름도 없고 규모도 작은 회사들이 애초에 어떻게 1조6000억원대 초대형 사업에 주주로 참여하게 됐는지 의문을 제기하고 있다.
백운밸리는 의왕시 백운호수 남쪽 학의동 일대 95만4979㎡를 그린벨트(개발제한구역)에서 풀어 아파트 등 공동주택 4080가구와 종합병원 등 의료시설·비즈니스센터 등을 개발하는 사업이다. 사업규모만 1조6000억원대로 추산한다. 의왕도시공사가 2012년 3월 민관합동 PF사업으로 추진했다. 의왕도시공사와 민간업체가 자본금 50억원으로 시행사인 ‘의왕백운PFV’를 설립했다. 지분은 의왕도시공사가 50%이며 ▲개성토건 22% ▲비더블유 14% ▲미주산업개발 5% ▲케이프증권 5% ▲롯데 2% ▲효성 2% 등이다.
☞[관련기사]스리슬쩍 용도변경…의왕시, 백운밸리 땅 팔아 4000억 수익
☞[관련기사]”종합병원 들인대놓고…의왕도시공사, 땅값 뛰니 돌변”
■ 지식복합도시 만든다더니…호텔·업무시설 안짓고 주거용도로 바꿔 매각
의왕백운PFV는 당초 백운밸리 개발 방향에 대해 “자연 환경과 조화를 이룬 지식문화복합도시로 만들겠다”고 밝혔다. 당시 김성제 의왕시장은 “백운밸리에 종합병원을 갖춘 명품 주거단지를 조성하겠다”고 했다. 이어 시장직을 이어받은 김상돈 의왕시장도 백운밸리에 종합병원 유치를 약속했다.
개발 사업을 총괄하는 의왕도시공사 이원식 사장도 “공사의 이익만을 위해 개발 사업을 벌이지 않겠다. (공사의) 이익을 최소화하더라도 주민에게 도움되는 방향으로 개발하겠다”고 수차례 약속했다. 2021년 2월 의왕도시공사 사장직에 오른 그는 백운밸리가 그린벨트에서 해제됐던 2011년 9월 당시 국토해양부(현 국토교통부) 녹색도시과장으로 근무하기도 했다.
이 사장은 의왕도시공사 사장 임용후보자 인사청문회에서 “민간은 이익 창출을 우선할 수밖에 없기 때문에, 공사는 이익을 최소화하더라도 시민한테 도움이 된다면, 마이너스만 아니라면 할 수 있다”고 했다. 그는 또 “개발 사업은 아무래도 이익을 추구하는데, 그 이익이 공사의 이익만을 위해서 하는 것은 바람직하지 않다고 본다. 적어도 시민들한테 피해를 줘가면서까지 하는 것은 좀 아니지 않느냐”고 했다.
문제는 이 같은 약속에도 불구하고 실제 개발 방향은 엉뚱하게 흘러가고 있다는 것. 당초 백운밸리에 짓기로 했던 각종 주민편의시설과 기반시설은 전혀 들어서지 않고 있다. 의왕백운PFV오히려 병원·호텔·비즈니스센터 용도였던 ‘지식문화지원시설’ 부지를 주거용으로 용도변경한 뒤 전부 팔아치우고 있다.
실제로 의왕백운PFV는 호텔·업무시설을 짓기로 했던 지식문화지원시설2 부지는 대형 디벨로퍼인 MDM에 2020년 4100억여원에 팔았다. 롯데 계열 상업시설이 들어서기로 했던 지식문화지원시설1부지는 인창개발에 지난해 9월 1730억원에 넘겼다. 최근에는 종합병원 유치를 약속했던 지식문화지원시설4 부지마저 1300억원에 매각할 계획인 것으로 알려졌다.
이에 대해 의왕도시공사 측은 “의왕백운밸리 의료복합시설 용지는 2016년 7월~2017년 2월까지 4차에 걸쳐 공급공고를 냈으나 모두 유찰됐다”며 “미매각을 해소하고자 2017년 6월 용도변경을 신청하고 2018년 1월 국토교통부로부터 중앙도시계획위원회 심의를 거쳐 도시관리계획 변경을 받았다”고 주장했다.
■11억 투자한 민간업체에 500억 배당…어떻게 참여했나
의왕백운PFV는 백운밸리 부지 용도변경을 통해 막대한 토지매각이익을 얻었고, 이를 통해 2년간 2150억원대 배당금을 가져간 것으로 확인됐다. 금융감독원 전자공시시스템에 따르면 의왕백운PFV는 지난해 주주사에게 배당금으로 총 335억9600만원을 배당했다. 올해 3월에도 총 1815억3400만원을 배당했다.
업계에선 의왕백운PFV에 주주사로 참여한 민간업체에 1개사당 적게는 수십억원, 많게는 500억원 가까운 배당금이 돌아간 점을 주목한다. 총 25억원을 투자한 민간업체 6곳이 2년간 받아간 배당금이 1000억원을 넘는다. 이 같은 구조는 앞서 경기 성남시가 대장동 개발이익을 민간업체에게 몰아주면서 사회적 물의를 빚었던 ‘대장동 사건’과 다를 게 없다는 것.
실제 지분 22%를 보유한 개성토건은 자본금 11억원을 투자했는데, 지난해와 올해만 배당으로 현금 477억1700만원을 받았다. 비더블유매니지먼트(지분 14%)는 7억원을 투자해 배당금 303억3600만원을, 미주산업개발(지분 5%)은 2억5000만원을 투자해 배당금 108억4500만원을 각각 챙긴 것으로 확인됐다. 의왕백운PFV에 참여한 한 주주사 관계자는 “올해 배당금은 지난 4월 초 지급 완료된 것으로 알고 있다”고 했다.
진봉균 백운밸리비상대책위원장은 “의왕백운PFV는 자신들이 시행할 이권 사업은 공개입찰 없이 수의계약으로 모두 챙겨갔다”며 “이들이 입주민을 위한 지식산업센터, 호텔 등 기반시설은 없애고 주거시설로 변경 후 매각해 천문학적 개발이익을 챙기고 주변을 난개발지로 전락시켰다”고 주장했다."
https://www.chosun.com/economy/real_estate/2023/10/05/VXDWEM2BOZH6NHBXGZNJE4PKGU/,"주택 구입이나 전세 자금 마련을 위한 정책 대출을 이용할 수 있는 신혼부부의 연 소득 기준이 완화된다.
국토교통부는 신혼부부의 주거비 부담 완화를 위해 오는 6일부터 주택도시기금 지원 대상을 확대한다고 5일 밝혔다. 그동안 신혼부부가 주택 구입자금 대출(디딤돌)을 받으려면 부부합산 연 소득이 7000만원 이하여야 했다. 그러나 6일부터는 이 요건이 8500만원으로 확대된다. 금리는 소득에 따라 연 2.45~3.55%를 적용한다. 연 소득 7000만원 이하의 경우 연 2.45~3.30%가 적용된다.
전세자금 대출(버팀목) 소득 요건은 부부합산 연 6000만원에서 7500만원으로 확대된다. 금리는 연 2.1~2.9%가 적용되고, 연 소득이 6000만원 이하라면 종전 금리인 2.1~2.7%를 적용한다.
구입자금 대출을 받으려면 주택가격이 6억원(담보주택 평가액) 이하여야 하고, 4억원 한도에서 대출받을 수 있다.
전세자금 대출은 보증금이 수도권 3억원, 비수도권 2억원 이하여야 이용할 수 있다. 대출 한도는 수도권 1억2000만원, 비수도권 8000만원이다.
출산 부부에 대한 신생아 특례 구입·전세자금 대출은 국회 예산 심의를 거쳐 내년 초 시행될 예정이다. 신생아 특례 대출 소득 요건은 연 1억3000만원이다."
https://www.chosun.com/economy/real_estate/2023/01/22/5DXLX5CFSZAOFMAXGK6JBBNIFE/,"윤석열 정부가 강남 3구와 용산을 제외한 부동산 규제를 대폭 완화한 ‘1.3 부동산 대책’을 발표했다. ‘1.3대책’에 대해 비정상 규제의 정상화, 건설업체 연쇄부도를 막기위한 대책, 둔촌 주공 재건축 구하기 등 다양한 평가가 나오고 있다. 집값을 잡기 위해 28차례의 규제를 남발했지만 집값이 급등했던 문재인 정부와 달리, 윤석열 정부는 각종 규제를 과감하게 풀고 있다. 그러나 여전히 집값 폭락 우려가 가시지 않고 있다.
일부에서는 집권 8개월 만에 집값 폭락을 막기위해 대대적 부동산 부양책을 발표한 윤석열 정부가 이명박 정부와 놀랄 만큼 닮았다는 이른바 ‘부동산 평행이론’을 제기한다. 집값을 잡겠다고 규제를 남발한 진보 정부에서는 집값이 폭등하고, 규제를 푼 보수 정부에서는 집값이 침체하거나 하락했다. 노무현 정부는 재임기간에 71%(부동산 R114기준), 문재인 정부에서는 81% 집값이 올랐다. 반면 이명박 정부는 5.66% 하락했고 박근혜 정부는 17.73% 오르는데 그쳤다. 윤석열 정부의 부동산 정책은 어떤 평가를 받을까?
◇MB정부와 윤석열 정부의 놀라운 평행이론
2008년 2월 출범한 이명박 정부에서는 리먼쇼크 여파 등으로 지방을 중심으로 미분양 아파트가 급증하는 등 주택경기가 극도로 침체됐다. 출범 3달 정도 지난 2008년 6월에 양도세 한시면제, 취등록세 감면, 대출 규제완화를 내용으로 한 지방 미분양 활성화 대책을 내놓았다. 그해 11월에 강남 3구를 제외한 서울과 전국의 투기지역, 투기과열지구를 해제했다.
작년 5월20일 출범한 윤석열 정부는 7월, 9월, 11월에 지방, 수도권 등의 일부 규제를 완화하다 새해에 ' 1.3대책’을 내놓았다. 강남3구와 용산을 제외한 전면규제 완화 정책 발표 시점도 이명박 정부와 거의 비슷하다. 이명박 정부에서는 미분양 주택이 16만5599가구로 사상 최고치를 기록, 주택업체 연쇄부도 가능성이 제기됐다. 윤석열 정부에서도 미분양이 급증하고 춘천 레고랜드발 신용경색 현상도 발생했다. 미분양주택이 2021년 말 1만7700가구에서 작년 11월 5만8000가구로 급증, 건설사 연쇄 부도 가능성이 나오고 있다.
부동산만 비슷한 것은 아니다. 이명박 정부는 리먼쇼크로 인한 글로벌 금융위기, 윤석열 정부는 우크라이나 전쟁 등으로 인한 초인플레이션이라는 글로벌 경제 위기 속에서 취임 1년차를 맞았다. 두 정부는 모두 1년차에 무역수지 적자를 기록했다. 윤석열 정부 출범 첫해의 무역수지는 14년 만에 처음으로 연간 기준 적자를 기록했다. 이명박 정부 출범 첫해인 2008년에 132억6700만달러의 무역적자를 기록했다. 1998년이후 매년 100억 달러이상의 무역흑자를 기록하다 글로벌 경제위기로 적자로 전락했다. MB정부는 경제위기 속에서 1년차를 보냈지만 어떤 나라보다 조기에 위기 탈출에 성공했다는 평가를 받았다.
◇집값 전망, ‘V자 급반등’ VS ‘데드캣 바운스’
1.3대책이 나오자 일부 단체와 매체들은 투기 조장책이라고 비판한다. 이명박 정부가 2008년 11월 강남3구를 제외한 전국 투기지역과 투기과열지구를 해제할 때 동일한 비판이 쏟아졌다. 이명박 정부의 부동산 경기부양책은 성공하는 듯했다. 2008년 10월부터 2009년 3월까지 하락세를 보이던 서울 아파트 가격(KB기준)은 반등에 성공했다. 그러나 반등은 소폭 회복한 후 장기간 침체하는 데드캣 바운스(Dead cat bounce)였다. 7개월의 상승세를 보인후 서울 아파트 가격은 2009년 10월부터 2013년 말까지 하락했다. 강남아파트 가격이 고점이던 2006년~2007년에 비해 30~40%까지 떨어지기도 했다. 박근혜 정부가 들어서서 빚내서 집 사라는 정책을 펴고 나서야 반등이 본격화했다.
다만 노무현 정부에서 집값이 거의 오르지 않았던 지방 아파트 가격은 경기부양책에 힘입어 2011년~2015년에 오히려 상승세를 그렸다. 지방 집값 급등으로 16만가구가 넘던 미분양 가구는 2014년 4만가구까지 급감했다.
◇윤 정부, 이명박 정부처럼 ‘L’자형 침체 올까
윤 정부의 부동산 경기부양책은 일부 효과를 보고 있다. 대거 미분양 가능성이 제기됐던 서울 강동구 둔촌주공재건축(올림픽파크 포레온)이 초기 계약률이 70%대에 육박하는 것으로 알려졌다. 최종 계약율은 80%대를 무난하게 넘을 전망이다. 당초 12억원 이상 아파트 중도금 대출 규제로 대량 미분양이 우려됐으나 ‘1.3대책’으로 규제가 풀리면서 효과를 본 것이다. 춘천 레고랜드발 신용경색도 어느 정도 풀리는 분위기이다.
그러나 부동산 시장이 당장 반등하기는 어렵다는 것이 전문가들의 전망이다. 박원갑 KB국민은행 부동산 수석전문위원은 “규제가 일부 풀렸지만, 집값이 급락한 근본 원인인 금리 인상 공포가 여전히 지속되고 있어 당장 반등을 기대하기는 힘들다”고 말했다.
정부의 대책이 하락세를 저지하는 효과는 있어도 고금리가 해소되지 않는 이상 반등이 쉽지 않다는 분석이다. 이명박 정부에서도 집값이 바닥을 친 것은 강남 3구 규제 완화, 미분양 주택구입시 양도세 감면 등의 대책이 나오고 박근혜 대통령이 집권한 후인 2013년 하반기부터이다.
이번 규제완화가 오히려 매물을 늘려 집값하락을 더 촉발 시킬 수 있다는 분석도 나온다. 투기지역과 투기과열지구 해제 등 규제완화로 재건축, 재개발 조합원 입주권, 신규 아파트 분양권 매물이 늘어날 가능성도 있다. 올해 경기침체가 본격화되고 2026년부터 신도시 입주가 시작되면서 다시 공급충격이 휘몰아칠 수 있다. 그래서 이번 부동산 침체가 이명박 정부 때처럼 정권 내내 지속될 것이라는 비관론도 나온다.
반면 폭락한 만큼, IMF외환위기처럼 ‘V자형’ 급반등도 기대하는 목소리도 있다. 외환위기 당시 경기침체와 급격한 금리인상으로 전세가와 매매가가 동반 폭락했다. 그러나 위기를 조기 극복하고 20%대까지 치솟았던 금리가 급락하면서 매매가와 전세가가 동반 폭등했다. 확실한 반등이 이뤄지려면 우크라이나 전쟁의 조기 종결, 미국발 금리인상의 마무리, 경기회복이 확인돼야 한다."
https://www.chosun.com/economy/real_estate/2022/04/11/4Z46PHS4KVDQRBEQ573PS67GPY/,"5G(5세대 이동통신)와 AI(인공지능), 메타버스(3차원 가상 세계)로 이어지는 IT 기술의 발전으로 많은 양의 데이터를 빠르게 처리할 수 있게 돕는 데이터센터가 주목받고 있다. 최근 지자체마다 국내외 IT 대기업의 데이터센터를 유치하는 데 사활을 걸고 있다. 2019년 네이버가 제2데이터센터를 조성하기 위한 부지 제안을 받았는데, 전국에서 100곳이 넘는 지자체가 의향서를 제출했다.
스마트시티 건설과 에너지 분야로 사업 영역을 확장 중인 ㈜한양이 그룹 계열사인 보성산업과 함께 전남 해남에 국내 최대 규모인 총 200MW 용량의 데이터센터 집적 단지를 조성한다는 계획을 밝혔다. 전남 해남군 산이면 일대 2090만㎡(약 632만평) 부지에 들어설 ‘솔라시도(Solaseado)’에 신재생에너지를 활용한 ‘솔라시도 데이터센터 클러스터’를 건립하는 내용이다.
솔라시도는 한양이 보성산업, 전라남도 등과 함께 개발 중인 스마트시티다. 한양 관계자는 “첨단 신도시인 솔라시도에 대규모 데이터센터 단지를 조성한다면 기업 유치와 일자리 창출은 물론 상주인구 증가에도 도움이 될 것”이라고 말했다.
◇태양광으로 운영하는 초대형 데이터센터
한국데이터센터 연합회에 따르면, 국내에서 가동 중인 데이터센터의 75%가량이 수도권에 집중돼 있다. 365일 쉬지 않고 운영되는 데이터센터는 수전용량(전력회사로부터 받는 전력량)이 많을수록 가동할 수 있는 서버의 수가 늘어난다. 대규모 부지 확보가 어려운 수도권에 들어선 데이터센터는 대부분 50MW 이하 중형 규모다.
재생에너지 기반의 솔라시도 데이터센터 클러스터엔 40MW 규모의 데이터센터 5동이 들어설 계획이다. 2023년 착공이 목표다. 데이터센터 가동에 필요한 전력은 인근 태양광 발전 단지에서 끌어올 예정이다. 간척지에 들어서는 솔라시도는 풍부한 일조량으로 태양광 발전에 최적화된 입지로 꼽힌다. 한양 측은 “데이터센터와 발전시설이 인접해 발전량 대부분을 소비할 수 있고, 송전탑이나 송전선로 같은 설비를 짓는 부담도 줄일 수 있다”며 “저탄소·친환경 산업의 경쟁력 강화에도 도움이 될 것으로 기대한다”고 설명했다.
국내에서 대규모 데이터센터에 대한 수요는 더욱 늘어날 전망이다. 솔라시도 사업시행사인 서남해안기업도시개발의 채정섭 사장은 “넓은 부지와 안정적인 전력 공급이 가능한 솔라시도에 초대형 데이터센터가 조성되면 에너지 이용의 효율성을 높일 뿐만 아니라 지역 균형 발전에도 도움이 된다”며 “데이터센터가 필요한 국내외 대기업을 대거 유치할 수 있도록 하겠다”고 말했다.
◇레저와 주거 결합한 ‘골프앤빌리지’ 조성
솔라시도는 작년 말 국토교통부가 공모한 ‘지역거점 스마트시티 조성 사업’ 대상으로 최종 선정되면서 개발에 더욱 속도가 붙었다. 작년 8월 개장한 솔라시도cc 주변에는 레저공간과 주택단지·호텔·쇼핑몰 등이 들어서는 ‘솔라시도 골프앤빌리지’가 조성 중이다. 환경부 사업인 425억원 규모의 ‘탄소 중립 에듀센터’도 솔라시도에 짓기로 확정됐다.
솔라시도는 스마트시티 구현을 위해 차별화된 모빌리티 서비스에 중점을 두고 있다. 휘발유 같은 화석연료를 사용하는 자동차의 진입을 금지하고, 전기 자동차만 운행되는 교통체계를 만들고 있다. 도시 외곽과 진입부에 환승주차장을 설치하고, 전기 공유차 보급, 자유주행 셔틀버스 운행 등을 추진하고 있다.
솔라시도의 또 다른 특징은 ‘정원 속 도시’를 구현하는 것이다. 집이나 건물 사이에 인위적으로 녹지공간을 만드는 게 아니라 기존 자연환경을 최대한 유지한 상태로 도시를 개발하고 있다. 솔라시도 전체 부지를 9개 주제의 정원 구역으로 개발하는데, 2023년 16만평 규모의 복합 문화공간 ‘산이정원’이 첫선을 보일 예정이다."
https://www.chosun.com/economy/real_estate/2024/07/01/VU6SAIZDFFCNPDQWQNXT3VAUAU/,"침체했던 부동산 시장에 변화가 감지된다. 2년간 잠잠했던 서울 아파트값이 최근 3개월 넘게 오르고, 일부 단지에선 역대 최고가 거래가 속출하고 있다. 이런 변화가 수도권 전역으로 확산할지, 미분양으로 몸살을 앓는 지방 부동산 시장은 언제쯤 회복될지 등 궁금한 사람이 많다. 오는 8월 16~17일 서울 강남구 코엑스에서 열리는 ‘2024 대한민국 부동산 트렌드쇼’에 연사로 나서는 전문가들을 차례로 만나 앞으로 시장 전망과 대응 전략을 들어보았다.
“무주택자라면 무리하지 않는 선에서 내 집 마련을 서두르는 것도 나쁘지 않은 선택입니다.”
‘부룡’이라는 필명으로 잘 알려진 신현강 부와지식의배움터 대표는 지난 27일 본지 인터뷰에서 “본격적인 상승장이 시작됐다고 보긴 이르다”면서도 “다만, 집값이 더 내려가길 기다리며 버티다가는 머지않아 전세가 폭등이라는 파도를 맞을 수 있다”고 말했다.
최근 부동산 시장을 상승장 초입으로 보는 의견이 확산하는 것에 대해 신 대표는 ‘지나친 낙관론’이라고 평가했다. 위축됐던 주택 매수 수요가 서울을 중심으로 회복되고 있는 것은 맞지만, 침체기를 벗어났다고 곧바로 상승장이 찾아오지는 않는다는 주장이다. 그는 “과거 금융 위기로 집값이 폭락하고서 상승장에 접어들기까지 4~5년간 정체기가 있었다”며 “이번에도 그런 시기를 거치면서 정부가 파격적인 수요 진작 정책을 내놔야 상승장이 시작될 수 있다”고 했다.
그는 수요자들이 주목해야 할 지표로 ‘전세가율’을 꼽았다. “투자 수요와 실수요가 혼재하는 매매 시장과 달리 전셋값은 실수요만 반영합니다. 전셋값이 오르면서 매매가격과의 차이가 좁혀지면 상승장 진입의 신호가 되고, 집값은 오르기 마련이죠.” 지난 2016년 6월 75.1%였던 서울 아파트 전세가율은 작년 7월 50.9%까지 떨어졌다가 지금은 53.7%로 회복됐다. 신 대표는 “공사비 급등과 PF 시장 위축으로 주택 공급이 제대로 되지 않아 전셋값은 앞으로도 계속 오를 것”이라며 “전세가율이 60%를 넘어 70%에 가까워지면 정부에서 전세 수요를 매매로 전환하기 위한 정책들을 내놓을 텐데, 그때가 본격적인 상승장이 시작되는 시점”이라고 말했다.
다만 신 대표는 무주택자는 지금이라도 집을 사는 걸 추천했다. 전셋값이 오른 후에 허겁지겁 움직이면 늦다는 것이다. 그는 “이미 가격이 많이 오른 강남 3구나 마용성(마포·용산·성동구) 같은 지역보다는 서울 다른 곳이나 경기도에서 선호도 높은 아파트를 마련하는 게 안전하다”고 했다."
https://www.chosun.com/economy/real_estate/2024/09/26/MUNAYSQCGRCCJDTA3OISWYZGYU/,"최근 서울 아파트 가격이 급등하고 오피스텔까지 들썩이는 가운데 주택 시장 침체의 중심에 있었던 빌라(연립·다세대) 시장까지 상승세를 보인다는 뉴스가 화제였습니다. 한 부동산 전문 기업이 분석한 결과 지난 7월 서울 연립·다세대주택 매매액이 1조311억원으로 집계돼 2년여 만에 처음으로 1조원을 넘겼다는 것입니다.
지난 8·8 대책에서 정부가 나서 서울 빌라를 무제한으로 매입하는 대책을 발표할 만큼, 빌라 거래 절벽은 시급하게 풀어야 할 문제로 꼽혀왔습니다. 지난해부터 전세 사기 여파로 빌라 기피가 심화하면서 아파트로 수요가 쏠려 아파트 전셋값을 밀어올리고, 매매 가격도 덩달아 오르는 부작용이 나타나고 있기 때문입니다. 이런 가운데 빌라 거래액이 대폭 늘었다는 것은 빌라 수요가 회복됐다는 뜻이므로 환영할 만한 일입니다.
그런데 실거래 내역을 자세히 들여다보니 빌라 거래액이 급증한 이유는 따로 있었습니다. 서울의 ‘핫플레이스’로 떠오른 성동구 성수동 일대에서 대형 업무 복합 시설을 지으려는 부동산 개발 업체가 빌라 단지를 통째로 사들이면서 전체 거래액이 증가한 것입니다. 지난 7월 빌라 거래액을 25구(區)별로 살펴보면 성동구의 거래액이 1012억원으로 가장 많았는데, 이 중 70% 넘는 거래액이 한 빌라에서 나왔습니다. 바로 성수동2가 ‘장안타운’으로 전용면적 49~53㎡ 32가구가 한 가구당 20억5000만~27억원에 팔려 전체 거래액이 총 724억3913만원에 달했습니다. KT에스테이트와 마스턴투자운용은 사들인 빌라 단지를 허물어 지하 5층~지상 9층 규모 업무 복합 시설로 개발할 예정입니다.
결국 아직까지 빌라 수요가 회복됐다고 말하기는 섣부른 상황입니다. 올 들어 7월까지 빌라 등 서울 비(非)아파트 인허가는 1년 전보다 42.2% 감소한 1758가구에 그칩니다. 수년간 이어진 ‘빌라 포비아(공포증)’ 현상으로 건설 업자들도 빌라 사업을 외면한 영향입니다. 이 때문에 정부는 빌라 수요 회복을 위한 다양한 대책을 쏟아내고 있는데요. 사회 초년생과 신혼부부의 주거 사다리 역할을 하는 빌라 시장이 정상화되기를 기대해 봅니다."
https://www.chosun.com/economy/real_estate/2022/04/26/C7QKSLYTYBCHVL2C2HFSA4SF2E/,"땅집고가 최근 새로운 투자 트렌드로 떠오른 블록체인 생태계, 아트 NFT 등에 대한 전문 강좌 ‘NFT 완전정복: 실전 투자의 기초’ 2기 과정을 개설합니다. 이 과정은 오는 5월 17일부터 5월 31일까지 총 5회 강의로 진행합니다.
국내 최고 수준 블록체인 기술, 금융, 부동산, 법률, 아트 분야에서 실제 활동 중인 전문가와 작가들이 강사진이 참여해 ▲NFT 용어 해설·정확한 개념 이해 ▲디지털 자산 투자와 보관에 대한 기초 지식 ▲NFT가 지닌 가능성과 위험성 등에 대해 알려드립니다. 수강료는 66만원이며 조기 예약자는 6만원 할인 혜택을 제공합니다. 수강신청에 관한 자세한 사항은 땅집고 홈페이지(www.zipgobuild.com)에서 확인할 수 있습니다. (02)6949-6190."
https://www.chosun.com/economy/real_estate/2023/03/20/SJ34LQCBCZBJPGQ4SWV7IIJIJU/,"삼성전자가 경기 용인시 처인구 남사읍을 세계 최대 반도체 클러스터로 만들기 위해 300조원을 투자하기로 하면서 인근 부동산에도 관심이 쏠리고 있다.
20일 아파트 실거래 앱인 호갱노노에는 인기아파트 1위로 ‘e편한세상 용인한숲시티’가 차지하고 있다. 인기 지역 1위 역시 ‘용인시 처인구 남사읍’이다.
‘e편한세상 용인한숲시티’는 67개동으로 이뤄진 대단지 아파트로, 2015년 분양됐다. 당시에는 전체 6700가구의 절반가량이 미분양됐고, 입주를 포기한 계약자들이 분양가보다 낮은 매물을 내놓으면서 ‘마이너스 프리미엄’ 아파트라는 인식까지 생겼다. 일각에선 “한숨시티”라는 별명까지 붙였다.
그러나 15일 정부의 용인 반도체클러스터 조성과 삼성전자의 300조원 투자 소식이 전해진 뒤 해당 지역이 주목받고 있다. 정부는 용인 남사읍에 대규모 시스템 반도체 국가산업단지를 조성해 세계 최대의 ‘반도체 메가 클러스터’를 만든다고 발표했다. 삼성전자는 이 곳에 20년간 300조원을 투입해 시스템반도체 라인 5개를 짓는다. 삼성이 평택 캠퍼스 발표 이후 9년 만에 내놓은 새로운 생산기지다.
‘남사지구’는 도농복합지역으로 개발이 낙후된 남사읍에서 유일하게 아파트 단지가 형성된 곳이다. 근처 공인중계사 관계자는 “집주인들은 매물을 거둬들이는 분위기고, 매수 문의는 많아졌다”며 “며칠 사이 매물 호가가 수천만원씩 뛰었다”고 말했다.
다만 지역 전체가 토지거래허가구역으로 지정돼 거래하기가 쉽지는 않다. 국토교통부는 투기를 방지하기 위해 남사읍과 인근 이동읍을 이날부터 2026년 3월 19일까지 토지거래허가구역으로 지정했다. 토지거래허가구역이 되면 일정 면적을 넘는 부동산 거래 시 관할 구청장의 허가를 받아야 한다. 주택은 취득 후 2년간 실거주하는 조건으로만 허가를 받을 수 있어 전세를 끼고 집을 사는 ‘갭투자’는 불가능하다.
전문가들은 대형 개발 호재인 만큼 남사읍 일대 아파트 호가가 오를 것으로 내다봤다. 그러나 반도체 클러스터 조성에 긴 시간이 필요하다는 점은 고려해야 한다고 설명했다. 박원갑 KB국민은행 부동산수석전문위원은 “대형 호재로 시세가 더 오를 수는 있겠지만 장기사업”이라며 “토지거래허가구역으로 묶여 거래가 많지 않으면 시간이 지나 호가 거품이 걷힐 수 있다”고 지적했다."
https://www.chosun.com/economy/real_estate/2021/05/31/UHHKLYOVO5ETZCOOUNOOBYOKKQ/,"오는 6월부터 다주택자에 대한 보유세와 양도소득세가 크게 오르는 가운데, 지난달 서울의 주택 증여 건수가 올해 최대치를 기록했다. 다주택자들이 보유 주택을 시장에 매물로 내놓을 것이라는 정부 기대와 달리 앞으로 집값이 더 오를 것이라는 기대 때문에 증여를 선택한 결과로 풀이된다.
30일 한국부동산원에 따르면, 4월 서울의 주택 증여 건수는 3039건이었다. 올해 1월 1973건이었던 증여 건수는 2월 1674건으로 줄었으나 3월 3022건으로 큰 폭으로 반등한 뒤 지난 4월 올해 최고치를 경신했다. 지난달 서울에서 주택 증여가 가장 많았던 지역은 서초구(253건)였고, 노원구(235건), 광진구(212건), 강서구(197건), 양천구(178건) 등이 뒤를 이었다.
서울에서 주택 증여가 가장 많았던 때는 작년 7월(4934건)이었다. 정부는 당시 7·10 대책을 통해 다주택자의 종합부동산세·양도세 세율을 올렸고, 같은 달 조정대상지역 내 3억원 이상 주택을 증여하는 경우 증여를 받는 사람이 내야 할 취득세율을 기존 3.5%에서 최대 12.0%까지 높이는 지방세법 개정안을 발표했다. 그러자 8월 11일 개정안이 처리되기 전까지 증여가 급증했다.
다주택자들이 매매 대신 증여를 택하며 ‘버티기 모드’에 들어가면서 서울에선 아파트 ‘거래 절벽’ 현상이 심해지고 있다. 이날 국토교통부는 4월 서울 아파트 매매 거래량이 4194건으로 한 달 전보다 6.7% 감소했다. 올해 1월 이후 4개월 연속 감소세이자, 지난해 4월(3699건) 이후 가장 적은 거래량이다. 4월 전국 아파트 매매거래(5만9232건)도 3월보다 15.2% 줄면서 올 들어 가장 적었다. 이남수 신한은행 지점장은 “서울 집값 상승세가 꺾이지 않는 상황에서 다주택자들이 매도보다는 증여나 계속 보유하는 쪽이 더 이득이라고 판단한 것”이라며 “세금 폭탄을 피하려는 다주택자 매물 유입은 당분간 기대하기 어렵다”고 말했다."
https://www.chosun.com/economy/real_estate/2025/01/31/7TWQ4IZPBNAETHFMPZRPLTCI2I/,"지난해 종합 건설 업체의 폐업 신고 건수가 641건으로 2005년 조사 시작 이후 가장 많은 것으로 집계됐다. 공사비 급등에 수익성이 악화하고, 건설투자 축소에 일감도 줄면서 문을 닫는 건설 업체가 늘어난 것이다.
30일 한국건설산업연구원에 따르면, 지난해 종합 건설 업체의 폐업 신고는 전년보다 60건(10.3%) 증가한 641건으로 집계됐다. 이는 조사가 시작된 2005년(629건) 이후 최대치다. 종합 건설 업체의 폐업 신고 건수는 건설 경기가 좋았던 2021년 305건에 그쳤으나, 2022년 362건으로 늘어난 후 2023년(581건)에 이어 지난해까지 3년 연속 증가했다.
반면, 지난해 새로 등록된 종합 건설 업체는 가장 최근 집계인 지난해 10월 기준 1만9242곳으로, 전년 말(1만9516곳)보다 274곳(-1.4%) 줄었다. 부문별로 건축업(1만493곳)이 전년 말보다 225곳(-2.1%) 감소해 가장 많이 줄었고 토건(3044)은 38곳(-1.2%), 토목(5222곳)은 21곳(-0.4%)이 감소했다.
이는 건설투자 부진에 일감이 줄어드는 가운데 원자재값과 인건비 상승, 고금리 등으로 공사 원가는 계속 높아져 수익성이 악화한 탓이다. 건설투자를 나타내는 건설 기성액은 작년 11월 13조9000억원으로 전년보다 10.7% 줄었다. 반면, 지난해 11월 건설공사비 지수는 130.3으로 전년 같은 기간보다 3.9% 상승했다. 같은 기간 건설업 취업자는 209만명으로 4.4% 감소했다. 박철한 한국건설산업연구원 연구위원은 “폐업 업체 수는 증가하는 반면 등록 업체 수는 위축되고 건설업 취업자 수가 감소하는 전형적인 건설 경기 침체 양상을 보이고 있다”고 했다."
https://www.chosun.com/economy/real_estate/2021/03/02/JGT67JSCGRERBN7ECOVUBR36TU/,"지난달 23일 오전 경기 수원지법 안양지원. 부동산 28건이 경매에 부쳐졌다. 이 중 주인을 찾은 물건은 5건. 아파트형공장(지식산업센터)이 2건이었고, 상가·오피스텔·토지가 1건씩 낙찰됐다. 아파트 등 주거용 부동산은 14건이나 나왔지만 모두 유찰됐다.
가장 많은 입찰자가 몰린 물건은 안양시 동안구 상가(전용면적 41㎡)였다. 지난 1월 첫 경매에서 유찰돼 최저 입찰가가 감정가의 80%인 3억5760만원이었다. 18명이 치열한 입찰 경쟁을 벌인 끝에 감정가(4억4700만원)보다 10% 정도 비싼 4억9100만원에 팔렸다.
최근 경매 시장에서 주거용 부동산보다 상가·오피스텔 등 수익형 부동산 몸값이 치솟고 있다. 주택 같은 각종 규제가 거의 없고 임대는 물론 향후 시세차익도 동시에 노릴 수 있기 때문이다. 20년 넘게 경매 투자로 잔뼈가 굵은 이영진 이웰에셋 대표는 “실거주자나 현금 부자를 제외한 일반 투자자는 주택보다 수익형 부동산에 눈을 돌리고 있다”고 했다.
경매 시장에서 수익형 부동산 인기는 통계로 확인된다. 경매정보업체 지지옥션에 따르면 수도권 소형 상가 평균 낙찰률은 작년 1월 29.5%에서 올해 1월 39.2%로 올랐다. 같은 기간 감정가 대비 낙찰가율 역시 74.7%에서 75.8%로 높아졌다. 이 대표는 “경매로 수익형 부동산을 사면 일반 매매보다 최고 2배 높은 수익률을 안정적으로 얻을 수 있다”며 “물론 경쟁이 치열하지만, 입찰 물건과 가격에 대해 명확한 원칙을 세우고 계속 도전하면 기회가 온다”고 했다.
이 대표는 부동산 종합 미디어 플랫폼 땅집고와 삼성 계열 멀티캠퍼스가 오는 3월 16일부터 진행하는 ‘부동산 경매 8주 마스터 클래스’ 2기 과정에 멘토로 나서 수익형 부동산 중심으로 성공하는 경매 노하우를 전수한다. 이번 과정은 국내 최초로 강의장 이론 교육과 온라인 라이브 물건 분석, 입찰 현장 스터디를 결합한 이른바 삼위일체 교육 방식으로 진행한다. 이론 교육(총 12회)이 끝나면 전문가가 엄선한 우량 경매 물건 3~4건을 집중 분석하는 유튜브 라이브 강좌가 2회 이어진다. 이후 경매 법정을 직접 방문해 입찰 전 과정을 눈으로 보고 직접 입찰도 할 수 있다."
https://www.chosun.com/economy/real_estate/2023/11/14/OD2EVSTVZNCKPO6WLQWRSHV7HQ/,"국내 최고 실전형 건축 강의인 ‘땅집고 건축주대학’이 이달 17일 개강을 앞두고 30기 과정 수강생을 모집한다. 꼬마빌딩, 상가주택 등 수익형 건축을 준비 중인 예비 건축주가 대상이다.
이번 과정에서는 건축비 상승과 고금리를 이겨내는 수익형 빌딩 건축 노하우를 집중적으로 다룬다. 건축에 나서기 전 건축주가 반드시 알아야 할 설계 전략, 건축비 산정 방법, 시공 견적서 보는 법, 임대차 및 건축과 관련한 상속·증여 노하우 등을 전한다.
실제 꼬마빌딩 건축 성공사례를 다루는 케이스 스터디 위주로 총 12회 강의를 진행한다. 수익형 빌딩 현장을 직접 찾아가 성공 노하우를 배우는 현장 스터디도 2회 포함한다. 수강료는 190만원이다. 부부 등 가족이 함께 등록하면 할인한다. 신청은 땅집고M 홈페이지에서 하면 된다."
https://www.chosun.com/economy/real_estate/2022/06/17/BYID75WP4ZGA5OAMCVRMTBW7AI/,"국내에서 가장 오래된 아파트인 서울 서대문구 충정로 3가 ‘충정아파트’가 역사 속으로 사라진다.
서울시는 15일 열린 제7차 도시계획위원회에서 마포로 5구역 정비계획안을 수정 가결했다고 16일 밝혔다. 충정아파트 철거를 포함해 지하철 2·5호선 충정로역 일대의 재정비 사업이 결정된 것이다.
1동(棟), 40가구 규모인 충정아파트는 일제강점기인 1937년 준공됐다. 철근콘크리트 방식으로 지어진 국내 최초의 아파트이기도 하다. 처음엔 일본인 건축주의 이름을 따서 ‘도요타아파트’로 불렸고, 1970년대엔 ‘유림아파트’로 불리기도 했다. 처음엔 4층이다가 5층으로 1개 층을 증축했지만, 80년 넘게 처음의 구조를 유지했다.
서울시는 박원순 전 시장 시절 역사적 유산을 지킨다는 명분으로 충정아파트를 보존하기로 결정했다. 하지만 안전 문제와 보존을 둘러싼 주민 간 갈등이 끊이지 않았다. 서울시는 충정아파트를 철거하고서 그 자리에 역사성을 담은 별도의 공간을 만들기로 했다."
https://www.chosun.com/economy/real_estate/2021/12/28/XDKUEKJDEZBSROMRDZLF7LCV7M/,"서울 서초구청이 국토교통부와 서울시에 “한시적으로 임대사업자 등록 기한을 늘려달라”는 의견을 보낸 것으로 확인됐다. 빌라 등을 세줘서 생활비를 버는 일부 생계형 임대사업자가 변경된 제도를 미처 알지 못해 올해 종합부동산세 폭탄을 맞았기 때문이다. 정부의 잦은 부동산 정책 변경으로 피해를 보는 사람이 많아지자 이례적으로 지자체가 구제안을 제시한 것이다.
28일 박성중 국민의힘 의원에 따르면, 서초구청은 이달 초 국토부와 서울시에 ‘자동 말소된 임대사업자의 한시적 종합부동산세 합산 배제 요청’이라는 의견서를 제출했다. 내용은 “자동 말소된 임대사업자가 12월까지 재등록할 경우 종합부동산세를 산정할 때, 임대 주택에 대한 합산 배제가 가능하도록 소급해주자”는 것이다.
정부는 작년 ‘7·10 부동산 대책’을 발표하면서 임대 기간 3~5년짜리 ‘단기 임대사업자’ 제도를 폐지했다. 이에 따라 임대 의무 기간이 끝난 단기 임대사업자의 지위는 자동 말소되고, 임대사업자 지위를 유지하고 싶으면 장기 임대사업자로 재등록해야 한다.
바뀐 제도를 제대로 파악하지 못하고 임대사업자 지위가 말소된 사람들은 올해 다주택자 중과가 적용돼 거액의 종부세를 물게 됐다. 특히 고령·노년층에 피해가 집중됐다. 서초구청에는 해당 제도가 변경된 것을 알지 못해 많게는 100배 이상의 종부세를 내게 생긴 사례 등이 접수됐다. 지난 2013년부터 9가구가 사는 다가구 주택에서 월세를 받고 있던 서모(70)씨는 작년 34만원이었던 종부세가 올해 4270만원으로 늘었다. 2005년 임대사업자로 등록해 수원에 있는 원룸 등을 임대 주고 있는 염모(70)씨도 작년 92만원이던 종부세가 2950만원으로 뛰었다.
서초구청은 국토부·서울시에 보낸 의견서에 “이의 신청을 한 다세대·다가구 임대사업자의 경우 생계형인 경우가 대부분이고, 기존에는 기한이 종료되어도 임대사업이 자동으로 연장 처리돼와서 재등록 안내를 받았어도 개정된 법령 내용을 몰랐다”며 “이 과정에서 상당수의 고령 임대사업자(평균 65세)가 재등록에서 누락됐다”고 말했다. 박성중 의원은 “바뀐 제도를 파악하거나 예상 세액 산출이 어려운 고령층이 종부세 부담에 고통받고 있다”며 “한시적으로라도 임대사업자 등록 기간을 연기해주거나 합산 배제를 소급해 줄 필요가 있다”고 말했다."
https://www.chosun.com/economy/real_estate/2022/11/09/CITPNXWR65BZVJA7DYVDPWNKHY/,"금리 인상에 따른 이자 부담에 올 들어 최악의 ‘거래 절벽’이 이어지는 가운데, 서울 주택 거래에서 증여가 차지하는 비중은 사상 최고치를 기록한 것으로 나타났다. 시세보다 호가를 수억원 내려도 집이 팔리지 않자 낮은 가격에 증여함으로써 세금을 아끼려는 사람의 비율이 높아진 것이다.
13일 부동산 정보업체 경제만랩이 한국부동산원 통계를 분석한 결과, 올해 들어 9월까지 서울 주택 거래 7만9486건 중 증여는 9901건으로 전체의 12.5%를 차지했다. 2006년 부동산원이 관련 통계 집계를 시작한 후 최고치다. 2006년부터 2017년까지 서울 주택 거래에서 증여가 차지하는 비중은 4~8%대를 유지했다. 하지만 2018년 9%로 급등한 이후 2019년 10.9%, 2020년 12%, 2021년 12.2%로 꾸준히 늘어났다.
작년까지는 다주택자의 양도세 부담이 너무 커서 증여를 선택하는 사람이 많았다면, 올해는 집값이 가파르게 떨어진 점이 증여를 부추긴 요인으로 꼽힌다. 또한 내년부터는 증여를 받는 사람이 내야 하는 증여 취득세 기준이 시가표준액(공시가격)에서 시가인정액(시세)으로 바뀐다는 점도 사람들이 올해 증여를 서두르는 이유다. 공시가격은 통상 시세와 비교하면 30~40% 정도 낮기 때문에 설령 집값이 지금보다 더 내린다 하더라도 올해 증여하는 것이 절세 측면에서는 유리할 가능성이 크다.
서울 25구(區) 중 주택 증여 비율이 가장 높았던 지역은 노원구로 전체 거래 1999건 중 556건(27.8%)이 증여였다. 거래된 주택 4채 중 1채 이상이 증여 거래였던 셈이다. 이어 종로구(21.1%), 용산구(19.5%), 서대문구(18.4%), 중구(16.1%), 송파구(15.8%), 서초구(14.9%), 양천구(14.6%) 등의 순으로 뒤를 이었다.
황한솔 경제만랩 연구원은 “절대적인 증여 거래량은 줄었지만, 집값 하락으로 증여세 산정 대상 금액이 낮아졌고, 증여 취득세 기준 변경까지 맞물리면서 증여 거래 비중이 증가한 것으로 보인다”고 말했다."
https://www.chosun.com/economy/real_estate/2024/07/10/VJTQFYRJXJHCPJVUIPB6BFUPFU/,"서울시가 마포구 상암동에 100층 이상으로 지으려던 ‘상암 DMC 랜드마크’ 사업을 최근 포기했다. 현대차그룹이 추진 중인 강남구 삼성동 ‘글로벌비즈니스센터(GBC)’는 105층 계획을 철회하고 새 설계안을 마련하고 있다. 중국 대표 부동산 기업 헝다(恒大)는 130억위안(약 2조4710억원)을 투자해 2021년 저장성 닝보에서 높이 453m(88층) 규모 ‘에버그란데 시티 라이트’를 착공했지만, 이듬해 공사를 중단했다. 26층까지 골조가 올라간 건물이 흉물처럼 남아있다.
2000년대 이후 아시아와 중동을 중심으로 치열하게 벌어졌던 ‘마천루 경쟁’의 시대가 저물고 있다. 국가와 지역을 대표하는 랜드마크로 초고층 건물을 지으려다가 사업이 무산되거나 자진 철회하는 일이 세계 곳곳에서 벌어지고 있다. 치솟는 공사비와 경기 침체에 따른 수요 부진이 주원인이지만, 이젠 마천루 대신 혁신 설계나 독특한 외관의 건축물로 상징성을 확보하는 것에 주력하는 분위기도 한 이유로 꼽힌다.
◇”70층 건축비, 35층짜리 2동보다 2배 들어”
9일 세계초고층도시건축학회(CTBUH)에 따르면, 현재 전 세계에서 공사가 중단된 400m 이상 초고층 프로젝트는 24곳에 달한다. 현재 공사 중인 400m 이상 건물(12곳)의 배(倍)에 달한다.
세계적으로 초고층 경쟁이 주춤한 것은 고금리와 지정학적 위기로 원자재 가격이 오르면서 건축비는 폭등했는데, 경기 침체로 빌딩 임차 수요는 적어 수익성을 확보하기 어려워진 탓이다. 세계 100대 초고층 건물 중 46개가 있는 중국은 텅 빈 마천루가 늘자 2021년부터 높이 500m 이상 빌딩 신축을 승인하지 않고 있다.
건설업계에선 70층 이상 초고층을 시공할 때 3.3㎡(1평)당 공사비가 2000만원 이상인 것으로 보고 있다. 35층 정도 대형 빌딩 공사비(3.3 ㎡당 1000만원)의 두 배 수준이다. 초고층 빌딩은 건물 하중과 횡으로 작용하는 풍압을 견디기 위해 고강도 철근·콘크리트를 써야 하고, 들어가는 자재도 1.5배 이상이다. 구조 안전을 위해 지하를 더 깊게 파야 하고, 지진 등에 대비한 피난안전구역, 비상용 승강기 등을 추가 설치하는 비용도 만만찮다. 30개 층마다 대피 공간으로 한 층을 통째로 비워야 하는 것도 부담이다. 국내 대형 건설사 관계자는 “70층 1동(棟)을 짓는 비용이 35층짜리 2동 짓는 것보다 최대 두 배가 더 든다”며 “동시에 2동을 지을 때보다 공기(工期)도 길어 인건비와 금융비용도 급증한다”고 말했다.
처음 105층으로 계획한 삼성동 GBC의 경우 2016년엔 공사비가 2조5600억원 수준이었지만, 현재는 5조원가량으로 전망된다. 건설업계에선 105층 대신 55층짜리 2동으로 설계를 바꾸면 공사비가 최대 2조원가량 줄어들 것으로 본다.
◇이제는 높이 경쟁 아닌 혁신 디자인에 집중
최근 세계 각국은 랜드마크 높이 경쟁에서 손을 떼는 분위기다. 마천루 대신 혁신적인 설계나 독특한 외관으로 랜드마크 건축물로서의 가치를 부각시키고 있다. 미국 뉴욕 허드슨야드의 랜드마크는 마천루 사이에 들어선 높이 45m 벌집 모양의 개방형 건축물 ‘베슬(Vessel)’이다. 계단 2500개와 전망 공간 80개로 이뤄진 독특한 외관 덕분에 ‘뉴욕의 에펠탑’이란 별칭까지 붙었다.
작년 11월 개장한 일본 도쿄 ‘아자부다이 힐스’ 역시 330m의 최고층 건물보다 부지의 3분의 1을 채우는 ‘수직 정원’이 랜드마크로 꼽힌다. 중앙 광장부터 중저층 건축물 옥상까지 입체적으로 320종이 넘는 식물로 뒤덮고 보행로로 연결해 2만4000㎡의 녹지 공간을 조성했다. 국내 한 건축가는 “일본이 기술이 부족해 100층짜리 건물을 안 짓는 게 아니라 건물의 가치를 높이는 콘텐츠에 더 신경을 쓰는 것”이라고 했다."
https://www.chosun.com/economy/real_estate/2020/09/27/PV22UZJEYFHLVBJYYZMRH7P4SY/,"한국토지주택공사(LH)가 ‘불법 촬영(몰카)’ 등 디지털 성범죄 예방을 위한 ‘여성용 공공화장실 출입관리 시스템’을 개발한다고 27일 밝혔다. 내년 하반기에 양주시·세종시 총 6개소에서 시범 사업을 추진할 예정이다.
이 시스템은 QR코드를 찍어야만 여성용 화장실 문이 열리도록 해 남성 출입을 통제한다. 여성이면 누구나 스마트폰에 어플리케이션을 설치하고 통신사 인증을 받은 후, 생성된 QR코드를 출입문 단말기에 스캔하면 된다.
생성되는 1회용 QR코드는 개인정보를 포함하지 않는다. 또 암호화·도용방지 기능이 있어 안전하게 관리된다고 LH는 설명했다. 화장실에서 장시간 체류하면 자동 위험 경보를 보내는 등 앞으로 기능을 추가해 안전성을 보다 강화할 계획이다.
고령자 등 QR코드 사용에 어려움을 겪는 계층을 위해 QR코드 인증출입 화장실과 일반 화장실을 구분해 설치할 예정이다. QR코드 이용을 원하지 않는 사용자는 일반 화장실을 이용하면 된다.
LH 관계자는 “내년 하반기 시스템 개발을 완료하고 양주와 세종에서 시범사업을 시행한 뒤 전국 확대 도입을 추진할 방침”이라며 ““공공화장실에서 발생할 수 있는 범죄를 원천 차단하는 환경을 만들겠다”고 말했다."
https://www.chosun.com/economy/real_estate/2023/02/28/LEDA6SGSUBEW5O3IHTTVVWF43Y/,"“중소·중견 기업 창업주는 본인이 세운 회사를 언제든지 좋은 가격에 팔 수 있다고 생각하죠. 현실은 그렇지 않습니다. 일단 기업 매각을 결정했다면 ‘회사가 잘 나갈 때’ 팔아야 제값을 받을 수 있습니다.”
조선일보와 땅집고, NH투자증권이 오는 3월 14일 개설하는 ‘성공적인 가업승계, 기업매각을 위한 실전 전략’ 과정에서 강사로 나서는 홍승환 삼일회계법인 이사의 조언이다. 그는 “흔히 창업주가 은퇴를 코앞에 두거나, 기업이 힘들어졌을 때 매각에 나서면 매도자가 불리하기 마련”이라며 “매출이 꾸준할 때 매각하는 것이 최대한 높은 가격을 받을 수 있다”고 했다.
홍 이사는 “후계자가 없는 상황에서 창업자 나이가 70대에 가까운데 기업 매출이 잘 나오면 매각을 준비하지 않는 경우가 많다”며 “결국 창업자 은퇴가 임박해서 부랴부랴 인수자를 찾으려다가 헐값에 매각한 사례도 적지 않게 봤다”고 했다.
M&A(인수합병) 경력 15년이 넘는 홍 이사는 그동안 중소벤처기업부·산업통상지원부 등에서 중소기업 창업주 대상으로 성공적인 기업 M&A를 주제로 강의하고 있다.
은퇴를 앞둔 창업주라면 스스로 기업 매각 관련 정보와 지식을 쌓아야 한다. 홍 이사는 좋은 값을 받는 기업 조건 3가지를 꼽았다. ▲매출이 안정적이고 ▲향후 성장성이 있으며 ▲확실한 기술 가치를 보유한 기업이다.
예비 인수자가 나타났다면 해당 기업이 어떤 점을 보고 인수하려는 것인지 파악해야 한다. 부동산으로 치면 매수자가 학군·조망·교통 여건 중 어느 부분에 방점을 두고 인수하려는지 조사를 해야 한다는 의미다. 그래야 매각 때 기업의 매력을 최대한 살려서 인수 필요성을 강조할 수 있고, 매각 가격 협상시 창업주가 만족할만한 금액을 받을 수 있다.
매각 대상 기업의 장점을 매력적으로 받아들일만한 인수자를 2~3곳 찾아서 비딩(가격경쟁)을 붙이는 것도 매각가를 높이는 방법이다. 이 때 다양한 인수자를 찾을 수 있는 전문 매각 주관사 도움이 필요하다. 홍 이사는 “매각 대상 회사를 기존 기업이 인수하는 경우가 많은데, 인수에 따른 시너지 효과가 확실해 ‘궁합’이 맞는 인수자를 찾는 것도 중요하다”고 했다."
https://www.chosun.com/economy/real_estate/2021/11/15/4F4EHIQ5FJEKTNVUICPKKN367M/,"포스코 새 주거 서비스 브랜드 ‘블루엣’ 출시
포스코건설이 새로운 주거 서비스 브랜드 ‘블루엣(BLUET·사진)’을 출시했다. 포스코건설은 지난 9년간 ‘온마음서비스’라는 주거 서비스를 운영했지만, 지난해 아파트 브랜드 ‘더샵’을 전면 개편하면서 주거 서비스 브랜드도 바꾼 것이다.
부영, 고려대의료원에 발전기금 2억 기부
부영그룹이 지난 9일 고려대의료원에 의학발전기금 2억원을 기부했다. 이번에 전달된 기금은 첨단 의학 연구 및 학생 교육에 사용될 예정이다. 부영그룹은 고려대를 비롯해 서울대, 연세대, 서강대, 중앙대, 경희대 등 다양한 학교에 교육 시설 건립 및 학술 활동에 필요한 돈을 기부했으며 재난 구호 성금 기탁도 활발히 하고 있다. 부영 측에 따르면 지금까지 기부한 금액은 약 8800억원에 달한다."
https://www.chosun.com/economy/real_estate/2023/07/31/4ZDQEGWAA5DBDBZA2MVAGMHNAM/,"지난달 전국 미분양 주택이 4개월 연속 감소하고, 서울 아파트 거래는 2년 만에 4000건을 넘었다. 그러나 악성 미분양으로 분류되는 준공 후 미분양은 꾸준히 늘어 9000건을 돌파했고, 착공·인허가와 같은 공급 지표는 감소세를 이어가면서 주택 시장 리스크가 여전히 높은 상황이다.
31일 국토교통부가 발표한 ‘6월 주택 통계’에 따르면 지난달 말 기준 전국 미분양 주택은 총 6만6388가구로 전월(6만8865가구) 대비 3.6%(2477가구) 감소했다. 수도권은 1만559가구로 전월 대비 2.2%(240가구), 지방은 5만5829가구로 같은 기간 2.8%(2237가구) 줄었다. 미분양 주택은 올해 초 7만5000가구까지 증가해 10여년 만에 가장 높은 수준을 기록했으나, 3월부터 4개월 연속 감소하고 있다.
미분양 감소에는 우선 분양 물량 자체가 줄어든 점이 영향을 미친 것으로 분석된다. 올해 6월까지 누적 공동주택 분양은 전국 6만6447가구로 작년 같은 기간보다 43.0% 줄었다. 수도권 분양이 34.4%, 지방에선 50.9% 감소했다. 다만, 올해 상반기 서울의 아파트 분양 물량은 5868가구로 작년 같은 기간보다 56.6% 늘었다. 이런 가운데 서울을 중심으로 분양시장이 회복세를 보이면서 미분양이 전반적으로 줄어든 것으로 풀이된다.
다만 공사가 끝난 뒤에도 분양되지 못해 악성 미분양으로 분류되는 ‘준공 후 미분양’은 939가구로 전월보다 5.7%(507가구) 증가했다. 이는 2021년 4월(9440가구) 이후 2년 3개월 만에 가장 많은 수준이다. 지방 미분양 물량이 해소되지 못하고 있기 때문으로 분석된다.
주택 거래량도 회복세를 보이고 있다. 6월 전국의 주택 매매량은 5만2592건으로 작년 같은 기간보다 4.5% 증가했다. 수도권 주택 매매량이 2만830건으로 작년 같은 달보다 10.8%, 지방은 2만8603건으로 0.01% 늘었다. 서울 아파트 거래량은 지난달 4136건으로, 2021년 8월 이후 1년 10개월 만에 최고치를 기록했다. 작년 같은 달(2014가구)보다는 2배 이상 증가한 수준이다.
거래량이 회복되고 있지만 주택 인허가·착공 실적은 여전히 감소세를 이어가고 있다. 올해 전국 주택 착공은 9만2490가구로 전년 동기(18만8449가구) 대비 50.9% 급감한 것으로 나타났다. 전국 아파트는 6만9361가구, 아파트 외 주택은 2만3129가구로 전년 동기 대비 각각 50.4%, 52.5% 줄었다. 상반기 주택 인허가 실적은 18만9213가구로 전년 동기(25만9759가구) 대비 27.2% 감소했다. 지역별로는 수도권이 7만2297가구로 전년 동기 대비 24.8%, 지방은 11만6916가구로 전년 동기 대비 28.5%가 각각 줄어들었다.
아파트 입주가 통상 인허가 기준 3~5년 뒤, 착공 2~3년 뒤에 이뤄지는 점을 감안하면 인허가와 착공 실적 급감은 향후 주택 공급 부족으로 이어질 가능성이 크다. 부동산 빅데이터업체 아실은 2025년 입주 물량이 19만353가구로 2024년 대비 46% 줄어들고 이후 2026년 4만3594가구, 2027년 4770가구로 ‘공급 가뭄’ 수준을 보일 것으로 추산하고 있다."
https://www.chosun.com/economy/real_estate/2024/11/06/AVND6KUNJBEYFBNAVTV63K3E54/,"정부는 5일 그린벨트를 풀어 조성하는 신규 택지 4곳을 공개하면서 투기 방지 대책을 함께 발표했다. 지난 8월 ‘8·8 주택 공급 활성화 방안’ 때 그린벨트 해제 계획이 처음 공개된 이후 서울과 경기도 일부 지역에 투기 수요가 유입되고, 땅값이 들썩이는 사례도 나왔기 때문이다. 경실련 조사에 따르면, 최근 5년간 서울 세곡동과 내곡동 그린벨트 지역 토지 거래 내역 169건 중 47%(80건)이 기획부동산 업체들이 주로 사용하는 ‘지분 쪼개기’ 형태의 매매로 나타났다.
정부는 우선 택지 개발에 따른 투기 수요를 차단하기 위해 신규 택지와 인근 지역을 토지허가거래구역으로 묶기로 했다. 개발이 예정된 지역에서 토지 보상금을 부풀리는 일을 막기 위해 새로 건물을 짓거나 토지 형질을 바꾸기, 땅을 쪼개거나 합치기, 나무 등을 심는 행위도 금지된다.
지난 2021년 3월 발생한 한국토지주택공사(LH) 임직원의 광명·시흥지구 땅 투기 사건이 재발하지 않도록 사전 점검을 철저히 했다. 국토부는 직원 6374명 전체와 LH 직원 8901명 전원, 직계 가족 등을 대상으로 신규 택지 4곳의 토지 소유 현황을 전수조사했다. LH 직원 1명이 후보지 내 토지를 소유한 것으로 확인됐지만, 그는 2010년 2월 증여로 땅을 얻은 것으로 확인됐다. 이번 신규 택지 선정 과정에서 미공개 정보를 활용한 투기 가능성은 작다는 게 국토부의 1차 판단이다. 하지만 국토부는 외부인이 참여하는 위원회를 통해 이 사안에 대해 추가 검증하기로 했다.
정부는 또한 신규 택지 4곳과 인근 지역에서 발생한 투기성 거래에 대해서도 집중 조사했다. 그 결과 2019년 10월부터 지난달까지 5년간 신규 택지 예정지와 인근에서 거래된 토지 5335건 중 1752건을 이상 의심 거래로 선별했다. 대부분 매수자가 미성년·외지인·법인이거나 잦은 손바뀜이 있었던 사례다.
국토부는 이상 거래에 대한 해명 자료 요구 등을 통해 자금 조달 내용을 정밀 분석하고, 거래 가격 거짓 신고나 편법 증여 및 대출, 명의 신탁 등을 살펴볼 예정이다. 이를 통해 내년 3월까지 국세청·금융위, 담당 지자체 등 관계 기관에 통보하거나 경찰청에 수사를 의뢰할 계획이다."
https://www.chosun.com/economy/real_estate/2022/05/11/S6247CEL4BH5HEGA7KJ7JJXB7I/,"[땅집고] 최근 미술품 투자 관심이 어느 때보다 뜨겁다. 풍부한 유동성이 시장에 풀린 데다, 미술 대중화 바람까지 불고 있기 때문이다. 미술품 투자는 취향에 맞는 그림이나 조각품을 마음껏 감상하면서 자산 증식도 할 수 있다는 점에서 매력적이다. 최근에는 ‘아트테크’(art-tech·아트와 재테크의 합성어)라는 신조어까지 등장했을 정도로 인기가 높다. 미술 시장이 성장하고 관심이 높아지면서 아트 컬렉터로 입문하려는 사람도 늘고 있다. 땅집고는 일반인 대상으로 ‘아트 컬렉터 첫걸음’ 강좌를 기획했다. 이 강좌에서는 아트 컬렉팅 시장에 대한 기초 지식과 안목을 키우는 방법을 중점적으로 알려준다. 아트 컬렉터 첫걸음 1기 과정은 오는 5월 31일부터 6월 14일까지 총 5회 강의로 진행한다. 이론 4회에 현장 스터디1회를 포함하며, 아트 컬렉팅 전문가가 강사로 참여한다.
갤러리 ‘스페이스 윌링앤딜링’의 김인선 대표는 5월 31일 ‘아트 컬렉팅 입문-미술과 미술시장의 지형 이해하기’라는 주제로 첫 강의를 진행한다. 최근 아트 생태계에 대해 설명하고 갤러리와 미술관 전시의 차이, 비엔날레와 아트페어 비교, 미술품 1차 시장과 2차 시장 등을 소개한다.김정환 GB투자자문 대표는 ‘아트 컬렉터가 들려주는 미술 공부법’에 대해 강의한다. 아트 컬렉터가 미술 공부 시작하는 법, 미술품 수집할 때 주의할 점이나 체크리스트 등에 대한 정보를 제공한다. 이지은 법률사무소 리버티 변호사는 자신의 전문 지식으로 예술가들을 지원하며 함께 성장하는 내용이 담긴 아트 컬렉팅 경험기를 전한다.
변지애 케이아티스츠 대표는 ‘세계 유명 아트페어와 올해 주목할 만한 아트페어’를 소개한다. 글로벌 미술 시장과 한국 아트 시장의 변화, 컬렉터의 아트페어 활용법 등이 강의 내용이다. 이론 강의가 끝난 뒤 변 대표는 오는 6월 10일 해외 유명 아트 갤러리 투어도 진행한다.수강료는 100만원이며 선착순 20명 안팎 모집한다. 오는 5월 24일까지 사전 예약하면 10만원 할인한다. 홈페이지(realtyevent.chosun.com, ▶바로가기)에서 신청하면 된다. (02)6949-6189."
https://www.chosun.com/economy/real_estate/2022/03/16/IU64QQRJG5ASNLCCWL36DUKSMI/,"극심한 거래 침체 속에 지난달 전국 아파트값이 2년5개월 만에 하락 전환했다.
한국부동산원은 15일 “2월 전국 아파트 매매가격이 전월 대비 0.02% 내렸다”고 밝혔다. 월간 통계로 전국 아파트값이 내린 것은 2019년 9월(-0.05%) 이후 처음이다.
서울을 포함한 수도권과 지방 광역시 아파트값이 모두 약세를 보였다. 서울 아파트값은 1월 보합(0%)에서 2월엔 0.08% 내렸다. 경기도 아파트값도 한 달 사이 0.09% 내렸다. 지방 대도시에선 세종(-0.66%), 대구(-0.41%), 대전(-0.2%)에서 낙폭이 두드러졌다. 이남수 신한은행 지점장은 “대출 규제와 시중금리 인상, 대선 변수로 매수세가 끊겼고, ‘거래 절벽’으로 매물이 쌓인 영향”이라고 말했다.
2월 전국 아파트 전셋값은 0.04% 내렸다. 서울도 0.11% 내리면서 2019년 6월(-0.06%) 이후 처음으로 마이너스 변동률을 기록했다. 인천(-0.36%), 경기(-0.12%)의 아파트 전셋값도 두 달 연속 하락했다.
다만 대출금리 인상 등의 영향으로 수요가 증가한 월세가격은 상승세가 이어졌다. 2월 전국 아파트 월세는 0.18%, 수도권은 0.19% 올랐다."
https://www.chosun.com/economy/real_estate/2021/03/14/75C2XJAY7RBALINJ7PMGC75MY4/,"LH(한국토지주택공사)가 자사 직원의 ‘땅 투기 의혹’에 대한 비판 여론이 불거지자 “아니꼬우면 이직하라”는 등의 조롱성 글을 올린 작성자를 색출해 처벌하기로 했다.
LH는 직장인 익명 커뮤니티 ‘블라인드’에 회사 명예를 실추시키는 내용의 글을 올린 작성자를 명예훼손과 모욕, 업무방해 등의 혐의로 수사기관에 고발했다고 14일 밝혔다.
지난 9일 블라인드 게시판에 ‘내부에서는 신경도 안 씀’이라는 제목의 글이 올라와 국민의 분노를 자아냈다. 글을 쓴 작성자는 “어차피 한두 달만 지나면 사람들 기억에서 잊혀진다”, “난 열심히 차명으로 투기하면서 정년까지 꿀 빨면서 다니련다”, “(아니)꼬우면 니들도 이직하든가”라고 적어 공분을 샀다.
LH는 이 글에 대해 “허위사실 기반의 자극적 내용을 담아 게시 이후 다수의 언론에 보도되며 회사의 명예를 현저히 실추시켰고, 사태 수습과 재발방지를 위한 자체 노력을 저해했다”며 고발 배경을 설명했다.
LH는 수사기관 조사 등을 통해 게시글 작성자가 LH 직원임이 밝혀지면 즉각 파면 등 징계조치를 취하고, 민사상 손해배상 청구 등 가능한 모든 수단을 취해 일벌백계한다는 방침이다.
LH 관계자는 “앞으로도 유사한 사례가 발생할 경우 추가적인 확인을 통해 수사의뢰 등 법적 조치를 이어나갈 예정”이라고 말했다."
https://www.chosun.com/economy/real_estate/2023/07/21/BSRSZP7R5NBAXOQ3PXISTKYKOE/,"땅집고는 서울 강남구 삼성동 코엑스(B홀)에서 조선일보 주최로 21일(금요일)~22일(토요일) 열리는 ‘2023 대한민국 부동산 트렌드쇼’에서 ‘땅집고 공간기획센터’ 부스를 마련하고, 무료 컨설팅 신청을 받는다.
땅집고 공간기획센터에선 건물의 가치를 올릴 수 있는 중대형 빌딩의 임대차 상담, 대형 베이커리 카페 개발 컨설팅, F&B(식음료 사업) 브랜딩·창업 운영에 대한 현장 컨설팅을 진행한다. 사전 신청자에 대해 ‘1대1 무료 컨설팅’을 우선적으로 제공한다. 무료다. 행사기간 중 땅집고 공간기획센터 부스에는 현재 상업용 부동산과 F&B 업계의 베테랑 기업과 스타트업 4곳에서 상주한다. 신청은 온라인(바로가기☞클릭)과 전화로 하면 된다. (02)-6949-6176·6179.
▶ 쉐어드닷 : “건물의 가치를 높여 줄 최강의 임차인 찾기”
땅집고공간기획센터의 파트너사인 ‘쉐어드닷’ 성시정 대표와 박진수 이사가 중대형 상업용 건물과 토지에 대한 전문 MD컨설팅을 제공한다. 땅집고 공간기획센터는 아파트 상가와 플라자 상가, 단독 상가 등 상업용 건물 대상으로 대형 베이커리 카페를 비롯해 F&B(식음료) 브랜드, 헬스클럽, 헤어숍 등 대형 임차인을 찾아주는 ‘리징(leasing)’ 컨설팅을 진행하고 있다. 지난해 하반기 이후 경기도 광교 중흥S클래스 주상복합아파트 상가, 경기도 시흥 플라자상가, 대구 동성로 스파크랜드 등 중대형 건물에 대한 리징이 진행 중이다.
▶ 슬로 : “대형 베이커리를 활용한 유휴 부동산 가치 높이기”
F&B 전문 기업인 ‘슬로’(대표 이상훈)는 대형 베이커리 개발을 통해 부동산의 가치를 높이는 노하우를 제공한다. 도심 건물이나, 외곽 지역의 빈 토지, 주차장 빌딩 등에 모객 효과가 높은 베이커리 카페와 마켓을 개발해 부동산의 수익성을 높이고, 매각 가치를 끌어올리는 전략을 중심으로 상담을 진행한다.
▶ 익선다다 트랜드랩 : “스몰드랜드로 공간 살리기-창업과 브랜드의 기술”
‘익선다다 트랜드랩’(대표 박지현)는 도심 노후지역이었던 서울 종로 익선동과 대전 소재동을 MZ세대가 몰려드는 핫플레이스로 만든 주인공이다. 익선다다가 개척했던 익선동은 연간 420만명이 찾는 핵심 상권이 됐다. 익선다다 박지현 대표는 ‘익동다방’, ‘르블란서’ 같은 스몰 브랜드 가게를 만들어 ‘대박’을 쳤다. 행사 기간 중 중소형 카페·레스토랑·소품 가게 창업에 관심이 있는 창업자와 건물주를 대상으로 창업·브랜딩 전략을 소개한다.
▶ 피치매니지먼트 : “수익성을 높이는 스테이·F&B 운영 노하우”
김태연 피치매니지먼트 대표는 비즈니스호텔 브랜드 ‘신라스테이’ 개발을 주도한 호텔 업계의 스타 CEO다. 그는 역삼·제주·마포·삼성·해운대 등 11곳에 신라스테이 출점을 총괄했다. MZ세대에게 SNS(소셜미디어) 핫플로 유명한 서울 용산의 복합문화공간 ‘사운즈한남’을 개발했다. 스테이 사업 컨설팅과 수익성이 낮은 스테이와 카페·레스토랑의 운영을 효율화해 수익성을 높이는 노하우를 중점으로 상담을 진행한다.
각 주제별 상담 신청은 전화(02-6949-6176·6179) 혹은 땅집고 홈페이지에서 온라인(☞땅집고 공간기획센터 컨설팅 신청하기)으로 할 수 있다."
https://www.chosun.com/economy/real_estate/2022/09/23/V4A52KZME5HIHMEIUKMYSWBPLI/,"땅집고가 ‘리모델링 마스터 클래스’ 5기 과정 수강생을 모집합니다. 오래된 건물을 보유하고 있거나 꼬마빌딩을 매입해 리모델링을 계획 중인 예비 건축주에게 적합한 강의입니다.
강의는 10월11일~27일까지 총 8회로 운영합니다. 리모델링을 준비하는 건축주라면 반드시 갖춰야 할 기본 지식과 실무 노하우를 배우고, 실제 건축 때 건축가나 시공사 현장소장과 효율적으로 의사 소통할 수 있는 방법을 알려드립니다. 모든 강의는 케이스 스터디 중심으로 운영하고, 리모델링 현장을 직접 찾아가 필요한 정보를 배우는 현장 스터디도 2회 진행합니다.
수강 인원은 20명 안팎이며, 수강료는 160만원입니다. 오는 10월 1일까지 등록하면 10만원 할인합니다. 땅집고M 홈페이지(zipgobiz.com)에서 신청하면 됩니다. (02)6949-6190."
https://www.chosun.com/economy/real_estate/2024/02/22/O2TOILPXOZAHBAIRFWRNT3X26A/,"경남 거제에 바이오, ICT(정보통신기술), 문화가 융합된 복합 기업 도시가 조성된다. 지방 산업 기반 조성 및 지역 균형 발전을 위해 추진되는 ‘기업 혁신 파크’의 첫 사업이다. 기업이 입지 선정부터 토지 조성, 입주에 이르는 전 과정을 주도하고, 정부와 지자체는 규제 완화, 사업 계획 수립 등을 지원한다.
국토교통부는 22일 창원 경남도청에서 윤석열 대통령 주재로 열린 민생 토론회에서 이 같은 내용의 기업 혁신 파크 선도사업 공모 결과를 공개했다. 기업 혁신 파크는 2004년 도입된 기업 도시를 현 정부에서 개선한 사업이다. 기업 도시를 개발할 때 관련 규제가 까다롭고, 기업 지원이 부족해 참여가 저조했다는 지적에 따라 최소 개발 면적 기준을 100만㎡에서 50만㎡로 낮추고, 각종 건축 규제도 완화해주기로 했다.
거제 기업 혁신 파크는 거제시 장목면 구영리·송진포리 일원에 171만㎡(52만평) 규모로 조성된다. ICT 기업인 수산아이앤티와 다산네트웍스를 비롯해 에이텍, 안택건설, 비유테크놀러지 등이 참여한다. 바이오·의료, ICT, 문화예술 등 3대 산업이 융합된 도시로 개발할 계획이다. 사업 기간은 올해부터 2030년까지이며, 예상 사업비는 1조4000억원이다. 거제 기업 혁신 파크에 참여하는 기업과 지자체는 세부 개발 계획을 확정해 정부 승인을 받아야 한다. 국토부는 다음 달부터 컨설팅을 통해 기업과 지자체의 계획 수립을 지원할 방침이다.
국토부는 거제를 선정한 배경에 대해 “기업과 지방자치단체의 추진 의지가 높고, 예정지의 절반 가까운 토지가 경남도 소유여서 토지 확보가 쉬워 좋은 평가를 받았다”고 밝혔다. 거제는 가덕도 신공항, 거가대교, 김천~거제 남부 내륙 철도 등이 가까워 교통 인프라도 우수한 편이다."
https://www.chosun.com/economy/real_estate/2023/03/03/ZNXPHHIYQRETXMJ3XSJXMCCLCQ/,"현대건설은 불안정한 대내외 환경 속에서도 풍부한 해외공사 경험과 기술 노하우, 견고한 재무구조를 바탕으로 올해 에너지 분야 신사업 발굴, 해외 사업 확장, 미래기술 개발 등 3대 축을 중심으로 미래 성장 동력을 확보한다는 계획이다. 또 근로자 중심의 안전보건 시스템 확산, 선행 관리를 통한 차별화된 품질 경쟁력 강화 등 안전과 품질을 최우선으로 한 기업 활동으로 고객 중심 경영을 이어갈 방침이다. 윤영준 현대건설 사장은 “고객 감동을 실현하기 위해 서비스 마인드를 철저히 무장하는 한편, 완벽한 안전관리를 위해 전사적 역량을 쏟고 기술개발에 박차를 가해 최상의 건설 품질을 선보일 것”이라며 “인재 중심의 조직문화를 구축해 기업과 임직원이 함께 성장하는 회사로서 명성도 이어나갈 것”이라고 말했다.
◇에너지 신사업 가속화
기후변화 위기 대응을 위한 탄소중립 경영을 추진하고 있는 현대건설은 지속가능한 기업 가치를 창출하고자 에너지 분야 신사업을 육성하고 있다. 차세대 원전, 수소 플랜트, 재생에너지 전력 거래사업 등 핵심 유망사업의 기술력을 축적함으로써 미래 성장 동력을 확보할 계획이다.
현대건설은 한국형 대형원전 최다 건설 실적과 해외 첫 수출을 통해 입증한 경쟁력을 기반으로 소형모듈원전(SMR), 원전해체, 사용 후 핵연료 처리 등 원자력 모든 분야에 걸쳐 핵심역량을 구축하고 있다. K-원전 수출의 중추적인 역할을 수행하는 한편, 세계적인 원전 기업들과의 전략적 파트너십을 통해 신시장도 개척할 계획이다.
현대건설은 또 가파른 성장세가 예상되고 있는 글로벌 수소 에너지 시장을 선점하기 위해 전북 부안 신재생에너지 연구단지에 설치하는 세계 최초 수전해 기반 수소생산기지 설계를 완료했다. 태양광, 풍력 등 다양한 재생에너지 발전 사업을 수행하며 쌓은 설계·시공 및 운영 경험을 바탕으로 재생에너지 전력 중개거래 시장으로도 영역을 확장할 계획이다.
현대건설은 중동지역을 중심으로 해외 시장 공략에도 박차를 가할 계획이다. 기존 가격 중심 경쟁 입찰 중심에서 기술력 기반의 비경쟁·고수익 사업으로 전략을 전환함으로써 수주의 질을 높일 방침이다. 특히 현대건설은 작년 세계 최대 에너지 기업인 사우디 아람코가 발주하는 석유화학 관련 신규 사업에 대해 수의계약, 입찰 인센티브를 제공받는 독점적 지위를 확보했다. 이로써 중동시장에서 보다 활발한 해외 수주가 이뤄질 것으로 전망하고 있다.
◇스마트시티 건설에 앞장
현대건설은 지난해 8월 국내 건설사 최초로 층간소음 1등급 인정서를 취득하며 기술력을 인정받았다. 올해는 1등급 바닥시스템의 시공법을 표준화하고, 장기적인 품질 확보 방안을 마련하고자 다양한 기술 검증에 도전한다.
미래 도시환경 변화를 선도하기 위한 행보도 속도를 내고 있다. 해양건설의 핵심인 부유식 구조체 설계 및 시공 분야 세계적 전문가를 최근 영입한데 이어, 도심형 모빌리티 허브를 구현하기 위한 K-UAM 컨소시엄과 실증사업을 추진하기로 했다.
현대건설은 안전·품질 최우선 경영을 더욱 강화한다. 근로자 중심의 안전보건 시스템을 확산하고 고도화된 스마트 안전관리 플랫폼을 적용해 현장 내 자율적인 점검과 모니터링을 확대할 방침이다.
현대건설은 지난해 매출 21조2391억원, 영업이익 5820억원, 당기순이익 4850억원, 신규 수주 35조4257억원의 실적을 기록했다. 사우디 마르잔 공사, 이라크 바스라 정유공장, 파나마 메트로 3호선 등 해외 대형현장에서 가시적인 성과가 나기 시작했고 개포주공1단지, 힐스테이트 송도 더 스카이 등 국내 주택 사업도 순조롭게 진행돼 전년 대비 매출이 17.6% 늘었다.
신규 수주는 필리핀 남부철도, 사우디 네옴시티 터널, 쿠웨이트 슈웨이크 항만 등 굵직한 해외 대형프로젝트와 샤힌 에틸렌시설, 용산 이태원동 유엔사부지, 광양항 광역 준설토 투기장 조성 등 국내 사업에서 두루 성과를 내며 전년 대비 17% 증가했다. 연간 목표치를 25% 초과 달성했다. 현재 수주 잔고는 90조 283억원으로, 4.2년치 매출에 해당한다. 올해 매출 목표는 전년 대비 20.1% 증가한 25조5000억원으로 잡았다."
https://www.chosun.com/economy/real_estate/2021/08/31/Z2OKCRVPIVAFPHBH2T3GFIMXF4/,"서울 용산구에 2015년 입주한 ‘트윈시티 남산’ 오피스텔이 지난 6년간 임대 운영을 마치고, 앞서 두 차례 공개 매각 후 남은 잔여 가구를 선착순으로 일반 매각한다.
이 오피스텔은 지하 6층~지상 29층, 총 567실 규모로 오피스와 근린생활시설이 함께 들어섰다. 분양 회사 측은 지난 6년 동안 공실이 거의 없었다고 밝혔다. 입주일로부터 10개월 만에 입주율 100%를 달성했고 이후 약 4년 동안 평균 임차율은 96.7%를 유지했다. 분양 회사 관계자는 “일부 공실은 바로 입주가 가능할 뿐 아니라, 임대 사업을 희망하는 경우 현재 임대료보다 올려받을 수 있다”고 했다.
분양 가격은 최근 중구와 용산구 등지에서 분양한 오피스텔, 생활형 숙박시설보다 저렴한 편이다. ‘트윈시티 남산’ 분양가는 전용 3.3㎡(1평)당 3700만~4000만원 수준으로 1실당 약 2억 5000만~4억원이다. 지난해 2월 공급된 ‘쌍용 더 플래티넘 서울역’은 전용 3.3㎡당 분양 가격이 5300만원을 넘었다. 지난해 12월 분양한 생활숙박시설 ‘빌리브 아카이브 남산’은 작은 주택형도 전용 3.3㎡당 6400만원 이상으로 책정됐다.
‘트윈시티 남산’ 오피스텔은 서울역 12번 출구와 지하로 직접 연결돼 2분 안에 역까지 이동할 수 있다. 서울역은 지하철 1·4호선, 공항철도, 경의중앙선 등 4개 노선과 KTX를 이용할 수 있고, 광역·지역버스 환승센터도 있다. 앞으로 수도권광역급행철도(GTX) A·B노선과 신안산선, 신분당선, 수색~광명 고속철도 등 5개 노선이 추가로 들어선다.
걸어서 5분 거리에 롯데아울렛·롯데마트가 있고 강북삼성병원, 서울시립용산도서관 등도 가깝다. 일부 가구에서는 남산 서울타워, 인왕산, 한강을 조망할 수 있다. 지하 2층에는 공용 라운지와 스터디룸, 무인택배함, 개인창고가 있다. 지상 29층에는 피트니스시설, 야외 가든 라운지를 운영 중이다. ‘트윈시티 남산’ 홍보관은 트윈시티 남산 오피스텔동 1층에 있다. 선착순 계약이 진행 중이며, 상담은 예약제로 운영한다."
https://www.chosun.com/economy/real_estate/2024/01/15/D7BA3ZNCBRAGLG5LTMBSXDK7Y4/,"4만6000가구가 입주해 있는 위례신도시와 서울 강남 신사역을 잇는 위례신사선(위신선) 사업이 아파트 입주 10년이 넘도록 지체되면서 주민들의 불편이 커지고 있다. 특히 이번 경우는 위례신도시 주민들이 이미 1가구당 약 700만원씩, 총 3100억원을 위신선 건설 명목으로 분양가 납입 때 함께 냈는데, 지금까지 진척이 없어 더욱 비판을 받고 있다. 이 과정에서 위례신도시를 조성한 한국토지주택공사(LH) 등은 위신선 건설비로 받은 돈에 대한 이자만으로도 지금까지 1000억원가량을 챙겼다.
위신선 같은 교통 인프라는 기본적으로 정부가 예산으로 지어야 한다. 다만 특정 지역 주민이 큰 혜택을 보는 경우에는 ‘수익자 부담’ 원칙에 따라 일부를 주민들이 부담한다. 위신선은 입주민들이 비용을 냈음에도, 개통이 계속 연기되는 것이다. 위신선은 그동안 노선 변경과 건설사의 사업 포기, 코로나로 인한 사업 연기, 우크라이나 사태로 인한 공사비 급등으로 일정이 계속 미뤄져 왔다. 이번에는 인상된 공사비 분담을 놓고 또 갈등을 빚는 것이다. 부동산 전문가들은 “필요할 때 장밋빛 대책만 내놓고 실제 사업 추진에는 소극적인 정부와 지자체의 무책임, 저가에 공공 사업을 수주한 후 공사비 인상을 요구하는 건설업체의 억지 사업 관행이 맞물린 결과”라고 말했다.
◇입주 후 10년째 헛바퀴 도는 위신선
14일 건설업계에 따르면 기획재정부는 지난달 위신선을 포함해 민간 차원에서 추진 중인 공공사업들의 승인을 위한 민간투자사업심의위원회(민투심)를 개최했다. 하지만 위신선 발주처인 서울시는 민투심에 위신선 안건을 상정조차 하지 않았다.
민투심에 제출하는 사업 계획서에는 구체적인 사업비가 담겨야 하는데, 시공·사업자인 GS건설 컨소시엄(강남메트로)과 공사비 인상에 대한 협의가 마무리되지 않았다는 이유였다. GS건설과 서울시 측은 “여전히 협의 중”이라는 입장만 밝히고 있다. 이런 상황이면 앞으로 기재부의 민투심이 다시 열린다 하더라도, 위신선 안건은 언제 상정될지 알 수가 없다. 2029년으로 예상됐던 개통 시점도 2030년 이후로 밀릴 가능성이 커졌다.
위신선은 삼성물산이 2005년 제안하면서 시작됐다. 2013년 말 위례신도시 첫 입주도 시작됐다. 하지만 삼성물산은 당초 예정했던 구간이 단축되면서 2016년 수익성이 없다는 이유로 사업에서 손을 뗐다. 서울시는 입찰을 통해 2020년 1월 GS건설 컨소시엄을 새로운 사업자로 선정했다. GS건설은 수주 당시 2015년 말 추정된 사업비 1조4000억원보다 약 3000억원 낮은 1조1597억원을 써냈고, 공사도 2022년 시작하겠다고 밝혔다. 건설업계 관계자는 “당시에도 지나치게 낮은 낙찰가에 대해 머리를 갸우뚱하는 사람들이 많았다”며 “서울시는 사업성을 따지지 않고 낮은 가격을 써낸 업체를 선정하고, GS건설은 일단 따고 보자는 식으로 무리한 가격을 써낸 것”이라고 말했다.
◇급등한 공사비, 누가 부담하나
지난해 3월 서울시와 GS건설 컨소시엄 간에 본계약이 체결되며 정상 궤도에 진입할 것처럼 보였던 위신선은 새 암초를 만났다. 고금리와 자재 가격 상승으로 급등한 공사비를 누가 부담하느냐는 문제가 불거진 것이다. 지나치게 낮은 낙찰 가격이 걸림돌이 되고 있다.
위신선은 총 사업비의 50%를 정부가 보조한다. 2020년 1월부터 작년 11월까지 철도시설 건설공사비는 30.1% 올랐다. 위신선의 공사비도 2020년보다 2800억원 정도가 늘어난 것으로 추산된다.
GS건설은 인상분이 반영되지 않으면 공사를 진행할 수 없다는 입장이다. 서울시는 기재부 측에 보조를 요구하고 있다. 반면 기재부는 ‘실제 착공에 들어간 이후 인상분만 일부 지원해 주겠다’며 서울시에 사업계획 보완을 요구하고 있다. 기재부는 지난해 9월 서울시 측에 “공사기간 중 공사비 상승률이 물가상승률보다 7%포인트 이상 높으면 차액의 절반을 사업비에 반영할 수 있다”는 입장을 전달했다. 공사비 3100억원을 분양을 통해 걷은 LH는 이미 정액으로 서울시와 계약을 맺은 만큼, 공사비를 추가로 지급할 수는 없다는 입장이다. 건설업계 관계자는 “서울시는 담당자가 최근 바뀌었고, GS건설은 적자가 예상되는 만큼 사업 추진에 대한 의지가 떨어져 있을 것”이라고 말했다.
위신선 착공이 지연된 것은 서울시의 안일한 대응도 큰 요인으로 꼽힌다. 2020년 1월 GS건설 컨소시엄이 우선협상대상자로 선정된 후 코로나 사태가 터지자, 서울시 측은 대면 접촉 자제를 이유로 사업자들과 협의를 거의 진행하지 않았다고 한다. 일반 기업들이 화상 회의를 통해 업무 공백을 최소화한 것과 대조된다.
◇“이미 돈은 냈는데, 언제 뚫리나”
이미 분양 때 위신선 비용을 지불한 주민들은 개통 지연으로 인한 피해를 고스란히 보고 있다. 사업 시행자인 LH와 SH는 총 3100억원의 광역교통개선대책 분담금을 토지 분양가에 포함시켰다. 당초 위례 아파트를 분양할 당시 건설사들은 위신선을 앞세워 주변 시세보다 비싼 가격에 아파트를 팔았다. 한 분양 입주자는 “위신선 예정 역과 가까운 아파트는 분양가 자체가 수천만원씩 비쌌다”며 “그런데도 지금 와서는 위신선이 뚫리지 않는 것에 책임을 지려 하지 않는다”고 말했다.
서울시, 성남시, 하남시 등 3개 지자체의 관할구역이 섞여 있다 보니 책임을 지는 지자체가 없다는 것도 문제로 꼽힌다. 박합수 건국대 부동산대학원 겸임교수는 “위례신사선은 공공 주도 SOC 개발사업이 보여줄 수 있는 폐해를 극단적으로 보여주는 종합세트 같은 사례”라고 말했다."
https://www.chosun.com/economy/real_estate/2024/03/05/OIUFPSCF5ZCGXJX6C55RR3BR7A/,"최근 세계 각국이 핵심 자원을 안정적인 가격에 중단 없이 공급할 수 있도록 공급망을 유지·관리하는 자원 안보 경쟁을 치열하게 벌이고 있다. 특히, 이차전지 배터리 수요가 크게 늘면서 배터리 소재의 핵심 원료(광물)인 리튬을 얼마나 많이 확보하고 안정적으로 공급할 수 있느냐가 관건이 되고 있다. 포스코홀딩스는 선제적으로 미래 에너지 ‘리튬’ 생산을 위해 2018년 약 3000억원을 투자해 아르헨티나의 옴브레 무에르토(Hombre Muerto) 리튬 염호를 인수했다. 포스코이앤씨(옛 포스코건설)는 국내외 최대 규모의 일관제철소와 에너지플랜트를 성공적으로 건설하는 등 플랜트∙인프라∙건축사업 수행을 통해 축적된 기술과 노하우를 바탕으로 이차전지 사업의 원료 투입, 생산 공정, 제품 자동 창고 및 부대설비 등 설계, 기자재 공급, 시공에 이르기까지 EPC(설계·조달·시공) 사업을 수행하고 있다.
◇그룹의 이차전지 사업 성공에 앞장
포스코이앤씨는 포스코퓨처엠과 포스코A&C 등 여러 그룹사와의 협력을 통해 그룹 미래 신성장 엔진인 음극재 생산 공장 건설에 역량을 쏟아붓고 있다. 또 양극재 수요 급증에 대응해 신속한 공장 증설을 위한 작업도 진행 중이다.
국내에서 포스코이앤씨는 연간 9만톤가량의 양극재를 생산할 수 있는 단일 공장 기준 세계 최대 규모의 광양 양극재 2·3·4단계 공장을 건설했다. 세종시 첨단산업단지에 연산 4.8만톤의 천연흑연 음극재를 생산하는 세종천연음극재2공장도 성공적으로 지었다. 현재는 연산 5만2500톤 규모의 광양 NCA양극재 공장 공사를 진행하고 있는 등 그룹의 성공적인 이차전지 사업 수행에 주도적인 역할을 하고 있다.
포스코그룹은 국내 기업 최초로 이차전지용 수산화리튬 생산을 위한 광권 인수부터 탐사, 생산공장 건설과 운영까지 전 과정에 걸친 공급망을 구축했다. 포스코이앤씨는 그룹의 친환경 미래 소재 사업 확장에 발맞춰 리튬 추출과 이차전지 핵심 소재인 양·음극재 통합 공급 인프라를 구축했다. 그룹 이차전지 소재 사업의 경쟁력과 직결된 리튬 원료의 안정적 확보를 위해 포스코이앤씨는 2020년 8월 아르헨티나에서 국내 기업 최초로 리튬을 채굴∙제련하는 데모 플랜트(demo plant)를 준공했다. 현재는 해발 4000m 높이의 아르헨티나 살타주에서 연간 2만5000톤 규모의 인산리튬을 생산하는 커머셜 플랜트(commercial plant) 1단계 상공정과 살타주 인근 구에메스(Guemes) 산업단지에서 인산리튬을 수산화리튬으로 변환∙생산하는 하공정 공장을 건설 중이다. 포스코이앤씨는 올해엔 리튬 상용 공정 설계 모델을 구축하고 리튬 단위설비를 국산화하며, 2025년까지 리튬 추출 신공법도 개발할 계획이다.
◇이차전지 사업 인력 양성
포스코이앤씨는 이차전지와 원자력 사업을 포함한 주요 5대 신사업을 위해 미래 신성장 분야 인재 육성에 속도를 내고 있다. 미래성장사업 핵심 업무 수행 인력을 확보해 신사업의 초석을 다지는 것이다. 신사업 인재 양성 교육은 유사 분야에서 기술과 경력이 풍부한 직원을 우선적으로 선발하고, 현재 직무 경험을 토대로 이차전지, 수소, 원자력, 해상풍력, 친환경건축 등 미래 신성장 분야에서 새로운 기술을 습득하고 역할을 수행할 수 있도록 리·업 스킬링(Re·Up Skilling) 프로그램을 진행하고 있다.
포스코이앤씨는 이차전지 전문 기술 인력 육성을 본격화하기 위해 포스텍, 포항산업과학연구원(RIST) 등 외부 전문기관과 인재 양성 업무협약(MOU)을 체결했다. 포스텍은 이차전지 원료인 리튬·니켈, 음·양극재 소재 관련 공정 기술 등 관련 전문이론을 제공하고, 이를 바탕으로 포스코이앤씨는 차세대 이차전지 사업 실무 교육을 실시해 전문 인력을 육성한다는 계획이다."
https://www.chosun.com/economy/real_estate/2022/08/23/RL4SXTR6XJEWBCTBCTOT2YROGA/,"서울 강남구의 한 재건축 예정 아파트에 전세로 사는 김모(36)씨는 다음 달 전세 만기를 앞두고 집주인과 갈등을 빚고 있다. 계약 만기 6개월 전부터 이사 가겠다고 통보했으나, 집주인은 “다음 세입자가 구해지지 않으면 보증금을 못 돌려준다”고 버티고 있기 때문이다. 김씨는 “보증금을 돌려받기 위한 법적 대응을 준비하고 있다”고 말했다.
서울 성북구의 한 아파트에 거주하는 정모(41)씨도 10월 전세 계약이 끝나는데, 아직 후속 세입자가 정해지지 않아 보증금을 제때 돌려받을 수 있을지 걱정이 크다. 정씨는 “작년까지만 해도 전셋값이 너무 올라 걱정이었는데, 서울 역세권 아파트에서 전세 보증금 못 받을 걱정을 할 줄 꿈에도 몰랐다”고 했다.
금리 인상 여파로 ‘전세의 월세화’가 심해지는 가운데, 서울과 경기도 인기 주거지에서도 전셋값이 내리고 전세 매물이 쌓이고 있다. 특히 새 아파트 입주 물량이 많은 지역에선 전셋값이 더 가파르게 내리고, 집주인이 세입자에게 전세금을 돌려주는 데 어려움을 겪는 ‘역(逆)전세난’ 우려가 커지고 있다. 전문가들은 “2년 전 비싼 시세로 계약한 세입자들은 ‘깡통 전세’ 피해를 보지 않게 주의해야 한다”고 조언한다.
◇전세금 못 돌려주는 집주인 급증
23일 부동산 빅데이터 업체 아실이 집계한 서울 아파트 전세 매물은 3만3331건으로 1년 전(2만762건)보다 60% 늘었다. 임대차법 개정 직후로 ‘전세 품귀’가 본격화하지 않았던 2020년 8월(3만3456건) 이후 가장 많은 물량이다. 경기 지역 전세 매물도 1년 사이 1만9669건에서 4만5702건으로 배(倍) 넘게 늘었다. 매물이 쌓이면서 전세금 하락세도 뚜렷하게 나타나고 있다. 한국부동산원에 따르면, 서울 아파트 전세는 최근 13주 연속 내림세다. 지난주 수도권 아파트 전셋값은 0.1% 내리며, 2019년 4월(-0.13%) 이후 가장 큰 하락폭을 기록했다.
전세 시장이 위축되면서 후속 세입자를 구하지 못해 보증금을 돌려주지 못하는 집주인도 늘어나고 있다. 대법원 등기정보광장에 따르면, 7월 ‘임차권 등기명령’ 신청은 1059건으로 1년 전(811건)보다 30% 증가했다. 특히 수도권 신청 건수(804건)가 전체의 76%를 차지했다. 임차권 등기명령은 계약 만료 시점에 집주인에게 보증금을 돌려받지 못한 세입자의 권리를 법원이 보장하는 것이다. 김규정 한국투자증권 자산승계연구소장은 “전세 끼고 집을 사들이는 ‘갭 투자’가 성행했던 수도권 일부 지역에서 전세금 반환을 놓고 분쟁이 급증하는 추세”라며 “비싼 전셋값을 감당할 수 있는 수요가 더욱 줄면서 보증금 분쟁이 확산할 가능성이 크다”고 했다.
◇수도권 ‘입주 폭탄’에 전세가 ‘뚝뚝’
서울과 경기도에서 신규 아파트 입주 물량이 몰리는 지역에선 경쟁적으로 보증금을 낮추며 세입자 구하기 경쟁이 벌어지고 있다. 이달 31일부터 입주가 시작되는 서울 동대문구 용두동 ‘래미안 엘리니티’는 전체 가구(1048가구)의 절반이 넘는 556가구가 전·월세 매물로 시장에 나와 있다. 두 달 전만 해도 9억원대였던 전용면적 84㎡ 전세 호가(呼價)는 최근 7억5000만원까지 떨어졌다. 다음 달 입주하는 관악구 신림동 ‘힐스테이트뉴포레’(1143가구)도 하루가 다르게 전세 시세가 내리고 있다. 인근 한 공인중개사는 “6월까지만 해도 전용 84㎡ 전세를 10억원에 내놓는 집주인이 많았는데, 이제는 8억원대 매물이 나와 있다”고 말했다.
올 하반기 입주 물량이 가장 많은 경기도도 비슷한 상황이다. 9월 입주하는 2411가구 규모의 성남 중원구 ‘신흥역하늘채랜더스원’은 지난 6월 7억원이 넘었던 전용 84㎡ 전세 호가가 최근에는 4억8000만원까지 내렸다. 11월 5320가구 규모의 ‘e편한세상금빛그랑메종’ 입주도 예정돼 있어 일대 전세 시세는 더 내릴 전망이다.
고종완 한국자산관리연구원장은 “수도권은 아파트는 물론 도시형생활주택과 오피스텔 공급 물량도 많아 적어도 내년 봄 이사철까지는 전세 약세가 지속될 전망”이라며 “전세 수요가 적은 경기도 외곽 지역에선 ‘깡통 전세’ 피해가 급증할 우려도 있다”고 말했다."
https://www.chosun.com/economy/real_estate/2022/05/30/GMPFDBZZOJFB3A3MUVHI4LCIHM/,"쌍용건설 컨소시엄이 인천의 부개주공 3단지 리모델링 공사를 수주했다고 30일 밝혔다.
이 공사는 인천에서 추진중인 리모델링 단지 중 최대규모다. 총 공사비는 4707억원이다.
이번 수주전에 쌍용건설은 SK에코플랜트와 손잡고 컨소시엄을 꾸려 뛰어들었다. 쌍용건설의 지분이 51%, SK에코플랜트의 지분이 49%다. 이번 수주를 통해 쌍용건설은 올해 첫 리모델링 공사를 따냈으며, SK에코플랜트는 사상 첫 리모델링 사업을 진행하게 됐다.
해당 단지는 수평증축 리모델링을 통해 1724가구 규모에서 1982가구로 늘어난다. 전체 19개동의 층수는 지하 1층~지상 20층에서 지하층을 2~3개층 늘린다. 각 가구의 전용면적은 약 30% 늘어나며, 수평증축을 통해 늘어난 258가구는 모두 일반분양한다.
주차대수도 1260대에서 2378대로 늘어난다. 조경특화를 적용한 지상에는 뮤지엄 레지던스를 만들고, 최상층에는 입주민을 위한 스카이커뮤니티를 마련할 계획이다.
쌍용건설 관계자는 “국내 리모델링 기술력 및 실적 1위의 쌍용건설과 신용등급 및 재무건전성 최상위 등급의 SK에코플랜트가 손잡고 인천 최초·최대 규모 공사를 수주했다”며 “향후에도 수도권과 광역시 리모델링 영업을 강화하고 타사와의 전략적 제휴를 통해 대규모 단지를 수주할 것”이라고 말했다."
https://www.chosun.com/economy/real_estate/2023/02/10/3XBG3C3XRVALDBSSBH7GDTJBFQ/,"최근 부동산 시장이 극도로 침체된 가운데, 서울 서초구 반포동 래미안원베일리 펜트하우스가 100억원에 거래됐다.
10일 국토교통부 실거래가 공개시스템에 따르면, 래미안원베일리 전용 200.93㎡ 입주권이 지난달 16일 100억원에 거래됐다. 해당 주택의 공급면적은 272.26㎡(약 82평)로, 3.3㎡(1평)당 가격은 1억2142만원이다.
래미안원베일리는 신반포3차와 경남아파트를 통합 재건축하는 2990가구의 대단지 아파트다. 입주는 올해 하반기로 예정돼 있다. 일반분양은 2021년에 진행됐다. 당시 분양가는 3.3㎡당 5653만원. 역대 최고가였지만, 수억원대 시세 차익을 볼 수 있다는 말이 돌면서 1순위 청약에만 3만6000여명이 몰렸다.
이번에 입주권이 거래된 가구는 일반분양에는 포함되지 않았었다. 방 5개와 욕실 3개로 이뤄진 펜트하우스인데, 2990가구 중 2가구 뿐이다. 이 아파트의 분양권은 2021년 3월에 59㎡가 15억765만원에, 101㎡가 22억6080만원에 거래된 적이 있다."
https://www.chosun.com/economy/real_estate/2023/01/05/5UGI7XPDV5BNBHUYMPYEWNOUY4/,"“다 풀어주는데 왜 우리만….”
국토교통부가 지난 3일 청약 관련 규제를 대폭 완화하기로 발표하자 ‘일시적 2주택자’ 수백명이 모인 온라인 채팅방에는 국토부에 항의 전화를 독려하는 메시지가 쏟아졌다. 정부는 이번에 1주택자가 청약에 당첨된 경우 기존 주택 처분 의무를 없애주고, 기존 당첨자에게도 이를 소급 적용해 주기로 했다. 그러자 ‘일시적 2주택자’들도 형평성 문제를 제기하며 처분 기한 폐지를 요구하고 나선 것이다.
‘일시적 2주택자’는 상속이나 이사, 결혼 등으로 2주택자가 된 사람들이다. 새 주택을 취득한 뒤 2년(취득 당시 비규제지역은 3년) 내에 기존 주택을 처분하면, 세금·대출 등에서 다주택자가 아니라 1주택자로 간주돼 중과세 면제 등의 혜택을 받는다. 투자가 아닌 실수요 목적이라고 보기 때문이다. 그런데 작년 하반기부터 주택 시장 침체로 거래가 급격히 위축되면서 기한 내 처분이 어려워진 사람들이 속출하고 있다.
2021년 직장 때문에 인천에서 서울로 집을 사서 이사를 한 김모(42)씨는 오는 6월까지 인천 집을 팔아야 양도소득세가 비과세되고, 취득세 중과(8%)도 피할 수 있다. 호가를 여러 차례 낮춰 본인이 샀던 금액보다도 낮게 내놨지만 문의조차 없다. 김씨는 “폐지가 어렵다면, 최소한 처분 기한 연장이라도 해주면 좋겠다”고 말했다.
일시적 2주택자들은 최근 대거 풀린 다주택자 규제와의 형평성 문제를 제기한다. 정부는 올해 세법 개정을 통해 새로 다주택자가 되는 사람에 대해선 취득세 중과를 완화해줄 방침이다. 조정대상지역에서도 2주택까지는 일반세율(1~3%)을 적용하고, 3주택 이상 다주택자 최고세율도 12%에서 6%로 낮춘다.
그러나 이미 잔금을 치른 일시적 2주택자는 여전히 처분 기한 내에 집을 팔지 못하면 취득세율이 8%로 중과된다. 경기 하남의 일시적 2주택자 정모(40)씨는 “집이 안 팔려 어쩔 수 없이 2주택을 유지하고 있는 사람이 앞으로 3주택자가 될 사람보다 높은 취득세율을 적용받는 건 형평에 맞지 않는다”고 했다. 고종완 한국자산관리연구원장은 “거래 절벽 현상으로 예기치 못한 피해를 본 만큼 처분 기한이라도 연장해서 출구 전략을 마련해줄 필요가 있다”고 했다."
https://www.chosun.com/economy/real_estate/2025/07/01/XSHJSKGVTFGRXCXMX56PT75A7I/,"서울 강남 아파트에서 매매가 대비 전세가 비율을 뜻하는 전세가율이 6월 39.4%로 KB국민은행이 관련 통계를 집계하기 시작한 2013년 4월 이후 최저치로 떨어진 것으로 나타났다.
전세가율이 39.4%라는 것은 아파트 매매 가격이 10억원일 때 전셋값이 3억9400만원 정도라는 의미다. 서울 다른 지역도 전세가율 하락세가 이어지고 있다. 송파구(41.9%), 용산구(42.5%), 서초구(43.8%), 양천구(48.8%), 성동구(48.9%), 강동구(49.9%) 등의 전세가율이 50%를 밑돌고 있다. 강남권 11구는 전체 49.9%, 강북 14구는 56.5%로 집계됐다.
강남 아파트 매매 가격이 전세보다 더 가파르게 오르면서 전세가율이 떨어지는 현상이 나타나고 있다. 6월 서울 아파트 평균 매매 가격은 13억8174만원으로, 3개월 연속 역대 최고치를 경신했다. 이 중 가격 기준 서울 상위 20% 아파트의 평균 매매 가격은 31억4419만원으로 지난달 처음 30억원을 넘어섰다. 하위 20% 아파트 평균 가격은 4억9085만원이었다.
시장에선 앞으로 서울 아파트 가격이 더 오를 것이란 전망이 많다. 이번 조사에서 6월 매매 가격 전망 지수는 133.9로 역대 최고치를 기록했다. 매매 가격 지수가 기준점 100을 넘기면 앞으로 부동산 가격이 상승할 거라 전망하는 사람이 많고, 100보다 낮으면 하락 전망이 우세하다는 뜻이다. 서울 매매 가격 전망 지수가 130을 넘은 것은 이번이 처음이다. 다만 지난 27일 발표된 정부의 대출 규제 정책 이전에 이뤄진 조사라, 규제 이후 시장의 움직임은 당장은 예측하기 쉽지 않다는 반응이 나온다.
한편 서울 상승세와 달리 지방 부동산 시장 침체가 이어지면서 격차가 더 벌어지고 있는 것도 우려스러운 점이다. 이번 조사에서 전국 부동산 아파트 5분위 배율(전국 상위 20% 아파트와 하위 20% 아파트의 가격 차이)은 11.9배였다. 2008년 12월 관련 통계를 작성하기 시작한 이후 역대 최대치다."
https://www.chosun.com/economy/real_estate/2022/02/26/NPLYUR6V7NGKLCLKT5LEWKU66M/,"작년 10월 19일 뉴질랜드 집권 여당인 노동당 소속 메간 우즈 주택부 장관과 야당인 국민당의 주디스 콜린스 대표와 기자회견장에 함께 등장했다. 이들은 10년내에 최대 10만5500채의 신규 주택 건설을 가능하게 하는 법률 개정안을 여야가 공동으로 발의한다고 발표했다. 정권 쟁탈전을 벌이는 여·야가 손을 맞잡는 것은 뉴질랜드에서도 이례적이다. 현지 언론은 ‘주택문제 해결을 위한 여야의 역사적 정치 휴전’이라고 평가했다.
◇”주택 부족, 젊은이의 희망 빼앗고 있다”
이들이 발표한 내용은 규제완화를 통한 주택공급확대이다. 우리식으로 말하면 용적률과 층고제한을 완화, 주택을 더 짓게 하도록 하기 위해 자원환경관리법(Resource Management Act)을 개정한다는 내용이었다.
여야 참석자들은 “심각한 주택 부족을 겪고 있으면서도 충분한 주택을 짓지 못했다”면서 “뉴질랜드의 가장 가난하고, 취약하고, 어린 세대들을 어렵게했다”고 반성했다. 이들은 “부동산 사다리가 너무 많은 사람들의 손길이 닿지 않는 곳에 있다”, “주택 부족은 불평등을 부추기고 젊은이들의 희망을 빼앗고 있다”, “도시계획 규정이 집을 짓는 것을 더 어렵게 하고, 더 비싸게 만든다는 것은 미친 짓이다”라고 했다.
초당적 법률 개정은 주디스 콜린스 국민당 대표가 작년 1월 저신다 아던 총리에게 서한을 보내면서 시작됐다. 환경보호를 최우선 가치로 내세우는 녹색당도 젊은층의 고통을 의식, 법 개정에 반대하지 않았다.
◇젊은이에게 희망을, 주택 더 짓자 여야 법률개정
1991년 환경보전을 위해 도입된 자원환경관리법은 주요 도시 주거지역에 대해 대지당 1가구, 2층 건물로 제한한다. 이보다 더 큰 건물을 지으려면 주민들의 동의를 받아야 하고 정부의 승인이 필요하다. 개정안은 2022년 8월부터 대부분의 기존 주거지역에 토지 소유자가 정부의 허가나 지역주민들의 동의 없이 부지면적 50%까지 최대 3층 높이로 3가구의 주택을 지을 수 있도록 하는 ‘중밀도 주거기준’을 적용하도록 하는 내용이다. 단독주택만 있던 지역에 타운하우스 건축이 원칙적으로 허용되는 것이다.
이번에 개정된 자원환경관리법은 주택건설 등에 지역주민 동의와 환경영향평가 등을 부과하고 최종 이용 승인을 해당 지방정부로부터 받도록 의무화한 제도이다. 문제는 주민동의 등의 불확실성으로 인해 주택건설의 걸림돌로 작용했다. 뉴질랜드 정부조차 보고서를 통해 “자원관리법의 승인 관련 불확실성과 인허가 기간 지연 등으로 10년간 업체들이 4만 가구의 주택 건설계획을 포기했다”고 밝혔다.
뉴질랜드 정부는 지난 2019년 주택 10만 채를 공급하겠다며 ‘키위빌드’ 사업을 발표했지만, 흐지부지 됐다. 자원환경관리법 탓에 주택추가 공급이 쉽지 않았기 때문이다.
◇정권 교체돼도 정책 지속 여야가 확약
고밀도 개발은 지역 주민에게 인기가 없다. 인근에 3층 집이 들어서 조망권을 가릴 수 있고 집값하락을 초래할 수 있기 때문이다. 여야당이 이 법안에 대해 공개적으로 지지하는 것은 의원들이 지역주민들의 눈치를 볼 필요 없게하고 다음 선거에서 어느 당이 승리하더라도 정책이 그대로 유지될 것이라는 약속이다. 인허가 문제로 주택사업참여를 꺼리던 건설 업체들이 적극적으로 사업에 나설 수 있는 토대가 마련된 것이다.
지난 10년 동안 집값이 폭등하면서 우파 국민당과 좌파 노동당이 정권을 잡을 때마다 주택투기를 겨냥해 양도소득세, 주거용 주택에 대한 외국인 투자 금지, 주택개발 촉진 정책 등 수요와 공급 측면의 각종 정책이 나왔다. 그럴 때마다 국민당과 노동당은 서로 발목을 잡았다. 법안은 작년 12월 초당적 지지로 통과됐다.
◇토지 널려 있는데도, 세계 주택거품 1위, OECD 노숙자 1위 국가 뉴질랜드
블룸버그통신 산하 경제연구소 블룸버그 이코노믹스가 지난해 경제협력개발기구(OECD)와 국제결제은행(BIS)의 자료를 토대로 나라별 주택시장 거품 순위를 평가한 결과, 1위가 뉴질랜드였다. 한국은 19위였다. 뉴질랜드 평균 주택가격은 2011년말 39만9466 뉴질랜드달러(3억2000만원)에서 작년말 100만6632 뉴질랜드 달러(8억680만원)로 올랐다. OECD 35개국중 노숙자 1위가 뉴질랜드라는 조사도 있다. 전국민의 1%가 노숙자라는 통계가 있다.
뉴질랜드는 국토면적이 한국보다 2.6배 정도 넓지만 인구는 500만명에 불과하다. 집 지을 땅이 널려 있는 나라에서 주택가격이 급등하는 이유는 뭘까. 다른 나라와 마찬가지로 저금리로 주택 수요가 늘어난 것이 일차적 원인이다.
하지만 만성적인 주택공급 부족이 근본적 배경이다. 뉴질랜드의 주택 인허가는 인구 300만명대였던 1970년대에 연간 4만 가구였지만, 인구가 500만명 안팎으로 늘어났는데도 2만~3만 가구 수준이다. 리먼쇼크의 영향을 받았던 2009~2011년에는 1만4000 가구 수준으로 주택 인허가가 줄었고 2017년에야 3만 가구 수준을 회복했다. 1000명당 주택인허가가 1973년 13.2 가구에서 2011년 3.1 가구까지 급락했다. 2020년 집값 급등으로 인허가가 늘어났지만, 7.1 가구에 불과하다. 뉴질랜드 여야가 건축규제 완화에 합의한 것은 주택공급 확대 없이는 주택가격 문제를 해결할 수 없다는 공감대를 형성한 것이다."
https://www.chosun.com/economy/real_estate/2022/06/02/IMXSBS4Q7JE2LGQL7WLUBFUZJA/,"지난 2015년 두바이투자청(ICD)을 최대 주주로 맞은 쌍용건설의 주인이 국내 기업으로 바뀔 전망이다. 2일 건설업계에 따르면, 의류 제조·판매업 등을 하는 글로벌세아그룹은 최근 두바이투자청에 쌍용건설 인수를 위한 입찰참여의향서(LOI)를 제출하고 인수 협상에 들어갔다.
쌍용건설 지분 99.95%를 가진 두바이투자청은 코로나 이후 투자 포트폴리오를 재편하는 과정에서 매각을 추진하는 것으로 알려졌다. 두바이투자청은 쌍용건설의 기업가치를 높일 수 있는 투자 계획을 함께 제출하는 것을 인수 조건으로 내걸었다. 매각 지분은 99.95% 전량이다. 글로벌세아그룹은 지분 인수 금액보다 더 큰 규모의 유상증자를 단행하기로 두바이투자청과 합의하고, 오는 7~8월 계약을 목표로 협상 중인 것으로 전해졌다. 인수 금액과 증자 규모는 아직 공개되지 않았지만 수천억원대 수준으로 알려진다. M&A(인수·합병) 업계 관계자는 “두바이투자청이 매각 후에도 쌍용건설이 계속 성장하는 것을 일종의 ‘평판’이라 여기고 투자 계획서까지 요구한 것으로 보인다”고 말했다.
글로벌세아그룹은 창업주 김웅기(71) 회장이 1986년 설립한 의류업체 세아상역이 모태다. 갭, 타깃, 월마트 등 글로벌 의류 브랜드와 유통업체를 고객으로 둔 세아상역은 지난해 2조134억원의 매출을 올렸다. 글로벌세아그룹은 세아상역을 주축으로 2010년대 후반 세아STX엔테크(플랜트), 태림페이퍼(제지), 발맥스기술(수소충전소) 등 다양한 분야의 기업을 인수해 지금은 계열사 10여 개를 두고 있다. 지난해 그룹 전체 매출은 약 4조2500억원이다.
글로벌세아그룹은 쌍용건설이 약 7조원에 달하는 수주 잔액을 갖고 있고, 싱가포르 마리나 베이 샌즈와 두바이 로열 아틀란티스 등 세계적인 건축물을 시공한 기술력을 높이 평가한 것으로 알려졌다. 2018년 인수한 세아STX엔테크(STX중공업 플랜트 부문)가 해외 플랜트를 주력으로 삼고 있어 쌍용건설과의 시너지 효과도 기대할 수 있다. 쌍용건설은 해외 사업 매출 비율이 약 40%로 국내 중견 건설사 중 최고 수준이다.
쌍용건설은 1998년 쌍용그룹이 해체된 후 2002년부터 자산관리공사(캠코)의 관리를 받았고, 2015년 국부펀드인 두바이투자청에 매각됐다. 20년 넘게 공기업이 대주주였던 탓에 공격적인 경영이 이뤄지지 못했다. 1980년대 최고 7위까지 올랐던 건설사 시공능력 순위는 작년 30위로 내려앉았다."
https://www.chosun.com/economy/real_estate/2020/09/25/JLLZMSSTNZH3PMSCFFGIIJC6FY/,"한화건설이 경기도 양평군에 짓는 ‘한화 포레나 양평’을 분양하고 있다. 단지는 지하 2층~지상 24층, 7동, 전용면적 59~84㎡ 총 438가구 규모다.
교통·편의 시설·공원 등 단지 주변 환경이 좋은 편이다. 남한강까지 걸어서 갈 수 있고, 일부 가구에서는 남한강 조망이 가능하다. 남한강변에 산책로와 자전거길, 공원이 잘 조성돼 있어 운동이나 산책을 즐길 수 있다. 또 하나로마트와 롯데마트·메가마트 등을 걸어서 갈 수 있고, 양평동초와 양일중·고, 양평중·고도 멀지 않다.
양평버스터미널이 도보 10분 거리다. 서울 청량리역 등을 연결하는 경의중앙선·KTX 양평역은 직선거리로 1㎞쯤 떨어져 있다. 양평역에서 KTX를 타면 청량리역까지 20분대, 서울역까지는 40분대에 갈 수 있다. 수도권 제2순환고속도로의 양평~화도 구간도 2022년 개통 예정이다.
단지는 남한강 조망을 극대화하기 위해 남향 위주로 배치된다. 거실과 방 3개를 발코니쪽에 배치하는 4베이 구조를 적용해(일부 세대 제외) 서비스 면적도 넓게 나올 것으로 보인다. 단지 내에 어린이집과 시니어클럽, 피트니스센터와 골프연습장, 어린이도서관 등 다양한 커뮤니티 시설도 들어선다.
각 세대에는 손끼임을 막는 ‘포레나 안전도어’, 조각 파편을 방지하는 ‘안전 샤워부스’ 등이 설치된다. 전용 74·84㎡ 타입에는 골프채 등 다양한 운동 기구를 보관할 수 있는 수납장이 있고, 복도 창고에는 부피가 큰 물품을 수납할 수 있다.
양평은 비규제지역으로, 청약 재당첨 제한이 없고 주택담보대출비율(LTV)도 70%까지 적용된다. 당첨일 기준으로 6개월 이후에는 전매도 가능하다. 입주는 2023년 1월 예정이다."
https://www.chosun.com/economy/real_estate/2023/08/11/25BYMMOGPRBPPBNUC2OMR3N4GQ/,"GS건설은 수처리 자회사 GS이니마가 아랍에미리트(UAE) 수전력공사가 발주한 약 9200억원 규모의 ‘슈웨이하트 4 해수담수화 사업’을 수주했다고 11일 밝혔다.
이 사업은 UAE 수도인 아부다비에서 서쪽으로 약 250km 떨어진 곳에 위치한 기존 담수화플랜트단지에 하루 약 32만㎥ 규모의 해수담수화 시설을 추가로 신설하는 사업이다. 시공 후 운영권을 갖는 사업으로, GS이니마는 프로젝트 금융 조달과 EPC(설계·조달·시공)를 전담한다. 준공 후에는 TAQA(아부다비 국영전력회사)와 공동으로 30년간 시설 소유권을 확보하고 운영하게 된다.
이번 수주 계약 체결은 올해 1월 한국 정부와 UAE의 수자원 협력 업무협약(MOU) 이후 가시적인 성과가 나온 첫 사례다. GS건설 관계자는 “수처리사업은 GS건설의 미래 성장 동력이자 대표적인 친환경 사업으로, UAE 해수담수화사업 수주를 통해 세계 해수담수화 시장에서 글로벌 리더로서의 위상을 공고히 할 것”이라고 밝혔다."
https://www.chosun.com/economy/real_estate/2022/09/20/YSQTGF5QKRAYFJFCN64OEQ6JNM/,"대우건설이 경기 의왕시 학의동에 선보이는 주거용 오피스텔·레지던스 ‘백운호수 푸르지오 숲속의 아침’이 지난 19일 청약을 마치고 오는 23일부터 당첨자 계약에 들어간다.
부동산 개발회사 엠디엠(MDM)이 시행하는 이 단지는 의왕백운밸리 내 업무복합용지 2-1과 2-2블록에 지하 6층~지상 16층 13개동 2개 단지 총 1378실이다. 의왕백운밸리 마지막 주거단지로 주거용 오피스텔(아파텔) 842실을 먼저 분양하고 추후 노인복지주택(레지던스) 536실을 임대 공급한다.
오피스텔은 전용 99㎡ 46실, 119㎡ 796실이다. 전용 119㎡는 아파트 33평형과 내부 구성이나 면적이 비슷하다. 방 3칸과 거실을 전면 배치한 4베이 맞통풍 구조로 주방 통창과 대형 드레스룸을 갖췄다. 모든 호실에 시스템에어컨, 붙박이장, 중문(中門), 하이브리드 쿡탑을 무상 제공한다.
의왕백운밸리는 백운호수를 비롯해 백운산, 바라산 자연휴양림, 모락산 등 녹지시설로 둘러싸여 있다. 분양회사 관계자는 “백운호수는 데크 둘레길 약 3㎞ 주변으로 카페·베이커리 등 맛집이 많다”면서 “11만여㎡ 규모 생태문화공원도 추가 조성 중”이라고 했다.
이 단지는 과천봉담도시고속화도로 청계IC와 가깝다. 수도권제1순환고속도로를 통해 서울 강남권으로 20분대 접근이 가능하다. 인근 인덕원 일대에는 지하철 4호선과 수도권광역급행철도(GTX)-C노선,동탄인덕원선, 월곶판교선 등이 들어설 예정이다.
단지 안에 리조트급 커뮤니티 시설인 ‘클럽 포시즌’은 총 면적 1만1500여㎡로 웬만한 서울 6성급 호텔 부대시설의 2배를 웃돈다. 클럽 포시즌 내 액티비티시설에는 호텔식 사우나, 피트니스, 골프연습장이 생긴다. 프로그램실에는 법률, 어학, 인문, 음악, 미술, 요리 등 다양한 올데이클래스가 열린다. 프리미엄 독서실, 게스트룸, 맘스카페, 키즈클럽, 코인세탁실 등도 설치한다.
청약통장이 필요 없고 만 19세 이상이면 세대주나 주택소유여부와 상관없이 청약할 수 있다. 중도금 60% 무이자 대출이 가능하다. 당첨자는 오는 22일 발표하고 계약은 23일부터 4일간 진행한다."
https://www.chosun.com/economy/real_estate/2022/03/14/KMHSJHTGAJFKHHYJDXGUUNCHJM/,"신일건설이 경기도 평택시 팽성읍 대사리 299-3 일원에 조성하는 단지형 테라스하우스 ‘신일해피트리 더퍼스트’의 입주자를 모집하고 있다. 넓은 주거 공간, 사생활 보호 등 단독주택의 장점과 보안·커뮤니티 시설 같은 아파트의 장점을 동시에 누릴 수 있는 주거 상품이다. 코로나 확산 이후 쾌적하고 여유로운 주거 공간을 찾는 수요가 늘어나는 추세여서 관심이 몰릴 것으로 보인다.
◇4베이 설계로 채광·통풍 극대화
신일해피트리 더퍼스트는 지상 4층 6개 동에 전용면적 149㎡ 56가구로 구성된다. 발코니 확장 시 내부가 182㎡까지 늘어난다. 대형 붙박이장과 시스템 에어컨이 기본으로 제공돼 공간 활용도가 높다. 모든 가구가 남향, 4베이(거실과 방 3개가 같은 방향으로 배치)로 설계돼 채광과 통풍이 잘된다. 발코니 확장(다용도실 제외)이 무료다. 1층 가구는 전용 마당이, 4층 가구는 대형 다락방이 제공된다. 주차 공간도 120대로 가구당 2대 이상 가능하다.
신일해피트리 더퍼스트는 차별화된 고급 주거 단지를 표방한다. KT 인공지능 홈네트워크 시스템이 적용돼 원격이나 음성으로 각종 주거 시설과 가전 기기를 제어할 수 있다. 주차 관제와 단지 보안도 철저하게 관리된다.
입주민 커뮤니티 시설도 다양하게 조성된다. 골프 연습장, 헬스장, 농구장 등 체육 시설과 조깅 코스, 공원이 만들어진다. 어린이가 있는 가정을 위해 놀이터, 분수대, 키즈카페, 바비큐장 등도 들어설 예정이다.
◇코로나 ‘집콕’에 테라스하우스 인기
최근 코로나 확산 여파로 실외 활동이 줄고 재택근무가 확산하면서, 주거 공간의 질에 대한 관심이 높아지고 있다. 장시간 실내에서 시간을 보내게 된 만큼 가급적 넓고 쾌적한 집을 원하는 것이다.
이런 사회적 변화의 영향으로 수도권 테라스하우스의 인기는 날로 높아지고 있다. 작년 10월 경기도 성남시에서 공급된 ‘판교 SK뷰 테라스’는 292가구 모집에 9만2491명이 신청해 평균 316.7대1의 경쟁률을 기록했다. 당시 대출 규제 여파로 중도금 대출이 불확실해지면서 미계약이 117가구 발생했는데, 이를 대상으로 한 무순위 청약에는 4만여 명이 몰렸다.
흔히 테라스하우스와 같은 저층 주택은 아파트보다 투자 가치가 떨어지는 것으로 알려졌지만, 수도권 주요 지역 테라스하우스는 아파트 못지않게 집값이 가파르게 올랐다. 2017년 분양한 남양주 별내신도시 ‘별내효성해링턴코트’는 분양가가 4억원대 초반이었지만 지금 매도 호가는 9억~12억원대까지 치솟았다.
부동산업계 관계자는 “테라스, 발코니 등 서비스 면적이 풍부한 테라스하우스는 단순히 면적 확장의 개념이 아니라 다양한 라이프스타일을 반영한 주거 설계가 가능하다는 장점이 있다”고 말했다.
신일해피트리 더퍼스트는 청약 당첨 이력, 주택 소유 여부와 관계없이 만 19세 이상 성인이라면 전국 누구나 계약할 수 있다. 분양 관계자는 “청약 통장 없이도 내 집 마련을 노려볼 수 있는 만큼, 청약 가점이 낮은 젊은 층 실수요자들이 많은 관심을 보이고 있다”고 전했다. 초기 자금 부담도 적다. 계약금 10%를 내면 중도금 50%가 무이자로 대출된다. 입주는 2023년 4월로 예정돼있다. 견본 주택은 전화나 홈페이지 예약 후 방문할 수 있다."
https://www.chosun.com/economy/real_estate/2023/09/08/EPZZJRKXYFFTRIMQG6LLACPOS4/,"한국토지주택공사(LH)와 서울주택도시공사(SH) 등에서 공급하는 ‘공공 분양주택’의 올 상반기 인허가 실적이 연간 목표치의 10분의 1에도 못 미친 것으로 나타났다. 인허가는 4~5년 후 주택 공급량을 가늠할 수 있는 선행지표다. 최근 주택 인허가와 착공 물량 급감으로 정부가 주택 공급 상황을 ‘초기 비상 단계’로 규정했는데, 실제 상황은 그보다 심각하다는 게 전문가들의 분석이다. 프로젝트 파이낸싱(PF) 시장 경색과 원자재 값 상승으로 민간 주택 공급이 크게 위축된 상황에서, 정부가 동원할 수 있는 공공 주택 공급마저 얼어붙은 상황이다. 전문가들은 “민간 건설사에 공급을 압박하기 어려운 상황에서 공공 부문의 공급이 막히면 사실상 해결책이 없다”며 “파격적인 공급 대책이 나오지 않으면, 2년 전 같은 부동산 급등 상황이 재현될 우려가 크다”고 경고하고 있다.
◇상반기 공공 분양, 연간 목표의 7% 그쳐
7일 본지가 국토교통부 통계와 공급 계획을 분석한 결과, 올 상반기 전국 공공 분양주택 인허가 실적은 5257가구로 전년 동기(6659가구)에 비해 21% 줄었다. 특히 올해 정부의 목표치를 보면 상황은 더 심각하다.
정부는 지난 7월 ‘하반기 경제정책 방향’을 발표하면서 올해 전국 공공 분양주택 7만6000가구의 인허가를 마치겠다고 밝혔다. 작년 10월 정부가 집값 안정과 주거 복지를 위해 발표한 ‘공공 분양주택 50만 가구 공급 계획(2023~2027년)’을 위해선 올해 이 정도의 인허가 물량이 필요하다는 것이다. 하지만 상반기 기준으로 달성률은 7%에 그친다. 연말까지 상반기 인허가 실적의 13배를 소화해야 하는 셈이다. 건설업계 관계자는 “공공 분양주택 인허가는 하반기에 몰리는 경향이 있지만, 이것을 감안해도 올해는 상황이 심각하다”고 말했다.
공공 분양주택의 인허가가 급감한 원인도 민간 건설 시장과 마찬가지다. LH와 지방 공기업은 채권 등을 발행해 건설 자금을 조달하는데, 고금리와 자금 시장 경색으로 자금 확보가 어렵다. 또 자재비와 인건비 상승으로 민간 건설사에 시공을 맡기기가 쉽지 않다. 이 때문에 인허가를 미루고 있는 것이다. LH 관계자는 “공공 주택 공급 정책이 변하면서 기존 사업지의 계획 변경에도 시간이 많이 걸리는 상황”이라고 말했다. 일부에선 최근 ‘철근 누락 사태’로 LH가 인허가 업무에 집중하지 못하는 것도 원인으로 꼽는다.
◇통합심의·PF 지원으로 공급 유도
공공뿐 아니라 민간을 더한 모든 주택 인허가 실적은 올 상반기 18만9213가구로 전년 대비 30% 줄었다. 2020년 이후 가장 적다. 이 때문에 정부는 주택 공급 활성화 대책을 마련해 오는 20~25일 발표할 계획이다. 여기에는 공공 분야 공급 활성화를 위한 내용도 포함된다. LH가 개발하는 공공주택의 심의·승인 절차를 한번에 진행해 인허가 기간을 단축하는 방안과 주택을 지을 택지의 매각 시기를 앞당기는 방안 등이 검토되고 있다.
공공 부문만으로는 한계가 있는 만큼 민간 공급 활성화를 위한 대책이 필요하다는 목소리도 커지고 있다. 우선 민간 시행사·건설사의 자금난을 풀어주기 위해 PF 대출에 대한 보증 확대와 보증 요건 완화가 유력하다. 다만 특혜 논란이 있을 수 있어 부동산 상승기에 편승해 무리하게 토지를 확보한 사업자들은 배제될 가능성이 높다. 정부는 최근 2~3년 사이 국내외 부동산에 공격적으로 투자한 일부 자산운용사들은 혜택에서 제외하는 방안을 검토 중인 것으로 알려졌다.
오피스텔, 도시형생활주택 등 비아파트 규제를 풀어야 한다는 의견도 나온다. 비아파트는 인허가 후 1~2년이면 입주가 가능하기 때문에 단기간에 공급 물량을 늘릴 수 있다. 오피스텔에 발코니 설치를 허용하거나 바닥 난방이 가능한 면적 기준(전용면적 120㎡ 이하)을 완화하는 방식으로 상품 가치를 높여주는 방안이 거론된다. 또 LH에서 분양받은 공공 택지의 전매를 보유 기간 등을 따져 제한적으로나마 허용하는 방안도 추진될 것으로 알려졌다. 고종완 한국자산관리연구원장은 “시장의 불안 심리를 잠재우는 것이 중요한 만큼, 예상을 뛰어넘는 파격적인 대책이 필요하다”며 “소규모 정비 사업 관련 규제를 더 푸는 등 수요가 많은 도심 지역 공급도 늘릴 필요가 있다”고 말했다."
https://www.chosun.com/economy/real_estate/2020/11/24/6S5NMIUMMRC2VFGA2JSZASKN7I/,"정부의 강력한 규제 속에 급감하던 서울·경기도 아파트 매매 거래량이 넉 달 만에 반등했다. 지난 7월 말 새 임대차법 시행 이후 전셋값이 갈수록 오르자 무주택자들이 “차라리 집을 사겠다”며 매수에 나선 영향으로 풀이된다. 통상 거래량이 늘면 시차를 두고 매매가격도 오르는 게 일반적이라 급등한 전셋값이 집값을 밀어 올리는 악순환이 나타날 수 있다는 우려가 나온다.
23일 서울부동산정보광장에 따르면 서울의 10월 아파트 거래량은 4021건으로 9월(3771건) 대비 6.6% 증가했다. 신고 기한(계약 후 30일)이 남아 있어 신고되는 10월 거래량은 앞으로 더 늘어날 것으로 보인다.
서울 아파트 거래량은 6·17 대책이 불러온 패닉 바잉(공황 구매) 속에 지난 6월 1만5613건까지 치솟았다. 하지만 지난 7월 1만643건으로 준 데 이어 8월(4986건)과 9월(3771건)에는 반 토막 수준으로 급감했다. 그러다 지난달 다시 4000건을 넘기며 반등했다.
특히 노·도·강(노원·도봉·강북)과 중랑구 등 중저가 아파트가 많은 곳 위주로 거래가 늘어났다. 서울 자치구별로 보면 종로구가 9월 34건에서 10월 71건으로 108.8% 증가했다. 이어 강북구가 78건에서 117건으로 50%, 도봉구가 140건에서 196건으로 40%, 중랑구가 103건에서 141건으로 36.9% 증가했다. 영등포구(25.7%), 노원구(18.3%), 은평구(12.7%) 등에서도 거래가 증가했다. 종로구·영등포구 정도를 제외하면 모두 상대적으로 중저가 아파트가 많은 지역이다. 노원구 중계동 E공인중개소 관계자는 “주로 30·40대 실거주자가 아파트를 샀다”며 “이 동네는 은행사거리 학원가 때문에 학군 수요가 많은 곳인데 최근 전셋값이 계속 오르고 매물마저 없다 보니 매매로 돌아선 사람이 많다”고 했다.
경기도 역시 넉 달 만에 아파트 매매 거래량이 늘었다. 경기부동산포털에 따르면 10월 경기도 아파트 거래량은 1만7105건으로 9월(1만3605건)보다 3500건(25.7%) 증가했다. 경기도도 서울처럼 6월에 거래량 정점(3만4872건)을 찍은 이후 감소세였다.
박원갑 KB국민은행 부동산수석전문위원은 “전세난 회피 수요가 서울 외곽 지역이나 수도권의 아파트 매매로 돌아선 것으로 보인다”며 “서울 강남권은 아파트 값이 너무 비싸고 대출 한도도 적어 상대적으로 부담이 적은 중저가 아파트 위주로 거래가 늘고 있다”고 했다.
전세 품귀 현상이 계속되며 서울 강남권에선 전용면적 85㎡(공급면적 34평형) 아파트의 전세 가격이 20억원을 기록했다. 국토교통부 실거래가 공개 시스템에 따르면 서울 서초구 반포동 ‘아크로리버파크’(전용 84.95㎡)는 지난 15일 20억원(3층)에 전세 거래됐다. 7월 초만 해도 15억원(2층)에 계약됐는데 넉 달 만에 5억원이 오른 것이다. 일반 아파트 34평형 전셋값이 20억원을 기록한 것은 처음이다.
최근 강남권에선 전셋값 17억~19억원에 전세 거래되는 단지가 속속 등장하고 있어, 앞으로 20억원 넘는 전세 실거래가가 계속 나올 것으로 보인다. 9월 서초구 반포동 ‘래미안 퍼스티지’(84.93㎡)가 18억원에, 강남구 대치동 ‘래미안대치팰리스’(84.98㎡)는 19억원에 전세 거래됐다.
비(非)강남권에서는 최근 들어 10억원이 넘는 전세 계약이 속속 나오고 있다. 마포구 현석동 ‘래미안웰스트림’(84.96㎡)은 이달 10억5000만원에 전세 계약이 체결돼 6월(7억7000만원)보다 3억원 가까이 올랐다. 동작구 흑석동 ‘아크로리버하임’(84.92㎡)도 지난 19일 11억원에 전세 거래됐다. 윤지해 부동산114 수석연구원은 “정부가 최근 공공임대주택 11만여 가구를 공급하는 내용의 전세 대책을 내놨지만 수요자가 원하는 주택 유형이 아니어서 시장에 얼마나 영향을 미칠지 미지수”라고 했다."
https://www.chosun.com/economy/real_estate/2021/12/30/74ZEPZNHBVEJJEMGZHY4VCJKFU/,"전국적으로 집값 상승세가 눈에 띄게 둔화한 가운데 정부가 30일 주거정책심의위원회를 열어 규제지역 추가 지정 및 해제를 논의한다. 대구·광주·울산광역시와 경기도 동두천, 전남 광양 등 최근 집값 상승세가 꺾이거나 하락세로 돌아선 조정대상지역의 해제 여부를 결정할 것으로 알려졌다. 이 지역들에선 지자체나 지역구 국회의원들이 나서서 “집값이 꺾이고 투기 우려가 사라졌는데도 여전히 규제지역으로 묶여 있어 지역 경제 활성화에 걸림돌이 된다”는 주장을 펴고 있다. 하지만 부동산 전문가 사이에선 “섣불리 규제를 풀었다가 다시 집값을 자극할 수 있다”는 우려의 목소리도 나온다.
주거정책심의위원회는 규제지역과 분양가 상한제 적용 지역 등의 지정 및 해제를 결정하는 국토부 산하 기구다. 보통 반년에 한 번씩 회의가 열리며 전체 위원 25명 중 절반 이상이 정부 측 인사, 나머지는 민간 전문가로 구성된다. 최근 3개월 집값 변동률과 매매 거래량, 청약 경쟁률, 부동산 시장 분위기 등을 감안해 규제지역을 정한다. 조정대상지역으로 지정되면 주택담보대출 한도가 줄고, 다주택자 양도세 중과, 1순위 청약 자격 강화 등 전방위적 규제가 적용된다.
앞서 권영진 대구시장은 지난 28일 노형욱 국토부 장관을 만난 자리에서 조정대상지역 해제 건의서를 전달했고, 울산이 지역구인 박성민 국민의힘 의원도 국토부에 울산 중·남구의 조정대상지역 해제를 요구했다. 동두천⋅광주광역시⋅광양도 시(市) 차원에서 “집값 상승률 축소, 거래량 감소 같은 요건을 갖췄다”면서 국토부에 같은 요구를 전달했다.
하지만 정부가 규제 완화 결정을 내릴 가능성은 작다는 관측이 지배적이다. 누적된 집값 상승률과 비교하면 최근 하락 폭은 미미한 수준이기 때문이다. 동두천은 최근 2주간 아파트 값이 0.03%씩 떨어지고 있지만, 연초 대비로는 21%나 올랐다. 광주나 울산도 연간 누적 상승률이 9%가 넘는다.
심교언 건국대 교수는 “부동산 시장의 과열 분위기가 완전히 잡혔다고 보긴 어렵다”며 “지역 여론이나 정치권의 요구에 휘둘려 규제지역을 해제했다가는 더 큰 부작용을 불러올 것”이라고 말했다. 실제로 국토부는 2019년 12월 부산을 조정대상지역에서 해제했다가 집값이 폭등하자 1년 만에 재지정했고 “정부가 시장 과열을 조장했다”는 비판을 받았다."
https://www.chosun.com/economy/real_estate/2023/06/28/TT4ME6JUHJHLLEQ6J5JHXMLUIA/,"“부영 이중근 회장이 고향 사람한테 감사 표시를 하고 싶다기에 긴가민가했는데, 통장을 보고 깜짝 놀라부렀지.”
전남 순천시 서면 운평리에 사는 장찬모(80)씨는 지난달 말 자신의 통장에 9020만원이 찍힌 것을 보고 놀랐던 상황을 이야기하며 활짝 웃었다. 이중근(82) 부영그룹 창업회장이 사비를 털어 고향 마을 운평리 사람들에게 많게는 1억원 가까운 현금을 나눠줬다는 사실이 알려지면서, 최근 마을 사람들은 “이 회장이 고향에 골든벨을 울렸다”는 말이 나돌고 있다고 했다.
27일 마을 주민과 부영에 따르면, 이 회장은 지난달 말에서 이달 초 사이에 운평리 주민 280여 가구에 세금을 공제하고 적게는 2600만원부터 많게는 9020만원까지 개인 통장으로 입금했다. 부영 측은 “회사에도 전혀 알리지 않고 개인적으로 한 일”이라며 “2년 전에는 직계 아닌 친·인척에게 많게는 10억원을 전했고, 군 복무를 함께 한 전우에게도 현금을 나눠줬다”고 밝혔다. 이렇게 지금까지 이 회장이 주변에 직접 지급한 돈이 1400억원 정도 된다.
이 회장은 운평리 죽동마을의 가난한 농가에서 태어났다. 서면 동산초등학교와 순천중학교, 순천고등학교를 다녔다. 이후 서울에서 대학을 나와, 건설업에 투신해 1983년 부영을 세웠다. 고향 사랑이 남달라 1991년 순천에 부영초등학교를 세우는 등 지역사회에 좋은 일을 많이 했지만, 이처럼 현금을 직접 나눠줄 것이라고는 고향 사람들도 전혀 생각 못 한 일이었다.
이 회장이 이번 고향 사람들에게 ‘현금 나눔’을 결심한 것은 두 달 전쯤이라고 한다. “어려웠던 어린 시절을 보낸 고향을 잘 지켜준 것에 대한 고마움을 표하고 싶다”며 운평리 여섯 마을 대표 12명에게 만남을 청했다. 이 자리에서 액수는 알리지 않고 직접 현금을 지급하고 싶다는 뜻을 알렸다. 마을 주민들이 회의 끝에 마을 실거주 기간에 따라 5등급으로 구분했다. 그리고 이들이 중심이 돼 마을 사람들에게 이 회장의 기부 의사를 밝히고, 가구별로 통장 번호를 걷어 갔다. 지금까지는 동창이나 친인척에게 개별적으로 돈을 전달했지만, 이번에는 여섯 마을 대표들을 만나 고향 마을 전체에 현금을 전하면서 지역사회에 이런 사실이 퍼졌다. 죽동마을 정현호(70)씨는 “고향 어른이 고향을 찾아와 큰 선물을 한 것 같다”며 “뜻밖의 큰돈이라 너무 고맙고, 농사짓는 데 요긴하게 쓸 생각”이라고 말했다.
이 회장은 고향 사람들뿐 아니라 생존해 있는 동산초 남자 동창생에게 1억원씩 줬고, 초등학교 여자 동창들에게도 돈을 지급하기 위해 최근 동창 명부를 파악했다고 한다. 또 순천중학교 동창생들에게도 1억원씩 지급했고, 순천고 동창에게는 5000만원씩 전달했다. 순천중·고 동창회 관계자는 “현금을 받은 동창생만 80여 명에 이른다”고 말했다. 이 회장은 이전에 고향 사람과 동창뿐 아니라 군 복무를 함께 한 전우들, 평소 어려움을 호소하는 주변 이웃에게도 현금을 지급했던 것으로 알려졌다. 부영 관계자는 “사비로 지금까지 기부한 선물 세트와 책 등을 합치면, 2400억원에 이른다”고 말했다. 현재 라오스 출장 중 이런 일이 알려진 것을 알게 된 이 회장은 회사 측에 “공개되는 것을 원하지 않았는데, 당황스럽다”고 말했다.
마을 사람들은 이 회장에게 보답하기 위해 공적비 건립을 추진하기로 했다. 자신들이 받은 금액의 1%를 성금으로 내는 것을 추진 중이다. 공적비 건립추진위원장을 맡은 장찬모씨는 “우리가 도와준 일도 없는데 큰 선물을 받으니, 뭐라도 해야 한다는 생각”이라며 “공적비도 이 회장 모르게 하고 있었는데, 이렇게 알려지면 뭐라고 할지 모르겠다”며 웃었다.
이 회장은 그동안 공개적으로도 다양한 기부 활동을 해왔다. 최근에도 자신이 복무한 공군에 “복무 당시 밥을 너무 많이 먹은 게 미안했다”며 100억원을 기부하기도 했다. 부영 관계자는 “회사 차원에서 지금까지 기부한 금액은 물품을 포함해 1조1000억원에 이른다”고 말했다."
https://www.chosun.com/economy/real_estate/2023/10/04/XQF3V7UDIVEXDL7DEFPC3AMRRU/,"한국보다 앞서 농촌 고령화를 겪고 있는 일본은 농지 문제를 어떻게 풀고 있을까?
일본 역시 농가가 소유한 농지를 직접 경작하는 ‘경자유전(耕者有田)’을 원칙으로 하고 있다. 그러나 급속한 고령화로 농업 종사자 수가 감소하면서 휴경지가 늘고 농촌이 황폐화하자 2000년대 들어 농지 취득 관련 규제를 풀기 시작했다. 큰 방향은 기업의 농지 소유와 활용을 확대하는 것이다.
일본 정부는 2009년 외부 자본의 농업 진입을 촉진하기 위해 농지의 소유보다는 효율적인 이용을 강조하는 내용으로 농지법을 개정했다. 우선 개인이 농지를 취득할 때 적용하던 하한 면적을 없앴다. 또 농지를 소유할 수 있는 농업 법인이 아니라, 일반 법인도 전국적으로 농지를 쉽게 임차해 경작할 수 있도록 했다. 2015년에는 농업 법인의 구성원이나 임원, 출자 비율 요건을 크게 완화해 농업 법인 설립을 수월하게 했다. 이에 따라 2015년 1만5106개였던 일본의 농업 법인은 지난해 2만750개로 37% 늘었다.
기업이 농지를 취득할 수 있는 문은 더 넓어지고 있다. 일본은 2016년 국가전략특구인 효고현 야부시에 한해 농업 법인이 아닌 일반 기업도 농지를 취득할 수 있는 특례를 실시했다. 그 결과 황폐하던 농지가 일반 기업에 의해 다시 경작 가능한 농지로 회복되고 일자리도 창출되자, 일본 정부는 지난달부터 이를 전국 단위로 확대하는 개정법을 도입했다. 유휴 농지가 늘어날 것으로 예상되거나 농업 종사자가 부족한 지자체가 중앙 정부에 신청하면, ‘구조개혁특구’로 지정해 일반 기업도 농지를 소유할 수 있게 한 것이다. 기업이 부적절하게 농지를 이용할 경우 지자체에 환매하도록 하는 등 농지의 불법 전용을 방지할 장치도 마련했다."
https://www.chosun.com/economy/real_estate/2025/07/29/YXMFY4LMGVGDRIZTYBEZ43VUGY/,기록적인 폭염으로 유제품 수급에 차질이 생긴 탓에 28일 서울의 한 대형 마트 유제품 진열대 일부가 텅 비어 있다. 낙농진흥회 등에 따르면 젖소는 더위가 심할 때 체내에서 발생하는 열을 줄이기 위해 사료를 덜 먹는다. 그 결과 최근 유제품 원료인 원유 생산량이 과거보다 5~10% 감소한 것으로 추정된다. 원유 공급에 차질이 생기면서 생크림 등 일부 유제품은 가격도 오르고 있다.
https://www.chosun.com/economy/real_estate/2024/02/20/BH5RUTTT5JA33J6UW34KV7R4FY/,"지난해 인허가를 받은 신규 주택 10가구 중 9가구가 아파트(건축법상 5층 이상 공동주택)였던 것으로 나타났다. 앞으로 지어지는 주택의 약 90%를 아파트가 차지하는 ‘아파트 공화국’이 점점 심화되고 있는 것이다. 아파트 선호도가 높아지는 상황에서 지난해 전세 사기의 충격으로 다세대·연립 등 다른 유형 주택 수요가 급감했기 때문으로 보인다. 주택 공급이 상대적으로 비싼 아파트에 공급이 쏠리면서 서민 주거 불안정에 대한 우려도 나온다.
19일 국토교통부 집계에 따르면 지난해 주택 인허가 물량 38만8891가구 중 아파트는 34만2291가구로 88%를 차지한 것으로 나타났다. 2011년 관련 통계를 집계하기 시작한 이후 가장 높은 수치다. 단독주택(다가구 포함) 인허가 비율은 8.2%, 다세대·연립은 3.8%였다.
불과 10년 전인 2013년만 해도 신규 주택 가운데 아파트 비율은 63.3%였지만, 2017년(71.6%) 처음 70%대를 넘어섰고, 5년 만인 2022년 82.0%를 기록했다. 이어 지난해에는 88%로 1년 사이에 6%포인트 뛰었다. ‘아파트 쏠림’ 현상이 갈수록 심해지는 것이다. 이창무 한양대 교수는 “한 나라에서 새로 지어지는 주택의 90%가 똑같은 아파트 형태라는 것은 외국에선 찾아볼 수 없는 모습”이라고 말했다.
기존에 지어진 국내 주택 1915만가구(2022년 기준) 중 아파트는 1227만가구로 64.1%를 차지한다. 2010년에는 이 비율이 57.7%였다.
주택 공급이 지나치게 주거 비용이 비싼 아파트 위주로 이뤄지면서, 서민이나 청년층이 거주할 수 있는 비(非)아파트 주택은 부족해지고 있다는 지적이 나온다. 보통 빌라 같은 다세대주택은 임대사업자들이 싼값에 지어 비교적 낮은 월세를 받고 임대를 하는 경우가 많다. 하지만 2020년 이후 임대사업자에게 주던 종부세 혜택 등이 사라지면서 빌라 등의 공급이 크게 줄고 있다. 여기에 최근 전세 사기 여파로 빌라·오피스텔에 거주하려는 사람까지 감소하고 있다. 정부도 다양한 형태의 주택 공급을 위해 내년 연말까지 신규로 건설되는 빌라·오피스텔을 취득하면 세금 부과 시 주택 수에서 제외하는 방안을 최근 발표했다. 김승배 부동산개발협회장은 “임대사업자 혜택과 지원을 늘려, 서민용 주택 공급을 활성화할 필요가 있다”고 말했다."
https://www.chosun.com/economy/real_estate/2025/02/06/OMO7P274QJFDXBVQA2LGYYPSK4/,"주택 경기 침체가 장기화하면서 공사를 다 끝내고도 팔리지 않는 아파트가 쌓이고 있다. 통상 ‘악성 미분양’으로 불리는 이런 아파트가 10여 년 만에 전국 2만 가구를 넘어섰다.
6일 국토교통부에 따르면, 작년 12월 말 기준 전국의 준공 후 미분양 아파트는 2만1480가구로 집계됐다. 한 달 전보다 15.2%(2836가구) 늘었다. 수도권에선 경기도(2072가구)에서 22.2% 늘었고, 지방은 대구(2674가구)와 경북(2237가구)에서 한 달 만에 각각 800가구 넘게 증가했다. 준공 후 미분양은 2023년 8월부터 17개월 연속 늘고 있는데, 전국적으로 2만 가구를 넘어선 것은 2014년 7월(2만312가구) 이후 10년 5개월 만이다. 계속 늘어나는 악성 미분양 해소를 위해 정부와 여당은 지방 미분양 아파트에 대한 DSR(총부채원리금상환비율) 규제를 한시적으로 완화하는 방안을 검토 중이다.
한편 작년 연간 주택 인허가 물량은 42만8244가구로 전년보다 0.1%(500가구) 줄었다. 경기 침체 영향으로 민간 인허가 물량(29만9197가구)이 14.7%(5만1656가구) 줄었지만, 공공 물량이 늘면서 전체 감소 폭을 줄였다. 국토부는 “공급 여건이 위축됐지만, 공공주택 실적이 개선됐다”고 밝혔다."
https://www.chosun.com/economy/real_estate/2022/10/23/72DK5D3AWNBFXHOIKZFUUOSO2I/,"최근 집값·전셋값 하락세가 가속화하면서 전세 계약 만기 시점에 보증금을 온전히 돌려받지 못하는 ‘깡통전세’ 위험이 더 커진 것으로 나타났다.
23일 한국부동산원 ‘임대차시장 사이렌’에 따르면, 전국 아파트의 9월 전세가율은 75.2%로 8월(74.7%)보다 0.5%포인트 올라갔다. 전세가율은 매매가 대비 전세가격의 비율로, 이 비율이 100%에 가까워지거나 100%를 넘으면 세입자가 집주인으로부터 보증금을 돌려받지 못할 위험이 커진다.
최근 전세가율이 높아지는 것은 주택시장에서 매매·전세 가격이 동반 약세를 보이는 가운데, 전세보다 매매 가격이 더 많이 떨어진 영향으로 해석된다. 지역별로 경북 포항북구(91.7%), 경북 구미(90.8%), 전북 익산시와 경북 포항남구(각 90.6%), 전남 광양시(90.2%) 등의 지난달 전세가율이 90%를 넘어 깡통전세 위험이 높은 것으로 나타났다. 수도권 아파트 평균 전세가율은 8월 69.4%에서 9월 70.4%로 높아졌다.
서울은 아파트 전세가율이 63.2%로 비교적 낮았지만 일부 지역은 70%를 훌쩍 넘기기도 했다. 25개 구 중 중구(78.6%)가 가장 높았고 금천구(76.6%), 관악구(73.3%), 강서구(73.2%) 등의 순으로 뒤를 이었다.
흔히 깡통전세 피해가 잦은 것으로 알려진 빌라(연립·다세대)의 전세가율은 아파트보다 더 높았다. 전국 연립·다세대 전세가율은 지난 8월 83.1%에서 9월 83.4%로 0.3%포인트 높아졌다. 특히, 지방 평균 전세가율이 80.5%인데 서울 평균은 이보다 높은 82%여서 서울 빌라에서 깡통전세 위험이 높은 것으로 나타났다. 서울 내에서는 관악구의 9월 연립·다세대 전세가율이 전월(85.3%) 대비 6.6%포인트 오른 91.9%로 가장 높았고, 강북구도 전월(84.6%)보다 6.6%포인트 상승한 91.2%를 기록했다.
다만 임대차시장 사이렌에서 제공하는 전세가율은 조사 시점 기준으로 직전 3개월 또는 1년 간의 매매·전세 실거래 사례를 기반으로 계산한 것이어서 부동산원이 매달 시세 기준으로 조사하는 기존 전세가율 통계와는 차이가 있다. 시세 기반 9월 전세가율은 아파트가 전국 68.9%, 서울 57.4%이며 연립·다세대는 전국 67.7%, 서울 70.5%로 실거래가 기반 자료보다 낮다."
https://www.chosun.com/economy/real_estate/2023/11/14/ZCH3RU35RVG4BHIUXVKJBM36SQ/,"올해 서울 강남3구(강남·서초·송파) 첫 분양 단지인 송파구 문정동 ‘힐스테이트e편한세상문정’의 특별공급 청약에 1만4000명 넘는 사람이 몰리며 평균 100대1 넘는 경쟁률을 기록했다. 입지가 좋고 분양가도 주변 시세보다 3억원이나 저렴했기 때문으로 해석된다.
14일 한국부동산원 청약홈에 따르면 전날 진행된 힐스테이트e편한세상의 특별공급 청약에서 130가구 모집에 1만4058명이 신청했다. 평균 경쟁률은 108.14대1이다.특히 처음 내 집을 가져보려는 생애최초 청약 수요자들의 열기가 뜨거워 총 22가구에 9774명이 신청했다. 444.27대1에 달하는 경쟁률이다.
이 단지는 분양가상한제가 적용돼 전용면적 59㎡의 최고 분양가가 8억8460만원으로 책정됐다. 인근 ‘송파시그니처롯데캐슬’ 같은 면적이 최근 11억9000만원에 거래됐으니 주변 시세 대비 분양가가 3억원가량 낮다.
14일 1순위 청약 열기도 뜨거울 전망이다. 총 169가구가 일반 분양으로 풀린다. 올해 4월부터 규정이 바뀌면서 강남 3구 및 용산구 등 투기과열지구에서도 전용 60㎡ 미만은 전체의 60％, 전용 60~85㎡ 이하는 30％가 추첨제로 공급되기 때문에 가점이 낮은 20~30대의 청약 신청이 몰릴 것으로 전망된다."
https://www.chosun.com/economy/real_estate/2021/03/17/CELHHWMJNRDITDXGG5WNE7A6KE/,"대창기업이 대구 달성군 테크노폴리스에서 오피스텔 ’574 센트럴 줌시티'를 분양하고 있다. 지하 5층~지상 18층 규모로, 지상 1~2층은 근린생활시설, 지상 3~18층은 전용면적 20~29㎡ 오피스텔 574실로 구성돼 있다.
오피스텔이 들어서는 테크노폴리스는 달성군 유가면·현풍면 일대에서 개발이 진행 중인 복합산업단지다. 국내 1위 로봇 기업인 현대로보틱스를 비롯해 자동차·기계·정보통신 등 미래 유망 분야 기업 98개와 대구경북과학기술원·한국전자통신연구원 등 8개 연구·교육기관이 자리 잡고 있다.
574 센트럴 줌시티는 개방감을 높이기 위해 모든 호실을 우물천장으로 설계했고, 각종 가구·가전 등을 넣은 풀퍼니시 시스템을 갖춰 1인 가구가 편리하게 생활할 수 있게 했다. 드럼세탁기와 전기오븐레인지, 방범 기능을 갖춘 비디오폰 등도 있다. 입주민 편의 시설로 헬스장과 옥상 공원, 무인 택배함을 조성할 계획이다.
테크노폴리스 중앙공원을 걸어서 갈 수 있고, 먹자골목과 영화관, 카페, 올리브영 등 다양한 생활 편의시설도 가깝다.
교통편도 편리하다. 서대구 KTX역과 테크노폴리스 등 대구 서남부 산업단지를 연결하는 대구산업선철도 사업이 2027년 개통을 목표로 추진 중이다. 이 노선이 개통되면 대구 지역 도심과 다른 업무지구로의 이동이 수월해지고, 출퇴근 시간도 단축될 것으로 전망된다. 국가산단대로도 가까워 현풍IC까지 차량으로 5분, 쿠팡 물류센터(9월 입주 예정)까지 10분 내로 이동 가능하다. 중부내륙고속도로를 통해 창원·구미 등 다른 지역으로 가기도 수월하다.
임대 수요도 풍부하다. 분양받은 후 테크노폴리스 직장인과 계명대·경북대 캠퍼스(입주 예정) 교직원·대학생 등에게 임대해 수익을 거둘 수 있다. 분양 관계자는 “계약금 10%와 중도금 60% 무이자 혜택을 제공한다”고 했다. 견본주택은 대구 달성군 현풍면 중리 504번지에 있다. 준공은 2021년 8월 말 예정이다."
https://www.chosun.com/economy/real_estate/2022/08/08/KOVG576FDZCSDIGBCSYCYCLBV4/,"토지보상 및 부동산 개발정보 전문 플랫폼 ‘지존’이 오는 27일 개강하는 ‘제33기 보상경매 아카데미 실전 투자과정’의 수강생을 모집한다고 8일 밝혔다.
보상경매 투자란 개발사업에 포함돼 보상이 진행중이거나 향후 보상이 예정된 토지 등의 경·공매 참여하는 것이다. 일반적으로 토지 투자는 현금화까지 시간이 오래 걸린다는 단점이 있었는데, 보상 예정지에 선별적으로 투자함으로써 환금성을 높이는게 보상경매의 핵심이다.
이번 과정은 이론보다 실전 중심으로 구성된다. 토지보상의 개념부터 유망 투자물건 찾는법, 절세 노하우 등에 대한 강의가 진행되며 유망 경·공매 물건을 엄선한 후 예상보상가를 제시함으로써 수강생들이 강의중에도 직접 입찰에 참가할 수 있도록 돕는다.
모집 정원은 20명이며, 수강생 전원에게 지존 홈페이지의 투자 물건 무료 열람권을 1개월간 제공한다."
https://www.chosun.com/economy/real_estate/2023/02/24/JU5GJIPSS5GDJNDHES3YHBQUJM/,"[땅집고] “중소기업 창업주들은 본인이 차린 회사를 언제든지 괜찮은 가격에 매각할 수 있을 것이라고 생각하는데, 이는 큰 착각이죠. 최적의 매각 타이밍은 기업이 생(生)을 다 했을 때가 아니라, ‘회사가 잘 나갈 때’입니다. 매출이 꺾이지 않고 꾸준한 시기에 매각을 진행해야 최대한 높은 가격을 받을 수 있습니다.”
대한민국 고도 성장기인 1970~1980년대 회사를 차렸던 1세대 창업주들이 은퇴를 코앞에 두고 기업 매각을 고려하는 사례가 부쩍 늘었다. 중소기업은 창업주가 가업을 승계하고 싶어도 자녀가 경영권을 물려받고 싶지 않다고 하면 사실상 매각밖에 선택지가 없다. 이 때 창업주 스스로 기업 매각 정보와 지식을 어느 정도 갖춰야 평생 일궈온 회사를 제값 받고 팔 수 있다.
국내 1위 기업 M&A(인수합병) 주관사로 꼽히는 삼일회계법인 홍승환 이사는 “창업주가 60대에 가까워졌는데도 승계자가 정해지지 않았다면, 기업 매각에 필요한 준비를 서둘러야 한다”며 “기업이 조금이라도 잘 나갈 때라야 창업주가 만족할만한 금액에 회사를 넘길 수 있다”고 했다. 홍 이사는 M&A 실무 경력 15년이 넘는 베테랑이다. 그동안 중소벤처기업부·산업통상지원부 등에서 중소기업 창업주에게 올바른 M&A 개념을 전달하는 강의도 꾸준히 해왔다.
홍 이사는 조선일보와 땅집고, NH투자증권이 오는 3월 14일 개설하는 ‘기업인을 위한 성공적인 가업 승계와 기업 매각 실전 전략’ 과정에서 ‘기업인이 반드시 알아야 할 매각 주요 절차와 전략’을 주제로 강의한다. 강의를 앞두고 홍 이사에게 중소기업 창업주가 성공적으로 회사를 매각할 수 있는 노하우에 대해 들어봤다.
―국내 중소기업 M&A 시장 흐름은.
”흔히 일본과 한국의 경제 상황에 ‘10년 간극’이 있다고 한다. 우리나라보다 고령화가 빠른 일본의 경우 창업주 은퇴 시기도 그만큼 빨라, 중소기업 거래 비중이 제법 큰 편이다. 기업 M&A가 연 평균 3000~4000건 정도 되는데, 이 중 50%가 기업가치 100억원 안팎 중소기업이다. 반면 한국은 아직 중소기업 매각 통계조차 제대로 집계하지 않고 있는 ‘그레이 마켓’이다. 다만 최근 창업주 나이가 60대 중후반에서 70대에 다다르면서 기업 매각에 대한 고민과 수요가 점점 커지고 있다.”
―기업 매각에 필요한 절차는.
”크게 4단계로 나뉜다. ▲기업 현황을 파악할 수 있는 자료 준비 ▲해당 자료를 기반으로 예비인수자 대상 마케팅 실시 ▲인수자 실사 평가 ▲매도자와 인수자 간 최종 협상·계약 체결이다. 창업주 입장에서 보면 6개월, 인수자에게는 3~4개월 정도 걸리는 과정이다.”
―기업 매각가격은 어떻게 산출하나.
”통상 세 가지 평가 방법이 있다. 먼저 회사가 앞으로 벌어들익 수익, 즉 미래가치를 추정해 평가하는 순현금흐름법이다. 다음으로는 현재 매출 규모와 비슷한 기업을 참고해 금액을 매기는 상대가치법이 있다. 마지막으로 매출이 하향세이거나 상대적으로 부진한 경우라면 장부가로 가격을 매기기도 한다. 이렇게 추산한 기업가치를 가지고 창업주와 인수자가 협상하면서 최종 매각가를 정하는 것이다.”
―창업주가 가격을 잘 받기 위한 노하우가 따로 있나.
”일단 매출이 꺾이면 안된다. 향후에 성장성이 있거나 현재 매출이 안정적이거나, 확실한 기술 가치를 보유한 기업일수록 매수자를 찾는데 유리하다.예비인수자가 나타났다면 해당 기업이 내 회사의 어떤 점을 보고 매수 의사를 밝힌 것인지 파악해야 한다. 부동산으로 치면 매수자가 학군·조망·교통 여건 중 어느 부분에 방점을 두고 인수하려는지 알아내야 한다는 애기다. 기업의 매력을 최대한 살려서 인수 필요성을 강조해야 매각가격 협상시 창업주가 최대한 만족할만한 금액에 가까워진다.이 장점을 매력적으로 받아들일만한 인수자를 2~3군데 찾아내 비딩(가격 경쟁)을 붙이는 것도 매각가를 높이는 하나의 노하우가 될 수 있다. 이때 다양한 인수자 풀을 갖춘 전문 매각주관사의 도움이 필수다.”
―중소기업 매각 성공 사례를 꼽는다면.
”지난해 하반기 반도체와 2차전지 계열 제조업체가 400억원대에 성공적으로 팔렸다. 창업주가 60세 되자마자 빠르게 기업 매각에 나선 사례다. 당초 인수자는 200억원 중반대 가격을 제시했다. 그런데 매각 기업이 현재 시장에서 각광받는 업종임을 감안해 기업 가치를 평가해보니 그 정도 인수금액은 저평가됐다는 결론이 나왔다. 매각을 주관했던 삼일회계법인이 마케팅 과정에서 예비인수자들에게 회사 미래가치와 성장성을 부각했다. 인수를 희망하는 기업 여러 곳에 가격 입찰을 받은 결과 당초보다 두 배 높은 가격에 매각할 수 있었다.”
―기업 매각을 앞둔 창업주에게 조언한다면.
”흔히 중소기업 창업주들은 ‘내 회사가 좋으니 언제든지 원하는 가격에 팔 수 있을 것’이라고 착각한다. 이렇다보니 적절한 매각 시기를 놓쳐 혼란을 겪는 창업주가 적지 않다. 회사 매출이 잘 나올 때에는 매각을 준비해야 한다는 말을 듣지 않다가, 은퇴가 임박해서야 부랴부랴 인수자를 찾으려고 하니 타이밍을 놓치게 되는 것이다. 가업 승계자가 없다는 결론이 나면 서둘러 매각을 준비해야 한다. 이 때 창업주가 최고가를 받으려는 집착을 버리고, ‘궁합’이 맞는 인수자를 찾아 적정 가격에 매각하겠다는 합리적인 마음가짐으로 접근해야 최종 계약까지 수월하게 도달할 수 있다.”
<’성공적인 가업승계와 명예로운 매각’ 수강생 모집>
조선일보와 땅집고, NH투자증권이 공동으로 ‘기업인을 위한 성공적인 가업 승계와 명예로운 매각 실전 전략’ 강의를 3월14일 개설하고 수강생을 모집합니다. 가업 승계 또는 기업 매각을 준비 중인 중견·중소기업 오너 경영자와 2세 경영자, 재무·회계책임자에게 필요한 강의입니다.
이번 과정에서는 기업 승계·매각 최신 트렌드, 실전사례, 매각 프로세스, 법률·세무 등에 대한 실무 지식과 실전 정보를 제공합니다. 이 강의를 통해 배운 지식과 정보를 바탕으로 실제 승계·매각 업무를 담당하는 증권사와 회계법인 전문가와 원활하게 커뮤니케이션하고, 최고의 결과를 도출할 수 있습니다.
이번 과정에서는 승계·매각 업무를 담당하는 국내 최고 전문가들이 강사로 나섭니다. 이상범 EY한영회계법인 파트너가 ‘가업 승계·매각 의사 결정하기 전 확인해야 할 요소’, 윤석민 태평양감정평가법인 이사가 ‘매각 전 기업 가치를 높이기 위한 기업평가’, 왕태식 NH투자증권 이사가 ‘케이스스터디: 국내외 인수합병 사례 분석과 성공전략’ 등을 주제로 강의합니다.
수강생이 원하면 일대일 개별 상담을 통한 ‘맞춤형 매각·승계 컨설팅’을 제공합니다. 강의는 총 10회이며, 3월 14일~4월 13일까지 매주 화·목요일 오후 2~5시 서울 중구 서울파이낸스센터 26층 NH투자증권 프리미어블루 강북센터에서 열립니다. 수강료는 500만원이며 선착순 20명만 받습니다. 홈페이지(realtyevent.chosun.com)에서 신청하면 됩니다. (02)6949-6179"
https://www.chosun.com/economy/real_estate/2024/01/31/T2O4CXFQAFB2PNOU34N3AXFVGQ/,"서울 강남권의 대표 상권 중 하나인 강남구 신사동 가로수길에는 요즘 ‘점포 정리’ ‘임대 문의’ 같은 안내를 쉽게 볼 수 있다. 상가 임대료가 고공 행진하는 가운데 유동 인구는 줄면서 영업을 중단하는 매장이 계속 생겨나기 때문이다. 글로벌 부동산 컨설팅 업체 쿠시먼앤드웨이크필드에 따르면, 지난해 가로수길 공실률은 36.5%로 전년(28.7%)보다 7.8%포인트 올랐다. 코로나 엔데믹 전환에도 점포 세 곳 중 하나꼴로 비어 있는 셈이다.
쿠시먼앤드웨이크필드는 서울의 대표 상권으로 꼽히는 강남권 3곳, 강북권 3곳 등 총 6곳의 공실률을 조사했는데 공교롭게도 강남 지역 공실률이 강북보다 눈에 띄게 높았다. 가로수길 인근 청담동 일대 공실률도 같은 기간 14%에서 16.3%로 올랐다. 강남역 주변 공실률은 소폭 줄었지만, 여전히 20%에 육박한다. 반면 강북권인 한남·이태원(10%), 명동(14.3%), 홍대(15.9%) 공실률은 상대적으로 낮았다.
전문가들은 강남권 공실률이 높은 원인으로 터무니없이 비싼 임대료와 특색 없는 상권 구성을 지적한다. 재작년 서울시 조사에 따르면 강남역의 제곱미터(㎡)당 평균 통상 임대료는 월 14만3600원으로 서울시 평균(6만9500원)의 두 배 수준이었다. 반면 홍대나 한남·이태원 상권에는 MZ 세대의 취향을 겨냥한 특색 있는 매장이 늘면서 공실률이 줄고, 유동 인구도 늘고 있다. 성동구 성수동 상권은 국내외 업체들의 팝업스토어가 몰린 곳이다. 진원창 알스퀘어 빅데이터 실장은 “홍대·성수는 젊은 층이 인스타그램용 사진을 찍기 위해 일부러 찾는 상권인 데 반해 강남은 주로 인근 회사원 등을 대상으로 장사한다”고 했다. 특히 최근 중장년층이 외부 소비를 줄이는 반면 젊은 층은 오히려 밖으로 나가 강남과 강북 상권 분위기를 더 갈랐다는 평이다."
https://www.chosun.com/economy/real_estate/2024/10/28/GTECZMK6P5CTFJMZVTVFJWO6VI/,"건설·환경·제조 종합 기업 아이에스동서는 건설과 콘크리트 사업 외에도 사업 다각화를 추진해 건설 폐기물 처리부터 소각·스팀 생산, 폐기물 매립 등 친환경 중심 신사업을 펼치고 있다. 아이에스동서는 지난해 환경 부문 매출 5473억원을 기록했으며, 2019년부터 연평균 55% 성장을 이어가고 있다.
◇이차전지 재활용 통합 법인 ‘아이에스에코솔루션’ 설립
아이에스동서는 국내에서 유일하게 전기차 해체부터 회수 소재 제품화까지 폐배터리 재활용의 전 과정 계열화 시스템을 완성하고, 시장 주도권 확보에 나서고 있다. 최근엔 이차전지 재활용 자회사 아이에스티엠씨와 아이에스비엠솔루션을 합병해 통합 법인 아이에스에코솔루션을 설립했다. 아이에스티엠씨가 아이에스비엠솔루션을 100% 흡수 합병하고, 회사명을 아이에스에코솔루션으로 변경하는 방식이다.
아이에스티엠씨는 국내 최초 이차전지 재활용 기업으로, 폐배터리 종합 전·후 처리 공정을 통해 배터리 원재료인 탄산리튬과 전구체 복합액을 생산하고 있다. 아이에스비엠솔루션은 지난해 12월 연면적 8250㎡(약 2500평) 규모의 폐배터리 전 처리 공장을 준공해 연간 7000톤(t) 분량의 폐배터리를 원스톱으로 처리할 수 있는 최신식 생산 설비를 갖추고 있다. 이곳에선 회수율 95% 이상의 우수한 품질의 블랙 매스(배터리 파쇄로 얻는 검은 분말로 이차전지 소재)를 생산하고 있다.
아이에스동서가 통합 법인 아이에스에코솔루션이 출범시킨 것은 양사가 보유한 이차전지 재활용 기술력과 노하우를 결합해 사업 영역을 확장하고 글로벌 경쟁력을 강화하기 위해서다. 더불어 신속한 의사 결정과 국내외 네트워크를 통한 배터리 원재료 확보가 보다 쉬워져 사업 경쟁력 및 경영 효율성을 높일 수 있을 것으로 기대하고 있다. 아이에스동서 측은 “이번 자회사 합병을 통해 이차전치 재활용 밸류체인(가치 사슬)을 확대하고 품질을 강화하는 등 국내외 시장 변화에 민첩하게 대응할 것”이라고 밝혔다. 아이에스에코솔루션은 전기차 폐배터리, ESS(에너지 저장 장치), UPS(무정전 전원 장치), 소비재 배터리, 공정 스크랩 등 모든 종류의 이차전지를 안전하게 재활용할 혁신적 해법을 제공한다는 계획이다.
◇동유럽 폐배터리 재활용 공장 시설 구축 확대
아이에스동서는 글로벌 사업 역량 강화를 위해 지난해 헝가리, 슬로바키아, 폴란드 등 유럽 배터리 산업의 핵심 요충지에 전 처리 생산 기지를 보유한 BTS테크놀로지를 인수했다. 독일 국경에 근접한 폴란드 오스와 지역에 1만㎡ 규모(대지 면적 5만㎡)의 폐배터리 전 처리 전용 공장을 가동 중이다. 이 공장에서는 연간 1만2000톤(최대 2만4000톤) 분량의 폐배터리 처리가 가능하다. 전기차 기준으로는 약 5만대(최다 10만대) 분량이다.
이 밖에 이차전지 원재료 추출 관련 북미 최고 기술을 보유한 캐나다 기업 ‘리씨온’의 지분을 확보해 리씨온의 한국 내 독점 사업권을 확보했다. 리씨온은 폐배터리 파쇄 과정에서 친환경 습식 공법을 사용, 폐수와 분진을 발생시키지 않는 기술로 ESG(환경·사회·지배구조) 분야에서 좋은 평가를 받고 있다. 지난해 3월에는 세계 최대 전구체 생산 전문 기업 CNGR과 배터리 재활용 제품 장기 공급과 공동 마케팅을 골자로 하는 업무 협약을 체결했다.
아이에스동서 관계자는 “폐배터리 재활용 사업을 위한 전 공정 수직 계열화를 차근차근 완성하며 국내외 사업 역량을 지속적으로 강화하고 있다”며, “시설 인프라, 공급 네트워크를 단계적으로 확대해 앞으로 친환경 전기자동차 시장의 성장에 맞춰 생산 최적화, 포트폴리오 다변화, 품질 강화 등에 선제 대응해 업계 선발 주자 입지를 다질 것”이라고 말했다."
https://www.chosun.com/economy/real_estate/2023/02/21/P6D7CFH7CVDXNO5RB3MSB3SMVQ/,"“코로나 팬데믹 시기에도 테이크아웃 전문점이나 모임공간 등은 손님이 줄을 섰죠. 한 저가 커피 브랜드는 가맹점이 수백개 늘어날 정도로 장사가 잘 됐습니다. 불황에도 잘되는 가게는 있죠.”
최근 금리 인상 등으로 경기가 침체하면서 창업 시장이 호락호락하지 않다. 땅집고 상생창업지원센터 단장을 맡고 있는 이상헌 한국창업경영연구소 소장은 “창업 시장에도 먹구름이 끼어있지만 오히려 이 시기를 잘 활용하면 예비 창업자에겐 올해가 커다란 기회가 될 수 있다”고 했다.
이 소장은 A급 상권을 제외하면 대부분 코로나 이전과 비교해 아직도 권리금이 30~40% 수준에 그치기 때문에 준비만 제대로 한다면 점포을 마련하는데 오히려 유리하다고 했다. 다만 매출 기대치는 낮추라고 조언했다. 그는 “중소규모 창업자는 투자금 대비 월 3~4% 정도 수익을 기대한다”며 “작년 평균 수익률이 2.2~2.8% 수준이었고, 올해도 비슷할 전망”이라고 했다.
그는 “유명한 업종이 아닌, 유망한 업종을 선택해야 한다”고 강조했다. 창업자 자신이 가장 잘 알고, 많이 경험한 업종을 고르는 ‘경험 중심형’ 창업이 좋다는 것이다. 코로나 시기에 유행했던 반조리 식품 판매점을 예로 들었다. 당시 프랜차이즈 본사만 42개 생겨났는데, 현재 12개(29%)만 남았다. 그는 “여성이나 어린이를 주고객으로 하는 아이템이 지속가능한 유망 업종”이라고 했다.
주 업종을 골랐다면 다루는 아이템이나 메뉴는 다양화하는 것이 좋다. 이 소장은 “치킨집에서 국물떡볶이를 함께 팔고, 커피 전문점에서 베이커리나 기프트숍을 운영하는 식으로 소비자 트렌드에 맞춰 선택지를 넓혀야 한다”고 했다."
https://www.chosun.com/economy/real_estate/2021/12/13/3XPKREK3JZFTZKMTPOKPPSCF2A/,"‘자이TV’ 구독자 50만명 돌파
GS건설 아파트 브랜드 자이(Xi)의 공식 유튜브 채널 ‘자이TV’ 구독자 수가 50만명을 돌파했다. 자이TV 전체 콘텐츠 누적 조회 수는 2045만회가 넘는다. 분양 현장의 견본주택을 생생하게 보여주는 라이브 방송이 특히 인기다. GS건설 관계자는 “구독자 50만명 돌파는 고객의 요구를 반영한 양질의 콘텐츠를 제공하기 위해 끊임없이 노력한 결과”라고 설명했다.
폐PVC 창호에서 PVC 회수 기술 개발
LX하우시스가 폐PVC(폴리염화비닐) 창호 및 바닥재에서 PVC를 회수하는 기술을 국내 최초로 개발했다고 12일 밝혔다. PVC는 각종 건축자재, 건축용 파이프, 전선 피복 등 다양한 곳에 사용되는 물질이지만 지금까지는 회수가 어려워 재활용이 불가능했다. LX하우시스 기술로 추출한 PVC는 새로운 제품 제조에 활용해도 품질에 차이가 없는 것으로 나타났다."
https://www.chosun.com/economy/real_estate/2023/01/18/M7LPX4VGEVDXPAMMH7SEAQK7XA/,"“아이디어는 있는데 쉽게 시도하지 못하는 예비 창업주에게는 심층 교육과 실전 노하우를 제공해 성공할 수 있도록 돕겠습니다. 여기에 공실(空室)로 어려움을 겪는 임대인에게 예비 창업주를 임차인으로 매칭해주는 프로세스를 구축해 상생 창업 플랫폼으로 만들겠습니다.”
경기 침체 등으로 공실과 미분양에 시달리는 상가·건물 소유주와 성공 창업을 꿈꾸는 예비 창업자를 연결해 상생 기회를 마련하고 상권 활성화도 돕기 위해 국내 최고의 창업·부동산 전문가들이 한데 뭉쳤다.
조선미디어그룹 땅집고는 이상헌 한국창업경영연구소 소장 등 전문가 25명과 함께 지난 4일 오후 서울 중구 세종대로 상연재 별관에서 ‘상생창업지원센터’ 출범식을 열었다. 상생창업지원센터는 이 소장이 단장을 맡고, 서민교 멕세스컨설팅 대표와 권강수 상가의신 대표가 각각 부단장과 운영사무국장을 맡는다.
◇”임대인과 예비 창업주 모두 위기”
상생창업지원센터에는 국내 창업 시장을 이끌고 있는 최고 컨설턴트와 성공한 창업주, 공간기획·부동산 전문가, 인테리어 디자이너, 세무사, 변호사 등 총 25명이 자문위원(멘토)으로 참여한다. 이날 출범식에는 홍미미 한국가맹거래법률원 원장, 안정훈 진컨설팅 소장, 이대현 인튜브 대표, 박종모 비나넷 대표, 김주철 파워스타트 대표, 신승만 비스타컨설팅 대표, 성시정 쉐어드닷 대표, 함수진 이지코퍼레이션 대표, 이상훈 슬로베이커리 대표, 홍순재 법무법인 정세 변호사, 성해용 세무법인 정상 세무사, 최신기 금맥산업개발 대표, 정수철 산우파트너스 대표, 박종천 자유공간 대표, 방송인 김종석 씨 등이 참석했다.
이 단장은 출범식에서 “코로나 이후 경기가 회복되지 않고 부동산 시장도 침체하면서 지역 상권에 공실이 늘고, 창업 시장은 붕괴 위기에 처했다”며 “올해는 120만명의 창업주가 폐업 위기에 놓인 가운데 정부만 믿고 있을 수는 없어 전문가들끼리 창업주와 임대인 모두에게 도움이 될만한 것이 무엇인지 고민한 결과, 상생창업지원센터를 출범하게 됐다”고 했다.
◇임대인과 임차인 매칭…쓰리고 프로젝트 추진
상생창업지원센터는 상권 침체로 공실과 미분양 해소에 어려움을 겪는 부동산 임대인과 적정한 창업 공간을 찾는 예비 창업주을 연결하고 상권 활성화를 지원해 임대인과 임차인 상생을 목표로 한다. 이를 위해 소상공인 창업자를 위한 ‘3GO(쓰리고) 프로젝트’부터 추진할 계획이다. ‘배워보GO, 경험하GO, 실천하GO’를 캐치프레이즈로 내걸고 예비 창업주에게 적절한 창업 공간 제공, 인테리어 비용 지원, 국내 최고 전문가의 창업 컨설팅과 심층 교육 프로그램을 운영해 성공적인 자립을 돕는다.
상생창업지원센터는 임대인과 예비 창업주를 연결하는 매칭프로세스도 진행한다. 공실로 어려움을 겪는 상가 분양 시행사나 건설사, 빈 점포와 빌딩을 소유한 건물주 대상으로 일정 기간동안 임대료 무료(렌트프리), 인테리어 비용 지원(TI) 등을 조건으로 임차인 유치와 분양(매각) 신청을 받는다. 예비 창업주는 사전에 창업 희망 업종과 지역, 시기, 투자자금 등을 담은 쓰리고 프로젝트 참여 신청서를 상생창업지원센터에 제출하면 쓰리고 프로젝트에 참여한 임대인이 제공하는 상가와 건물 가운데 적절한 물건을 찾아서 연결해 준다. ▶상생 창업 프로젝트 참여 신청하기
◇”최고 멘토들이 성공 창업 돕겠다”
상생창업지원센터는 예비 창업주가 자립할 수 있도록 다양한 컨설팅과 교육 프로그램도 운영할 계획이다. 좋은 점포만 찾았다고 무조건 사업에 성공하는 것은 아니기 때문이다. 예비 창업주 대상으로 사전 창업 컨설팅과 사후 진단 컨설팅을 지원하고 25명의 멘토가 참여하는 ‘창업스쿨’도 운영할 계획이다. 단순 이론 교육이 아닌 다양한 실전 창업 성공·실패 사례를 통해 창업자에게 반드시 필요한 실전 정보와 지식을 전달하고 세무·법률 자문 서비스도 지원한다.
상업용 부동산 플랫폼인 ‘상가의신’ 권강수 대표는 창업주가 입점할 상가의 상권 분석과 추천 업종, 창업자라면 꼭 알아야 현장 입점 컨설팅 등을 진행한다. 국내 최고 프랜차이즈 전문가인 서민교 멕세스컨설팅 대표는 예비 창업자에게 적절한 프랜차이즈 업종을 찾는 방법과 운영관리 노하우를 전수할 예정이다. 창업 전문 변호사, 마케팅 전문가, 세무사 등도 창업 지원에 나선다.
권 대표는 “미분양이나 공실 점포를 보유한 건설사나 시행사, 건물주 입장에서도 상생창업지원센터 지원으로 임차인이 창업에 성공하면 상권이 살고 유동 인구가 늘어 분양도 잘 되고 임대수익률 향상에도 도움이 될 것”이라고 했다. ▶상생 창업 프로젝트 참여 신청하기
<상생센터 출범 기념 무료 세미나>
땅집고가 상생창업지원센터 출범을 기념해 오는 2월 1일과 3일 2023년 창업 및 프랜차이즈 사업 전략 무료 세미나를 연다. 이번 세미나는 예비 창업주와 프랜차이즈 가맹사업 종사자를 위해 마련했다.
1일에는 예비 창업주 대상으로 ‘실패하지 않는 창업 전략 세미나’, 3일에는 프랜차이즈 가맹사업 종사자를 위한 ‘프랜차이즈 본부 운영 전략 및 가맹점 상생 세미나’를 각각 오후 2시부터 진행한다.
1일에는 이상헌 한국창업경영연구소 소장이 소비 트렌드 점검, 수익성 극대화를 위한 매출 대비 경상비 설계 방안, 창업자금 운영 전략, 실패하지 않는 마케팅 등 핵심 창업 실무를 강의한다. 권강수 상가의신 대표는 부자들이 선호하는 상가 유형과 상권을 집중 분석한다.
3일에는 서민교 멕세스컨설팅 대표가 체계적 슈퍼바이징 운영, 물류 시스템의 최적화, 신상품 개발 등 프랜차이즈 본사 성장을 위해 꼭 필요한 내용을 짚어본다. 홍미미 홍미미법률원 원장은 2023년 개정한 가맹사업법을 심층 분석하고, 이에 따른 정보공개서 작성 요령, 최적화된 표준약관 작성 기법 등을 소개한다.
참가비는 무료이며 세미나별로 선착순 40명을 모집한다. ▶세미나 신청하기"
https://www.chosun.com/economy/real_estate/2025/07/09/QJDUZW7CRNEYXGHNUTBJGP4JJY/,"6월 말 입주를 시작한 서울 서초구 잠원동의 신축 아파트 메이플 자이는 지난달 27일 이후 전세 매물이 급감하고 월세 매물이 900건 넘게 늘었다. 정부가 신축 아파트에 대해서도 세입자의 전세 보증금으로 아파트 잔금을 치르지 못하도록 ‘소유권 이전 조건부 전세 대출’을 금지한 여파다. 이 아파트 전용 84㎡ 전셋값은 15억~20억원 수준. 현금만으로 이 정도 보증금을 감당할 전세 세입자를 구하지 쉽지 않은 현실에서, 집주인들이 보증금을 낮춰 월세를 받는 쪽으로 우르르 돌아선 것이다. 대출 규제 이후 나온 매물들은 저마다 “보증금 협의 가능” “장기 거주 가능” 같은 조건이 달렸다.
6월 27일 부동산 대출 규제로 서울 부동산 임대 시장에서 ‘전세의 월세화’가 더욱 가팔라지고 있다. 신축 아파트의 경우 대출 규제로 인해 세입자가 전세 대출을 받아 입주할 수 없게 되면서, 보증금 부담이 큰 전세 매물이 급감하는 현상이 나타나고 있다. 전세금 반환용 주택담보대출(전세퇴거자금대출) 한도도 최대 1억원으로 축소되면서 세입자와 집주인 모두 보증금 부담이 적은 월세 수요가 커졌다.
◇보증금 줄이고, 월세 내는 세입자들
본지가 정부의 대출 규제가 발표된 지난달 27일부터 이달 7일까지 거래된 서울 아파트 전·월세 거래 4051건을 분석한 결과 보증금 액수가 평균 4억2701만원으로 전월 같은 기간 평균 보증금(9억7186만원)보다 5억4400만원가량 줄어들었다. 대신 줄어든 보증금만큼 평균 31만9800원의 월세가 추가됐다. 대출 규제로 전세가 줄고 월세가 증가한 결과로 풀이된다.
월세로 전환된 계약의 71.4%는 기존 전세 계약을 갱신하는 것이었지만 계약 갱신권을 사용하지 않은 것으로 나타났다. 계약 갱신권을 쓰면 기존 계약 금액에서 5%만 인상한 금액으로 2년 더 살 수 있지만 아예 신규 계약을 한 것이다. 부동산 전문가들은 “전세 대출이 어려워지고, 전·월세 가격도 오를거라 예상한 세입자들이 갱신권을 사용하지 않고 월세로 신규 계약한 것으로 봐야 한다”고 설명한다.
◇월세화 가속도 붙인 규제
이번 규제에서 전세 대출과 신혼부부·청년 등을 대상으로 하는 정책 대출 규모까지 축소됐다. 이 때문에 추가 대출을 받지 못하는 세입자들이 월세로 떠밀리는 속도가 더 빨라질 것이란 해석이 나온다. 실제로 부동산 정보 업체 아실에 따르면 지난 6월 27일 규제 발표 이후 이달 8일까지 전세 매물은 2만4855건에서 2만4819건으로 줄었고, 월세 매물은 1만8796건에서 1만9207건으로 늘었다.
한국은행이 공개한 ‘2025년 상반기 금융안정보고서’에 따르면 주택 정책 대출 중 24.1%인 76조1000억원이 전세대출이다. 한국은행은 “(전세대출 같은) 정책 대출은 전세 임차 가구의 주거비를 완화하는 효과도 있다”고 평가했다.
박원갑 KB국민은행 부동산 수석위원은 “전셋값이 오르는 상황에서 전세자금 대출 한도가 줄었기 때문에 추가 대출을 받을 여력이 없는 세입자들은 오른 전세 시세만큼 다달이 월세를 내는 식의 월세 전환에 동의할 수밖에 없을 것”이라며 “거주비 부담이 늘어나는 만큼 생활비 등에 쓸 돈은 적어질 수밖에 없다”고 말했다.
전국 월세 거래 비율은 올해 1~5월 61%로 2021년(41.9%)부터 매년 꾸준히 높아졌다. 주택 임대시장의 평균적인 가격 변화를 측정하는 전세 가격 지수와 월세 가격 지수를 봐도 월세 가격 지수가 훨씬 더 가파르게 뛰고 있다. 올해 1월부터 5월까지 월세 가격 지수는 전세보다 더 큰 폭으로 올라 5월에는 0.43을 기록했다. 같은 달 전세 가격 지수는 0.19에 그쳤다."
https://www.chosun.com/economy/real_estate/2025/01/24/FECMI3DXFZB6LFZFGTTZ54UDP4/,"대한주택건설협회 서울특별시회는 LH(한국토지주택공사) 서울지역본부와 지난 23일 서울 강남구 LH 서울지역본부 대강당에서 신축 주택매입약정 사업 설명회를 개최했다고 24일 밝혔다.
이번 설명회는 서울 지역 주택공급 확대를 통해 서울시의 부동산 시장 안정을 도모하고, 회원사들에게 매입기준 설계 가이드, 주요 지원방안 등을 설명하고자 열렸다.
홍경선 대한주택건설협회 서울특별시회장은 “고금리와 대출 규제로 부동산 심리가 위축된 상황에서 LH의 신축 주택매입약정 사업은 유동성 위기를 겪는 회원사들에게 단비가 될 전망”이라고 했다."
https://www.chosun.com/economy/real_estate/2024/10/16/7XRPY4XVIBFNTAFLJHM7572WEA/,"국토교통부가 최근 6개월(3~8월)간 아파트·오피스텔 하자 건수 상위 20개 건설사 명단을 15일 발표했다. 시공능력평가 기준 10대 건설사도 네 곳이 포함됐다. 국토부는 작년 하반기부터 하자심사분쟁조정위원회 판정을 근거로 6개월마다 하자가 많은 건설사를 공개하고 있다.
최다 하자 판정 업체는 현대엔지니어링으로 118건이었다. 현대엔지니어링은 “경기도 하남시의 한 오피스텔 단지에서 117건의 하자가 나왔는데, 창틀 틈새를 막는 털실 길이가 짧은 문제가 대부분이었다”며 “설계나 시공 같은 중대 하자는 없었다”고 설명했다. 10대 건설사 중엔 현대엔지니어링 외에 포스코이앤씨(58건), 대우건설(51건), 현대건설(36건) 등 네 곳이 상위 20위 명단에 포함됐다.
국토부는 ‘주택 건설이 많은 대형 건설사일수록 하자 판정이 많을 수밖에 없다’는 지적에 따라 공급 가구 수 대비 하자 판정 비율이 높은 건설사 20곳도 공개했다. 8가구에서 71건의 하자가 나온 삼도종합건설 등 대부분 50가구 미만을 공급한 소규모 업체들이었다. 시공능력평가 100위 내 건설사 중에는 삼부토건(6.6%)이 유일하게 이름을 올렸다.
2019년 9월부터 올해 8월까지 5년간 누적 집계한 하자는 GS건설이 1639건으로 가장 많았다. GS건설은 “2020년부터 2023년까지 일산 킨텍스 원시티와 평택 센트럴자이 두 곳에서 창틀 결로 하자(1517건)가 많았는데 모두 보수를 끝냈다”고 밝혔다.
국토부 하자분쟁심사위에 접수되는 하자 분쟁은 해마다 늘고 있다. 지난해 연간 3313건이 접수됐는데 올해는 8월까지 3119건이 들어왔다. 실제 하자 여부를 판단하는 ‘하자 심사’는 올해 1339건 있었고, 이 중 80%(1071건)가 하자 판정을 받았다. 하자 유형은 조명·후드·인터폰 등이 작동되지 않는 기능 불량(14%), 도배·바닥재 들뜸(12.1%), 균열(10.7%), 결로(8.4%), 누수(7.8%) 등이 많았다."
https://www.chosun.com/economy/real_estate/2022/07/28/N3DS7BDWOVCX7GHZACTCAAD7QI/,"서울 아파트 값이 일주일 사이 낙폭을 더 키우며, 2년 3개월 만에 가장 큰 폭으로 내렸다. 특히 중저가 아파트가 밀집한 강북 일부 지역에서는 0.15% 넘게 급락하기도 했다. 기준금리 인상 여파로 연말까지 금리가 계속 오를 수 있다는 우려에 주택 매수세가 얼어붙은 영향으로 해석된다.
28일 한국부동산원에 따르면, 이번 주(25일 기준) 서울 아파트 매매 가격 변동률은 -0.07%를 기록, 9주 연속 하락세를 이어갔다. 2020년 4월 8일 조사(-0.07%) 이후 최대 낙폭이다. 부동산원은 “정부가 종합부동산세 완화를 예고하면서 일부는 매물을 거둬들이고 있지만, 금리 추가 인상 우려로 하락 폭이 확대됐다”고 설명했다.
도봉(-0.17%), 노원(-0.15%), 성북(-0.15%), 강북(-0.14%) 등 서울 동북권 지역의 하락 폭이 두드러졌다. 노원구 ‘상계주공7단지’ 전용면적 45㎡는 작년 7월 기록한 최고가(7억2000만원)보다 1억2000만원 떨어진 6억원에 이달 거래됐다. 도봉구 창동 ‘삼성래미안’ 전용 84㎡도 최근 이전 최고가(11억원)보다 2억원 내린 9억원에 팔렸다. 김재경 투미부동산컨설팅 소장은 “지난해까지 ‘영끌족’ 등 대출을 활용한 중저가 아파트 매수가 활발했던 서울 외곽 지역이 금리 상승에 따른 영향을 많이 받는 것으로 보인다”고 말했다.
수도권 아파트 매매 가격은 0.08% 내렸다. 2019년 4월 22일(-0.1%) 이후 3년 3개월 만에 가장 큰 폭으로 떨어졌다. 경기도 광주(-0.26%), 오산(-0.23%), 의정부(-0.2%)에서 호가를 많이 내린 급매물 위주로 거래된 영향이다. 인천 아파트 값은 검단·송도신도시에서 약세를 보이며 0.1% 하락했다."
https://www.chosun.com/economy/real_estate/2021/06/12/VF64QRIDQZAUZEMLOJU322ZSXE/,"서울 아파트 매수심리가 강남권을 중심으로 오히려 더 강해지고 있다. 정부의 보유세 강화 조치에도 매물 부족이 장기화하고, 거래량이 대폭 준 상황에서 집값이 내릴 기미가 보이지 않기 때문이라는 분석이다.
11일 한국부동산원에 따르면, 6월 첫째 주(7일 기준) 서울 아파트 매매수급지수는 107.8로, 전주(104.6)보다 3.2포인트 올랐다. 0~200 사이의 숫자로 나타내는 이 지수가 100을 넘으면 집을 사려는 사람이 팔려는 사람보다 많아 매수심리가 우위에 있다는 뜻이다. 중개업소 설문과 인터넷 매물 건수 분석을 바탕으로 수요와 공급 동향을 지수화한 것이다.
매수 심리 강세는 서울 전역에서 나타났지만 ‘강남 4구’로 통하는 동남권(강남·서초·송파·강동구)이 112.6으로 가장 높았다. 이는 2019년 12월 말(115.7) 이후 1년 5개월 만에 가장 높은 수치다. 특히 강남구 압구정동이 토지거래허가구역 규제로 묶이고 난 뒤 서초구 반포동, 송파구 문정·방이동 등 재건축 단지를 중심으로 호가가 뛰고 있다. 김광석 리얼하우스 대표는 “6월부터 보유세 중과세 대상이 된 다주택자들 상당수가 버티기에 들어간 데다 서울시의 재건축 규제 완화 행보에 따른 가격 상승 기대감이 더해져 매물 부족 현상이 심해지고 있다”고 말했다.
강남권 전세시장도 불안한 모습이다. 이번 주 서울 아파트 전세수급지수는 108.5로 전주(107.0)보다 1.5포인트 높아졌다. 특히 서초구에서 재건축 아파트 이주 수요로 전셋값이 강세를 보이며 전세 오름세가 인근 지역으로까지 확산할 조짐이다. 서초구 아파트 전셋값 상승률은 지난주 0.26%에서 이번 주 0.39%로 확대돼 2018년 7월 말 이후 가장 높았다."
https://www.chosun.com/economy/real_estate/2021/12/09/KNUS5X7R2JDBTMZXUCRMRIFRGQ/,"중흥이 대우건설을 품고 국내 톱3 건설그룹으로 도약한다. 중흥그룹은 “9일 서울 광화문에서 KDB인베스트먼트와 대우건설 주식매매계약을 체결한다”고 8일 밝혔다. 7월 초 우선협상대상자로 선정된 지 5개월 만이다.
중흥그룹은 지난 8월 KDB인베스트먼트와 주식 매각 관련 양해각서(MOU)를 체결한 후 대우건설에 대한 실사를 진행했다. 실사 과정에서 우발채무나 해외사업 부실 같은 변수가 나오지 않아 매각 금액은 입찰가(2조1000억원)에서 큰 폭의 조정 없이 결정된 것으로 알려졌다.
시공 능력 순위 17위 중흥토건과 40위 중흥건설을 거느린 중흥그룹은 대우건설(5위)을 인수함으로써 삼성물산과 현대건설의 뒤를 잇는 국내 3대 건설사로 도약할 전망이다. 새 주인을 맞은 대우건설은 당분간 독자 경영을 이어간다. 중흥은 지난달 대우건설 노조와 만난 자리에서 “독립 경영과 고용 안정을 보장하고 급여도 업계 3위 수준까지 단계적으로 인상하겠다”는 방침을 전달했다. 대우건설의 사업 경쟁력 강화를 위한 장기 투자 계획도 마련 중이다. 특히 해외 사업 경쟁력을 높이는 데 집중할 계획이다.
광주광역시 출신인 정창선(79·사진) 중흥그룹 회장은 1962년 건설업에 뛰어들어 1983년 그룹의 뿌리인 중흥주택을 세웠다. 정 회장은 평소 비업무용 자산은 사지 않고, 보증은 서지 않으며, 적자가 예상되는 프로젝트는 수주하지 않는 이른바 ‘3불(不) 경영’으로 유명하다. 그룹의 핵심인 중흥건설은 1989년 설립돼 호남 지역에서 내실을 다지다가 2000년대 들어 ‘중흥S클래스’라는 아파트 브랜드로 수도권과 세종시에 진출하며 전국구 건설사로 도약했다.
중흥그룹 관계자는 “풍부한 자금력을 바탕으로 재무적 투자자 없이 대우건설을 인수하는 만큼, 추가 투자 여력도 충분하다”며 “대우건설을 글로벌 기업으로 성장시키기 위해 노력할 것”이라고 말했다."
https://www.chosun.com/economy/real_estate/2021/02/16/D5G3LLIHDJDEJKXN627SJWVQPY/,"부동산 미디어 플랫폼 땅집고와 국내 최대 교육 전문기업 멀티캠퍼스가 ‘부동산 경매 8주 마스터 클래스’ 2기 과정을 개설하고 수강생을 모집한다. 오는 3월 중순부터 4월 말까지 진행하는 이번 과정에서는 경매 기본지식을 배우고 우량 물건 권리분석을 거쳐 실제 입찰에 참여해 보는 실전형 경매 강좌다. 국내 최초로 강의장 이론 교육과 온라인 라이브 물건 분석, 입찰 현장 스터디를 결합한 이른바 삼위일체 교육 방식을 선보여 주목된다.
먼저 강의장 이론 교육을 통해 경매 용어부터 등기부등본상 권리 분석 요령, 임대차 이론, 배당 실무·사례, 부동산 종류별 현장 조사 요령, 적정 입찰가 산정 방법, 낙찰 후 명도 과정 등에 대해 상세히 배울 수 있다. 이론 교육(총 12회)이 모두 끝나면 유튜브를 통한 온라인 라이브 강좌가 이어진다. 경매 전문가가 엄선한 우량 경매 물건 3~4건을 2시간여에 걸쳐 집중 분석한다. 강의를 맡은 이영진 이웰에셋 대표는 “실제 입찰을 앞둔 투자 가치 높은 물건만 골라내 권리 분석, 수익성 분석, 적정입찰가 산정, 명도 전략까지 실제 입찰에 꼭 필요한 노하우를 알려드리겠다”고 했다. 1998년부터 경매 시장에 뛰어든 이 대표는 20년 넘게 경매 교육과 투자 자문에 잔뼈가 굵었다. 라이브 강좌가 끝나면 경매 법정을 직접 방문해 입찰 전 과정을 직접 눈으로 보고 배울 예정이다. 희망자는 입찰에도 직접 참여해 낙찰에 도전할 수 있다.
이번 강좌는 경매로 내 집 마련을 계획 중이거나 노후 대비 임대수익을 희망하는 수요자 등 경매로 재테크를 계획 중인 개인에게 유용하다. 부동산 투자자, 공인중개사, 부동산 관련 종사자에게도 맞춤형 경매 정보를 제공한다.
수강생에게는 이영진 대표와 무료 상담 기회를 1회(1시간) 제공하고, 부동산 경매 정보 사이트(디지털태인) 2개월 무료 이용권도 제공한다.
▲교육 일시: 3월 16일~4월 22일(매주 화·목 총 12회, 오후 7시~9시 30분)
-온라인 물건 분석(2회), 현장 스터디(2회) 일정은 추후 공지
▲교육 장소: 서울 강남구 역삼동 ‘멀티캠퍼스 역삼’
▲수강 인원: 선착순 30명 안팎
▲수강료: 1인당 150만원
▲신청 방법: 멀티캠퍼스 홈페이지 또는 QR코드 스캔 후 신청"
https://www.chosun.com/economy/real_estate/2022/08/16/XMQCJ5EUDRE4ZOPFENUZZDFWCE/,"“요즘 미술품 시장이 커지면서 젊은 작가 작품에도 투자를 많이 한다던데... 어떤 작품에 투자할 수 있을까.”
“건강보험제도 개편으로 올해 9월부터 27만명이 건보료를 새로 내야 하는데, 나도 해당할까.”
오는 19~20일 서울 강남구 삼성동 코엑스D홀에서 열리는 ‘2022년 대한민국 부동산 트렌드쇼’ 땅집고 특별관에 오면 이런 질문에 대한 답을 찾을 수 있다. 이번 트렌드쇼에선 땅집고와 제휴한 4개 회사가 부스를 마련한다.
국내 유일 민간 부동산 경매 시스템인 ‘땅집고 옥션’ 부스에선 공인중개사(법인·개인) 상담 창구를 마련했다. 땅집고옥션을 활용하면 부동산 매도자로부터 전속 매각 계약을 받기 유리해 중개사가 관심이 높다. 일반 관람객은 땅집고옥션에 출품한 알짜 꼬마빌딩 매물을 살펴보고, 보유 부동산에 대한 매각 의뢰도 할 수 있다.
알고리즘 전문회사인 ‘아티웰스’는 방문객에게 건보료 2차 개편 방침을 적용해 건강보험 피부양자 자격 유지 여부를 알려준다. 정부 세제 개편에 따른 종합부동산세 절세를 위해 부부 공동명의와 단독명의 중 무엇이 더 유리한지 시뮬레이션를 해준다.
청년 작가 작품을 주로 발굴하는 ‘갤리러 이든’은 국내 젊은 작가 4인 작품을 전시·판매하는 ‘미니 페어’를 개최한다. 이번 참여 작가는 송현주, 권혜현, 목지윤, 슈니타 등이다. 미래 투자 가치가 높은 젊은 작가 4인의 작품 100여점을 전시한다. 설에덴 갤러리이든 대표는 “최근 3~4년간 한국 미술 시장이 급성장하면서 국내는 물론 유럽·미국 등지에서도 한국 청년 작가를 주목하고 있다”며 “이번 미니 페어에 참여하는 4인도 국내·외에서 주목받는 대표적인 작가”라고 했다.
국내 최초 프리미엄 민간 대여금고 서비스인 ‘볼트 1932′는 땅집고 특별관에서 실물 대여금고와 첨단보안인증시스템을 직접 체험할 수 있는 이벤트를 선보인다."
https://www.chosun.com/economy/real_estate/2022/08/17/AS2IZWFZMZBSBID23TKNK2HWXM/,"정부는 윤석열 대통령의 대선 공약인 ‘청년 원가주택’과 ‘역세권 첫집’ 50만 가구를 조성, 시세의 70% 수준으로 청년층과 신혼부부 같은 무주택 서민에게 공급한다고 16일 밝혔다. 다양한 수요자가 만족할 수 있도록 원룸·소형·중소형 등의 주택형을 마련하고, 저금리로 40년 이상의 장기 대출도 제공할 계획이다.
정부는 우선 청년 원가주택과 역세권 첫집 브랜드를 통합해 청년(19~39세 이하), 신혼부부(결혼 7년 이내 등), 생애 최초 주택 구입자 등에게 공급하기로 했다. 청년 원가주택은 공급이 청년·신혼부부이고, 역세권 첫집은 공급 대상지가 역세권이라는 특징이 있을 뿐 결국 청년층에게 좋은 입지의 주택을 저렴하게 공급한다는 취지가 같아 두 유형을 통합하기로 했다.
입주자는 5년 이상 의무 거주해야 하며, 매각은 LH(한국토지주택공사) 같은 공공을 통해서만 가능하다. 시세차익이 발생하면 30%는 공공에 귀속된다. 연내에 고양 창릉·부천 대장·남양주 왕숙 등 3기 신도시에서 약 3000가구에 대한 사전 청약이 시행될 예정이다. 세부 공급 방안은 다음 달 발표하는 ‘청년 주거지원 종합대책’에서 공개된다. 박원갑 KB국민은행 수석부동산전문위원은 “50만 가구 공급이 현실화되면 2030세대의 주거 불안 심리가 상당히 누그러질 것으로 기대한다”고 말했다.
최장 10년간 임대로 살다가 분양 여부와 시기를 자유롭게 선택할 수 있는 민간 분양 주택 ‘내집마련 리츠주택’도 도입한다. 입주 시에는 분양가의 절반을 보증금으로 내고, 나머지 절반은 분양 전환 시 감정가로 내는 방식이다. 서울시가 적극적으로 추진 중인 ‘토지임대부 주택’ 개선안도 있다. 토지임대부 주택은 땅은 사업 시행자가 소유하고, 집만 수요자에게 판매하는 것으로 땅값을 내지 않아도 돼 분양가가 저렴하다. 그동안 주택 소유자가 LH에만 주택을 팔 수 있었는데, 앞으로 환매 사업자에 SH(서울주택도시공사) 등 지방 공기업도 포함해 공급을 활성화한다는 계획이다.
반지하·고시원 등 재해 취약 주택에 대해선 9월부터 해결책 마련을 위한 실태조사에 착수한다. 정부는 올해 안에 재해 취약 주택 리모델링, 공공임대 우선공급, 민간 임대 이주 시 전세 보증금 무이자 대출 등의 지원책을 마련하기로 했다."
https://www.chosun.com/economy/real_estate/2023/09/04/STQA4F2GKNHNBCDIGPVZ3MLXKM/,"보증금 5억원 이상 전셋집의 집주인이 보증금을 제때 돌려주지 못해 보증기관에서 대신 갚아주는 보증사고가 올해 들어 급증한 것으로 나타났다.
4일 맹성규 더불어민주당 의원이 주택도시보증공사(HUG)로부터 제출받은 자료에 따르면, 올해 들어 4월까지 전세 보증금 5억원 이상 주택에 대해 HUG가 집주인 대신 세입자에게 보증금을 돌려준 금액(대위변제액)은 총 1029억원으로 집계됐다.
보증금 5억원 이상 주택에 대한 HUG 대위변제액 규모는 2019년 401억원에서 2020년 552억원, 2021년 776억원, 지난해 813억원으로 3년 만에 두 배가 됐다. 하지만 올해는 4개월 만에 지난해 대위변제액 규모를 넘어섰다. 이 속도라면 올 연말 기준 대위변제액이 작년 총액의 두 배를 넘길 것으로 관측된다. 전체 대위변제액 중 5억원 이상 전셋집의 비중은 12.6%로 집계됐다,
현행 ‘전세사기 특별법’상 정부 지원이 가능한 주택 기준은 보증금 5억원 미만이다. 정부는 지난 5월 법 제정 논의 당시 전국 전세 계약의 84%가 4억5000만원 이하고, 전세 사기가 특히 몰렸던 서울 연립·다세대 전세의 97%가 4억5000만원 이하라는 논리로 요건을 ‘최대 5억원’으로 정했다. 맹성규 의원은 “고가 전세 보증금은 상대적으로 안전하다는 인식과 달리 5억원 이상 대위변제액도 급증하고 있다”며 “법 테두리 밖의 피해자들이 억울해하는 일이 없도록 사각지대를 줄여야 한다”고 말했다."
https://www.chosun.com/economy/real_estate/2024/10/28/YZYHPJF2NZFW5ERF3W5RHNNEB4/,"분당복합화력발전소 1블록 현대화 공사 수주
DL이앤씨가 1993년 준공된 경기도 성남시 분당복합화력발전소 1블록을 현대화하는 공사를 수주했다고 27일 밝혔다. DL이앤씨는 1블록 부지 내 일부 구조물을 철거해 500MW(메가와트) LNG 복합화력발전소를 짓는다. 노후 설비를 바꿔 발전 용량을 늘리고, 미세 먼지 등 오염 물질 배출량을 줄일 수 있는 설비도 구축한다. 전체 공사비는 2828억원으로 DL이앤씨 지분은 90%이다. 2028년 상반기 준공 예정이다.
‘용인 둔전역 에피트’ 미계약 가구 선착순 분양
HL디앤아이한라가 경기도 용인시 처인구 포곡읍 금어리에서 공급하는 ‘용인 둔전역 에피트’ 일부 미계약 가구를 선착순 분양하고 있다. 지하 3층~지상 최고 29층, 13동 1275가구 규모로 HL디앤아이한라가 아파트 브랜드를 ‘에피트’로 바꿔 용인 지역에서 처음 분양하는 단지다. 수도권 반도체 클러스터 중심지의 배후 주거지로 주목받는 입지에다 합리적인 분양가로 인기를 끌었다.
‘현대건설 기술엑스포 2024′ 개최
현대건설은 지난 24일부터 이틀 동안 서울 종로구 계동 사옥에서 협력사의 우수 기술과 제품을 전시하는 ‘현대건설 기술엑스포 2024′를 개최했다. 건설·자재·장비 등 270여 개 기업이 참가 신청을 한 올해 행사에서 현대건설은 6개 우수 협력사에 상패와 포상금을, 작년 기술엑스포에서 선보인 기술을 바탕으로 우수한 성과를 낸 26개 협력사에도 기술 적용 인증서를 전달했다."
https://www.chosun.com/economy/real_estate/2022/02/14/MT5OVDFH6VEEHO264A2YGYYQ7U/,"지난해 하반기부터 이어진 대출 규제와 금리 인상 영향으로 주택 수요가 급감하고 거래가 끊기자 사정이 급한 집주인들은 매수자를 찾기 위해 안간힘을 쓰고 있다. 시세보다 호가를 낮추는가 하면, 주택 매도 후 자신이 높은 금액에 전세로 사는 조건을 걸어 매수자의 자금 부담을 낮춰주는 사례도 확산하고 있다.
13일 부동산 업계에 따르면, 최근 서울 등 수도권에서는 양도세 일시적 2주택 감면 혜택이나 보유세 절감 목적으로 집을 급하게 처분하려는 사람을 중심으로 ‘매도 후 집주인 전세 거주’ 조건을 붙인 거래가 늘고 있다. 서울 성동구 A아파트 전용면적 84㎡는 지난해 12월 20억4000만원에 거래됐는데, 같은 날 12억원에 전세 계약도 체결됐다. 인근 중개업소에 따르면, 집주인이 전세로 거주하는 조건으로 이뤄진 거래다. 마포구 B아파트 전용 84㎡도 지난달 14억7000만원에 거래됐는데, 같은 날 10억7000만원에 전세 계약도 체결됐다.
일반적 세입자가 전세로 거주한다면 계약갱신청구권을 행사해 최장 4년까지 살 수 있다. 그러나 매도자가 전세로 들어가는 계약은 매수자의 자금 조달 상황에 따라 언제든지 집을 비워주는 것을 조건으로 하는 경우가 많다. 성동구에서 영업 중인 한 공인 중개사는 “집을 급하게 처분하는 사람은 대부분 일시적 2주택자 등 세금 혜택을 받으려는 것”이라며 “매수자의 자금 조달 부담을 줄여주기 위해 시세보다 비싼 가격에 전세로 거주하고 다른 세입자가 구해지면 집을 비워주는 경우가 많다”고 전했다.
집주인 전세 조건부 매매는 과거에도 거래가 뜸하거나 전셋값이 매매가 대비 높은 시기에 종종 나타났던 현상이다. 지난해에도 아파트 공시가격 및 종합부동산세율이 큰 폭으로 오르자 다급해진 다주택자들이 보유세 과세 기준일인 6월 1일 이전에 집을 팔고자 이런 조건을 제시하곤 했다. 마침 2020년 7월 주택임대차법 개정 후 전셋값도 급등하던 시기여서 매수자들은 일단 집을 산 후 전셋값이 오르면 다른 세입자를 구해 잔금을 치렀다.
한편 매매에 이어 전세 수요도 급감하면서 최근에는 집주인이 세입자의 중개 수수료를 대신 내주는 경우도 확산하고 있다. 과거에는 전세 수요보다 매물이 귀해 매도자는 중개 수수료를 반값만 내거나 아예 안 내는 경우도 흔했는데 지금은 오히려 중개사들이 매도자에게는 최고 요율 수수료를 청구하고 매수자에게는 깎아주는 사례도 늘어나는 추세다."
https://www.chosun.com/economy/real_estate/2021/09/08/B6FFX7R265EIJPUE6WZC2HZ5XQ/,"국내 1세대 디벨로퍼(부동산 개발 전문기업) 신영이 서울 용산구 한남동에서 고급 주거상품 ‘브라이튼 한남’을 선보인다. 지하 8층~지상 16층 건물에 51~84㎡(이하 전용면적) 오피스텔 121실과 103~117㎡ 공동주택 21가구가 들어선다. 교통이 편리하고 실내에서 한강을 볼 수 있는데다, 다양한 커뮤니티시설도 갖춰져 수요자들의 관심이 뜨거울 전망이다.
◇서울 ‘대표 부촌’ 속 고급 주거시설
한남동은 과거에도 서울을 대표하는 부촌으로 통했지만, 용산 미군기지 이전에 따른 개발 기대감으로 최근 더욱 주목받고 있다. 특히 2000년대 후반부터 들어선 한남더힐, 나인원한남, 유엔빌리지 등 초고가 주택에 유명 연예인과 기업인들이 대거 이주하면서 자산가들이 가장 선호하는 주거지 중 하나로 통한다.
브라이튼 한남은 한남동 내에서도 교통 여건이 좋기로 손꼽히는 입지다. 걸어서 5분 거리에 지하철 한남역이 있고 한남대교, 강변북로, 남산 1호 터널, 한남대로 등을 이용해 서울 전역으로 손쉽게 이동할 수 있다.
한강과 가까워 중층 이상에서는 한강 조망도 가능하다. 지상 3~13층에는 오피스텔이, 14~16층엔 공동주택이 들어선다. 지하 3층 이하에는 지하주차장이, 지하 1~2층엔 입주민 전용 편의시설이 조성된다.
각 세대는 계약자 취향에 맞춰 내부 설계를 선택할 수 있는 ‘커스텀 하우스(Custom House)’로 기획된다. 오피스텔은 1.5룸 또는 2룸 구성이 가능하며, 욕실도 2개까지 배치할 수 있다. 또한 1평(3.3㎡) 규모 초소형 공간인 ‘바이오필릭 큐브’가 만들어져 업무나 취미활동 등에 활용할 수 있다. 공동주택에도 서재, 홈트레이닝룸 등으로 활용할 수 있는 별도 공간이 제공된다.
옥상에는 입주민 전용 녹지 공간인 ‘루프탑 가든’이 만들어진다. 소파, 테이블, 선베드 등 휴식을 취할 수 있는 시설과 식사 공간, 반려동물 전용 공원도 조성된다.
◇다양한 편의시설과 주거서비스
브라이튼 한남의 지하 1~2층은 입주민만을 위한 ‘프라이빗 살롱’ 형태로 구성된다. 지하 1층은 휴식과 독서가 가능한 카페형 도서관과 입주민 전용 주방, 습도 조절 기능을 갖춘 세대별 창고 등으로 채워진다. 가족이나 친구끼리 영상을 볼 수 있는 감상실도 마련된다. 지하 2층에는 입주민 전용 라운지와 카페가 들어서고, 전문 강사가 상주하는 회원제 피트니스 센터도 들어선다.
신영은 종합 주거서비스 전문 기업인 ‘쏘시오리빙’과의 협업을 통해 다양한 주거 서비스를 준비하고 있다. 청소, 파티·케이터링 등의 기본적인 편의 서비스와 피크닉 용품 렌털, 세탁, 반려동물 케어, 육아 도우미 파견, 방역, 방문 세차 등의 생활 밀착형 서비스를 제공해 입주민 삶의 질을 높일 계획이다. 미세먼지 저감 시스템, 공기 살균 정화 및 환기 시스템 등도 적용된다.
분양 관계자는 “브라이튼 한남은 최근 고급 주거 상품의 트렌드와 소비자 수요에 대한 조사를 통해 평면 구성부터 편의시설, 주거 서비스까지 입주민 삶의 질을 극대화할 수 있는 상품으로 기획했다”며 “한강 조망이 가능하다는 희소성까지 갖춰 수요자들의 관심이 높다”고 말했다.
분양 홍보관은 이달 중 서울 강남구 삼성동 145-8번지(9호선 삼성중앙역 5번 출구 앞)에 개관할 예정이다."
https://www.chosun.com/economy/real_estate/2024/08/04/4KKABW7RZBE7TOWTFRTAX4SSC4/,"지난달 법원 경매에서 낙찰된 서울 아파트 5가구 중 1가구는 감정가보다 높은 가격에 거래된 것으로 나타났다. 최근 서울 아파트 값이 19주 연속 오르고, 최고가 거래가 속출하는 상황에서 아파트 매수 수요 일부가 경매 시장으로 유입된 영향으로 분석된다.
4일 경·공매 데이터 전문 기업 지지옥션에 따르면, 7월 낙찰된 서울 아파트 129가구 중 27가구(20.9%)의 낙찰가율이 100%를 넘은 것으로 나타났다. 평균 낙찰가율은 93.7%로 2022년 8월 이후 23개월 만에 가장 높았다.
지난달 낙찰가율이 가장 높았던 아파트는 서울 용산구 원효로 4가 용산 산호아파트(전용면적 41㎡)로 137.5%였다. 감정가는 8억3800만원이었는데 11억5237만원에 낙찰됐다. 서울 송파구 잠실동 리센츠(전용 59㎡)는 감정가(17억6000만원)보다 4억7000만원가량 높은 22억3388만원에 낙찰(낙찰가율 126.9%)됐다. 경매 낙찰가가 최근 이 아파트 실거래가 수준이다.
경매 시장에서 낙찰가율이 100% 넘는 아파트가 늘어나는 것은 그만큼 서울 아파트 매매 시장이 달아올랐다는 뜻이다. 일반 매매 시장에서 호가(呼價)가 오르고 매물이 줄면서 경매 시장으로 눈을 돌리는 수요자가 늘고, 경쟁이 치열해져 낙찰가가 오르는 것이다. 이주현 지지옥션 선임연구원은 “서울 집값이 무섭게 올랐던 2021년에 매매 시장에 매물이 줄면서 경매 시장에서 신고가가 속출했는데 요즘 분위기가 그때와 비슷하다”고 했다."
https://www.chosun.com/economy/real_estate/2024/11/06/3DRDQIPUWNC2BMJ5MNPE6L3ZAE/,
https://www.chosun.com/economy/real_estate/2021/02/22/BL6NILGUBFFWTKXUMGIKDDI6GA/,"지난달 서울 전·월세 시장에서 월세 비율이 39.5%로, 1년 전(26.8%)에 비해 거래 비율이 급증한 것으로 나타났다. 전·월세로 거래된 아파트 10채 중 4채는 월세였다는 의미다. 부동산 보유세 증가, 주택임대차법 개정의 여파로 집주인들이 전세보다 월세를 선호하게 되면서 ‘전세의 월세화’가 본격화하고 있다는 해석이 나온다.
21일 국토교통부가 발표한 주택 거래량 통계에 따르면, 지난달 전국 주택 전·월세 거래(신고일 기준) 17만9537건 중 전세가 10만5906건, 월세가 7만3631건이었다. 1년 전에 비해 전세는 1.1% 줄어든 반면 월세는 10.7% 늘었다.
전세는 줄고 월세는 늘면서 전체 전·월세 거래에서 월세 비율도 지난해 1월 38.3%에서 지난달 41%로 높아졌다. 특히 서울 아파트는 같은 기간 26.8%에서 39.5%로 급등했다. 전세 수요가 가장 많은 서울 아파트 시장에서 ‘전세의 월세화'가 두드러지고 있는 것이다.
정부는 지난해 7·10 대책을 통해 종합부동산세를 높이기로 했고, 보유세의 기준이 되는 공시가격도 매년 가파른 속도로 올리고 있다. 늘어난 세금 부담을 월세 형태로 임차인에게 전가할 수밖에 없는 집주인이 늘고 있는 것이다. 지난해 7월 말 임대차법 개정에 따라 계약 기간이 2년에서 4년으로 늘어난 점도 집주인들이 오랜 기간 목돈이 묶이는 전세보다 월세를 선호하게 만든 요인으로 꼽힌다. 이창무 한양대 교수는 “선진국처럼 우리도 장기적으론 전세가 사라질 수 있지만 특정 정책이 전세의 월세 전환을 부추기는 것도 바람직하진 않다”고 말했다.
한편, 이달 초 서울에서만 32만가구에 달하는 주택을 공급하는 내용의 ‘2·4 부동산 대책’이 발표된 후 집값 상승세는 다소 진정되는 분위기다. 부동산 정보 업체 ‘부동산114’ 조사에 따르면, 이달 19일 서울 아파트 매매 가격은 일주일 동안 0.14% 오르며 2주 전(0.17%)에 비해 상승 폭이 약간 줄었다. 한국부동산원 통계로도 서울 아파트값은 최근 2주 연속 상승 폭이 둔화되고 있다. 반면 신고가(新高價)를 갈아치우는 곳도 여전히 나오고 있다. 윤지해 부동산114 수석연구원은 “정부 대책의 효과는 이사철이 본격화되는 3월 초가 돼야 판단 가능할 것”이라고 말했다."
https://www.chosun.com/economy/real_estate/2021/07/15/NDKYYN3QRNFI5IWRXHOUF6GWGM/,"서울 송파구에 사는 40대 김모씨는 지난 13일 이메일로 재산세 고지서를 받고는 경악했다. 그가 올해 내야 하는 재산세 총액은 약 360만원. 작년보다 25% 늘었고, 현 정부가 출범한 4년 전 납부액(140만원)과 비교하면 2.6배가 됐다. 그는 “월급은 그대로고 애들 교육비 등 지출은 늘어 살림살이는 더 팍팍해졌다”며 “10년째 같은 집에 살면서 금전적 이득을 얻은 게 없는데 이번 정부 들어 세금만 눈덩이처럼 불어났다”고 말했다.
최근 재산세 1차분 고지서를 받은 주택 소유자들의 불만이 폭주하고 있다. 지난해 집값이 많이 오른 데다가 정부가 ‘시세와의 격차를 줄이겠다’며 공시가격을 대폭 올린 영향이다. 서울의 어지간한 30평형대 아파트를 가진 사람은 1주택자라도 한 달치 월급에 맞먹는 돈을 재산세로 낼 판이다. 정부는 집값이 올랐으니 응당 세금도 늘어나는 것이라는 논리를 펴지만, 납세자들은 “집을 팔아 현금을 손에 쥔 것도 아닌데, 세금 내느라 허리가 휠 지경”이라는 불만을 쏟아내고 있다.
◇한 달치 월급을 세금으로
서울시는 올해 7월분 주택 재산세가 지난해보다 15.8% 늘어난 1조6546억원으로 집계됐다고 14일 밝혔다. 건물·선박·항공기 등 비주거용 자산까지 더한 재산세는 2조3098억원으로 작년보다 12.1% 늘었다. 재산세는 7월과 9월에 걸쳐 절반씩 낸다.
재산세가 늘어난 것은 주택 공시가격이 가파르게 오른 영향이다. 작년보다 아파트 등 공동주택 공시가격은 19.9%, 단독주택 공시가격은 9.83% 올랐다. 정부는 “공시가격이 시세보다 지나치게 낮아 현실화가 필요하다”는 명분으로 작년 서울 아파트값 상승률(한국부동산원 기준 3%, KB국민은행 기준 13%)보다 더 큰 폭으로 공시가격을 올렸다.
재산세 고지서를 확인한 1주택자들은 분통을 터뜨리고 있다. 서울 강동구에 사는 70대 은퇴자는 “평생 일해서 20년 전 아파트 한 채 샀는데, 이 정부가 나한테 무슨 도움을 줬다고 내 집에다가 세금을 수백만원 매기느냐”고 했다. 인터넷 커뮤니티에는 “이 정부가 집값 올린 건 결국 세금 뜯어가려는 목적” “집주인한테 세금은 잔뜩 걷고, 적폐 취급하는 정부”라는 글들이 올라왔다.
성동구 행당동 ‘서울숲더샵’ 전용 84㎡를 보유한 40대 직장인은 올해 내야 할 재산세가 230만원으로 작년보다 50만원 넘게 올랐다. 그는 “집 가졌다는 이유로 나라에 벌금 내면서 사는 기분”이라고 했다. 서초구 반포동 ‘반포자이’ 전용 84㎡에 사는 50대 주부는 “재산세만 800만원 정도를 내는데 12월엔 종합부동산세가 얼마나 나올지 걱정”이라며 “시세 차익을 실현한 것도 아닌데 1주택자는 재산세를 대폭 줄여줘야 하는 것 아니냐”고 했다.
◇”정부 정책 실패를 납세자가 떠안는 꼴”
정부는 공시가격 과속 인상에 따른 서민들의 세금 부담을 낮추기 위해 올해부터 공시가 9억원 이하 주택의 재산세율을 0.05%포인트 낮췄다. 하지만 올해 주택 공시가격이 워낙 가파르게 오른 탓에 세율 인하에도 실제 납부하는 세금은 작년보다 늘어난 가구가 많다.
재산세 부담이 가파르게 늘면서 분납 신청을 하는 사람도 많아졌다. 김상훈 국민의힘 의원이 서울시로부터 제출받은 자료에 따르면, 2016년 37건에 불과했던 재산세 분납 신청이 지난해 1478건으로 40배 가까이 늘었다. 정수연 제주대 교수는 “정부의 부동산 정책 실패로 집값에 거품이 생겼는데, 이를 재산세 명목으로 납세자의 부담으로 돌리고 있다”면서 “과도한 조세부담이 조세저항으로 이어질 수 있다”고 말했다."
https://www.chosun.com/economy/real_estate/2021/06/12/Z5BM2JPDRFENZJ25D6BGPM6WWQ/,"올해 1월 분양한 경기도 성남 ‘판교밸리자이’ 오피스텔은 전용면적 84㎡ 분양가가 10억원이 넘어 “지나치게 비싸다”는 불만이 나왔다. 그런데도 282실 모집에 6만5503명이 몰리며 평균 232대1의 경쟁률로 마감됐다. 부동산 전문가들은 “이번 정부 들어 집값이 계속 치솟고 아파트 청약 당첨이 ‘바늘구멍’ 통과하기가 되자 비슷한 면적의 오피스텔이라도 사는 게 낫다는 수요가 몰린 결과”라고 해석했다.
◇아파트 분양가 통제의 역설
아파트와 오피스텔의 분양가 역전은 정부의 인위적인 가격 통제가 초래한 결과다. 아파트 분양가가 주변 시세에 비해 턱없이 낮게 책정되면서 건설업계는 오피스텔로 몰리는 절박한 실수요를 활용해 이익을 내고 있다. 한 시행사 관계자는 “아파트 분양가를 통제하니 오피스텔이나 도시형 생활주택 같은 대체 상품으로 이익을 보전할 수밖에 없다”고 말했다. 한 분양 대행사 대표는 “예전엔 미분양이 두려워 오피스텔 분양가를 높게 책정하지 못했지만 최근엔 ‘비싸게 내놔도 팔린다’는 인식이 퍼졌다”고 말했다.
정부의 분양가 규제가 서울 도심에 원활한 주택 공급을 방해하고 있다는 지적도 나온다. 분양가를 둘러싼 시행사·조합원들과 행정기관 간 갈등이 장기화돼 신규 분양이 지체되는 일이 빈번한 것이다. 서울 중구 ‘힐스테이트세운센트럴’은 작년 8월 상한제 적용을 받지 않는 도시형 생활주택 487가구를 먼저 분양한 후, 아파트 535가구는 아직 분양 일정도 잡지 못하고 있다. 시행사는 지자체가 정한 분양가를 받아들일 수 없다는 입장이다. 1만2000가구가 넘는 서울 최대 재건축 사업장인 강동구 ‘둔촌주공아파트’도 2017년 이주 후 4년이 지나도록 분양가 합의가 안 돼 공급이 지연되고 있다.
◇청약 광풍 속 현금 부자에게만 기회
민간택지 분양가 상한제는 무주택자의 내 집 마련 부담을 덜고, 인근 지역 집값까지 낮추겠다는 목적으로 작년 하반기 부활했다. 하지만 정부의 인위적인 규제로 분양가가 주변 시세보다 수억원 낮게 책정되다 보니 전국적으로 ‘청약 광풍’이 불었고, 아파트와 오피스텔 간 가격 역전 현상이 나타나는 부작용도 속출했다.
서울 강남권처럼 아파트값이 비싼 곳에선 청약을 통해 현금 부자만 이득을 본다는 지적도 나온다. 이달 17일 청약을 받는 서초구 반포동 ‘래미안 원베일리’ 분양가는 9억500만~17억2000만원이다. 가장 작은 평형도 9억원을 넘어 중도금 대출이 되지 않고, 입주할 때 시세가 ‘대출 금지 기준’인 15억원을 넘을 가능성이 커 잔금 대출도 불가능할 전망이다. ’10억원짜리 로또'로 불리지만, 대출 없이 돈을 마련할 수 있는 현금 부자만 기회를 잡을 수 있는 셈이다.
대한부동산학회장인 서진형 경인여대 교수는 “분양가 상한제 도입 이후 일부 아파트 분양가는 낮아진 반면 주택 공급이 줄어드는 부작용이 나타났다”며 “현실적인 분양가를 책정하면서 채권입찰제 등을 통해 시세 차익 일부를 회수해 주거복지에 쓰는 방안을 검토할 필요가 있다”고 말했다."
https://www.chosun.com/economy/real_estate/2023/04/04/PYL5LFWGUFBIDJAP2HHMICNSLM/,"[땅집고] 국내 최고 실전형 건축스쿨인 땅집고 건축주대학이 봄 건축 시즌을 앞두고 4월 18일 27기 과정을 개강한다. 이번 교육은 수익형 빌딩에 관심 있는 예비 건축주를 대상으로 한다. 건축주대학은 단순한 집짓기 기초 교육이나 건축 인문학 강의가 아니라 ‘돈 버는 건축’ 노하우에 초점을 맞춘다. 2017년 개설 이후 1500여명이 수강했고 실제 건축에 나선 건축주도 많다.
강의는 케이스 스터디 중심으로 총 12회 진행한다. 건축 성공 노하우를 눈으로 직접 보고 배우는 현장 스터디 2회를 포함한다. 심영규 프로젝트데이 건축PD가 성공하는 건축 기획 전략을 제시한다. 김종석 에이티쿠움파트너스 대표와 홍만식 리슈건축 소장은 건물 가치를 높이는 설계 노하우를 소개한다.
김형섭 마고퍼스종합건설 대표는 시공에서 놓치지 말아야 할 실전 노하우를 강의하며, 김예림 변호사가 건축 소송 및 부동산 분쟁 예방 포인트를, 조하림 세무사는 상속·증여·양도 세무 전략을 각각 알려준다.
수강료는 190만원이며 사전 신청 또는 부부가 함께 등록하면 할인한다. 수강 신청은 땅집고M 홈페이지(www.zipgobiz.com)에서 하면 된다. 문의 (02)6949-6190."
https://www.chosun.com/economy/real_estate/2020/10/05/WB2MW5HHGREUZCEWRS5WXTNY24/,"정부가 서울 등 수도권 주택 공급 확대를 위해 마련한 ‘8·4 대책’의 핵심인 공공재건축이 초반 흥행에 실패하고 있다. 용적률(토지면적 대비 층별 건축면적 총합의 비율), 층수(層數) 완화 등 정부 입장에서 나름 파격적인 인센티브를 내놓았음에도 민간 조합 중 참여 의사를 보이는 곳이 좀처럼 없다. “공공재건축을 통해 5만가구를 공급하겠다”던 정부 약속이 공수표로 돌아갈 것이란 우려가 나온다.
◇공공재건축 사전 흥행 저조
정부가 8월 20일부터 ‘공공정비사업 통합지원센터’를 열고 지난달 말까지 재건축 조합으로부터 공공재건축 사전 컨설팅 신청을 받은 결과 총 15곳의 조합이 참여하기로 했다. 당초 24일까지만 해도 참여 조합이 6곳에 불과했지만 지원센터의 막판 독려로 인해 추석연휴 직전에 참여 신청이 몰렸다. 막판 분전을 통해 10곳 넘는 조합의 참여를 이끌어내긴 했지만, 사전 컨설팅보다 훨씬 확정적 단계인 시범사업지 공모에 약 20곳의 조합이 참여한 공공재개발과 비교하면 온도 차가 크다.
공공재건축을 신청한 것으로 알려진 아파트 역시 대부분 소규모 단지들이어서 재건축이 된다 하더라도 주택 공급 효과가 크지 않을 것으로 전망된다.
정부는 8·4 대책을 통해 수도권에 13만2000가구의 주택을 공급하겠다고 밝혔는데, 이 중 5만가구가 공공재건축 방식으로 공급될 계획이다. 전체 계획의 40%를 차지하는 큰 축이 시작부터 삐걱대는 셈이다.
◇조합들 “실익 없고, 규제 너무 많아”
조합들이 공공재건축에 회의적 반응을 보이는 이유는 ‘실익이 없다’는 것이다. 용적률과 층수 규제가 완화돼 지을 수 있는 아파트가 늘어나면 수익성이 높아지는 것은 맞지만, 늘어난 아파트 가구의 절반 이상을 공공이 환수하는 데다 빽빽하게 지음으로써 주거 쾌적성이 떨어지는 것을 감안하면 실익이 거의 없다는 것이다.
용적률이 늘어나는 만큼 임대주택이 늘어나는 점도 공공재건축을 꺼리는 요인 중 하나다. 특히 강남 등 자산 수준이 높은 지역 입주민들은 임대주택을 기피하는 경향이 강하다. 초과이익 환수제, 분양가 상한제 등 보다 강력한 규제가 그대로 살아있다는 점도 강남 조합들이 공공재건축에 소극적인 이유다.
주택정비업계 관계자는 “공공이 주도하면 재건축 절차가 좀 더 투명해지거나 효율적일 것 같지만 실제로는 그렇지 않다는 것을 조합원들이 잘 알고 있다”며 “지금 같은 공공재건축 방식으로는 정부가 기대하는 만큼의 성과를 내긴 어려울 것”이라고 말했다."
https://www.chosun.com/economy/real_estate/2024/12/02/BJNJ7F663JEO5MEJ5XX7JKJQL4/,"이번달 전국에서 총 2만 8070세대가 분양에 나선다. 부동산 정보제공업체 ‘직방’에 따르면 이번달 전국 아파트 분양 예정 물량은 총 40개 단지, 2만 8070세대로 이중 일반분양 물량은 1만7358세대로 집계됐다. 전년동월(2만9011세대)과 비교해 3% 적은 물량이다.
권역별로는 수도권 1만2995세대, 지방 1만5075세대가 공급된다. 수도권은 경기도가 8454세대로 가장 많고, 서울은 2347세대, 인천 2194세대가 분양 예정이다. 지방에서는 △부산 3249세대 △충북 2942세대 △충남 2213세대 △전남 1814세대 △대구 1596세대 △대전 952세대 △울산 899세대 △세종 698세대 △전북 287세대 △경남 261세대 △제주 164세대 순이다.
개별단지별로 살펴보면 서울에서는 서초구 방배동 래미안원페를라 1097세대가 12월 분양을 준비 중이다. 방배6구역을 재개발해 짓는 단지로 465세대가 일반분양으로 공급된다. 중랑구 상봉동에서는 999세대 규모의 더샵퍼스트월드 단지가 분양한다. 과거 상봉터미널 부지에 위치해 있고 재개발된 복합 주거단지다.
경기와 인천에서는 의왕시 월암동 의왕월암지구1차디에트르B2BL 703세대, 경기 평택시 장안동 브레인시티푸르지오 1990세대, 인천 서구 마전동 검단신도시파밀리에엘리프(AA32) 669세대, 인천 연수구 옥련동 래미안송도역센트리폴1BL 706세대 등이 이달 중 분양 예정이다.
그 외 지방과 광역도시에서는 대전 동구 가오동 대전롯데캐슬더퍼스트 952세대, 전남 순천시 동외동 힐스테이트순천리버시티 876세대, 충남 아산시 탕정면 탕정푸르지오센터파크 1416세대 등이 분양에 나선다."
https://www.chosun.com/economy/real_estate/2025/06/24/4IGWGH2ET5FOLKSEGK6P44B3ZM/,"농어민이 아닌 일반인도 단독 주택 건축이 가능한 농림 지역이 일부 늘어난다. 농공단지 건폐율은 상향되고, 농촌 마을에 공장 등 입지가 제한되는 제도도 도입된다.
국토교통부는 24일 이 같은 내용의 국토계획법 시행령 개정안이 국무회의에서 의결됐다고 밝혔다. 국토부는 “인구 감소로 침체된 농어촌의 정주 여건을 개선하고 지역 경제에 활력을 불어넣기 위해 추진해온 사안”이라고 설명했다.
개정안에 따르면, 농림 지역 내에서 농어업인이 아닌 일반 국민의 단독 주택 건축을 허용하는 지역이 일부 확대된다.
이전까지 전체 농림 지역 중 보전 산지(80.2%)와 농업진흥구역(15.9%)에선 농어민만 주택을 소유할 수 있었고, 농업보호구역(2.8%)에서만 일반인이 단독 주택을 지을 수 있었다.
농업진흥구역은 농사를 짓는 데 필요한 땅, 농업보호구역은 진흥구역의 용수원 확보 등 농업을 뒷받침하기 위한 땅을 말한다.
개정안은 농림 지역 중에서 보전 산지, 농업진흥구역, 농업보호구역이 아닌 나머지 지역 약 570㎢ 면적에서도 일반인이 단독 주택을 지을 수 있게 했다. 전체 농림 지역 중 비율은 1.2%에 불과하지만, 면적은 140만 필지 총 573㎢로, 광주광역시 면적(501㎢)보다 큰 수준이다.
국토부 관계자는 “도시 거주민도 농어촌 체류가 좀 더 쉬워지면 귀농·귀촌이나 주말 여가 수요가 늘고, 생활 인구 증가로 이어질 것을 기대한다”고 말했다.
농공 단지의 건폐율 제한은 70%에서 80%로 완화된다. 도로나 상하수도 등 요건을 갖추거나 도시계획위원회 심의를 거치면 완화가 가능하다. 농어촌 입주 기업이 부지를 추가로 구하지 않아도 시설을 확충할 수 있게 되는 것이다. 지역 투자 확대와 일자리 창출에 도움이 될 것으로 국토부는 기대하고 있다.
농촌 마을에 공장이나 대형 축사의 입지가 제한되는 ‘보호 취락 지구’ 제도도 도입된다. 국토부는 “농촌 주거 환경이 개선되면 자연 체험장 등 관광 휴게 시설 등을 마을 수익원으로 활용할 수 있을 것으로 전망된다”고 했다."
https://www.chosun.com/economy/real_estate/2023/05/08/QTB4NN5LYZHNTOAA3QIS2QSY6Y/,"직방을 이용하는 20·30세대의 절반 이상이 부동산 투자에 관심이 있는 것으로 조사됐다.
8일 부동산 플랫폼 직방이 애플리케이션 이용자 726명을 대상으로 올해 투자계획에 대해 설문조사를 진행한 결과, 응답자의 36%가 재테크, 투자수단으로 부동산을 보유하고 있다고 응답했다. 40.8%는 현재 부동산은 없지만 ‘투자 예정’이라고 응답했고, 부동산을 투자 목적으로 보유하고 있지 않으며 ‘계획 없다’라고 응답한 비율은 23.3%였다.
특히 20·30대는 현재 재테크, 투자수단으로 부동산을 보유하고 있는 비율이 19.6%로 낮았지만, 향후 부동산에 투자 예정이라고 응답한 비율(54.5%)은 절반 이상이 넘어 다른 연령대에 비해 부동산 투자에 대한 관심도가 높게 나타났다.
현재는 부동산에 투자하고 있지 않지만 투자 예정이라고 답한 응답자가 고려 중인 상품으로는 ‘기존 아파트’가 45.9%로 가장 많았다. 이어 신규 아파트 청약(23.3%), 아파트 분양권·입주권(12.5%) 등 순으로 나타났다.
올해 투자를 계획한다면 투자 비중을 늘릴 상품으로는 ‘부동산’이 39.9%로 가장 많았다. 그 다음으로는 예·적금(19.8%), 주식(16.1%), 그대로 유지(12.4%), 금(5.0%) 등의 순서로 응답했다.
직방 관계자는 “올해 투자 비중을 늘린다면 부동산에 투자하겠다는 응답이 10명 중 4명으로 여전히 부동산에 관심이 많은 것으로 나타났다”면서 “이런 움직임은 최근 고점대비 가격이 하락 조정된 일부 지역, 아파트를 중심으로 급매물 거래가 늘어난 움직임에서도 확인할 수 있다”고 했다."
https://www.chosun.com/economy/real_estate/2021/07/07/EMQCVY4XB5FTJITDKWR3HWOJH4/,"서울 강동구 암사동 458번지에 들어서는 지역주택조합 아파트 ‘암사한강’이 조합원을 모집 중이다. 이 아파트는 지하 2층~지상 최고 25층, 7개 동(棟), 전용면적 59~84㎡ 약 600가구 규모로 계획돼 있다. 전용면적 59㎡(A·B 타입) 472가구, 84㎡ 128가구로 구성 예정이다. 실수요자들의 선호도가 높은 중소형 평형만으로 구성된 것이 특징이다.
암사한강은 지하철 8호선 암사역에서 직선거리로 약 500m 떨어져 있다. 걸어서 5~10분 거리다. 암사역에서 잠실까지는 4개 정거장 거리로 잠실 상권을 이용할 수 있다. 지하철 5호선 명일역과 지하철 9호선 연장이 예정된 고덕역도 가깝다. 올림픽도로, 강변북로, 서울외곽순환도로를 통해 차량으로 강남권에 20분대에 갈 수 있다.
교통 호재도 있다. 암사동과 경기 남양주 별내 구간 12.9㎞를 연결하는 8호선 연장 구간(별내선)이 2023년 완공 예정이다. 단지 인근 암사역에서 출발해 남양주 별내동에 이르는 노선으로, 6개 정거장이 들어선다. 올해 6월 기준 69%의 공정률을 기록하고 있는데, 공사가 끝나면 잠실에서 별내까지 27분 만에 갈 수 있다.
2023년 완공을 목표로 고덕동 345번지 일원 23만4000여㎡ 규모로 조성되는 고덕비즈밸리 개발 수혜도 기대된다. 고덕비즈밸리에는 대기업과 중소기업 등 150여개가 입주할 예정이고, 관련 종사자 등의 인구 유입으로 주택 수요가 늘어날 전망이다.
단지가 들어서는 암사동 주변 아파트의 3.3㎡ 시세는 전용면적 84㎡ 기준으로 입주 20년이 넘은 ‘한강현대’(417가구)가 약 3700만원, 2008년 입주한 ‘강동롯데캐슬퍼스트’(3226가구)는 약 4700만원 정도이다. KB국민은행 조사에 따르면, 강동구 아파트 매매가격은 올해 들어 8.92% 올랐다. 인접한 송파구(6.81%)나 한강 건너 광진구(4.14%)보다 훨씬 상승폭이 가파르다.
암사한강은 합리적인 공급가격이 장점으로 꼽힌다. 조합 측은 “암사한강은 공급가격이 3.3㎡당 1500만원대부터 시작, 주변 시세의 절반 수준 정도여서 집값 상승으로 내 집 마련 부담이 가중된 서민들의 관심이 많을 것으로 보인다”며 “7월에 지구단위계획 접수와 부분 철거가 진행될 예정이어서 사업 진척도 빠르다”고 했다.
단지에서 강일중·명일초·명덕초 등을 걸어서 통학할 수 있다. 한영외고·배재고·명일여고·광문고 등도 가까워 교육환경이 좋다. 이마트, 암사종합시장, 중앙보훈병원 등도 가깝다. 단지 안에는 각종 스마트 설계가 적용될 예정이다. 우선 홈네트워크를 통해 가스 밸브차단과 거실조명 원격 제어가 가능하다. 공기정화 시스템, 음식물 쓰레기 처리 시스템, 입주민을 위해 특화된 수납공간 등도 제공한다.
암사한강은 지역주택조합 아파트로 청약통장이 필요 없고 조합설립인가 기준으로 서울·인천·경기도에 6개월 이상 거주한 무주택자(전용 85㎡ 이하 1채 보유)면 누구나 조합원 자격을 가질 수 있다. 조합 관계자는 “잠실생활권을 온전히 누릴 수 있고 한강 조망권도 기대할 수 있어 인기가 갈수록 높아지고 있다”고 말했다. 주택홍보관은 서울시 광진구 능동 255-4번지(천호대로 634)에 있고, 코로나19 방역수칙을 철저히 지키며 상담을 진행 중이다."
https://www.chosun.com/economy/real_estate/2021/12/09/5L3KLHULJRCM5AZXQLWHHMSXLI/,"아파트 월세 지수와 거래 건수가 역대 최고치를 기록한 것으로 나타났다. 지난 8일 홍남기 경제부총리 겸 기획재정부 장관이 최근 전세시장 등 주택시장이 안정화 흐름을 보이고 있다고 자평했지만, 전세 상승세 둔화는 그보다 빠른 월세 전환으로 인한 착시 효과로 분석된다. 전세가격이 크게 오르면서 높아진 보증금을 감당하지 못하는 세입자들이 반전세나 월세로 밀려나면서 전세 가격 상승률이 둔화되는 것처럼 보이지만 세입자 부담은 높아진 것이다.
9일 KB부동산 월간주택가격동향에 따르면 지난 11월 서울 아파트 월세 지수는 108.6으로 지난 2015년 12월 관련 통계를 작성하기 시작한 이후 최대치를 기록했다. 강북 14개구와 강남 11개구 아파트 월세지수도 각각 107.5, 109.7로 역대 최고치였다.
95.86㎡ 이하 중형 아파트 월세 추이를 조사해 산출하는 KB아파트 월세지수는 2019년 1월을 100.0 기준으로 삼아 조사하는데, 통계 작성이 시작된 2015년 12월 이후 99~100을 유지하다가 작년 말부터 본격적으로 상승하기 시작했다. 올해 5월 105.8, 8월 107.0, 11월 108.6까지 치솟았다.
서울 뿐 아니다. 인천·경기 아파트 월세 지수도 상승세다. 1년 전인 작년 11월과 비교하면 서울이 5.79포인트 올랐고, 인천(8.3포인트), 경기(6.55포인트)는 지수가 서울보다 큰 폭으로 뛰었다.
월세 거래 건수도 역대 최고치이다. 서울부동산정보광장에 따르면 올해 1~11월 서울 아파트 월세 거래는 5만9922건으로 역대 최대치를 기록했다.
서울 아파트 평균 월세가격도 1년 사이 10% 올랐다. 한국부동산원에 따르면 서울 아파트 평균 월세는 작년 10월 112만원에서 올해 10월 123만4000원으로 10.17% 상승했다. 전세 매물이 줄면서 월세 매물을 찾는 사람도 많아진데다가 금리인상과 종부세 등 집주인의 비용이 세입자에게 전가되고 있다는 해석이 나온다.
부동산 전문가들은 “내년 계약갱신청구권이 만료된 세입자들이 새로운 계약을 할 때가 되면 전·월세 가격이 한번 더 급등할 것”이라고 말했다."
https://www.chosun.com/economy/real_estate/2023/12/11/IFF42XMOKFCHDEBEVNALIBEENM/,"재건축·재개발이 끝나 입주까지 마치고도 특별한 이유 없이 조합 청산을 미루는 조합장을 정부나 지자체가 수사기관에 고발할 수 있게 된다. 이유 없이 조합 청산을 미루고 월급과 상여금을 연금처럼 챙기는 꼼수를 막으려는 조치다.
10일 국토교통부에 따르면, 이런 내용의 도시 및 주거 환경 정비법 개정안이 지난 8일 국회 본회의를 통과해 내년 6월부터 시행된다. 개정법은 청산 절차가 진행 중인 조합에 대해 국토부와 지자체가 현장 조사 및 위법 사항 시정 요구, 수사기관 고발 등을 할 수 있도록 권한을 부여한 게 핵심이다. 지금까지는 조합원들이 청산 고의 지연 문제를 해결하려면 소송을 통해서나 가능했고, 정부나 지자체가 개입할 수 없었다.
현행법상 재건축·재개발 조합은 아파트 소유권 이전이 끝나면 1년 이내에 해산 총회를 열고 청산인을 선임해 재산 관계 정리를 마쳐야 한다. 일반적으로 조합장이 청산인을 맡는데, 청산인이 고의로 청산 절차를 지연해 조합원들과 갈등을 빚는 사례가 많았다. 김영호 더불어민주당 의원실에 따르면, 2010년 이후 해산한 전국 재건축·재개발 조합 387곳 중 253곳(65.4%)의 청산이 완료되지 않았다. 서울 내 미청산 조합 75곳의 조합장·직원 월평균 급여는 440만원인데 이 돈은 조합원들에게 분배해야 할 분양 수익에서 나온다."
https://www.chosun.com/economy/real_estate/2020/10/23/6LPE2JXPTRECXGQCBYZXUMXYBU/,"김현미 국토교통부 장관이 후회되는 부동산 정책이 있느냐는 질문에 “나중에 기회가 되면 말씀드리겠다”며 말을 아꼈다. 그러면서 “주택 정책을 맡고 있는 저의 많은 실수도 있었고 아쉬운 점도 많다”고 털어놨다.
23일 서울 여의도 국회에서 열린 국토교통부 종합감사에서 심상정 정의당 의원은 “한국감정원 기준으로도 서울과 수도권 집값이 많이 올라 뼈아프실 거라 생각한다”며 “지금 돌이켜 볼 때 후회되거나 아쉬운 정책이 있느냐”고 물었다. 질문을 받은 김 장관은 곤란한 듯 미소를 지으며 “나중에 기회가 되면 (답변) 하겠다”고 했다.
심 의원은 “제가 볼 때는 하나마나 한 종부세와 주택임대사업자 제도가 문제”라며 “불로소득에 대해 제대로 과세하지 않아 투기 세력에 꽃길을 깔아줬다”고 지적했다.
김 장관은 “주택 정책을 맡고 있는 저의 많은 실수도 있었고 아쉬운 점도 많다”며 “저희 책임이 크다. 7·10 대책이 법제화됐으니 잘 안착되도록 하겠다”고 답변했다.
문재인 정부는 2017년 말 ‘임대주택 활성화’ 방안을 통해 등록임대사업자에게 각종 세제 혜택을 줬다. 임대주택으로 등록하면 다주택자도 큰 세금 부담 없이 아파트를 보유할 수 있어 집값 급등의 한 원인이라는 비판을 받았다. 이런 지적에 정부는 ‘7·10대책’을 통해 아파트 임대주택 제도 등을 폐지하고, 다주택자에 대한 취득세·종부세 등을 강화했다.
김 장관은 1가구 1주택 실거주자에 대한 보유세 부담 완화 여부를 묻는 질의엔 “종부세는 지난 법 개정을 통해 1가구 1주택 장기보유 세금을 80% 감면하는 것으로 많은 혜택을 준 것으로 생각한다”며 “현재 특별한 세제개편 상황은 아니며 이에 대해 검토도 하지 않고 있다”고 했다."
https://www.chosun.com/economy/real_estate/2023/07/26/EDUMSNUWC5CBHKTLIFVMIM4CGQ/,"주중엔 도시에서 일하고 주말 이틀이나 사흘을 자연과 함께 휴식을 즐기는 ‘오도이촌’ ‘사도삼촌’ 같은 신조어가 유행이다. ‘잘 쉰다’는 것이 일부 개인이 아닌 시대의 화두가 된 요즘이다.
강원도 양양의 고급 리조트 ‘설해원(雪海園)’은 국내에서 격이 다른 휴식을 창조하는 브랜드로 명성을 얻고 있다. KLPGA 대회가 열리는 골프코스 45홀과 자연 온천, 품격 있고 다양한 객실로 많은 사랑을 받고 있다. ‘설악(雪)과 동해(海)를 품은 쉼의 정원(園)’이라는 뜻을 담은 설해원이 최근 ‘설해별담(雪海別譚)’이라는 단독주택형 별장을 완공했다. 설해별담은 설해원이 만든 특별하고(別), 깊고 큰(譚) 휴식을 누릴 수 있는 별장이라는 뜻이다.
◇청량리-속초 KTX로 접근성 더 좋아져
부동산 투자의 관점에서 설해별담은 안정성이나 상품성 면에서 빼어난 점수를 받을 만하다. 설해별담은 현재 5개 타입의 20가구가 완공된 상태다. 브로셔만 보고 구입을 결정해야 하는 부동산 상품과 본질적으로 다르다. 별장의 세세한 부분까지 직접 확인하고, 설해별담만의 강점과 특징을 느낀 다음 구매 여부를 결정할 수 있다.
교통망 확충 등 개발 호재도 많다. 설해별담은 지금도 서울양양고속도로를 이용하면 서울에서 약 150km 정도로 접근성이 좋지만, 2027년 청량리와 속초 간 KTX가 개통하면 1시간 10분이면 닿을 예정이다. 동해북부선 강릉-제진 철도사업도 비슷한 시기에 완공돼 설해원 인근에 정차할 것으로 보여 교통 인프라가 더욱 개선될 전망이다. 이런 인프라 확충 덕에 양양 지역은 해마다 공시지가가 눈에 띄게 오르고 있다.
◇설해원 안에서도 특별한 ‘명당’ 입지
설해별담은 330만㎡가 넘는 설해원 전체 부지에서 가장 조망이 좋은 자리에 들어섰다. 설해원이 특별히 아껴뒀던 별장용 부지다. 설해원은 골프장인 ‘더 레전드 코스’를 설계할 때도 나중에 설해별담이 들어설 것을 염두에 뒀다. 페어웨이보다 20m쯤 높은 곳에 설해별담이 지어진 덕분에 입주자가 골프 코스를 개인 정원처럼 느낄 정도라고 한다.
국내 다른 별장 단지가 도저히 따라올 수 없는 설해별담의 강점은 조망권이다. 사방이 막힘없이 뚫려 있어 해발 1708m인 설악산 대청봉이 손에 잡힐 듯 가까이 보인다. 양양의 맑은 공기 덕분에 평상시엔 30km 떨어진 곳까지 보이고, 청명한 날씨에는 50km쯤 떨어진 건봉산(乾鳳山)까지 조망되기도 한다. 설해별담이 들어선 곳은 풍수학적으로도 황금 닭이 알을 품은 ‘금계포란(金鷄胞卵)’의 지세를 갖춘 명당이라고 한다. 게다가 온천과 골프 등 설해원의 휴식 인프라까지 더해져 별장으로서 가치가 더욱 두드러진다.
설해원 관계자는 “설해별담은 온전한 휴식을 제공하는 별장 본연의 가치와 부동산 상품으로서 경제적 가치를 겸비했다”고 말했다."
https://www.chosun.com/economy/real_estate/2023/10/30/EGAEYO74WVCA7NEME6QOLJDN5Y/,"다음달 서울에서 1년10개월 만에 가장 많은 가구가 입주한다. 대단지 입주 물량이 풀리면 주변 전셋값이 하락하는 것이 통상적이지만, 아파트 전세 수요가 늘면서 서울 지역 전세가격 상승세는 지속될 전망이다.
30일 직방에 따르면, 다음달 서울에서는 강남구 내 단일 단지로 가장 큰 규모인 ‘디에이치 퍼스티어 아이파크’ 6702가구가 입주한다. 이는 2022년 1월(7804가구) 이후 서울에서 가장 많은 입주 물량이 공급되는 것이다. 올해 서울 입주물량은 3만470가구로 지난해(2만843가구)보다 46% 증가했다. 특히 강남권역에 입주물량이 집중됐다. 강남구가 1만1211가구로 가장 많고, 서초구도 3320가구가 입주했다.
일반적으로 입주물량이 집중될 경우 입주 전 잔금을 마련하려는 매물들이 쏟아져 전세 가격의 하락 조정이 발생한다. 하지만 올해 강남권역은 입주물량 공세에도 인근 아파트 전세가격에 영향이 크지 않았다. 지난 8월 서초구 반포동 ‘래미안원베일리’ 2990가구가 입주할 때 일부에서는 역전세난이나 전세가격 하락을 우려하는 목소리가 나왔다. 그러나 래미안원베일리 전용 84㎡ 전세는 이달 14억원에 계약이 체결돼, 지난 6월(12억원)보다 전셋값이 올랐다. 인근 아크로리퍼바크 역시 같은 평형이 지난 7월 13억원대에 거래됐으나, 이달에는 18억원으로 올랐다.
다음달 디에이치 퍼스티어 아이파크가 입주하는 강남구 개포동 일대도 전세가격에 큰 영향이 없다. 인근 ‘개포래미안포레스트’ 전용 84㎡는 올해 초 전세가격이 9억~10억대에 형성됐으나, 지난달에는 12억~13억원대에 거래됐다. ‘래미안블레스티지’ 전용 84㎡ 역시 10억~11억원 하던 전셋값이 12억원대로 올랐다.
직방은 “최근 고금리 기조와 전반적인 경기 상황 난조 등으로 경제 전망이 흐릿한 가운데 주택 매매보다 전세로 돌아서는 수요가 늘어날 전망”이라며 “내년 서울 입주물량은 1376가구로 올해보다 63%가량 감소해 당분간 서울 전세가격은 상승세가 이어질 가능성이 높다”고 했다.
한편, 다음달 전국에서는 37개 단지, 총 3만4003가구가 입주한다. 권역별로는 수도권이 1만7287가구, 지방은 1만6716가구가 입주한다. 지방은 전월보다 입주물량이 30% 증가하면서 올해 중 가장 많은 물량이 공급될 예정이다. 부산은 4470가구 대단지 ‘레이카운티’가 입주를 시작하면서 지방 시·도 중 가장 많은 5265가구가 공급될 예정이다."
https://www.chosun.com/economy/real_estate/2021/12/06/2FXLQ7XK3NFXBJQ4ONT22GQR4I/,"토지보상 및 부동산 개발정보 전문 플랫폼 ‘지존’이 토지 지식 서바이벌 퀴즈대회 ‘지지고(地知GO)’를 개최한다고 6일 밝혔다.
지지고는 일반인들이 퀴즈를 통해 토지 투자에 대한 정보를 얻도록 돕는다는 취지에서 기획됐다. 온라인으로 3단계에 걸쳐 60문항의 문제를 풀어야 한다. 각 단계별 주어신 시간은 60분이며, 단계별로 일정 점수를 획득해야 다음 단계에 도전할 수 있다. 3단계 통과자가 100명 이상이 되면 결선을 열고 최종 우승자에겐 1억원의 상금을 수여한다. 각 단계별 통과자에게도 추첨을 통해 경품이 제공될 예정이다.
문제는 토지보상, 경·공매, 관련 법령, 도시계획, 감정평가, 세제 등을 망라한 범위에서 출제된다. 교수, 감정평가사, 전직 관료, 세무사 등 각 분야 전문가들이 출제자로 참여했다.
참가를 원하는 사람은 지존 홈페이지에 접속해 회원 가입을 한 후 참가비를 결제하면 된다."
https://www.chosun.com/economy/real_estate/2023/09/26/2HUWWA7RGVBC3M7RU32UZGQAVY/,"땅집고가 오는 10월11일 ‘시세보다 30% 낮은 가격에 산다, 미국 부동산 경매 실전’ 과정을 연다. 경매로 미국 부동산을 시세보다 싸게 사는 방법을 구체적으로 알려준다. 미국 부동산 전문가인 어태수 네오집스 대표가 강의하며 총 4회로 진행한다.
미국 부동산 시장 동향과 가격 결정 요인, 경매로 시세차익 얻는 방법, 투자 비용, 성공사례 및 수익률 분석 등을 소개한다. 수강료는 130만원이다. 수강신청은 땅집고M홈페이지에서 하면 된다."
https://www.chosun.com/economy/real_estate/2023/07/05/G42ZUTIBWFEKDA5MQLNON6STII/,"“조선일보가 준비한 강의라서 믿고 들으러 왔습니다.”
지난달 28일(수) 광화문 조선일보 본사 편집동 1층에 사람들이 모여들었다. 조선일보가 주최한 ‘건강보험료 절감 콘서트’ 강의를 듣기 위해 찾은 이들이다. 행사에 참석한 56명의 독자 대부분이 강의보다 훨씬 앞서 도착해 미리 준비를 해 둔 좌석을 채웠다.
강의는 1부와 2부로 나눠 진행했다. 1부에선 건강보험료의 개념을 정확히 참석자들에게 소개했고, 2부에선 스마트폰을 활용해 직접 건강보험료를 산정해 확인해 보는 실습도 했다. 강사로 나선 조재영 ㈜웰스에듀 부사장은 작년 9월 개편된 건강보험료 산정과 관련한 궁금증을 하나하나 짚었다.
참석자들의 연령층이 대부분 중년 이상으로 강의 내용이 다소 어려울 수 있었는데, 참석자들은 이해하기 어려운 용어와 수치가 나올 때마다 손을 들고 질문하며 적극적으로 강의 내용을 따라갔다.
강의는 양방향 소통 방식으로 자연스럽게 진행됐고 강의 슬라이드가 바뀔 때마다 독자들은 연신 휴대전화 카메라 셔터를 눌렀다. 부부가 함께 참석한 한 독자는 “은퇴 이후 조금이라도 절약할 수 있는 방법을 공부하고 있다”면서 “잘 몰랐던 건보료 개념을 다 잡았다”며 즐거워했다.
조선일보는 건강보험료 절감 방법에 대한 사람들의 관심에 힘입어 7월 13일 오후 2시 광화문 조선일보 본사 편집동 1층에서 ‘제 2회 건보료 절감 콘서트’를 개최한다. 추첨을 통해 100명 초대하며 비용은 무료다. 참여를 원하는 사람은 아래 링크에 접속해 응모하면 된다. 당첨자는 7월 10일(월)에 조선멤버스(members.chosun.com) 사이트에서 확인할 수 있다.
▲일시 : 7월 13일일, 오후 2시~3시 30분
▲강사 : 신한투자증권 자산관리컨설팅부 연구위원
▲장소 : 광화문 조선일보 본사 편집국 건물 1층
▲신청 링크 : chosun.com/members-event/?mec=event&mes=entry/1262215_7676"
https://www.chosun.com/economy/real_estate/2022/08/31/MBTINFWDOBGLFG2WMU52QCCW3Q/,"한라는 인천광역시 계양구 작전동 286-2번지 일원에 건설하는 ‘인천 작전 한라비발디’를 9월에 분양한다고 31일 밝혔다. 지하 2층~지상 29층, 4개 동에 전용면적 84~98㎡ 340가구 규모다.
계양구는 인천 주거 중심지로, 다양한 생활편의시설과 학교들이 갖춰져있다. 작전동은 입주한지 20년 넘은 아파트의 비율이 80%가 넘어 신축 아파트가 귀한 편이다. 인천 작전 한라비발디는 고분양가 관리지역에 들어서 시세보다 분양가도 저렴하게 책정될 예정이다.
인천 작전 한라비발디는 인천 지하철 1호선을 걸어서 이용할 수 있으며 봉오대로, 계양대로, 아니지로 등 주요 간선도로가 인접해 교통 접근성이 뛰어나다. 인근에 부평IC도 있어 경인고속도로 이용이 편리하고 수도권 제1외곽순환도로 계양IC도 가깝다.
인천 작전 한라비발디 견본주택은 인천 서구 가정동에 있다."
https://www.chosun.com/economy/real_estate/2023/04/24/37ILQF2TXVFBRLJPR6SBCJUUT4/,"다음달 경기도에서 입주하는 아파트 물량이 1만여 가구로 올해 중 가장 많을 전망이다.
24일 직방에 따르면 5월 전국 입주 물량은 총 1만9392가구로 조사됐다. 이는 전월(1만8425가구)보다 5%, 전년 같은 달(2만8617가구)보다 32%가량 적은 물량이다.
권역별로는 수도권이 1만866가구, 지방은 8526가구로 수도권 물량 비중이 높다. 수도권에서는 경기 입주 물량이 1만524가구로 올해 중 가장 많은 물량이 입주할 예정이다. 주요 단지로는 경기 광주시 초월읍 ‘광주초월역한라비발디’(1108가구), 수원시 장안구 연무동 ‘서광교파크스위첸’(1130가구), 양주시 옥정동 ‘양주옥정신도시3차디에트르에듀포레’(1086가구) 등이 있다. 인천은 342가구가 입주를 앞두고 있고, 서울은 다음달 입주 물량이 없다.
이달 초 전매제한 규정이 완화되면서 대부분 단지의 분양권 거래가 가능해졌지만, 아직 뚜렷한 거래량 증가는 보이지 않고 있다. 실거주 의무 폐지나 양도세 완화 등의 후속 조치들이 이뤄지지 않았기 때문이다.
분양권의 경우 계약일로부터 1년 미만 보유는 시세차익의 70%, 그 외 경우는 60% 세율로 양도소득세를 내야 해 거래 부담이 큰 편이다. 정부는 단기 양도 세율을 보유기간 1년 미만은 45%, 1년 이상일 경우 양도세를 폐지하는 방향으로 관련법을 개정할 계획이다.
또 2021년 2월 이후 분양가 상한제 적용 아파트에 당첨된 사람은 최초 입주 가능일로부터 2~5년간 거주해야 하는 의무가 있다. 실거주 폐지 관련법은 이달 26일 주택법 개정안 심사가 진행될 예정으로, 개정안 통과 여부가 분양권 거래 시장에 큰 영향을 줄 전망이다."
https://www.chosun.com/economy/real_estate/2021/07/01/3U5TNCJ2MFA6VPICZ2NPZZRQ6I/,"경제정의실천시민연합(경실련)은 30일 “정부 공식 통계 기준에는 문재인 정부 4년간 서울 아파트값이 17% 상승한 것으로 나오지만 아파트 공시가격은 86%나 뛰었다”며 “정부가 국가 통계를 왜곡하고 있는 것”이라고 비판했다.
경실련은 이날 서울 25구(區)마다 대표 아파트 단지 3곳씩, 총 75곳의 30평형 아파트 공시가격을 자체 집계·조사한 결과를 발표했다. 조사 결과에 따르면, 아파트 평균 공시가격은 2017년 4억2000만원에서 올해 7억8000만원으로 3억6000만원(86%) 올랐다. 반면 한국부동산원이 집계하는 서울 아파트 매매가격지수가 현 정부 출범 이후 올 1월까지 17.1% 상승한 것으로 나타났다. 정부 통계가 맞는다면 재산세를 포함해 각종 세금 부과 기준이 되는 공시가격을 아파트값 상승과 비교해 5배 이상 올린 셈이다. 경실련은 “정부는 공시가격은 86% 올려놓고 집값은 17%밖에 오르지 않았다는 거짓 통계 생산을 중단해야 한다”고 했다.
경실련은 공시가격이 오른 것은 정부 통계와 다르게 실제 시세가 가파르게 뛰었기 때문이라고 말했다. 경실련은 앞서 지난 23일 “서울 75개 아파트 단지 30평형 집값은 같은 기간 6억2000만원에서 11억1000만원으로 79% 올랐다”고 발표했다. 공시가격 상승 추이와 비슷한 결과다.
정부가 내세우는 상승률 17%는 한국부동산원 매매가격지수 통계다. 표본 대상 단지의 실거래와 주변 시세 등을 종합해 부동산원이 ‘거래 가능한 가격’을 추산해 만든다. 경실련이 분석에 활용한 KB국민은행 시세는 공인중개사들이 실거래가와 호가 등을 참고해 입력한 값을 토대로 작성된다."
https://www.chosun.com/economy/real_estate/2024/11/07/BI7APXPETNC3BDRYB6CF4LWOWU/,"제47대 미국 대선에서 도널드 트럼프 전 대통령 당선이 확정되면서 국내 건설기업들의 해외 수주 기대감도 커지고 있다. 트럼프 당선인이 러시아 우크라이나 전쟁 종전을 주요 공약으로 내세운 만큼 우크라이나 재건사업의 수혜를 기대하고 있기 때문이다. 다만 해외 수주 텃밭인 중동 긴장도가 높아질 수 있다는 점에선 우려도 나온다.
7일 국토교통부와 해외건설협회 등에 따르면, 한국 기업들은 국토부 주도 하에 지난해 9월 우크라이나 정부와 협의해 발표한 ‘6대 선도 프로젝트’를 위주로 재건 사업 참여를 도모하고 있다. 6대 프로젝트는 키이우 교통 마스터플랜, 우만시 스마트시티 마스터플랜, 보리스필 공항 현대화, 부차시 하수처리시설, 카호우카 댐 재건 지원, 철도노선 고속화 등이다.
키이우 교통 마스터 플랜의 경우 키이우 현지 착수보고가 완료됐고, 키이우 주 정부와 인프라부 등 회의를 주 1회 실시하고 있다. 우만 스마트시티 마스터 플랜도 현지에서 최종보고회가 개최됐으며, 국내 기업과 후속 사업 추진을 협의 중이다. 보리스필공항 현대화 사업은 한국공항공사를 중심으로 스마트공항 시스템 및 항행안전 시스템 제공, 활주로 등 공항 확장·개발사업, 마스터플랜 수립 등을 추진하고 있다.
이 외에도 주요 기업이 도시 개발과 철도·공항 건설 등 다양한 프로젝트 참여를 타진하고 있다. 삼성물산은 서부 요충지인 리비우시에 스마트시티 건설을 위한 양해각서를 체결했다. 현대건설은 보리스필 수도 공항 인프라 확장사업 관련 업무협약을 체결했고, 미국 홀텍인터내셔널과 2029년 3월까지 우크라이나에 SMR(소형모듈원전) 20기를 건설하는 양해각서도 체결했다.
국내 건설사들은 러시아 우크라이나 전쟁의 조기 종료 가능성이 커지면서 재건 사업 참여 확대에 희망을 걸고 있다. 트럼프 당선인은 대선 후보로 공식 선임되기 이전부터 수차례 “러시아 우크라이나 전쟁을 당장 끝내겠다”는 취지의 발언을 해왔다. 당선될 경우 우크라이나로 들어가는 무기 지원을 끊은 뒤 협상을 중재하는 등 강경한 자세를 유지할 것으로 예상된다.
우크라이나 정부도 재건을 담당하는 주요 부처인 지역사회 및 영토 개발부(인프라부)와 국가 복구 및 인프라 개발청(재건청)의 예산을 대폭 증액하면서 재건 사업을 본격화하고 있다. 인프라부의 올해 예산은 3억700만달러(약 4295억원)에서 내년에는 5억5000만달러(약 7696억원)로 60% 가까이 증가했고, 재건청도 올해 예산 6억3800만달러(약 8927억원)에서 내년 11억5000만달러(약 1조6096억원)로 61% 증가한 예산안을 짰다. 세계은행의 ‘우크라이나 긴급 피해 및 재건 소요 분석 보고서’에 따르면, 향후 10년간 우크라이나 복구를 위해 약 4860억달러(약 680조원)가 필요할 것으로 예상된다.
다만, 중동 긴장도가 높아지는 것은 건설사들의 해외 수주에 악영향을 미칠 전망이다. 트럼프 당선인이 중동 사태 확전과 관련 바이든 정부 정책을 비판하며 강경책을 예고하고 있기 때문이다. 최근 한국 건설사의 중동시장 의존도가 높아지는 가운데 중동 국가 신규 발주 감소, 프로젝트 지연 등이 현실화될 가능성이 있다는 분석이 나온다."
https://www.chosun.com/economy/real_estate/2024/09/04/UZV6QFQMCBGPLADO325LSLEYAM/,"그룹 방탄소년단(BTS) 멤버 제이홉(30‧정호석)이 서울에 고급 아파트 총 4채를 보유한 것으로 확인됐다.
4일 대법원 등기부등본에 따르면 제이홉은 2020년 6월 3일 서울 용산구 서빙고동에 있는 아페르한강 펜트하우스를 매입했다. 소유권 이전은 올해 6월 10일 이뤄졌다.
26가구 규모 소형 단지인 아페르한강에서도 펜트하우스는 단 3가구만 공급됐다. 제이홉이 분양받은 아파트의 전용면적은 273.86㎡(83평)다. 복층 구조로 방 3개, 욕실 4개로 이뤄져 있다.
올해 2월 사용 승인이 난 신축 아파트로 분양가는 약 120억원으로 알려졌다. 신탁사로부터 소유권을 넘겨받으며 은행의 근저당권 설정이 이뤄지지 않은 것으로 보아 제이홉은 전액 현금으로 펜트하우스를 매입한 것으로 보인다. 가수 장윤정 역시 이곳의 펜트하우스를 전액 현금으로 매입한 것으로 전해졌다.
제이홉은 펜트하우스 아래층도 사들였다. 매매 계약은 2020년 6월 23일 체결됐으며 올해 7월 26일 소유권 이전이 완료됐다. 방 3개, 욕실 3개의 단층 구조로 전용면적은 232.86㎡(70평)다. 이 집의 분양가는 100억원 수준이라고 한다. 역시 등기부등본상 근저당권은 설정되지 않았다. 제이홉은 불과 한 달 사이에 220억여원의 현금을 내고 아파트 2채를 사들인 셈이다.
아페르한강은 배우 김고은, 공유, 수애와 장윤정‧도경완 부부 등이 분양받아 트리마제의 뒤를 잇는 ‘연예인 아파트’로 꼽힌다. 건축가 유현준 홍익대 교수가 아테네의 아크로폴리스를 디자인 콘셉트로 설계했다. 서울 도심에서 보기 드문 테라스 하우스라는 희소성과 좋은 입지로 주목받았다.
제이홉은 이 밖에도 서울 성동구 성수동 트리마제 아파트를 두 채 보유하고 있다. 2016년 13억원에 전용 84.81㎡(25평) 주택형을 분양받았고, 2018년 152.16㎡(46평)를 37억원에 추가 매입했다.
지난 7월 트리마제 전용 84.81㎡ 29층은 35억원에 거래됐다. 152.16㎡의 경우 지난 1월 25층이 64억원에 팔렸다. 이를 고려하면, 제이홉이 보유한 총 부동산 재산은 300억원대에 달한다.
한편, 지난해 4월 입대한 제이홉은 36사단 백호신병교육대대에서 조교로 복무 중이다. 오는 10월 17일 전역한다."
https://www.chosun.com/economy/real_estate/2022/03/30/363XQ24PYZHVRPUWMFHCFPPK7Q/,"올해 초 창업 47주년을 맞아 새로운 기업 이미지를 선보인 동원개발이 부산 부산진구 부암동 298-163번지 일원에서 ‘부암2차 비스타동원 아트포레’ 440가구를 분양한다. 전용면적 59㎡가 279가구로 가장 많고, 74㎡가 106가구, 84㎡가 55가구로 구성된다. 다음달 7일 특별공급을, 8일과 11일에 1순위 청약을 접수한다. 모델하우스는 부산 연제구 연제로30 ‘비스타동원갤러리’에서 운영 중이다.
젊은 주택 수요자의 합리적인 내 집 마련을 돕기 위한 실속 있는 평면 설계가 돋보인다. 단지 안에 피트니스센터, 골프연습장, 키즈카페, 공부방, 경로당, 어린이집 등 다양한 주민 편의시설이 들어선다. 녹지가 어우러진 휴식 공간과 조경에도 신경을 썼다.
부암2차 비스타동원 아트포레는 47만여㎡ 규모의 부산시민공원을 걸어서 갈 수 있다. 부산시민공원 안에 부산국제아트센터가 건립 중이다. 부산어린이대공원과 백양산도 가깝다. 어린 자녀를 둔 주택 수요자들이 중시하는 교육 환경도 좋은 편이다. 부암초등학교가 단지 바로 앞 육교로 이어져 걸어서 통학할 수 있다. 부암진중·동평여중·부산국제고·부산영어도서관·초읍시립도서관 등 단지 주변에 학교와 교육시설이 많다.
단지 바로 앞에 롯데마트와 이마트트레이더스가 있고, 부산진구청과 서면의 금융·의료시설을 이용하기도 편하다. 범천차량기지 이전, 부전역복합환승센터 신설 등 대형 개발 사업이 예정된 것도 단지의 미래 가치에 호재로 작용할 전망이다. 분양 관계자는 “실수요자들의 자금 마련 부담을 덜어주기 위해 주변 시세 대비 합리적인 분양가를 책정했다”면서 “실속 있는 전용 59㎡ 위주로 단지를 구성해 젊은 층의 관심이 많다”고 말했다. (051)469-0111"
https://www.chosun.com/economy/real_estate/2022/07/05/ZZAN4TEC2BC7VFSVZFB4QEFCMU/,"이달 전국에서 아파트 약 4만 가구가 분양된다. 지난달 정부가 분양가 상한제 개편안을 발표하면서 그동안 분양을 미루던 단지들이 공급에 나서 물량이 대거 늘었다. 다만 최근 금리 상승과 경기 침체 우려 탓에 청약 열기도 한풀 꺾이면서 분양 아파트의 흥행 여부는 지역별로 온도 차가 클 것으로 보인다.
4일 직방 집계에 따르면, 이달 전국 63개 단지에서 3만9655가구가 공급될 예정이다. 일반분양 물량만 3만4095가구에 달한다. 작년 7월과 비교하면 일반분양 물량이 78%(1만4960가구) 증가했다.
경기도 7750가구를 포함해 수도권에서 총 1만2239가구가 분양을 준비 중이다. 경기도 파주시 파주운정3지구 A23블록에서 LH(한국토지주택공사)가 공급하는 1012가구 규모의 대단지가 눈에 띈다. 작년 10월 사전청약을 진행한 단지로 본청약은 사전청약 당첨자 960가구의 접수부터 시작된다. 잔여 분량이 일반 청약분으로 나온다. 남양주에선 주상복합아파트 ‘빌리브센트하이’ 250가구가 분양된다. 인천 물량도 6개 단지 4489가구로 적지 않다. 부평구 ‘e편한세상부평역센트럴파크’(457가구), 동구 ‘인천두산위브더센트럴’(785가구) 등이 수요자의 관심을 끈다.
지방에선 대구가 5050가구로 분양 물량이 가장 많다. 5일부터 수성구를 뺀 대구 전역이 규제지역에서 해제되는 것이 청약 시장에 영향을 미칠지 관심이 쏠린다. 대구에 이어 충남(3334가구), 전남(3153가구) 순으로 물량이 많다. 주요 단지로는 대구 남구 ‘힐스테이트대명센트럴2차’(977가구), 충남 아산시 ‘아산한신더휴’(603가구), 전남 무안군 ‘무안오룡지구우미린1·2차’(1057가구) 등이 있다.
청약 시장에 분양 물량이 풍부하지만, 최근 청약 열기는 예년만 못하다. 리얼투데이 조사에 따르면, 올 상반기 전국 아파트 평균 청약 경쟁률은 14대1, 최저 당첨 가점(만점 84점)의 평균은 24.1점으로 집계됐다. 수도권의 경우 작년 상반기 평균 30대1이던 경쟁률이 올해 13.1대1로 낮아졌고, 최저 당첨 가점도 41점에서 29.5점으로 대폭 떨어졌다. 김웅식 리얼투데이 연구원은 “분양가 인상으로 가격 부담이 더 커진 만큼 청약 시장에서 입지·가격에 따른 수요 양극화가 더욱 커질 것”이라고 했다."
https://www.chosun.com/economy/real_estate/2020/11/19/VEZHQX6YBJBB7P44PPNB4O3VCA/,"“서울에서 올해 아파트를 가장 많이 매입한 연령대가 30~40대입니다. 이들은 옛날처럼 ‘목 좋은 부동산 중개업소’를 무작정 찾아가지 않습니다. 블로그나 SNS(소셜미디어)를 통해 원하는 매물을 알아보는 것에 더 익숙하죠.”
우동윤 우대빵부동산아카데미 대표는 “부동산 중개업 시장은 전쟁터나 다름없다”며 “고루한 영업 방식으로는 살아남을 수 없다”고 했다.
지난달 치러진 공인중개사 시험에는 역대 최다 34만3000명이 몰렸다. 창업 전선에 뛰어드는 공인중개사도 매년 늘고 있다. 하지만 주택 매매·전월세 거래는 위축되고 있다. 엎친 데 덮친 격으로 최근 인터넷 허위 매물 단속으로 중개업 창업 여건이 만만치 않아졌다.
땅집고와 우대빵은 중개사무소 창업을 돕기 위해 ‘부동산 창업스쿨’을 다음 달 5일 개설한다. 우대빵은 새로운 영업 방식으로 매물 보유 건수와 계약 성사 건수 기준으로 올해 서울 강서구 1위 실적을 달성했다.
우 대표는 “중개업 영업 방식은 10년 전이나 지금이나 크게 달라진 게 없다”고 했다. 아파트 단지 내 목 좋은 상가에 비싼 월세와 권리금을 주고 들어가 손님이 찾아오기만 기다린다는 것. 친목 단체인 지역 중개업 연합회를 통해 억대의 권리금을 주고 고객 전화번호와 매물을 넘겨받아 영업하는 경우도 흔하다.
앞으로 이런 방식은 통하지 않을 가능성이 크다. 허위 매물 단속이 최대 변수다. 기존 방식은 집주인이 한 중개업소에 매물을 내놓으면 공동 중개망을 이용하는 다른 업소들이 집주인 허락 없이 포털 사이트에 광고해 매수인이 붙으면 수수료를 나눠 갖는 식이었다. 이제는 허락 없이 매물을 올리면 허위 매물로 단속 대상이 된다.
결국 새 영업 방식이 필요하다. 블로그나 SNS 홍보가 대표적. 우 대표는 “어떤 서비스를 제공할지와 수수료까지 투명하게 미리 공개해야 집주인들로부터 매물을 받을 수 있다”며 “이런 방식으로 지역 중개업 연합회에 가입하지 않고도 2층 점포에서 5개월 만에 100건의 거래를 성사시켰다”고 했다.
오는 12월 5일부터 주말반과 주중반으로 나눠 열리는 부동산 창업스쿨은 풍부한 현장 경험을 가진 강사진이 개업에 필수적인 완벽한 계약서 작성과 중개 사례, 모바일 홍보 전략 등을 중점적으로 알려준다. 수료생 중 성적 우수자에게는 우대빵부동산중개법인 소속 공인중개사 채용과 프랜차이즈 창업 혜택을 준다. 우 대표는 “과도한 권리금이나 비싼 월세를 내지 않아도 성공 창업이 가능하도록 할 계획”이라고 했다. 땅집고멤버 사이트에서 신청할 수 있다.
/한상혁 땅집고 기자"
https://www.chosun.com/economy/real_estate/2022/04/04/AMQHF3GPVNGLVCXKOX5T7DLVHM/,"대우건설이 고급 주거 브랜드 ‘푸르지오 써밋’을 체험할 수 있는 서울 강남구 대치동 ‘써밋 갤러리’를 새로 단장해 문을 열었다고 3일 밝혔다. 대우건설이 제공하는 고품격 주거 상품과 첨단 기술을 소비자가 직접 경험할 수 있는 전시관이다.
‘내면에서 우러나오는 품격’을 콘셉트로 제시한 써밋 갤러리 3층엔 세 가지 주제의 모의 주택이 마련돼 있다. ‘어바웃 스마트 홈’에선 안면인식 기술이 적용돼 자동으로 문이 열리고, 비가 오면 저절로 창이 열고 닫히는 등 최신 IoT(사물인터넷) 기술을 체험할 수 있다. ‘어바웃 라이프스타일’은 3인 가족을 위한 공간으로 라이프스타일에 따라 다양한 연출이 가능한 인테리어와 특화 평면을 구현했다. ‘어바웃 노블레스’는 최고급 주거 상품만을 모아 펜트하우스로 설계했다.
써밋 갤러리에 전시된 주거 상품은 푸르지오 써밋 브랜드가 적용된 단지에 차례로 적용될 예정이다. 주택 전시관 외에도 대우건설의 역사를 볼 수 있는 ‘대우아카이브’와 푸르지오써밋 아파트 단지를 가상으로 체험할 수 있는 프로그램도 마련했다. 사전 예약한 고객을 대상으로 전문 안내인이 전시·관람을 돕는다."
https://www.chosun.com/economy/real_estate/2023/02/20/Q4NSAEWBRRBK7PEVAUJPAOOYXI/,"[땅집고] “만약 건물 최상층 지붕 아래 천장에서 누수가 발생했다고 한다면 단순히 마감재만 교체하는 것에서 비용이 그치지 않는다. 물이 새면서 천장 위 단열재, 전기 배선에 문제가 생겼을 가능성이 높기 때문에 각각 설비·장비에 대한 교체 비용, 시공 인력 비용이 따로 들고 고층까지 장비를 이동시킬 수 있는 이동 장치를 대여하는 비용도 든다. 게다가 임차인이 영업 중인 현장이라면 영업 방해에 따른 손해도 배상해주는 등의 부가 비용도 발생한다. 이를 합산하면 1000만원 가량이다. 이렇듯 누수는 건물의 기능을 마비시킬 수 있는 중대한 하자이기 때문에 시공과정에서 누수를 예방하는데 중점을 두는 것이 공사비 절감의 핵심 포인트다.”
누수는 건물 하자 중에서도 건축주들의 가장 큰 골칫거리로 꼽힌다. 발생 원인을 파악하기 어렵고 누수 원인을 진단했다고 하더라도 누수 발생으로 미치는 영향이 복잡한데다 비용이 많이 들기 때문이다.
장호산 디에이치종합건설 전무는 “누수를 막기 위해서는 시공 전 설계 도면을 시공사와 함께 점검하면서 사전에 위험 요인을 제거해야 하고 시공 중에도 건축주가 시공사를 통해 체크 포인트를 확인해야 한다”며 “혹시 하자가 발생했더라도 보험 처리 등을 계획해둬야 사후적 대응 비용도 줄일 수 있다”고 했다.
장 전무는 4월 개강하는 ‘시공실전마스터클래스 5기’ 과정에서 시공 하자 사례를 중심으로 하자 예방을 위한 체크포인트를 주제로 강의한다.
누수 예방을 위한 최선의 방법은 사전에 위험 요인을 차단하는 것이다. 공사 전에는 설계도를 보면서 미리 하자가 발생할 만한 요인이 있는지를 점검해야 한다. 배수가 잘 되는지, 큰 크기의 창문을 설치했는데 창틀을 통해 물이 새지는 않는지 등이 이 과정에 속한다. 만약 위험 요소를 발견하게 되면 설계사에게 자문을 구해 기존 설계에서 어떤 부분을 수정해야할지 답변을 받아야 한다.
시공 중 체크할 사항으로는 크게 세 가지가 꼽힌다. 가장 중요한 것은 시공사에게 공정의 전 과정을 기록하게 하고 매일 해당 내용을 건축주와 공유해야 한다. 장 전무는 “작업 일지를 남기면 누수가 발생할 만한 요인을 미리 차단할 수 있고 추후에 누수가 발생한다고 하더라도 원인을 찾기 쉬워진다”며 “예를 들어 지붕에서 물이 샌다고 했을 때 지붕의 골조를 만들고 합판, 타일을 붙이고 방습지, 싱크 등으로 마감했을 때 각각의 공정을 사진으로 찍어둘 경우 (누수 발생시) 어떤 부분에서 문제가 발생했는지 파악할 수 있다”고 했다.
누수가 발생할 만한 틈이 생기는 것을 막기 위해 방수 장치를 설치하는 것도 시공 중 해야할 일이다. 우선 골조 단계에서는 설계상 콘크리트와 콘크리트 접합이 이뤄지지 않는 부분에 대해서는 지수제, 지수판 등을 골조와 콘크리트 사이에 두면 ‘물샐 틈’을 차단할 수 있다. 장 전무는 “건물 콘크리트를 분리해 작업해야 하는 경우에는 어쩔수없이 틈이 발생할 수 밖에 없는데, 이때 지수판과 같은 방수장치를 설치하는 작업은 비용이 크게 드는 것이 아니어서 시공사에게 요구할 것을 권한다”며 “아예 설계사에게 부탁해 지수판, 지수제 등을 설계도면에 설치하라고 표기해두는 것도 좋다”고 조언했다.
방수만큼이나 중요한 것이 배수다. 배수 기능이 원활히 작동하는지를 확인하기 위해서는 공정이 한 단계 마무리 됐을 때마다 테스트를 해봐야 한다. 장 전무는 “예를 들어 화장실에 설치한 배관이 정상적으로 작동하는지 확인하기 위해서는 화장실에 물을 가득채우고 주변으로 물이 새지는 않는지 잘 빠져나가는지 등을 확인해 볼 수 있다”며 “만약 건물에 물이 들어왔더라도 잘 빠져나가도록 설계한다면 누수 피해를 최소화할 수 있다”고 했다.
준공 후에도 건축주가 할일이 남아있다. 누수 피해가 발생했을 때 사후적으로 시공비용을 줄이기 위해서는 건축주가 시공사에 ‘하자 이행 증권’을 신청해야 한다. 하자 이행 증권은 통상 2년까지 보장된다. 장 전무는 “만약 건축주가 직접 시공할 경우 하자 이행에 대한 보험처리를 받을 수 없기 때문에, 되도록이면 시공은 시공사에게 맡길 것을 권한다”고 했다.
<내 건물 하자없이 잘 짓고 싶다면…’시공 실전 마스터클래스’ 5기 모집>
근린생활시설 건물이나 상가주택, 다세대·다가구주택 같은 중소형 빌딩을 짓는 건축주가 겪는 가장 큰 어려움은 경험과 정보 부족이다. 특히 시공사를 잘못 뽑으면 공사비를 부풀리거나 시공 중 하자가 생겨도 초보 건축주가 대응하기는 쉽지 않다.
땅집고는 오는 4월 12일부터 ‘시공실전 마스터클래스 5기’ 과정을 개설하고, 시공을 앞둔 건축주에게 필요한 실전형 지식을 전달한다. 이번 과정에선 중소형 건물 시공 필수 정보를 체득하고 시공사와 원활하게 소통할 수 있도록 하는 것이 목표다.
강의는 총 6강으로 구성한다. 첫 강의에선 현상일 구도건축 대표가 시공 견적서와 계약서 검토 방법을 알려준다. 김성식 다산건설엔지니어링 대표는 시공 1단계인 착공부터 토목·골조까지 과정, 김광유 공정건설 대표는 시공 2단계에 해당하는 외부·창호·단열 시공 정보, 3단계 내부·설비 시공에 관한 내용은 장호산 DH종합건설 전무가 강의한다.
장호산 전무는 시공 하자 사례를 중심으로 하자 예방을 위한 체크포인트도 꼼꼼하게 알려준다. 실제 중소형 건물 시공 현장을 방문해 배우는 현장 스터디도 1회 포함한다.
개별 상담 1회 무료(시공견적서는 유료)로 제공하고, 전문 시공사도 매칭해 준다. 수강료는 150만원이다. 사전 예약하면 10만원 할인한다. 홈페이지(zipgobiz.com)에서 신청하면 된다. 문의 (02)6949-6190."
https://www.chosun.com/economy/real_estate/2021/11/23/4BUWONTPLNE7HNU7FK6UGSCXC4/,"땅집고 기업부동산종합서비스센터가 중견·중소기업을 위한 사옥용 빌딩 매칭 서비스를 오픈하고, 매물을 모집한다. 이번에 모집하는 사옥용 빌딩 매물은 서울 강남구·서초구·강서구(마곡지구 주변), 영등포구 여의도, 서울 종로구·중구 광화문 일대가 대상이다. 건물 연면적은 1만㎡ 이상, 매물 가격은 300억~1000억원이면 적절하다. 이 지역에 있는 1000㎡ 이상 대지 매물도 접수한다. 지하철에서 걸어서 10분 안팎 떨어진 매물을 우선적으로 접수한다. 현재 땅집고 기업부동산센터에는 해당 지역 사옥용 빌딩을 매입하겠다는 의사를 밝힌 기업들이 대기 중이다.
땅집고 기업부동산종합서비스센터에는 기업과 법인의 다양한 부동산 니즈에 대응한 원스톱 설루션을 제공하기 위해 국내 최고 전문 기업들이 참여 중이다."
https://www.chosun.com/economy/real_estate/2024/07/16/MNTRW4E7XJEGRJVN5QK3IX23AQ/,"올해로 도입 20년째를 맞은 종합부동산세(종부세)는 부동산 가격 안정이라는 당초 목적을 달성하지 못한 채 주택 소유자에 대한 징벌적 세금으로 전락했다는 평가를 받는다. 재산세와 중복되는 ‘이중 과세’ 문제가 꾸준히 제기됐고, 지난 정부 때 집값 급등으로 투기와 관련 없는 서민 중산층까지 과세 대상에 포함되면서 논란이 커졌다.
종부세는 노무현 정부 시절 서울 강남을 중심으로 집값이 폭등하자 투기 세력을 잡는다는 목적으로 2005년 도입됐다. 처음에는 공시가격 9억원을 초과할 경우 종부세를 물리는 내용이었는데, 그럼에도 부동산 가격 급등세가 멈추지 않자 이듬해 대상 주택 기준을 공시가격 6억원으로 낮췄다. 당시는 서울 강남을 중심으로 극소수 자산가가 내는 ‘부자세(稅)’로 통했지만, 이미 지방세인 재산세가 부동산 보유세 역할을 하는 상황에서 종부세가 추가로 신설돼 이중 과세 논란이 끊이지 않고 있다.
종부세를 둘러싼 논란은 문재인 정부 들어 집값이 폭등하면서 더욱 거세졌다. 서울 강북에 집을 한 채 가진 중산층까지 종부세를 내게 됐기 때문이다. 문재인 정부가 출범한 2017년 5월 5억2670만원이던 서울 아파트 매매 중위 가격(전체 주택을 가격순으로 줄 세웠을 때 한가운데 값)은 2021년 말 9억7100만원으로 84.3% 올랐다.
집값이 급등했지만, 종부세 부과는 2009년에 만든 ‘공시가 9억원’ 기준을 그대로 쓰면서 서울시 내 아파트 4곳 중 1곳(24.2%)이 종부세 과세 대상이 됐다. 2017년 33만1763명이던 주택분 종부세 과세 인원은 2022년 119만5340명으로 3.6배로 뛰었다. 강남 3구뿐 아니라 강북에서도 종부세 대상이 된 1주택자가 수두룩해지면서 징벌적 과세라는 비판이 나왔다.
문재인 정부는 다주택자에 대해서도 5년간 두 차례에 걸쳐 종부세 중과세율을 높였다. 최고세율이 6%에 달하면서 2주택 이상 보유자는 연간 보유세 부담이 수천만원에 달해 감당하기 힘든 수준에 이르렀다.
윤석열 정부 들어 1주택자 종부세 기본 공제액을 12억원으로 올리고, 공시가격 현실화율도 내리면서 지난해 주택분 종부세 과세 인원은 40만8200여 명으로 줄었다."
https://www.chosun.com/economy/real_estate/2022/07/22/XXOYSPKE5ZASDDOAYRZ2J4XNHE/,"[땅집고 옥션] ⑦서울 중랑구 면목동 ‘휴빌딩’
땅집고가 선보이는 민간 부동산 경매 시스템 ‘땅집고 옥션’이 8월 18일 첫 입찰을 실시한다. 이번 입찰에는 서울 시내 알짜 빌딩 등 최저입찰가 기준 총 780억원 규모 우량 매물 10건이 나온다. 입찰은 오는 8월 18일 오후 1~3시 서울 중구 세종대로 땅집고 아카데미 교육장에서 진행한다. 땅집고옥션 매물 출품, 제휴 중개사 신청 문의 (02) 2039-7960. ☞땅집고 옥션이란?
[땅집고] 서울 중랑구 면목동 ‘휴빌딩’이 땅집고옥션 8월18일 입찰에 매물로 나왔다.
대지면적 100.69㎡, 연면적 262.4㎡, 지상 5층 규모다. 땅집고옥션에 매각 컨설팅을 신청한 물건으로, 땅집고 옥션의 파트너 중개법인인 에이트빌딩부동산중개법인이 전속 중개한다.
▶땅집고 옥션 1차 매물 전체 보기(☞클릭)
더윤빌딩은 최저입찰금액은 34억원이다. 현재 임차인 보증금은 만실기준 총 1억3000만원, 월세는 850만원이다. 이를 감안한 수익률은 연 3.12% 수준이다. 현재 전 층 공실로 즉시 입주 가능하다. 지난해 8월 준공한 건물로 현재 지상 1~2층은 음식점, 지상 3~5층은 사무실 용도로 사용할 수 있다.
휴빌딩은 지하철 7호선 사가정역 3번 출구에서 걸어서 1분 거리에 있는 역세권 코너빌딩으로 단지 인근에 사가정 센트럴 아이파크(1505가구), 면목라온프라이빗(453가구) 등 대단지 신축 아파트 2000여 가구가 있다. 김남욱 에이트빌딩부동산중개법인 이사는 “해당 건물은 역 출구 바로 앞에 있는 데다 동부간선도로 진입로에 있어 중소기업들이 사옥으로 사용하기 적합한 빌딩”이라며 “사무실로 사용하고 남은 일부 층은 인근 거주민들을 고려해 미용실, 카페, 무인점포 등 업종으로 임대 가능하다”고 했다."
https://www.chosun.com/economy/real_estate/2021/01/20/BWJEEEWFANFMLIT2KJAALTJK3U/,"서울 서초구 반포동 ‘반포자이’ 85㎡(이하 전용면적) 6층 전세 매물이 지난 6일 18억원에 거래됐다. 그런데 바로 전날 같은 면적 4층 전셋집이 12억750만원에 거래됐다. 동(棟)과 층별 시세 차이를 감안하더라도 6억원 가까운 격차는 이례적이다. 인근 중개업소 관계자는 “바뀐 임대차법에 따라 기존 계약을 갱신하는 경우 임대료를 최대 5%밖에 못 올리기 때문에 신규 계약과 가격 차이가 큰 것”이라고 설명했다.
지난해 7월 말 주택임대차보호법이 개정된 후 서울 주요 아파트 단지에서 신규 전세계약과 재계약 간 가격 차이가 갈수록 커지고 있다. 수요와 공급에 따라 가격이 결정되는 시장 원리를 무시하고 임대료 인상폭을 강제하면서 기존 세입자는 당장 전셋값 급등을 피할 수 있게 됐지만, 새롭게 전셋집을 구해야 하는 사람들의 부담은 가중되는 것이다.
19일 서울부동산정보광장에 따르면, 올해 들어 강남구 대치동 ‘은마아파트’ 76㎡ 전세 거래는 총 6건 이뤄졌는데 이 중 최고가는 10억원이었다. 하지만 이 거래를 제외한 나머지 5건의 거래 가격은 4억2000만~5억1450만원으로 나타났다. 같은 아파트, 같은 면적의 전셋값이 배(倍) 넘게 차이 나는 것이다. 5억원 전후 전세 거래는 모두 재계약으로 추정된다. 현재 주변 공인중개업소에 등록된 은마아파트 전세 매물의 호가(呼價)는 9억~10억원대다.
이 같은 ‘이중 가격’은 서울 강북과 외곽 지역에서도 흔히 나타난다. 강서구 가양동 ‘가양6단지’ 58㎡는 이달 10일 4억원에 전세 계약이 이뤄졌는데, 나흘 후 같은 면적이 2억3100만원에 거래됐다. 성동구 옥수동 ‘래미안옥수리버젠’ 59㎡도 이달 들어 체결된 두 건의 전세 거래 가격이 각각 5억4500만원과 7억8000만원으로 3억원 넘게 차이 난다.
고종완 한국자산관리연구원장은 “정부·여당이 강행한 주택임대차법 개정이 전세 시장을 왜곡한 것”이라며 “당장은 시세보다 싸게 재계약을 맺은 세입자도 전세 인상률 5% 상한이 없어지는 2년 뒤엔 급등한 전셋값을 감당하지 못해 자기가 살던 지역에서 밀려날 가능성이 크다”고 말했다.
신규 계약 중심으로 전셋값이 급등하며 신혼부부 등 새롭게 전세를 구하는 임차인들의 부담이 커지고 있지만 정부와 여당은 임대차법 개정의 긍정적인 면만 부각시키고 있다. 허영 더불어민주당 의원은 최근 서울 전셋집의 전·월세 갱신율이 73.3%라는 통계를 인용해 “임대차 3법의 긍정적 효과가 나타나고 있다”고 평가했다. 김현미 전 국토교통부 장관도 작년 11월 전세대책을 발표하면서 계약 갱신율이 높아졌다는 통계를 인용해 ‘임대차법의 성과’라고 말했다가 “전셋값 급등으로 고통받는 세입자들의 현실을 외면한다”는 비판을 받았다.
양지영 R&C연구소장은 “임대차법이 개정된 지 아직 시간이 많이 지나지 않아 지금은 재계약과 신규 가격 사이에 양극화가 나타나지만 재계약된 매물도 만기가 되면 결국에는 비싼 가격으로 수렴할 것”이라며 “결국 임차인 모두의 부담이 늘어나는 것”이라고 말했다."
https://www.chosun.com/economy/real_estate/2025/04/17/YVYYQ4DBYBANDAUSLRVN3PIKGU/,"전세 사기 피해자 특별법이 2027년 5월 말까지 2년 더 연장 시행된다. 법안 효력 종료를 한 달여 앞둔 최근까지도 사기 피해자로 인정해달라는 신청이 끊이지 않아 여야가 합의해 연장안을 통과시켰다. 정부가 인정한 전세 사기 피해자 수는 지금까지 총 2만8899명에 달한다.
16일 국토교통부 등에 따르면, 국회 국토법안심사소위원회는 이날 전세 사기 특별법 일몰(효력 종료)을 2년 연장하는 내용의 ‘전세사기피해자 지원 및 주거안정에 관한 특별법’ 개정안을 통과시켰다. 여야 합의가 이뤄진 만큼 본회의까지 무리 없이 통과될 전망이다.
전세 사기 특별법은 한국토지주택공사(LH)가 전세 사기 피해 주택을 경·공매로 사들여 차익으로 보증금을 받지 못한 피해자를 지원하고, 각종 금융·주거도 지원하는 방안 등을 담고 있다. 2023년 6월 1일 처음 시행돼 오는 5월 31일 효력이 종료될 예정이었다. 개정안에 따르면, 올해 5월 31일까지 첫 계약을 체결한 세입자까지 전세 사기 특별법 적용 대상이 된다."
https://www.chosun.com/economy/real_estate/2025/02/17/WBR672P62ZFATB2PMUXSYYJZQI/,"주택도시보증공사(HUG)가 외국인 집주인이 세입자에게 전세보증금을 제때 돌려주지 않는 보증 사고를 내면 바로 강제 경매에 들어가는 ‘원 스트라이크 아웃제’를 도입했다.
HUG는 이 같은 내용의 외국인 임대인 전세 보증금 반환 보증 사고 관리 대책을 마련해 지난 3일부터 도입했다고 16일 밝혔다. HUG는 일반 임대인이 전세 보증 사고를 내면 먼저 세입자에게 대신 보증금을 돌려주고, 임대인에게 채무 상환 유예 기간을 최대 6개월 부여한다. 이 기간 자진 상환을 유도하기 위해 분할 상환, 상환 유예 등을 지원한다.
그러나 보증 사고를 3번 이상 내는 등의 사유로 집중 관리 다주택 채무자 명단에 오른 ‘악성 임대인’의 경우 보증 사고 발생 시 바로 강제 경매 등 채권 회수 단계를 밟는다. 앞으로 외국인 임대인에 대해서도 이와 비슷한 수준으로 관리하겠다는 것이다.
외국인 임대인에 대한 관리를 강화한 것은 거소가 불분명하고, 본국으로 돌아가는 경우 집행권원 확보가 어려워 채권 회수가 힘들기 때문이다. 소송을 하려면 주소지로 문서 송달을 해야 하는데 외국인 임대인은 이 과정을 진행하기 힘든 경우가 종종 발생한다는 게 HUG 설명이다.
실제로 외국인 임대인이 급증하고 있고, 이들이 내는 보증 사고도 늘어나는 추세다. 법원 등기정보광장에 따르면, 서울 지역의 외국인 임대인 수는 2020년 868명에서 지난해 7966명으로 9배 넘게 늘었다. 외국인 임대인의 전세 보증 사고도 2021년 3건(5억원)에서 2023년에는 23건(53억원)으로 증가했다. 작년에는 1~8월에만 23건, 61억4000만원 규모의 외국인 임대인 보증 사고가 발생했다."
https://www.chosun.com/economy/real_estate/2021/07/11/UDJCI4WJ2RH2NMYHRUB5MROPIE/,"인천과 서울 송파구에 매수한 지 각각 9년과 5년 된 아파트를 보유한 김모씨는 건물 투자를 위해 두 아파트를 팔기로 했다. 하지만 두 채를 그냥 팔면 양도세만 6억원이 넘는 상황. 양도세 ‘폭탄’을 피하기 위한 김씨의 선택은 3주택자가 되는 것이었다. 강원도 원주의 공시가 1억 미만 아파트를 전세 끼고 2000만원에 사들인 것이다. 김씨는 “다주택자에 대한 양도세·종부세가 대폭 강화된 마당에 세무사가 ‘세금 줄이려면 집을 한 채 더 사라'고 했을 땐 어리둥절했다”며 “하지만 덕분에 양도세가 2억원 가까이 줄게 됐다”고 말했다.
다주택자들이 양도세를 줄이기 위해 저가 주택을 추가 매수하는 역설적인 상황이 벌어지고 있다. 양도세 중과(重課) 등 다주택자 규제가 심해지자 등장한 신종 절세법이다. 부동산 전문가들은 최근 비(非)규제지역을 중심으로 공시가격 1억원 미만 아파트 거래가 급증한 것도 이런 다주택자의 ‘편법 절세’와 관련이 있다고 본다. 고종완 한국자산관리연구원장은 “다주택자 양도세 규제의 불똥이 엉뚱하게 튀어 서민 보금자리인 저가 아파트 시장을 투기판으로 변질시켰다”고 말했다.
◇양도세 줄이려 3주택자 된다
양도세 중과 대상 다주택자인 김씨가 2억원 절세를 하게된 비밀은 ‘일시적 2주택’ 특례에 있다. 현 시세를 기준으로 김씨가 보유한 아파트의 양도차익은 인천 아파트가 4억원, 서울 아파트가 13억원이다. 이들을 그냥 처분하면 각각 2억2000만원과 3억9000만원을 양도세로 내야 한다. 인천 아파트를 판 후 2년을 기다렸다가 서울 아파트를 팔 경우 일부 비과세를 적용 받을 수도 있다. 그러나 원주 아파트를 사들인 뒤 인천과 서울 아파트를 차례로 팔면 2년을 기다리지 않고도 양도세가 4억1000만원으로 감소한다.
이 경우 3주택자가 된 김씨는 인천 아파트를 팔 때 양도세를 3000만~4000만원 정도 더 물어야 한다. 하지만 인천 아파트 처분 후 일시적 2주택자(서울 아파트+원주 아파트)가 되면서 서울 아파트를 팔 때 매도금액의 9억원까지 비과세 혜택을 받는다. 양도차익이 큰 서울 아파트를 팔 때 일시적 2주택 특례를 활용하는 것이다. 2000만원을 들여 산 원주 아파트 덕분에 집값이 가장 많이 오른 서울 아파트의 양도세를 대폭 줄이는 셈이다. 여기에 비규제지역에 있어 실거주 의무가 없는 원주 아파트 가격이 오르면 추가 이익도 챙길 수 있다.
우병탁 신한은행 부동산투자자문센터 팀장은 “현행법을 놓고 보면 이런 식의 절세를 불법이라고 보기 힘들다”고 했다. 정부 입장에선 다주택자의 ‘꼼수 절세’를 막기 위해 공시가 1억원 이하 아파트 거래에 규제를 가할 경우 서민 실수요자에게 불이익이 발생할 수 있어 난감한 상황이다. 기획재정부는 이 경우 서울 아파트의 보유 계산 기점을 취득일이 아닌 인천 아파트의 매도 시점 이후로 하는 유권해석을 내놨다며, 올해 부턴 이런 방법을 이용하면 서울 아파트 매도 시 과세 대상이 된다는 입장이다. 그러나 보유 기간 계산 관련 조문에 ‘일시적 2주택은 제외한다'는 내용이 있어 종전 주택(서울 아파트)은 이에 적용을 받지 않는걸로 해석해야 한다는 지적도 있다. 기재부의 유권해석을 두고 소송 등이 진행될 경우 이에 대한 다툼이 생길 수 있다는 뜻이다.
◇서민 실거주자만 피해
다주택자의 ‘절세용 상품’이 된 공시가 1억원 이하 아파트는 최근 “매물이 없어서 못 판다”는 얘기가 나올 정도로 거래가 활발하다. 부동산 빅데이터업체 ‘아실’에 따르면, 충남 아산시 배방읍 ‘배방삼정그린코아’는 상반기에만 300가구가 매매 계약을 체결했다. 이 단지 전용 47㎡는 올해 공시가격이 7600만원 정도이다.
매매가 폭발적으로 늘면서 가격도 강세다. 경기도 시흥 월곶동 ‘풍림아이원 1차’ 전용 32㎡는 올해 초 실거래가는 1억1000만~1억2000만원 정도였는데, 6월 말엔 2억2500만원에 팔렸다. 강원도 원주시 명륜동 ‘단구1단지’ 전용 39㎡는 올해 초 7200만원이던 실거래가가 지난달 1억원까지 치솟았다. 원주의 한 공인중개사는 “서울에서 집을 사겠다는 문의가 종종 오는데, 실거주용은 거의 없고 대부분 세금 줄이려는 목적”이라고 말했다.
가장 큰 피해자는 1억원 안팎의 저렴한 보금자리를 찾는 서민들이다. 매매뿐 아니라 전세금도 덩달아 오르니 큰 부담이 된다는 것이다. 충남 아산의 한 주민은 “타지인의 갭 투자로 아파트 가격이 비정상적으로 올랐다”며 “시세대로 전세금을 맞출 수 없어 다음 계약 땐 이사를 해야 할 판”이라고 말했다."
https://www.chosun.com/economy/real_estate/2021/08/10/FS5TPNID2NB37PCMXG6CNNZYYA/,"국내 최초로 전국 모든 아파트(약 1120만가구)의 동·호수별 5년치 재산세와 종합부동산세 예상치를 보여주는 ‘땅집고 택스맵’이 오는 9월 종합부동산세 납부 방식 선택일을 앞두고 세금 계산 기능을 업데이트했다.
그동안 땅집고 택스맵은 종부세를 계산할 때 ▲1가구 1주택 단독 명의 ▲60세 미만 ▲5~10년간 보유한다고 가정하고 세액을 산출했다. 앞으로는 ▲단독 명의·공동 명의 여부 ▲보유자 연령 ▲보유 기간 등 주택 보유자의 여건을 설정할 수 있어, 실제 종부세 납부액과 오차 범위가 확 줄어들 것으로 보인다.
이번에 업데이트한 땅집고 택스맵 기능은 주택 한 채를 부부 공동 명의로 보유 중인 납세자에게 유용할 전망이다. 올해부터 부부 공동 명의 1주택자는 종부세를 낼 때 단독 명의와 공동 명의 중 어느 쪽이 유리한지 따져본 뒤 납부 방식을 선택할 수 있기 때문이다. 공동 명의라면 기본 공제가 12억원(부부 6억원씩)인 반면 단독 명의는 9억원이다. 단독 명의일 경우 고령자·장기 보유 공제를 합해 최대 80% 추가 공제받을 수 있다. 땅집고 택스맵에서 단독·공동 명의 여부, 보유자 연령, 보유 기간 등을 설정하면 올해 어떤 방식으로 종부세를 납부해야 세 부담이 줄어드는지 금방 알 수 있다.
예를 들어 지난해 공시 가격 20억3700만원인 서울 서초구 반포동 ‘반포자이’ 전용 84㎡ 한 채를 65세 이상 부부가 15년 이상 보유했다고 가정하자. 이 부부가 공동 명의로 종부세를 낸다면 올해 세액은 389만원이다. 반면 단독 명의로 납부 신청하면 고령자 세액공제 30%와 장기보유 세액공제 50%를 합해 총 80% 공제를 적용, 종부세가 176만원으로 줄어든다. 세액이 공동 명의 대비 절반 수준인 셈이다.
땅집고 택스맵은 ‘땅집고’ 앱에서 무료로 이용할 수 있다. 플레이스토어나 앱스토어에서 ‘땅집고’를 검색한 후 다운로드받으면 된다."
https://www.chosun.com/economy/real_estate/2024/06/16/5TPVKTBSSBF4XJ36QD3BZEVE74/,"최근 커뮤니티 시설 외부 개방 문제 때문에 한차례 논란을 일으켰던 서울 서초구 반포동 ‘래미안 원베일리’가 이번엔 조합장에 대한 성과급 지급을 두고 내홍에 빠졌다.
16일 부동산업계에 따르면, 래미안 원베일리(신반포3차·경남아파트) 재건축 조합은 최근 대의원회를 열고 조합장에게 성과급 10억원을 지급하는 안건을 의결했다. 조합장의 성과를 보상하고 조합 운영 과정에서 발생한 소송 비용을 보전한다는 취지다. 조합 집행부는 오는 19일 열리는 조합원 총회에서 해당 안건을 처리하기 위해 조합원들로부터 서면 결의를 받고 있다.
그러자 일부 조합원들은 성과급 지급이 부당하다고 반발하며 단지 내에 반대 현수막을 내걸었다. 성과급 지급에 반대하는 측은 조합장이 이미 연간 1억원 넘는 돈을 받고 있는데다 조합장이 조합을 부실하게 운영했고, 부정 선거 등으로 금전적 손해를 끼쳤기 때문에 성과급 지급은 옳지 않다는 입장이다.
과거에도 재건축·재개발 과정에서 성과를 낸 조합장이나 조합 임원에게 성과급을 지급하는 일은 종종 있었다. 부동산 경기가 좋을 때에는 일반 조합원들의 반발이 적었지만 최근에는 갈등을 빚는 사례가 늘어나고 있다. 경기 안양시 평촌 엘프라우드 재개발 조합 집행부는 조합장에게 성과급 50억원을 지급하는 방안을 추진하다가 조합원들의 반발에 철회하기도 했다.
서울시는 2015년 ‘정비사업 조합 등 표준 행정업무 규정’을 개정해 조합 임원에 대해 임금, 상여금 외에 별도의 성과급을 지급하지 못하도록 정했다. 하지만 강제성이 없는 권고사항이라 성과급 지급 관행이 이어지고 있다는 지적이 나온다."
https://www.chosun.com/economy/real_estate/2023/02/23/ESKS3ARFMNGODAT7XBDTGWZTP4/,"“도심 외곽 대형 베이커리 카페는 F&B(식음료) 사업으로 보면 안됩니다. 오히려 부동산 개발업 성격이 강합니다. 카페를 잘 운영하면 매출과 수익이 나오지만 추후 매각 차익이 훨씬 큽니다. 결과적으로 베이커리 카페 사업은 매각을 염두에 두는게 중요합니다.”
땅집고가 내달 7일부터 진행하는 ‘건물주·토지주를 위한 카페 유치와 개발의 모든 것’ 2기 과정에서 강사로 나서는 이상훈 슬로베이커리 대표는 근교형 베이커리 카페 사업을 ‘부동산 개발업’이라고 했다. 옛 리츠칼튼호텔에서 근무했던 그는 현재 서울 용산, 경기 수원 광교·행궁동, 김포 등지에서 전용 50~300평 규모 카페를 운영하는 베테랑이다.
이 대표는 현재 근교형 베이커리 카페 가운데 저평가 토지를 개발해 성공한 사례가 많다고 했다. 경기 파주의 대형 카페 ‘더티트렁크’ 주변은 5~6년 전만 해도 시골이었지만 지금은 MZ세대가 몰려드는 카페의 성지(聖地)다. 땅값이 상대적으로 저렴한 곳에 층고가 높은 건물을 지은 뒤, 내부를 식물이 가득한 공장처럼 꾸민 독특한 콘셉트로 카페를 차려 속칭 ‘대박’이 났다. 주변 땅값은 5~6년 전 3.3㎡(1평)당 150만~200만원에서 지난해에 1100만원선까지 뛰었다. 이 대표는 “쓸모없어 보이는 땅이라도 대형 카페가 성공하면 주변 부동산 가격이 2~3배 오르는 일이 많다”고 했다.
베이커리 카페 부지는 강·호수·숲 같은 자연 경관이 좋은 곳이 적합하다. 최근 젊은층 사이엔 논밭을 낀 이른바 ‘논뷰’ 카페도 유행이다. 이 대표는 “최근 3~4년 새 도심 외곽에 대형 카페가 속속 생기면서 경쟁이 치열해지고 있다”면서 “오히려 기본적인 유동인구가 있는 신도시 주변이 카페 입지로 더 나은 경우도 있다”고 했다. 그는 또 “건물이나 토지, 상권 특성에 따라 카페만 고집할 것이 아니라 매장 내 일부를 스테이크하우스나 한식집 같은 다른 업종으로 함께 운영하는 하이브리드 방식도 고려해 볼 필요가 있다”고 했다.
<’토지주와 건물주를 위한 베이커리 카페 유치와 개발의 모든 것’ 2기 모집>
‘조물주 위에 건물주’라는 말이 나올 정도로, 한때 건물주는 막강한 힘을 가졌었다. 그러나 경기 침체 가속화로 공실이 늘면서 건물주의 고민이 커지고 있다. 전문가들은 불황일수록 꾸준한 수요를 내는 세입자 구하기와 효율적인 건물 관리가 중요하다고 조언한다.
최근 업계는 경기도 동탄, 강화도 등 서울 외곽의 대형 건물들이 베이커리 카페로 탈바꿈한 뒤 성공한 사례에 주목하고 있다. 이들의 성공 배경에는 공통점이 있다. 도심보다 상대적으로 임대료가 저렴한 비도심 입지에, 외관과 인테리어를 새단장한 뒤 돋보이는 아이템을 내세웠다는 점이다. 실제로 서울 근교지역 중대형 카페는 단순히 빵을 먹고 차를 마시는 공간을 넘어, 휴식을 취하는 곳으로 자리잡았다.
’무지개케이크’로 유명한 도레도레의 김경하 대표는 휴식을 위한 리조트형카페 사례를 중심으로 ‘케이스 스터디-카페 종류에 따른 개발 및 성공 노하우’를 전수한다. 24년 점포개발경력을 가진 스타벅스 점포개발팀 송훈석 팀장은 ‘스벅DT(드라이브스루) 입지와 개발조건’을 주제로 실제 수익률을 분석해본다.
김창균 유타건축 소장은 근교 대형카페를 지을 때 필요한 인허가 조건과 예산에 대해 알려준다. 호감을 얻는 건축 디자인과 공간 활용도를 높이는 방법에 대해서도 강의한다.
수강료는 180만원이며 사전등록하면 10만원 할인한다. 강의 장소는 서울시 중구 세종대로21길 22, 태성빌딩 2층 땅집고 아카데미 교육장이다. 수강 신청은 땅집고M 홈페이지(zipgobiz.com ▶바로가기)에서 하면 된다. (02)6949-6190."
https://www.chosun.com/economy/real_estate/2023/11/21/BEUTMBXB35D55DNPDSVNQCTINM/,"HDC그룹은 정몽규 회장이 참석한 가운데 민간 발전회사 ‘통영에코파워’에 사용할 액화천연가스(LNG)를 수송하는 ‘아마디(AMADI)호’의 첫 입항 기념식을 지난 17일 경남 통영에서 열었다. 통영에코파워는 HDC그룹이 추진하는 천연가스 발전 민자 사업으로, 경남 통영 안정국가산업단지에 약 1조3000억원을 투자해 1012MW(메가와트)급 LNG 발전소와 LNG 저장 탱크 등을 짓는 것이다. 아마디호는 지난 7일 브루나이에서 약 6만9000톤의 LNG를 선적하고 출항했다. 이번에 도입한 LNG는 이달 말 예정된 가스 공급 시설 시험 운전과 내년 상반기 발전 설비 시험 운전 연료로 활용된다."
https://www.chosun.com/economy/real_estate/2022/11/09/MRQOVYXC7FFH7DY465A2XL5B3M/,"7년째 연 1.8%에 묶여있는 주택청약종합저축(청약저축) 금리가 인상된다. 국토교통부는 최근 가파르게 오른 시중금리와의 격차를 줄이기 위해 11월 중 청약저축 금리를 연 1.8%에서 2.1%로 0.3%포인트 올린다고 8일 밝혔다.
기준금리 인상으로 시중은행 예금금리가 5%대까지 오른 데다가 주택경기가 침체하면서 전국 청약통장 가입자 수는 지난 7월부터 감소세로 돌아섰다. 청약통장 금리가 지나치게 낮다는 지적이 이어지자 정부는 2016년 8월 이후 6년 3개월 만에 금리 인상을 결정했다. 이번 금리 인상으로 청약저축 납입액이 1000만원인 가입자는 기존 이자보다 3만원 더 많은 연 21만원의 이자를 받게 된다.
국토부 관계자는 “청약저축 납입금으로 조성한 주택도시기금은 무주택 서민들의 주택 자금 대출 지원에 사용된다”며 “청약저축 금리를 올리면 기금의 재무 건전성을 유지하기 위해 정책 대출 금리도 올려야 해 인상 폭을 제한할 수밖에 없다”고 설명했다.
국민주택채권 금리도 다음 달 1.0%에서 1.3%로 인상된다. 국토부는 1000만원 상당의 국민주택채권을 매입한 후 즉시 매도할 경우 부담금이 약 15만원 줄어든다고 밝혔다."
https://www.chosun.com/economy/real_estate/2024/05/27/55PK464UFFA4ZM5GXVXQP6COGY/,"정부가 전세 사기가 발생한 집을 LH(한국토지주택공사)가 경매로 사들인 뒤 경매차익(감정가에서 낙찰가를 뺀 금액)을 보증금 명목으로 세입자에게 지급하고, 피해자가 원할 경우 기존 집에서 저렴한 비용으로 최장 20년간 살 수 있게 지원하는 내용의 ‘전세 사기 피해자 지원 방안’을 27일 발표했다. 더불어민주당이 28일 공공기관이 피해자에게 먼저 보증금 일부를 돌려주고 해당 주택을 나중에 매각하는 ‘선(先)구제 후(後)회수’ 방식의 ‘전세사기피해지원 특별법’ 개정안을 국회에서 처리하겠다고 예고한 상황에서 정부가 대안을 마련한 것이다. 정부는 “1조원 넘는 주택도시기금 손실이 발생한다”며 선구제 후회수 방식의 개정안에 반대하고 있다. 그러나 이날 정부가 발표한 방안은 대부분 법 개정이 필수여서, 야당의 협조 없이는 실행될 가능성이 희박하다. 정부 관계자는 “22대 국회에서 정부 방안이 전세 사기 특별법에 담길 수 있도록 국회와 긴밀하게 협의하겠다”고 말했다.
정부는 이날 “LH가 경매로 전세 사기 피해 주택을 매입할 경우, 경매차익을 활용해 피해자 손실을 최대한 보전해주겠다”고 밝혔다. 현재 전세 사기 피해자는 자기가 살던 집을 경매로 우선 낙찰받을 권리가 있고, 아니면 LH에 우선매수권을 넘겨주고 해당 주택에서 세입자로 계속 거주할 수 있다. 그러나 이 경우 세입자는 이전 집주인에게 떼인 전세 보증금을 온전히 회수하기 어렵다.
이에 정부는 앞으로 경매 과정에서 발생한 차익을 LH가 챙기지 않고, 나중에 피해자가 해당 주택에서 퇴거할 때 보증금 개념으로 돌려주기로 했다. 가령 감정가 3억원인 빌라를 LH가 경매에서 2억원에 낙찰받으면 최대 1억원이 전세 사기 피해자의 보증금으로 전환되는 것이다. 또한 전세 사기 피해자가 LH가 낙찰받은 집에서 시세의 50~70% 할인된 저렴한 비용으로 최장 20년간 살 수 있도록 했다. 피해자는 퇴거할 때 LH의 경매 차익에서 거주 기간만큼의 임대료를 뺀 나머지 금액을 돌려받는다.
정부는 또 불법 건축물이나 다가구·신탁 전세 사기 주택도 LH 매입 대상에 포함해 피해자 지원 범위를 확대하기로 했다."
https://www.chosun.com/economy/real_estate/2025/06/18/MW42UAIA2NDF3KL5MFK2N5Y6DA/,"착공 36년이 지나도록 미완공인 대구 북구 복현동 ‘골든프라자’가 53회 유찰 끝에 새 주인을 찾았다. 낙찰자는 SM그룹 관계사 ㈜나진이다. 골든프라자는 주택도시보증공사(HUG)가 공매에 넘긴 보증 사고 사업장 12곳 중 올해 처음으로 낙찰된 사례다.
18일 HUG와 금융감독원 공시에 따르면, 부동산 개발 업체 ㈜나진은 지난달 30일 HUG 공매에서 골든프라자 건물과 토지를 약 142억9000만원에 낙찰받았다. 나진은 우오현 SM그룹 회장의 아들 우기원 SM하이플러스 대표가 지분 100%를 소유한 회사다.
골든프라자는 1989년 대구 복현오거리에서 지하 7층~지상 17층 규모 건물을 목표로 착공했다. 하지만 1999년 공정률 80%를 넘긴 상태에서 공사가 중단됐고, 올해까지 26년째 유령 건물 상태로 방치됐다.
HUG는 이 건물과 토지에 대해 PF(프로젝트파이낸싱) 보증을 섰으나, 2020년 기존 시행사가 채무를 갚지 못해 보증 사고가 발생했다. HUG는 이를 대신 변제한 뒤 자금 회수를 위해 그해 말 건물과 토지 공매에 나섰고, 53회 유찰 끝에 6년 만인 최근 54번째 공매에서 낙찰에 성공했다. 낙찰가는 최초 감정가의 절반 수준으로 떨어졌다.
골든프라자는 낙찰됐지만, HUG가 공매 중인 부실 사업장은 여전히 11곳 남아 있다. 전북 군산 수페리체, 삼척 마달 더스테이 등 모두 지방 소재 사업장이다. 이 밖에 HUG가 보증을 섰으나 신탁사가 대신 공매 중이거나 공매 예정인 곳도 5곳이다."
https://www.chosun.com/economy/real_estate/2021/05/12/5BCQ6BLE5ZEFVOOPVYFGEZRL54/,"DL이앤씨가 경기도 의왕시 고천동 206번지에 신혼희망타운 ‘e편한세상 고천 파크루체’를 이달 공급한다. 단지는 지하 3층~지상 20층, 11개 동, 전용면적 56~59㎡ 총 870가구 규모다. 이 중 신혼희망타운은 580가구가 공급된다. 민간 건설사가 참여하는 신혼희망타운으로, e편한세상 브랜드에 적용된 최신 시설과 설계를 합리적인 분양가에 누릴 수 있을 것으로 기대된다.
단지는 인덕원~동탄 복선전철 의왕시청역(예정)에서 반경 800m 거리에 들어선다. 안양 인덕원에서 화성 동탄을 잇는 총 37.1㎞ 길이 노선으로 오는 2026년 개통 예정이다. 개통 후엔 지하철 4호선·월곶판교선(예정)·인덕원동탄선(예정) 환승역인 인덕원역까지 4정거장만에 갈 수 있어 서울과 인근 지역으로의 출퇴근이 편리해질 전망이다. 단지 인근 도로 교통망도 잘 갖춰진 편이다. 경수대로, 의왕 IC를 통해 과천봉담간고속화도로, 영동고속도로, 외곽순환도로로 진입하기 쉽다.
단지 바로 옆에 의왕시청이 있고, 반경 1㎞ 안에 의왕경찰서, 의왕소방서 등이 있다. 이마트 등 생활편의시설과 시티병원, 다사랑중앙병원 등 의료기관 이용도 편리하다. 지구 내에 초등학교 부지가 계획돼 있고 고천초, 의왕중, 우성고, 경기외고 등 반경 1㎞ 내에 여러 초·중·고등학교가 있다. 의왕시중앙도서관, 의왕시청소년수련관 등을 걸어서 15분 안에 갈 수 있는 점도 장점이다. 단지 뒤편 오봉산과 인근 고천체육공원에서 여가 생활을 즐기기도 좋다.
신혼희망타운은 신혼부부 특화형 공공주택이다. 법정 기준 면적보다 2배 넓은 종합보육센터가 설치되는 등 아이 키우기 좋은 환경을 갖췄다. 청약 자격은 입주자 모집공고일 기준 수도권에 거주하는 무주택 세대 구성원이다. 1세대당 1주택만 지원할 수 있다.
1단계 우선공급에선 예비 신혼부부, 혼인 기간 2년 이내인 신혼부부, 2세 이하 자녀를 둔 한부모 가족을 대상으로 전체 공급량의 30%를 해당 지역(의왕시) 거주자와 타지역(수도권) 거주자 순으로 공급한다. 2단계에선 나머지 70% 물량을 결혼한 지 7년 이내이거나 3세~6세 자녀를 둔 신혼부부·한부모 가족, 1단계 우선 공급 낙첨자 전원을 대상으로 공급한다. 역시 해당 지역, 타지역 거주자 순이다. 신혼희망타운으로 공급되는 만큼 최대 70%까지 대출이 가능하다. 또 전용 모기지 상품을 이용할 수 있어 주택대금의 30%가량만 부담하면 남은 대금은 입주할 때 최저 연 1.3%의 고정금리로 대출받을 수 있다.
단지에는 e편한세상 주거 플랫폼인 ‘C2 하우스’가 적용된다. 최소한의 내력벽 구조만 남겨둔 가변형 구조로, 방과 방 사이는 물론 거실과 방 사이의 벽체를 허물어 집 구조를 자유롭게 바꿀 수 있다. 전 세대가 남향 위주로 배치돼 채광이 좋다. 안방 드레스룸과 대형 현관 팬트리 등 넉넉한 수납공간을 갖췄고, 저층과 최상층에는 2면 개방형 테라스 하우스·펜트하우스 등 특화 설계가 적용된다.
최고층에는 스카이 커뮤니티가 조성될 예정이다. 단지 주변을 조망할 수 있는 스카이라운지와 파티룸, 브릿지 등이 들어선다. 어린이 특화 커뮤니티인 ‘그로잉센터’가 조성되고, 스포츠센터, 단독형 게스트하우스, 실내 골프장, 라운지 카페 등도 계획돼 있다."
https://www.chosun.com/economy/real_estate/2024/10/22/CMNN66QFWFA7TF7A4ZLISKIPHM/,"글로벌 레지던스 서비스 기업 블루그라운드가 한국 시장에 진출했다. 블루그라운드는 최근 조선미디어그룹 부동산 플랫폼 땅집고가 투자한 비티지레지던스와 독점 브랜드 사용 계약을 맺고, 한국에서 프리미엄 주거 설루션(solution)을 선보인다고 21일 밝혔다.
미국 뉴욕에 본사를 둔 블루그라운드는 기업 고객을 상대로 30일 이상 장기 체류 서비스를 전문으로 제공하고 있다. 전 세계 48개 이상의 도시에서 가구·가전 등이 완비된 ‘풀퍼니시드(full furnished)’ 레지던스를 운영 중이며, 구글·테슬라·골드만삭스·우버·넷플릭스 같은 기업을 고객으로 두고 있다. 블루그라운드 레지던스는 일반적으로 5성급 호텔에서 제공하는 장기 숙박 상품보다 저렴하고, 소비자 선택의 폭이 넓은 것이 장점으로 꼽힌다. 국내에선 앞으로 10년간 2500실 이상의 레지던스 네트워크를 구축한다는 계획이다.
블루그라운드는 국내 첫 사업으로 지난 9월 준공해 오는 12월 서울 중구 세운지구에서 개장하는 총 756실 규모의 ‘세운 푸르지오 G-팰리스’<사진>를 낙점했다. 블루그라운드는 서울 한복판에 위치한 프리미엄 레지던스인 세운 푸르지오 G-팰리스에서 장기간 서울에 머무르는 해외 기업 출장자나 여행객을 상대로 고품격 주거 서비스를 제공한다는 방침이다."
https://www.chosun.com/economy/real_estate/2022/08/08/PVDLPQEFNVDY3ANT5I4AGCJXTU/,"현대엔지니어링이 서울 강남구 역삼동 831-11 일원에서 오피스텔 ‘루카831′을 분양하고 있다. 지하 7층~지상 29층, 전용면적 50~71㎡ 337실 규모다. 최근 강남권에서 공급되고 있는 고급형 오피스텔 중 최대 규모로, 입주민을 위한 다양한 커뮤니티 시설과 주거 서비스가 제공된다.
◇최상층에 인피니티풀…강남 야경 한눈에
루카831은 주거시설과 상업·업무시설이 밀집해 강남권에서도 핵심이라 부를 만한 입지를 자랑한다. 우성아파트 사거리에 있어 지하철 2호선과 신분당선 환승역인 강남역이 걸어서 5분 거리이며, 강남대로, 테헤란로, 서초대로 등도 편리하게 이용할 수 있다. 강남역 삼성타운과 서초 법조타운 등 주요 업무지역이 가깝고, 쇼핑시설과 문화시설도 풍부하다.
루카831 최상층에는 인피니티풀, 선베드 등을 갖춘 루프탑 가든이 조성된다. 입주민들은 이곳에서 야경을 바라보며 휴식을 취할 수 있다. 건물 내에 피트니스센터도 들어선다. 이 밖에 발레 주차, 하우스키핑, 케이터링 등 호텔급 주거 서비스가 제공될 예정이다. 1~2층에는 입주민들을 위한 상업시설이 들어선다.
루카831은 아치형 디자인을 외벽과 1층 출입구에 적용해 고급스러운 분위기를 강조했다. 탁 트인 느낌이 들 수 있도록 층 높이를 약 2.9m로 높게 설계했고 창가에는 윈도 시트(window seat)를 설치해 재택근무할 때 업무 공간으로 사용할 수 있게 했다. 주방에는 공간 활용도를 높일 수 있도록 아일랜드 테이블을 배치했다. 모든 실에 욕조가 설치되며 스타일러, 세탁기, 건조기 등 주요 가전제품도 무상으로 제공된다.
◇개발 호재 많아 미래가치 상승 기대감
루카831 주변엔 개발 호재도 많다. ‘서초로 지구단위계획 재정비안’에 따르면, 서초구는 서초대로 일대 롯데칠성 부지, 코오롱 부지, 라이온미싱 부지 등을 특별계획구역으로 지정해 국제적인 업무∙상업지로 개발할 예정이다. 경부고속도로 서울 구간(한남IC~양재IC) 약 6.4㎞를 지하화하는 사업도 계획 중이다. 서리풀공원 인근 옛 정보사 부지는 민간 개발기업인 엠디엠이 업무·문화·관광 복합단지로 개발하고 있다. 인공지능(AI) 산업 육성을 위한 ‘양재AI혁신지구’도 조성될 계획이다.
이 같은 개발 호재에 힘입어 올해 1월 기준 루카831 소재지의 공시지가는 1㎡당 5662만원으로 2012년 1월(2400만원)에 비해 136% 올랐다.
부동산 업계에서는 주거 선호도가 높은 강남권에서 개발 가능한 토지가 한정적인 만큼, 향후 고급 오피스텔의 희소성이 더욱 높아질 것이란 관측이 나온다. 부동산R114 자료에 따르면 올해 강남구에서 분양했거나 분양을 앞둔 오피스텔은 385실로 지난해(1095실) 분양 물량의 절반에도 못 미친다. 특히 역삼, 청담, 논현 등 업무지역의 분양은 220실뿐이다.
오피스텔 분양권은 주택 수에서 제외되기 때문에 주택 보유자가 사들인다 하더라도 취득세, 양도세 등의 중과(重課)를 피할 수 있다. 오피스텔 취득세는 주택 수와 관계없이 4%(지방세 제외)로 고정돼 있지만 다주택자의 주택 취득세는 8~12%에 달한다. 루카831 분양 관계자는 “최근 공사비·인건비 급등 여파로 강남에서 공급되는 신축 오피스텔의 분양가가 치솟고 있어 루카831은 가격 측면에서도 합리적”이라며 “오피스텔은 대출도 비교적 수월하기 때문에 비슷한 가격대의 아파트에 비해 자금 부담이 적은 편”이라고 말했다."
https://www.chosun.com/economy/real_estate/2022/02/03/U57LHACJAJBERMKYNGMPAVCK6Y/,"“평생 모은 돈으로 빌라 한 칸 샀는데 뒤늦게 추진된 공공 개발 때문에 새 아파트 입주권은커녕 현금청산으로 쫓겨날 위기에 처했습니다.”
최근 청와대 국민청원 게시판에는 정부의 ‘2·4 부동산 대책’ 때문에 살던 집에서 쫓겨날 처지가 됐다는 호소가 잇따르고 있다. 한 청원인은 “작년 7월 온 가족이 긁어모은 돈으로 낡은 빌라를 한 채 사서 입주했는데 갑자기 도심 공공주택 복합사업 후보지로 지정돼 현금청산 대상이 됐다”며 “전 재산 모아 산 집을 뺏기고 쫓겨난다니, 나라에서 버림받은 것 같은 기분”이라고 말했다.
현금청산이란 개발 이익을 노린 부동산 투기를 막기 위해 일정 시점 이후 취득한 부동산에는 신규 아파트 입주권을 주지 않는 제도다. 재개발 사업 진행 일정에 따라 현금청산 적용 대상 여부가 갈리는 게 일반적이다.
하지만 정부는 지난해 2·4 대책에서 도심 공공주택 복합사업을 도입하면서며서 작년 6월 29일 이후 취득한 전국의 모든 부동산을 현금청산 대상으로 못 박았다. 공공주택특별법이 개정된 날이다. 이날 이후 집을 산 경우, 해당 지역이 나중에라도 개발 후보지가 되면 시세보다 턱없이 낮은 현금만 받고 주거지를 뺏길 수 있게 된 것이다.
이 방식은 도입 때부터 큰 논란이 됐다. 어디가 사업 대상지가 될지 모르는 상황에서 집 한 채 잘못 샀다가 언제든 현금청산 대상이 될 위험이 생겼기 때문이다. “거주 이전의 자유를 침해하는 정책”이라는 비판이 끊이지 않았다. 민간 재건축·재개발도 일정 시점 이후 부동산을 취득하면 조합원 자격을 주지 않지만 사업단계가 아닌 법 개정일을 기준으로 삼는 경우는 없다. 하지만 정부는 “문제가 없다”며 제도를 강행했다.
현금청산 금액은 보통 시세보다 크게 저렴한 경우가 많다. 최근 서울 서초구 반포동 반포주공 전용면적 72㎡가 시세(30억원)보다 크게 낮은 16억원에 거래됐는데, 소유자가 조합에 아파트를 강제로 판 현금청산 거래인 것으로 전해졌다. 정태우 변호사는 “시장을 안정시키는 것도 중요하지만 정책은 기본적으로 예측 가능해야 한다”며 “2·4 대책의 현금청산은 그런 측면에서 선의의 피해자를 양산하고 사유재산권을 침해할 소지가 크다”고 말했다."
https://www.chosun.com/economy/real_estate/2020/11/26/XU5ARFFABFD7ZCH2L5BKCNOVPY/,"올해 서울에서 아파트값 상승세가 가장 가팔랐던 지역은 노원구로 나타났다. 이어 강북구·성북구 등 순이었다. 모두 중저가 아파트가 상대적으로 많은 곳이다. 정부 부동산 규제의 ‘풍선 효과’로 상대적으로 집값이 저렴한 지역에서 ‘패닉 바잉(공황 구매)’ 현상이 나타난 영향으로 보인다. 7월 말 임대차법 개정 이후 유례없는 전세난이 터지면서 전세 수요 일부가 중저가 아파트 매수로 넘어갔다는 분석도 나온다.
25일 부동산 정보 업체 경제만랩에 따르면, KB국민은행 통계 기준 노원구 아파트의 3.3㎡당 평균 매매가격은 올해 25.1% 올랐다. 1월엔 3.3㎡당 2279만원이었는데, 10월엔 2850만원으로 뛰었다. 같은 기간 서울 평균 상승률은 14.8%였다.
실제로 노원구 중저가 아파트 중에는 올 들어 2억~3억원씩 오른 곳이 적지 않다. 노원구 상계동 ‘중계센트럴파크’(전용면적 84.13㎡)는 1월 6억6000만원에 거래됐지만, 지난달 8억9000만원에 팔려 2억3000만원 올랐다. 중계동 ‘중계3우성’(59.94㎡)도 지난달 6억3000만원에 계약돼 2월(4억3800만원)보다 2억원 가까이 상승했다.
강북구와 성북구의 오름세도 두드러졌다. 강북구 아파트의 3.3㎡당 평균 매매가격은 1월 2043만원에서 지난달 2545만원으로 24.6% 올랐고, 성북구도 같은 기간 2501만원에서 3106만원으로 24.2% 뛰었다. 다음으로 상승률이 높았던 곳은 동대문구(21.7%), 도봉구(21.4%), 구로구(20.9%) 등으로 모두 20% 넘게 올랐다. 반면 고가 아파트가 많은 강남(9.7%)·서초(7.6%)·용산구(8.2%)는 모두 상승률이 10%를 밑돌았다.
전문가들은 규제 일변도의 정부 부동산 정책이 중저가 아파트값을 밀어올렸다고 지적한다. 지난해 말 12·16 대책에서 9억원 넘는 주택의 주택담보대출 한도를 줄이자 9억 미만 아파트로 매수세가 옮겨가는 풍선 효과가 나타났다. 수도권 대부분 지역을 규제지역으로 묶고 ‘갭투자(전세 낀 매매)’ 방지책을 내놓은 6·17 대책 이후에는 패닉 바잉(공황 구매)이 거세졌다. 대출 문턱이 갈수록 높아지면서 실수요자 사이에서 ‘더 늦기 전에 집을 사야 한다’는 불안 심리가 커졌고, 상대적으로 집값이 저렴한 지역의 거래량이 크게 늘었다. 박원갑 KB국민은행 부동산수석자문위원은 “최근엔 전세난 회피 수요가 중저가 아파트 매매로 돌아서고 있다”며 “전셋값이 갈수록 오르면서 매매와 전세 시장이 동시에 불안해지는 모습”이라고 했다."
https://www.chosun.com/economy/real_estate/2022/01/31/DOEQTQSKMVAIDJQ3YVUHKCZ6BU/,"<차학봉기자의 부동산 봉다방>
미국의 조기 금리인상 가능성 탓에 주가가 급락하는 등 자산시장이 요동치고 있다. ‘회색코뿔소’ 공포가 현실화되고 있다. 회색 코뿔소는 누구나 알고 있지만 임박하기 전까지는 외면하는 리스크를 의미한다.
펜데믹으로 인한 경기침체를 막기 위해 사상 유례 없는 초저금리와 유동성 과잉이 주가와 집값을 폭등시켰다. 코로나가 마무리되면 당연히 뒤따를 유동성 축소와 금리인상이 자산 시장에 충격을 줄 수 밖에 없다는 것은 누구나 알고 있었다.
그러나 한국 부동산 시장에서는 ‘금리인상 충격’이라는 ‘회색코뿔소’의 가능성을 낮게 보는 전문가들이 많았다. 서울 아파트 입주물량 감소, 완만한 금리인상, 과잉 유동성, 전세대란 가능성 등 여러 이유를 들어 집값이 강세를 이어갈 것이라고 전망했다.
최근 부동산 시장 분위기가 돌변하고 있다. 작년 12월 서울 아파트 거래량은 1135건으로, 리먼쇼크로 가격이 급락했던 2008년 11월( 1344건) 과 남유럽 재정위기와 보금자리 주택공급폭탄 등으로· 서울 강남권 아파트가격이 급락했던 2013년 1월(1213건)보다 더 적었다.
실거래가 통계가 집계된 2006년이후 서울의 월별 평균 거래량은 6973건이며 거래량이 가장 많았던 때는 2006년 11월의 2만5382건이다.
서울의 아파트 가격도 하락세로 전환했다. 최근 한국부동산원이 발표한 1월4주차(24일 기준) 주간 아파트조사에 따르면 서울은 전주 대비 0.01% 가격이 떨어졌다. 서울 아파트값이 하락한 건 2020년 5월25일 조사 이후 처음이다. 광진(-0.01%)·동대문(-0.02%)·성북(-0.02%)·강북(-0.03%)·도봉(-0.02%)·노원(-0.03%)·은평(-0.02%) 등 강북 지역에서 주로 가격이 하락했다.
◇빨라진 금리인상과 유동성 축소, 요동치는 자산시장
완만한 금리인상은 경기 회복의 신호이기 때문에 오히려 집값에 호재라고 주장하는 전문가들도 있었다. 하지만, 심각한 인플레이션으로 인해 완만한 금리인상론은 폐기됐다. 한국은행은 작년 8월, 11월, 올 1월 등 이미 3차례 금리인상을 단행, 기준금리가 1.25%까지 올랐다. 주요 국가중에 가장 빠른 속도이다.
전세계 금리에 영향을 주는 미국의 기준금리는 당초 올 연말 인상에서 올 3월 인상으로 바뀌고 있다. 미국의 작년 12월 소비자물가가 7% 올라 40년 이래 최고치를 기록하면서 긴축 속도가 빨라지고 있는 것이다. 골드만삭스 등 투자은행들은 연준이 기준금리를 연내 4차례 인상할 것으로 전망한다. 미국 금리 인상의 부작용을 최소화하기 위해 한국은행이 연말에는 2%까지 금리를 올릴 수 있다는 전망이 나온다.
◇금리 오르면서 경매, 생숙, 오피스텔 등 투자용 상품 이미 찬바람
주택담보 대출 금리도 오름세이다. “금리 걱정할 필요 없다”는 낙관론이 대출 이자 폭탄 걱정으로 돌변하고 있다. 입주물량 감소는 해소되지 않았지만, 사전청약을 통한 공급폭탄이라는 돌발 변수를 만났다. 정부는 올해 약 7만 가구를 사전청약을 통해 공급할 계획이다. 작년 공급 물량(3만8006가구)의 두 배이다. 분양가 상한제로 시세보다 저렴하게 공급되는 물량들이다. 사실상 ‘반값 아파트’ 물량 폭탄이다.
임대차법 개정 영향으로 7월 전세대란 전망도 연초부터 전세시장이 안정되면서 빗나갈 가능성이 커지고 있다. 이미 금리인상의 효과와 대출 규제로, 전세금 인상에 브레이크가 걸렸고 일부 지역에서는 하락세로 전환했다.
지난달 전국 아파트 경매시장의 낙찰률은 42.7%로, 연중 최저치다. 전국의 아파트 낙찰가율(감정가 대비 낙찰가 비율)은 지난해 11월 104.2%에서 12월 100.6%로 낮아졌다. 서울의 작년 12월 아파트 낙찰률(46.9%)은 전달(62.2%)보다 15.3% 포인트 떨어졌다. 아파트 낙찰가율도 전달 대비 4.6% 포인트 낮아졌다.
수백대1의 경쟁률을 기록하던 생활형 숙박시설과 오피스텔에서 일부 마피(마이너스 프리미엄), 무피(제로 프리미엄)가 나오기 시작했다. 지방의 아파트 청약경쟁률도 낮아지고 있다.
◇집값 급락기, 하우스푸어의 공포
큰 폭의 조정 가능성도 있다. 2010년대 집값 침체기는 지역에 따라 차이가 나지만 서울 경기도 인천은 4~5년 지속됐다. KB주택통계에 따르면 2010년1월~2013년 강남구가 9.41%, 서울이 8.78%, 수도권이 7.91% 하락했다. 하지만 강남권의 경우, 고점대비 거의 반토막에 나온 급매물 정도만 거래됐다. 판교 등 신도시도 상황은 마찬가지였다.
집값이 본격적으로 침체하면 반전의 계기를 만들기 쉽지 않다. 2008년 집권한 이명박 정부는 무려 20여 차례나 부동산 대책을 발표했다. 얼어붙은 부동산 시장을 부양하기 위한 조치였지만 약발은 거의 없었다. 이른바 영끌로 내집마련을 한 많은 가장들이 하우스 푸어(빚을 내 집을 샀다가 원리금 상환에 허덕이는 계층) 공포에 시달려야 했다.
◇집값 급락기 대응 전략 미리 준비해야
위기의 가능성이 커지는 시기인 만큼 낙관론과 비관론 등 다양한 시나리오를 마련해서 대응 전략을 세워야 한다.
빚을 내서 주택을 구입했다면 금리 상승기에 늘어난 원리금 상환 부담에 대비해야 한다. 자산포트폴리오 조정 등에 대해 미리 고민해둘 필요가 있다. 무주택자들은 집값이 조정기에 들어갈 가능성이 있는 만큼, 서두를 필요는 없다. 신도시 중심의 사전 청약이 최우선이다. 신규분양은 분양가 상한제를 적용받고 있는 만큼, 무주택자들에게는 가장 좋은 내집마련 수단이다. 문제는 가점이 낮은 경우이다. 기존 아파트도 고려해야 한다. 현재 시세와 장기추세를 비교해서 일정 정도 가격이 하락했을 때 구매할 수 있는 지역과 아파트를 골라 예의 주시해야 한다.
유주택자들은 갈아타기 전략에 대한 고민이 필요하다. 집값 침체기에는 인기지역과 비인기 지역, 신축과 구축의 가격격차가 줄어드는 경우가 많다. 집값 하락기는 빚이 적은 1주택자와 무주택자들에게는 절호의 찬스가 될 수 있다. 청약시장도 조정기로 접어들면 경쟁률이 떨어지는 만큼, 청약에 대한 관심도 필요하다. 하지만 기회는 준비한 사람에게만 찾아온다."
https://www.chosun.com/economy/real_estate/2023/04/11/JWYMRPKQWVBI7FMG7OUSJMNDT4/,"부동산 미디어 플랫폼 땅집고가 경기 침체기 직장인을 위한 돈버는 실전 재테크 과정인 ‘광화문 머니스쿨’을 이달 17일 선보인다.
광화문 머니스쿨은 금융·재테크 기본 지식과 투자 방법을 알려주는 실전 중심 강좌다. 기대보다 연봉이 낮거나 50세 이전 은퇴 희망자, 새 수익원 창출을 원하는 직장인에게 적합하다.
강의는 부동산과 금융 2개 파트로 나눠 총 4회로 진행한다. 부동산 파트는 15년 이상 우리은행 부동산지원센터장으로 활동하면서 부자들의 재테크를 도왔던 안명숙 루센트블록 부동산총괄 이사가 맡는다. 안 이사는 “부동산 하락기에 집을 살 때는 호황기와는 전혀 다른 전략과 접근법이 필요하다”고 했다. 안 이사는 꼬마빌딩 같은 수익형 부동산 투자 노하우도 알려준다. 개강 첫날(4월17일)에는 ‘부동산 하락기, 내 집 마련 기회는 어떻게 잡아야 하는가’를 주제로, 4월19일에는 ‘월급만으론 살 수 없어, 직장인의 수익형 부동산 만들기’에 대해 각각 강의한다.
금융 파트는 금융투자·교육 전문가인 김양수 웰스에듀 대표가 4월24일 ‘매월 돈이 들어오는 금융 투자 2가지’를 주제로 강의한다. 김 대표는 펀드 대신 ETF 에 투자하는 것이 좋은 이유, 최근 각광받는 ‘월지급식 ETF’를 중점적으로 알려준다. 김 대표는 “저금리와 호황기에는 실물 부동산 투자가 좋지만 고금리와 경기 하락기에는 리츠(Reits) 같은 부동산 간접투자상품에 투자하는 것이 안정성과 수익성 측면에서 유리하다”고 했다. 마지막 날인 4월26일에는 ‘투자로 월 100만원 배당 만들기’를 주제로 조재영 웰스에듀 부사장이 강연한다. 인프라펀드, 전 세계 데이터 통신탑 이용료 투자 등 숨은 투자 팁을 소개한다.
수강료는 부동산과 금융 두 분야 강좌를 모두 신청하면 15만원, 하나만 신청하면 10만원이다. 강의 장소는 서울시 중구 세종대로21길 22, 태성빌딩 2층 땅집고 아카데미 교육장이다. 수강 신청은 땅집고M 홈페이지에서 하면 된다."
https://www.chosun.com/economy/real_estate/2024/01/27/BWR5XPDGJFHMRJQ6SAZDYLDKDA/,"분양가 상한제 아파트에 적용된 실거주 의무가 3년간 유예될 전망이다. 실거주 의무가 시작되는 시점을 현행 ‘최초 입주 가능일’에서 ‘최초 입주 후 3년 이내’로 완화하기로 여야가 의견을 모으는 것으로 확인됐다.
26일 본지 취재 결과, 더불어민주당 소속 국토교통위원회 위원들은 이날 실거주 의무를 3년간 유예하는 방향으로 주택법을 개정하는 의견을 여당 및 정부에 전달했다. 이로써 아파트가 완공되는 2월 말부터 무조건 입주를 해야 했던 4만7000여 가구가 최장 3년의 시간을 벌 수 있게 됐다. 당장 새 아파트에 입주하기 위해 기존 전셋집 계약을 변경·연장하거나 무리하게 대출을 받아야 하는 상황에 놓인 사람들이 한숨을 돌리게 된 것이다.
정부는 작년 초 ‘1·3 부동산대책’을 통해 수도권 분양가 상한제 아파트에 적용하는 실거주 의무를 폐지하겠다고 발표했다. 그러나 민주당이 주택법 개정에 반대하면서 국회 국토교통위원회에 1년 넘게 개정안이 계류돼 있었다.
최근 중대재해처벌법 유예 등 주요 현안에 대해 대립하던 여야가 4월 총선을 앞두고 실거주 의무 등 민생 관련 법안의 조속한 처리를 촉구하는 목소리가 커지자 최소한의 타협점을 찾은 것으로 보인다.
야당이 분양가 상한제 아파트 실거주 의무를 ‘3년 유예’로 입장을 바꾸면서 주택법 개정안은 2월 중 국회를 통과할 것으로 보인다. 작년 1월 정부가 실거주 의무를 폐지하겠다고 발표했을 때만 해도 부동산 시장 침체 분위기가 강해 민주당도 반대 의견이 없었다. 그러나 작년 4월 이후 민주당이 반대 입장으로 돌아서면서 법안 통과에 난항을 겪었다.
정부의 폐지 방침을 믿고 입주 때 전세 보증금을 받아 잔금을 치르려고 계획한 분양 계약자는 입주일이 다가오면서 ‘공황(패닉)’에 빠졌다. 실거주 의무를 어기면 1년 이하 징역 또는 1000만원 이하 벌금형에 처하고, 당첨된 아파트는 LH(한국토지주택공사)에 분양가 수준으로 넘겨야 한다.
분양가 상한제 주택에 대한 실거주 의무는 문재인 정부 시절인 2021년 주택시장 투기 수요 유입을 막기 위해 만든 제도다. 공공택지나 집값 과열지역 등 분양가 상한제가 적용되는 지역에서 입주 가능일로부터 2~5년간 청약 당첨자가 실제 거주하도록 강제하는 것이 골자다. 하지만 법 제정 때부터 실수요자인 ‘생애 첫 주택’을 마련하는 상당수가 전세금으로 아파트 잔금을 치르고 있어, 이 제도가 투기 수요뿐만 아니라 실수요에도 타격을 준다는 비판이 있었다.
국토부에 따르면 현재 실거주 의무가 있는 아파트는 전국 72개 단지, 총 4만7575가구다. 올 6월과 11월 각각 입주를 앞둔 서울 강동구 ‘강동헤리티지자이(1299가구)’와 ‘올림픽파크포레온(1만2032가구)’이 대표적이다.
국토위 관계자는 “신도시의 경우 학교가 제대로 준비돼 있지 않은 상태에서 자녀가 전학을 가야 하고, 교통망이 구축되지 않은 상태로 출퇴근해야 하는 등의 애로 사항이 있다”며 “실거주 의무가 3년이라도 유예되면 지역 내 분양받은 사람들에게 도움이 될 것”이라고 설명했다."
https://www.chosun.com/economy/real_estate/2023/05/15/MQ4FDVME6NCCHMUGX4WPTQIAMA/,"정부의 대대적인 규제 완화와 금리 인상 중단으로 전국 집값·전셋값 하락 폭이 올해 들어 4개월 연속 줄어든 것으로 나타났다.
15일 한국부동산원에 따르면, 4월 전국 주택종합(아파트·연립·단독주택) 매매 가격은 한 달 전보다 0.47% 떨어지며 전월 대비(-0.78%) 낙폭이 축소됐다. 작년 12월(-1.98%) 이후 정부의 대대적인 규제 완화 영향으로 4개월째 낙폭이 줄어든 것이다.
지역별로 서울(-0.55%→-0.34%), 수도권(-0.89%→-0.49%), 5대 광역시(-1.12%→-0.73%), 8개 도(-0.42%→-0.3%), 세종(-0.21%→0.65%) 등 모든 조사 대상 지역에서 집값 하락세가 줄거나 상승 전환했다. 서울에서는 서초구(-0.02%)와 동작구(-0.04%), 강남구(-0.06%) 등 일부 지역의 낙폭이 0.1% 미만으로 줄었다. 부동산원은 “전반적인 매수 심리는 여전히 위축된 상태지만 선호도가 높은 일부 지역 중심으로 급매물이 소진되고 상승 거래도 발생하며 하락 폭이 축소되고 있다”고 설명했다.
전국 주택 전세 가격은 지난달 0.63% 하락하며 전월(-1.13%) 대비 낙폭이 절반 수준으로 줄었고, 월세 가격도 지난달 0.18% 떨어지며 전월(-0.24%) 대비 낙폭이 축소됐다."
https://www.chosun.com/economy/real_estate/2023/03/14/D3SUYNXFTFCODMX3UAHVJ5GPUQ/,"충북 제천시 고암동 마을회관에서 북동쪽 산자락을 따라 2㎞쯤 이동하면 논밭 한가운데 461㎡(약 139평) 땅에 납작한 회색 돌을 불규칙하게 쌓아올려 지붕을 만든 주택이 보인다. 위에서 내려다보면 ‘ㄷ’자형으로 단층 건물 두 개가 하나의 지붕으로 이어져 있다. 이름은 ‘고라미 집’이다. 낮은 바위가 옆으로 누워있다는 뜻으로 제천 고암동 옛 명칭에서 따왔다. 지난해 2월 완공했다. 건축주는 이곳에 50여년 전 지은 농가 두 채를 사들여 리모델링했다. 한 채엔 건축주가 살고, 나머지 한 채는 ‘게스트 하우스’로 활용한다.
이 집을 설계한 김영배 드로잉웍스 소장은 “리모델링은 건축비 면에서 신축보다 훨씬 유리하지만, 디자인 측면에서도 신축이 갖지 못하는 매력 포인트가 있다”고 했다. 김 소장은 오는 23일 땅집고가 개설하는 ‘사례와 현장 스터디로 배우는 건물 리모델링’ 과정 1기에서 강사로 나선다. 그는 “오래된 벽이나 구조, 자재에서 묻어나는 세월의 흔적은 새 건물에서 살리기 힘든 아름다운 요소”라며 “그런 것을 살릴 수 있는 것이 리모델링의 최대 장점”이라고 했다.
고라미 집은 원래 다 쓰러져 가는 농가였다. 나무를 얼기설기 쌓아 만든 집이었다. 천장은 시멘트와 흙벽, 두 겹으로 시공돼 기둥을 무겁게 짓누르고 있었다. 외부 흙벽도 기울어 있었다. 하지만 50년 넘은 세월로 삐뚤빼뚤하게 이어진 목구조와 울퉁불퉁한 흙벽의 질감에서 자아내는 분위기는 어떤 건축가도 만들어내기 어려웠다.
기존 집은 ‘기역(ㄱ)’자 본채와 ‘일(一)’자 행랑채로 이뤄졌다. 김 소장은 기존 천장 서까래를 유지하며 합판을 그 위에 얹은 뒤 단열재를 설치해 보강했고, 두 건물을 하나의 지붕으로 연결했다. 지붕 외부 마감재로는 돌 모양 천연 슬레이트를 활용했다. 뒷산 능선을 따라 겹겹이 쌓아 올려 지붕이 넘실대는 것처럼 보인다. 행랑채는 외부 시선을 차단하면서 게스트 하우스 역할도 한다. 전체 공사비는 3억원쯤 들었고, 게스트 하우스에선 별도 운영수익이 나온다. 김 소장은 “기존에 있던 낡은 건물 벽체와 선이 고라미 집의 매력를 살리는 핵심 포인트가 됐다”고 했다."
https://www.chosun.com/economy/real_estate/2023/05/23/YSZ7YTHDYBCULMDNJORVKI5FTQ/,"땅집고 공간기획센터가 비어있는 아파트 상가와 상업용 건물 대상으로 임차인을 연결해 주는 ‘리징(leasing)’ 컨설팅 서비스를 올 연말까지 시범 사업으로 진행합니다. 대상은 연면적 200평 이상 단일 상가(건물)입니다. 아파트(주상복합·오피스텔 포함) 상가, 중대형 플라자 상가, 단독형 상업용 건물을 보유한 시행사·건설사, 개인·법인 등이 신청할 수 있습니다. 임차인 인테리어 비용 지원(TI)이 가능한 점포만 접수합니다. 땅집고 홈페이지(realty.chosun.com) ‘공간기획센터 사업접수’ 코너에서 신청하면 됩니다. (02)6949-6175·6179."
https://www.chosun.com/economy/real_estate/2021/07/01/WOFMVZ2PJNGN5N5WFODWTWKPTU/,"정부의 금리 인상 언급 등 잇단 경고에도 서울과 수도권 아파트 값이 고공행진을 이어가고 있다. 1일 한국부동산원이 발표한 6월 넷째 주(28일 기준) ‘주간 아파트 가격 동향'에 따르면 수도권 아파트 매매가격은 지난주와 비교해 0.35% 상승했다. 일주일 전 상승률과 같은데, 주간 상승률로는 관련 통계를 집계한 2012년 5월 이래 최고치다.
서울 아파트값도 일주일 전보다 0.12% 상승, 7주 연속 0.1% 이상 올랐다. 한국부동산원은 “한국은행의 연내 기준금리 인상 가능성 언급 등으로 매수세가 축소됐으나, 규제 완화 기대지역 등의 호가가 높게 유지되며 상승폭을 유지한 것”이라고 분석했다.
지역별로 보면 서울 노원구(0.26%)가 상계동 구축 위주로 신고가 거래가 이뤄지며 서울에서 가장 높은 상승률을 기록했다. 서초구(0.17%)는 반포·서초동 재건축 위주로, 강남구(0.15%)는 개포·대치동 재건축 단지들이 상승을 주도했다. 동작구(0.18%)는 상도·흑석동 역세권 위주로 양천구(0.13%)는 목동·신정동 재건축 아파트가 많이 올랐다. 경기(0.43%)에선 GTX-C 노선 추가 정차역이 들어설 가능성이 커진 안양 동안구(0.99%)가 급등했다.
정부는 서울 등 집값이 지나치게 올랐다며 잇단 경고음을 내고 있다. 한국은행이 연내 금리 인상을 공식화한 상황에서 홍남기 경제부총리 겸 기획재정부 장관은 지난달 30일 “한은이 금융안정보고서에서 서울지역 주택가격이 장기추세를 상회해 고평가됐을 가능성이 높은 것으로 판단했다”고 말했다. 한은 금융안정보고서는 “1인당 국내총생산(GDP) 대비 주택가격과 GDP 대비 민간신용 등을 토대로 분석했을 때 소득과 괴리된 주택가격 상승이 장기화하기 어렵다”고 전망했다. 그러나 재건축 단지와 정비사업 호재가 있는 지역을 중심으로 가격 상승이 이어지면서 하반기에도 불장이 계속될 것이란 전망이 고개를 들고 있다."
https://www.chosun.com/economy/real_estate/2020/09/15/UWKGJ55YHJEYBFKUDGGBQUPRBE/,"한국감정원이 실거래 사례만 추려 만든 통계에서도 최근 3년 사이 서울 아파트 값이 40% 넘게 급등한 것으로 나타났다. 시민단체 등에서 주장한 50%대 상승률보다는 낮지만, 정부 고위 관계자들이 ‘국가 승인 통계’라며 내세운 10%대보다는 훨씬 높다.
최근 언론이나 학계에서는 정부가 집계한 서울 집값 상승률이 민간 통계에 비해 지나치게 낮아 비현실적이란 지적이 잇따르고 있다. 그때마다 정부는 “(국가 승인 통계인) 한국감정원 통계는 실거래가를, 민간 통계는 중개업소 호가를 집계한다”는 논리로 대응하고 있다. 통계를 잘 모르는 일반인에겐 마치 실거래가로 집계한 국가 통계가 중개업소 호가를 활용한 민간 통계보다 정확하다는 의미인 것으로 해석될 수 있다. 하지만 정작 한국감정원이 실거래가만으로 집계한 통계에서도 서울 아파트 값은 정부 주장보다 훨씬 많이 오른 것이다.
◇文 정부 들어 서울 아파트 실거래가 43% 올라
15일 한국감정원의 ‘공동주택 실거래가격지수’ 통계에 따르면, 서울 아파트 실거래가지수는 2017년 5월 93.8에서 올해 5월 134.6으로 43.5% 올랐다. 이 지수는 감정원이 실제 신고된 아파트 거래 사례들로 만드는 통계다. 2009년 12월부터 매달 발표되고 있다. 실거래가 신고 기간(30일)과 분석에 걸리는 시간이 있기 때문에 거래 시점과 통계 발표 시점 사이에 3개월 정도 시차가 있다. 감정원은 이 통계의 작성 목적에 대해 “정확한 시장 동향 정보를 국민에게 제공하고 정책 수립에 참고 자료로 활용하기 위한 것”이라고 설명했다.
실거래가지수 상승률은 정부에서 주로 활용하는 감정원 매매가격지수 상승률을 크게 웃돈다. 같은 기간 매매가격지수는 97.3에서 110.5로 13.6% 오르는 데 그쳤다. 매매가격지수는 감정원 직원들이 실거래가와 공인중개업소 호가 등을 토대로 ‘거래 가능한 가격’을 추정해 만드는 지표다. 같은 기관의 통계임에도 불구하고 3배 넘게 차이가 나는 것이다. KB국민은행이 집계하는 매매가격지수 상승률(24.9%)이나 아파트 중위가격 상승률(51.8%)이 오히려 감정원의 실거래가 상승률에 더 가깝다.
◇입맛에 맞는 통계만 취사선택하는 정부
정부는 감정원 통계가 KB 등 민간 통계와 다르다는 지적이 나올 때마다 감정원 통계가 ‘실거래가 기반’임을 강조했다. 홍남기 경제부총리는 지난달 국회에서 “감정원은 호가와 실거래가를 조사해서 거래가 가능한 시장 가격을 반영하고 있고, KB는 호가를 조사해 반영한다”고 말했다. 김현미 국토교통부 장관 역시 “KB는 공인중개사가 입력하는 호가 중심이고, 감정원 통계는 조사원이 실거래가로 측정한다”고 했다.
하지만 정작 정부가 주로 활용하는 통계는 실거래가지수가 아닌 매매가격지수다. 김 장관은 지난 7월 “문재인 정부 들어 서울 집값이 11% 올랐다”고 발언했는데, 이때 김 장관이 활용한 숫자가 매매가격지수다. 당시 김 장관의 발언을 두고 야당에서는 “어느 나라 통계냐”며 정확성에 의문을 제기했다.
심교언 건국대 교수는 “실거래가라는 단어의 뉘앙스 때문에 전문가가 아닌 사람에게는 마치 ‘정부 통계는 정확하고 민간 통계는 부정확하다’는 의미로 들릴 수 있다”며 ""실거래가 기반 통계라는 사실을 강조하면서 정작 필요할 때에는 매매가격지수를 앞세우는 것은 입맛에 맞는 통계만 골라 쓰는 것”이라고 말했다.
◇""완벽한 통계는 없어…정부도 인정해야""
전문가들은 완벽한 통계는 있을 수 없다고 지적한다. 감정원이나 KB의 매매가격지수는 표본조사이기 때문에 표본을 어떻게 선정하는지, 어떻게 보정하는지에 따라 결과에 차이가 있을 수밖에 없다. 실거래가지수 역시 집값이 많이 오른 지역이나 신축 아파트의 거래 비중이 높았던 달의 상승률이 평소에 비해 높게 나타나는 등의 한계가 있다. 특히 요즘처럼 아파트 거래량이 적을 때에는 실거래가지수를 월별로 산출하는 것 자체가 무리라는 지적도 있다.
정수연 제주대 교수는 “실거래가지수가 매매가격지수에 비해 실거래 동향을 더 정확하게 반영하는 통계이긴 하지만 실거래가 통계 역시 가격 입력 오류나 특수관계인 간 증여성 거래 등이 있어 완벽하다고 볼 수는 없다""고 말했다.
이창무 한양대 교수는 “주택 시장은 워낙 규모가 크고 특이 사례 발생 가능성이 높기 때문에 완벽한 통계란 없다”며 “정부도 이 같은 점을 인정하고 다양한 통계를 두루 활용해야 시장 상황에 맞는 정책을 낼 수 있을 것”이라고 말했다."
https://www.chosun.com/economy/real_estate/2023/02/09/XMPNWS2SQVA3HLP5CR425PTULQ/,"서울 집값 상승세가 꺾이자 서울을 떠나는 인구도 크게 줄어든 것으로 나타났다.
9일 부동산 정보업체 부동산인포가 통계청 ‘시군구 전출입지별 이동건수’ 통계를 분석한 결과, 지난해 서울을 빠져나간 인구는 23만4059명으로 전년(40만6975명) 대비 17만명가량(42%) 급감한 것으로 나타났다. 경기도로 빠져나간 인구는 20만1762명, 인천으로 빠져나간 인구는 3만2297명이었다.
집값이 치솟던 2021년엔 서울에서 경기·인천으로 빠져나간 인구가 40만6975명에 달했다.
부동산인포는 이처럼 ‘서울 엑소더스’ 현상이 완화된 가장 직접적 원인으로 집값 하락을 꼽았다. 한국부동산원에 따르면 2021년 말 기준 서울 평균 아파트 매매가는 11억5147만원으로 2020년보다 2억5800만원 올랐다. 2019년 1억원, 2020년 6500여만원 증가했던 것과 비교하면 매우 이례적인 급등이었다. 하지만 지난해 12월 기준 서울 평균 아파트 매매가는 10억6759만원으로 전년보다 8388만원 떨어졌다.
권일 부동산인포 리서치팀장은 “좋은 인프라를 두고 떠날 만큼 급등한 서울 집값이 수요자들에게 큰 부담이 됐던 것”이라며 “중장기적인 수급 관리를 통해 집값을 안정적으로 유지해야 서울에 직장을 가진 사람들이 서울 밖으로 밀려나는 것을 막을 수 있다”고 말했다."
https://www.chosun.com/economy/real_estate/2020/12/01/J6RHNCIUMZF3TJJFDWT6IAXVZM/,"“강남 아파트만 세금 폭탄이지, 우리 아파트는 시세가 얼마 안 돼서 세금도 얼마 안 될 거야.”
천만의 말씀입니다. 내년부터 서민·중산층이 사는 중저가 아파트 세금도 급등합니다. 현재 시세 7억~8억원짜리 아파트의 경우 5년 뒤에는 해마다 150만~200만원을 세금으로 내야 합니다. 예를 들어 노원구 창동주공아파트 19단지 전용 68㎡ 아파트의 경우 2~3년 전만 해도 재산세가 40만원 안팎이었지만 올해는 70만원 정도, 5년 뒤에는 매년 140만원을 재산세로 내야 합니다.
물론 고가 아파트 세금은 더 가파르게 오릅니다. 시세 15억원이 넘는 마포구 공덕동의 고가 아파트의 경우 올해 보유세로 350만원 정도를 냈고, 5년 뒤에는 1200만원 정도를 세금으로 내야 합니다. 빚내서 세금 내야 하는 일이 실제로 벌어집니다.
땅집고 앱에서는 전국 1120만 모든 아파트의 향후 5년간 재산세·종부세를 무료로 알려드립니다. 땅집고 앱에 장착된 ‘땅집고 택스맵’에서 아파트를 찾아 동·호수만 클릭하면 5년치 예상 세금이 나옵니다. 땅집고 앱은 안드로이드 폰에서만 사용할 수 있습니다. 플레이스토어에서 ‘땅집고’를 검색하면 설치할 수 있습니다."
https://www.chosun.com/economy/real_estate/2022/09/12/JP3I6WAWFRHMHE2WWAREFE56GE/,"땅집고가 선보이는 민간 부동산 경매 시스템 ‘땅집고 옥션’이 9월 29일 2차 입찰을 실시한다. 이번 입찰에는 서울 시내 알짜 빌딩 등 최저입찰가 기준 총 1133억원 규모 우량 매물 16건이 나온다. 입찰은 오는 9월 29일 오후 1~3시 서울 중구 세종대로 땅집고 아카데미 교육장에서 진행한다. 땅집고옥션 매물 출품, 제휴 중개사 신청 문의 (02) 2039-7960. ☞땅집고 옥션이란?
[땅집고 옥션] 연세대앞 YK빌딩
서울 서대문구 창천동 53-79에 있는 ‘연세대앞 YK빌딩’이 29일 열리는 땅집고 2차 정기옥션 매물로 나왔다. 대지면적 417.9㎡(약 126평), 연면적 1182.24 ㎡(약358평)이다. 지하1층~지상 5층 규모로 최저입찰금액은 82억원이다.
지하철 2호선 신촌역 2번 출구에서 500m 떨어진 거리에 있어 걸어서 약 7분이면 도착한다. 대중교통 이용도 편리해 접근성이 좋다.
1990년 준공한 이 건물은 유동인구가 많은 연세대, 세브란스병원 정문 건너 편에 위치해 있다. 현재 건물 임차는 만실로 지하1층과 지상2층은 술집, 1층은 음식점, 3~5층은 고시원이 들어서 있다.
주차는 7대 가능하다. 월 임대료는 총 1587만3000원이다. 홍은진 교대역 일이부동산중개사무소 대표는 “현재 임대료와 관리비가 인근 건물에 비해 저렴한 편이라 추가 증액이 가능하다”고 말했다. 2차 정기옥션 입찰의향서 제출 마감일은 29일 오후 3시까지다."
https://www.chosun.com/economy/real_estate/2022/02/07/SRWRQWU3MVCSLPRQL4EZYLKD7E/,"10일부터 건축박람회 등 3건 개최
동아전람이 오는 10일부터 13일까지 서울 강남구 대치동 세텍(SETEC)에서 ‘MBC건축박람회’를, 같은 기간 서초구 양재동 aT센터에서는 ‘동아 홈&리빙페어’와 ‘동아 가구·인테리어 박람회’를 개최한다. 관람 시간은 오전 10시부터 오후 6시까지다.
’현대 테라타워’ 비주거 통합 브랜드로
현대엔지니어링은 2014년 만든 자사 지식산업센터 브랜드 ‘현대 테라타워’를 비주거 상품 통합 브랜드로 확장하기로 했다. 테라타워는 서울 송파구 문정동 센터를 시작으로 지금까지 14개 센터에 적용됐다. 현대엔지니어링은 올 상반기 분양 예정인 서울 은평뉴타운 복합시설에 비(非)지식산업센터 최초로 테라타운을 적용할 계획이다."
https://www.chosun.com/economy/real_estate/2022/06/28/YPC5V6TNFNBC5D6A6AEDJEHDT4/,"부동산세금 최적화 알고리즘 전문 스타트업 ‘아티웰스’가 최근 21억원 규모 투자유치에 성공했다고 27일 밝혔다. 주요 투자자는 KB증권, SJ투자파트너스, 가비아 등 4곳다. 아티웰스의 누적 투자유치액은 31억원이다.
아티웰스는 양도소득세·종합부동산세 등 모의 세금계산 서비스와 AI(인공지능) 기반 절세 극대화 증여 플랜 추천 등 의사결정 지원 솔루션을 제공하는 ‘셀리몬’과 공인중개사 전용 프롭테크 플랫폼 ‘마이리얼터’를 운영하고 있다. KB국민은행, 하나은행 등에 부동산 세금계산기와 연금인출 최적화 솔루션 등을 제공하고 있다.
아티웰스는 이번 투자를 통해 플랫폼 비즈니스 확대를 위한 연구개발 인력 보강과 마케팅에 집중 투자해 자산관리 전문 플랫폼 회사로 성장한다는 계획이다. 이선구 아티웰스 대표는 “향후 아티웰스가 보유한 절세 최적화 알고리즘 특허를 바탕으로 건강보험료 시뮬레이션, 연금 수령 최적화 솔루션 등 자산관리와 절세 의사결정을 지원하는 콘텐츠를 계속 선보일 계획”이라고 말했다."
https://www.chosun.com/economy/real_estate/2020/11/25/WJGHCHILAVBE7GN4GZ44LKJOME/,"쌍용건설이 경기도 안성에서 차별화된 주거 아이템으로 주목받는 대단지 아파트 ‘쌍용 더 플래티넘 프리미어’를 선보인다. 안성시 공도읍 승두리 73번지 일대에 들어서는 단지는 지하 2층~지상 35층 14동(棟)에 전용면적 59~141㎡ 1696가구 규모이다.
단지 안에 축구장 세 배 크기의 조경 공간과 1.5㎞ 길이의 단지 순환 트랙, 여름철 물놀이가 가능한 워터파크와 캠핑장 등이 조성된다. 국공립 어린이집도 들어설 계획이어서 어린 자녀를 둔 수요자들의 관심이 높다. 전용 59·74㎡(일부 타입 제외)를 포함한 모든 주택형이 남향 위주 4베이로 설계돼 채광과 통풍이 잘된다. 전용 84㎡는 3면 개방형 발코니 설계가 적용된다. 스마트키나 스마트폰으로 공동 현관을 지나 엘리베이터까지 부를 수 있는 ‘스마트 원패스시스템’을 갖췄고, 첨단 주차 유도 시스템과 건식 세차 공간 등 주차장 시설에도 공을 들였다.
안성과 평택을 아우르는 생활권으로 교통이 편리하고, SRT(수서고속철도) 지제역도 가깝다. 스타필드 안성점이 직선거리로 1.5㎞에 있다. 입주는 2023년 12월 예정으로 경기 평택시 소사동 107-9번지에 견본 주택이 있다."
https://www.chosun.com/economy/real_estate/2023/01/03/N4VUI33WJVA6FAI724TQZYMYU4/,"땅집고 아카데미가 오는 2월2일 개강하는 ‘스테이 & 숙박 콘텐츠 개발과 경영의 모든 것’ 과정 수강생을 모집한다. 위드 코로나 본격화에 따른 국내외 여행 수요 폭발로 새롭게 중소규모 부동산 개발 모델로 주목받는 숙박 비즈니스 트렌드와 개발, 투자, 운영 전략 등을 알려주는 실전 강의다.
이번 과정은 총 6회로 현장 스터디 1회를 포함한다. 새로운 여행 트렌드와 스테이 건축을 활용해 부동산 가치를 끌어올리는 노하우 전달에 초점을 맞추고 있다. 부동산 소유주가 직접 스테이를 개발·운영하거나, 위탁 운영시 알아야 할 노하우도 소개한다.
건축 기획가인 심영규PD는 ‘코로나 이후 여행 트렌드와 숙박산업 변화’를 알려준다. 중소규모 부동산을 활용한 숙박시설 기획과 개발 방안(김태연 피치매니지먼트 대표), 도심형 숙박시설 개발·운영사례(박성재 유에이치시 대표), 낡은 모텔과 여관을 인수해 수익성 높은 스테이로 개발하는 전략(김준하 더휴식 대표) 등도 알려준다. 최근 개발한 스테이 시설을 현장 방문해 성공 노하우를 직접 들어본다. 수강료는 180만원이며 사전신청하면 할인해 준다. 땅집고M 홈페이지(zipgobiz.com)에서 신청하면 된다. (02)6949-6190."
https://www.chosun.com/economy/real_estate/2021/08/09/JNA43DSJPVG2BKN4ZVDOJSN454/,"그룹 마마무 솔라(30)가 신촌에 45억원짜리 꼬마빌딩을 샀다.
9일 법원 등기부열람시스템과 국토교통부 부동산 실거래 공개 시스템에 따르면, 솔라는 올해 1월 서울 서대문구 신촌로 이면도로에 있는 지하 1층, 지상 4층짜리 건물을 사들였다. 신촌역 1번 출구 인근, ‘준주거 지역’으로 분류된 지역에 1990년 지어진 건물이다. 대지 222㎡(67평)이며, 거래 금액은 45억원으로 신고됐다. 잔금을 6월 치르고 등기를 이전받았다.
원빌딩 ‘빌딩은박남매’ 팀은 “신촌상권은 2000년대 들어 홍대·연남상권에 이 일대 ‘핫플레이스 1위’ 자리를 내줬지만, 최근 상업용 부동산 거래 증가와 맞물려 다시 거래가 활기를 찾는 중”이라며 “마마무의 경우 토지 활용 가치가 높은 준주거 지역에 위치한 건물임에도 일반 주거 지역에 위치한 건물보다 저렴한 금액으로 매입했다”고 분석했다.
솔라는 2014년 마마무 메인보컬로 데뷔했다. 개인 유튜브 채널 ‘솔라시도’도 운영하는데, 구독자 수가 300만명을 넘는다. 솔라는 과거 인터뷰에서 100만 구독자에 따르는 수익이 월 1억원이라고 설명했는데, 설명대로라면 현재 그의 한달 수익은 유튜브에서만 3억원 안팎이라는 계산이 나온다."
https://www.chosun.com/economy/real_estate/2021/05/24/AJDKHSE44VCA3KAM7UQAZW5RMU/,"20일 낡은 저층 빌라가 밀집한 서울 중랑구 망우3동 한 주민에게 근처 지하철역을 묻자 “한참 멀다”며 고개를 절레절레 흔들었다. 동네에서 가장 가까운 경의중앙선 망우역이 재래시장을 가로질러 20분 넘게 걸어야 나온다. 경전철 면목선 건설 얘기가 2007년부터 나왔지만, 10년 넘게 지지부진하다. 인근 부동산 업소 관계자는 “주민들도 거의 포기 상태”라고 했다.
서울에서 대중교통 접근성이 떨어지는 지역은 강북에 몰려있다. 강남구는 33개 지하철역(환승역 중복 집계)이 있지만 비슷한 인구의 노원구는 16개뿐이다. 박홍근 더불어민주당 의원실이 받은 서울시 자료에 따르면, 도보 10분 안에 전철역 접근이 어려운 동은 서울 424개 행정동 중 170개(40%)지만 도봉(79%)·동대문(57%)·성북(50%)·서대문(50%)·노원(47%) 등 강북 지역이 특히 열악하다.
도로 사정도 마찬가지다. 서대문·은평구 주민의 주 통근로인 통일로는 20여 분 거리가 출퇴근 시간엔 1시간 이상 소요된다. 2007년 은평새길(제2통일로) 건설 논의가 시작됐지만 진척이 없다. 노원·도봉구 주민이 이용하는 동부간선도로는 2007년 3차선 확장을 시작해 작년 말 겨우 하행선 공사를 끝냈다.
서민 아파트가 밀집한 서울 도봉구 쌍문4동에는 지하철역이 하나도 없다. 인근 쌍문2동과 방학2동도 사정은 마찬가지다. 이달 서울시가 발표한 ’2020 서울서베이'에 따르면 도봉구에 사는 4명 중 1명은 1시간 이상 걸려 직장에 출근한다. 도봉구 내에 일자리가 적어 다른 지역으로 통근하는 주민이 많은 데다가 대중교통 불편까지 겹친 결과다. 쌍문동에서 강남으로 출퇴근하는 최모씨는 “출근 시간에 버스를 타고 가까운 지하철역까지 가는 데만 20분이 걸린다”며 “이사 오기 전 생각했던 것보다 교통이 더 불편하다”고 말했다.
노원구, 도봉구 등 서울 동북권에서 강남 방향으로 가는 주요 도로인 동부간선도로는 ‘동부 주차장’이라고 불릴 만큼 교통 체증이 심하다. 월계1교 지점은 지난해 하루 평균 차량 11만7986대가 이용, 서울 시내 주요 간선도로 중 통행량이 가장 많다. 정부가 지난해 8·4 공급 대책을 통해 태릉골프장 부지에 아파트를 짓겠다는 계획을 내놓자 지역 주민들이 “지금도 ‘교통지옥’인데 아무런 대책 없이 집만 더 지으면 어떻게 하느냐”고 반발하기도 했다.
◇강남에만 집중된 지하철 인프라
강북과 강남의 대중교통 인프라는 지하철역 수부터 차이가 난다. 강남구가 총 33개로 가장 많은 지하철역을 보유하고 있고, 송파구(29개)가 그다음으로 많다. 지하철역이 여러 개 몰려 있는 동네도 강남에 집중돼 있다. 박홍근 더불어민주당 의원실이 서울시에서 제출받은 자료를 보면 서초구 18개 동(洞) 중 12곳(67%), 강남구 22개 동 중 14곳(64%), 송파구 27개 동 중 9곳(33%)에 지하철역이 3개 이상 있다. 서울 전체에서 전철역 3개 이상인 동이 103개인 점을 고려하면, 지하철 인프라가 좋은 동네 셋 중 하나는 ‘강남 3구’인 셈이다.
전문가들은 구도심이 많은 강북과 달리 강남은 격자형으로 만들어진 계획도시라 도로나 지하철을 갖추기 쉬운 조건이라고 설명한다. 여기에 신도시 등 수도권 주요 택지 개발이 분당·수원·용인 등 남부권 위주로 진행된 점도 강남권 교통 집중을 가속화했다. 2010년 이후 새로 개통된 지하철역을 보면 3호선 수서~오금 구간, 9호선 확장, 신분당선, 수인분당선 확장 등 대부분 강남권을 지나는 교통망이다. 강남은 기존 고속버스터미널에다 2016년 SRT까지 개통하며 지방으로 가는 교통까지도 더 좋아졌다.
◇2007년 나온 경전철 7개, 개통은 ‘제로’
서울시는 2007년 ‘서울시 10개년 도시철도망 구축계획’에서 “균형 발전이 필요하다”며 노원구와 중랑구, 은평구 등을 지나는 7개 경전철 노선을 발표했다. 하지만 14년이 지난 현재 개통한 노선은 단 하나도 없다. 영등포구 샛강역과 관악구 서울대 앞을 잇는 신림선이 내년 개통 예정으로 그나마 진척이 빠른 편이다. 성동구 왕십리역과 노원구 상계역을 잇는 동북선은 중간에 사업이 한 차례 중단된 끝에 작년에야 첫 삽을 떴다. 면목선(청량리~신내), 목동선(신월동~목동) 등은 정부의 예비타당성 조사조차 통과하지 못했고, 우이신설 연장선(우이~방학)도 아직 착공을 못한 상태다. 경제성이 없다는 이유로 민간 사업 추진이 무산됐기 때문이다.
서울시는 이들 노선을 2019년 발표한 ‘2차 계획’에 다시 반영했다. 면목선과 우이신설연장선 등을 재정 사업으로 바꾸고, 청량리~목동을 잇는 강북횡단선을 새로 포함했다. 서울시는 철도 교통 수혜자가 40만명 늘어나고, 통행 소비 시간이 7분 단축될 것으로 예상하고 있다.
이 사업들이 정부 예비타당성 조사를 넘을 수 있을지 미지수다. 수도권 사업의 경우 예비타당성 조사에서 경제성 배점 비중이 높아졌기 때문이다. 조혜림 서울기술연구원 연구위원은 “유동인구가 많은 강남과 달리 강북은 경제성 평가에서 낮은 점수를 받을 가능성이 크다”며 “단순히 경제적 논리로만 접근하면 강북의 열악한 교통망을 개선하기 쉽지 않다”고 했다."
https://www.chosun.com/economy/real_estate/2022/12/27/NXE77AI3LBCEDLW6QARZNLG2R4/,"지난달 ‘네옴시티’ 협력 강화를 위해 방한한 사우디아라비아 정부 대표단은 경기 판교 네이버 신사옥과 서울 강서구 LG사이언스파크를 찾았다. 네이버와 LG CNS가 보유한 ‘디지털 트윈(가상 공간에 실물과 똑같은 물체를 만들어 시험하는 것)’ 기술을 둘러보기 위해서다. IT 업계 관계자는 “미래 도시인 네옴시티를 건설하려는 사우디 측이 교통·건물관리 등을 디지털 기술로 해결하는 것에 관심이 컸다”고 말했다.
디지털 트윈 시장이 성장하면서 국내 공간 정보 산업 매출이 지난해 처음으로 10조원을 돌파했다. 26일 국토교통부는 2022년 공간정보산업 조사 결과, 지난해 국내 공간정보산업 총매출액이 10조7381억원으로 전년(9조7691억원) 대비 9.9% 성장했다고 밝혔다. 공간정보산업은 지도·위치처럼 공간과 관련된 데이터를 활용하는 것으로, 전자지도·GPS(위성위치확인시스템)뿐 아니라 최근엔 공장·건물 등을 가상 현실에 똑같이 구현해 시험하는 ‘디지털 트윈’으로 영역을 확장하고 있다.
디지털 트윈 기술을 활용하면 현실에 앞서 도시 계획이나 환경 변화 관련 시뮬레이션을 해볼 수 있다. 또 미래 먹거리로 꼽히는 자율주행이나 로봇과 같은 자동화 시스템이 작동할 때도 디지털 트윈 기술이 필수적이다. 글로벌 시장조사기관 포천비즈니스인사이트는 올해 88억8000만달러(약 11조3300억원) 수준인 전 세계 디지털 트윈 시장 규모가 연평균 40.6% 성장해 2029년 964억9000만달러(약 123조1115억원)에 달할 것으로 전망한다.
국내 기업들도 디지털 트윈을 비롯한 공간정보산업을 강화하고 있다. 네이버는 지난달 도시 관련 디지털 트윈 서비스 설루션 ‘아크아이’를 출시했다. 아크아이에는 고정밀 측위를 통해 현실 세계를 가상에 구현할 수 있는 기술이 탑재됐다. LG CNS는 스마트시티 통합 플랫폼 ‘시티허브’를 기반으로 정부세종청사를 가상 공간에 3D로 완벽히 구현해내는 디지털 트윈 사업을 진행하고 있다.
공간정보산업 관련 산업 종사자 수는 7만1636명(작년 기준)으로 전년보다 5.8% 늘었다. 사업체 수도 5807개에 이른다. 국토부 측은 “공간정보산업이 건설·제조업뿐 아니라 비대면 플랫폼(VR·AR) 구축, 콘텐츠 제작으로 영역을 확대하고 있다”고 밝혔다."
https://www.chosun.com/economy/real_estate/2020/10/20/G2XY7KFJR5BAHF3K6WJROI7AME/,"인천 영종국제도시에 들어서는 생활형 숙박 시설 ‘영종 랜드마크 블루오션 4차’가 이달 분양한다. 지하 5층~지상 23층 규모로 생활형 숙박 시설 672실, 근린 생활 시설 등으로 이뤄진다. 4차가 완공되면 해안을 따라 총 2408실에 달하는 ‘영종랜드마크 블루오션’ 단지 개발이 마무리된다.
생활형 숙박 시설은 아파트와 호텔의 장점을 결합한 부동산 상품이다. 오피스텔처럼 임대 사업이 가능하고 개인 숙박 시설로 쓸 수도 있다. 주택법이 아닌 건축법 적용을 받아 각종 부동산 규제를 피한 것이 가장 큰 장점이다. 아파트처럼 개별 등기도 가능하다. 분양 회사 관계자는 “생활형 숙박 시설은 청약통장이 필요 없고, 전매 제한도 없다”면서 “세금 계산할 때 주택 수에도 포함하지 않는다”고 했다.
‘영종 랜드마크 블루오션 4차’는 해안에서 600여m 떨어져 시원한 바다 조망이 가능하다. 바다와 단지 사이에 177만여㎡ 규모 해변 공원이 있어 일부 객실에서는 공원과 바다를 동시에 볼 수 있다. 바다와 공원 사이에 시야를 가리는 건물이 들어설 수 없어 조망권은 계속 유지될 전망이다.
객실 내부는 층고를 4m까지 높여 개방감을 최대한 살렸다. 모든 객실에 복층(複層) 구조를 적용했다. 일부 객실은 더블 복층으로 설계했고, 폭 1.5m 광폭 테라스를 설치한다.
단지 주변에 대형 개발 사업이 많아 향후 임차 수요는 더 늘어날 가능성이 높다. 영종국제도시에서는 최근 파라다이스시티, 인천공항 제2여객 터미널 등 대형 사업이 마무리됐다. 올해 미단시티 굿몰, 리포앤시저스(LOCZ) 복합 리조트에 이어 2022년 한상드림아일랜드, 인스파이어 복합 리조트 등이 완공할 예정이다. 단지 주변에 인천국제공항고속도로 금산IC, 제2 경인고속도로 영종IC가 있다. 인천 청라지구와 영종도를 잇는 제3 연륙교(2025년 개통 예정)가 지난 9월부터 공사 준비를 시작해 향후 교통 여건은 더 좋아진다. 분양 회사 관계자는 “생활형 숙박 시설은 정부의 규제가 거의 없는 가운데 실거주와 임대가 모두 가능해 틈새 상품으로 주목받고 있다”고 했다. 분양 홍보관은 서울 서초구 서초동 1319-10 일대(지하철 2호선 강남역 7번 출구 앞)에 있다.
/김리영 땅집고 기자"
https://www.chosun.com/economy/real_estate/2023/01/02/2WRSXQKLWNAN5MLERAUD2BOJYY/,"작년 하반기 들어 매달 역대 최저 기록을 경신하던 서울 아파트 거래량이 11월 들어 반등한 것으로 나타났다. 절대적인 거래량 자체는 아직 많지 않지만 매수 심리가 바닥을 찍고 회복되는 것 아니냐는 관측도 나온다.
2일 서울시에 따르면, 전날 기준 11월 서울 아파트 매매거래는 729건으로 전월(559건) 대비 170건(30.4%) 늘었다. 아파트 실거래 신고 기한은 계약 후 30일이기 때문에 11월 거래는 모두 반영된 통계다. 아직 신고 기한이 한 달 가량 남은 12월 거래량은 485건이다.
서울 아파트 월별 거래량은 지난해 하반기 내내 1000건을 밑돌았다. 7월 639건, 8월 669건, 9월 608건으로 600건대를 기록하다 10월엔 559건으로 역대 최저치를 기록했다. 고금리로 주택 수요가 급감한 여파다.
하지만 최근 들어 정부가 거래 회복을 위한 각종 대책을 내놓으면서 11월 거래량이 소폭 회복된 것으로 해석된다. 정부는 올해부터 9억원 이하 주택 매입시 연 4%대 금리로 5억원까지 대출받을 수 있는 ‘특례보금자리론’을 시행하기로 했고, 2주택자 종부세 세율을 1주택자와 동일하게 매기는 세법 개정안이 지난 연말 국회를 통과했다. 이달 중 서울 내 규제지역도 일부 해제될 예정이다. 서울 송파구에서 영업중인 한 공인중개사는 “아직까지 매수 수요는 없지만 급매물들이 어느정도 정리되면서 매도 호가(呼價)가 바닥을 다지는 분위기”라고 전했다.,
하지만 아직까지 대출금리가 6~7%대에 달하고 있어 거래량이 소폭 반등하더라도 평년 수준까지 회복되긴 어렵고, 가격 역시 오름세로 전환하려면 시간이 더 필요할 것이란 관측이 지배적이다. 함영진 직방 데이터랩장은 “올 상반기까지는 고금리 부담과 경기 위축 우려가 크기 때문에 주택 거래나 가격 모두 약세를 이어갈 가능성이 크다”고 말했다."
https://www.chosun.com/economy/real_estate/2022/07/06/DGDLB6Z2FNGXTLQAUZQVF6NIWA/,"원희룡 국토교통부 장관이 취임 50여일 만에 유튜버 활동을 재개했다. 현직 장관이 본인의 유튜브 채널 운영하는 것은 처음이다. 원 장관은 지난 5일 오후 자신의 유튜브 채널인 ‘원희룡TV’에 ‘신종 전세사기 대비책’이란 제목의 약 13분짜리 영상을 게시했다. 직전 영상인 ‘복어 1500만원!! 와규!? 성게죽 피자 25판 해명하세요!’ 이후 약 2개월 만이다.
원 장관은 이번 영상에서 “공직자가 유튜브로 구독자들에게 영상을 보내려면 겸직 허가를 받아야 되는데 국무총리 인준이 늦어져 시간이 걸렸다”며 “국제정세, 경제상황, 생활밀착형 콘텐츠는 다 괜찮은 대신 지나치게 정치적인 발언은 하지 않겠다는 단서를 달았다”고 말했다. 이어 “제가 (새 정부의)여러 장관 중 대표주자로서, 유튜버 겸직 장관으로서 여러분 앞에 섰다”며 “국민과 가까운 정부, 국민과 통하는 정부가 돼야 제대로 일할 수 있다”고 강조했다.
이날 영상에서 원 장관은 직접 분필로 칠판에 글씨를 쓰며 신종 전세사기 유형을 상세히 설명하고, 정부 차원에서 추진중인 대책들을 소개했다. 과거 대장동 일타강사로 이름을 날리던 때와 동일한 포맷이다.
원 장관은 빌라 신축업자가 시세가 형성되지 않은 빌라의 전셋값을 비싸게 받는 행위, 세입자와 임대인이 짜고 높은 전세가격에 계약하고 주택도시보증공사(HUG)의 전세보증을 받아서 공공기금으로 전세금을 착복하는 행위 등 다양한 전세사기 유형을 소개한 후 “8월 말까지 센터를 만들고 대책을 만들 것”이라며 “신축빌라를 대상으로 허위매물을 부동산 어플(앱)이나 포털 사이트에 올린다든지에 대해서는 경찰과 협력해 집중적인 수사와 단속을 할 것”이라고 말했다.
원 장관은 또 부득이하게 전세보증금을 돌려받지 못하는 상황에 대비해 HUG의 전세금 반환보증 수수료 하향조정이나 국가·지자체 차원의 지원 가능성을 언급했다.
원희룡TV는 2018년 11월 개설된 원 장관의 개인 유튜브 채널이다. 지난 대선에서 해당 채널을 통해 이재명 당시 더불어민주당 대선 후보의 성남시장 시절 대장동 개발사업 비리 의혹을 다뤄 ‘대장동 일타 강사’로 주목받았었다.
6일 오전 10시 현재 해당 영상은 ‘비공개’로 전환됐는데, 국토부에 확인한 결과 영상 내용 중 일부를 수정중이며, 수정 후 다시 공개 전환할 예정이다.
원 장관 측근들에 따르면 원 장관은 유튜브를 통해 본인의 인지도가 높아진 만큼, 유튜브를 활용한 대국민 소통에 대한 애착이 강하다고 한다."
https://www.chosun.com/economy/real_estate/2022/02/03/UWGLKGICZJBQPGKCJIG6WXDVWQ/,"“평생 모은 돈으로 빌라 한 칸 샀는데 뒤늦게 추진된 공공 개발 때문에 새 아파트 입주권은커녕 현금청산으로 쫓겨날 위기에 처했습니다.”
최근 청와대 국민청원 게시판에는 정부의 ‘2·4 대책’ 때문에 살던 집에서 쫓겨날 처지가 됐다는 호소가 잇따르고 있다. 한 청원인은 “작년 7월 온 가족이 긁어모은 돈으로 낡은 빌라를 한 채 사서 입주했는데 갑자기 도심 공공주택 복합사업 후보지로 지정돼 현금청산 대상이 됐다”며 “전 재산 모아 산 집을 뺏기고 쫓겨난다니, 나라에서 버림받은 것 같은 기분”이라고 말했다.
현금청산이란 개발 이익을 노린 부동산 투기를 막기 위해 일정 시점 이후 취득한 부동산에는 신규 아파트 입주권을 주지 않고 현금으로 보상하는 제도다. 재개발·재건축 등 기존 정비사업에도 적용되고 있으며, 사업 진행 일정에 따라 현금청산 여부가 갈리는 게 일반적이다.
하지만 정부는 지난해 2·4 대책에서 도심 공공주택 복합사업을 도입하면서 개정 공공주택특별법의 국회 의결일인 작년 6월 29일 이후 취득한 전국의 모든 부동산을 현금청산 대상으로 못 박았다. 이날 이후 집을 산 경우, 해당 지역이 나중에라도 개발 후보지가 되면 시세보다 턱없이 낮은 현금만 받고 주거지를 뺏길 수 있게 된 것이다. 예컨대 지난달 도심 공공주택 복합사업 8차 후보지로 지정된 서울 효창공원앞역 인근 사업구역 내에서 작년 6월 29일 이후 집을 산 사람은 매매 의사결정 당시 공공 개발 가능성을 전혀 인지하지 못하고 있었지만 뒤늦게 사업 후보지에 편입되면서 현금청산 대상이 되는 것이다.
2·4 대책의 현금청산 제도는 도입 때부터 첨예하게 논란이 됐다. 어디가 사업 대상지가 될지 모르는 상황에서 집 한 채 잘못 샀다가 언제든 현금청산 대상이 될 위험이 생겼기 때문이다. 정부는 앞으로 도심 공공주택 복합사업 후보지 9만6000가구를 추가 지정하고, 필요하면 물량을 더 늘릴 수도 있다는 방침이어서 선의의 피해자는 계속 나올 수밖에 없다. 김제경 투미부동산컨설팅 소장은 “민간 재건축이나 재개발에서도 현금청산 규정이 있지만 정상적인 매매까지 금지하는 경우는 없으며, 다양한 예외조항을 둬 선의의 피해를 방지하고 있다”며 “법 시행일을 기준으로 현금청산을 일괄 적용하면 사유재산권 침해 논란이 거세질 것”이라고 말했다.
현금청산은 분양 시점의 감정평가액을 기준으로 이뤄진다. 낡은 주거지가 신축 아파트로 바뀌면 주거환경 개선 기대감에 시세는 오르는 게 일반적이다. 그렇기 때문에 현금청산 금액이 신축 아파트 시세에 비해 턱없이 적은 경우가 많다. 최근 서울 서초구 반포동 반포주공 전용면적 72㎡가 시세(30억원)의 반값 수준인 16억원에 매매됐는데, 이 거래가 현금청산인 것으로 전해졌다. 한 부동산 전문가는 “2·4 대책으로 인해 투기꾼이든 실수요자든 관계없이 집을 잘못 샀다가 막대한 재산상의 손실을 입을 위험이 생겼다”며 “정부가 전국 곳곳에 현금청산이라는 지뢰를 깔아둔 셈”이라고 말했다.
정태우 변호사는 “부동산 시장을 안정시키는 것도 중요하지만 정책은 기본적으로 예측 가능해야 한다”며 “2·4 대책의 현금청산은 그런 측면에서 선의의 피해자를 양산하고 사유재산권을 침해할 소지가 있다”고 말했다."
https://www.chosun.com/economy/real_estate/2024/04/08/2MSSCPGMQ5DTVFQMAEDKBKQ774/,"고금리와 공사비 급등 여파로 건설 경기 침체가 이어지면서 도심 재건축·재개발 사업권을 따내기 위해 건설사끼리 치열한 경쟁을 벌이는 일이 드물어졌다. 불과 2~3년 전만 해도 시공권을 따내기 위해 다수의 건설사가 경쟁하고, 경쟁사를 헐뜯는 비방전을 벌이는 일이 비일비재했는데, 최근엔 경쟁 자체가 거의 이뤄지지 않는 상황이다. 부동산 전문가들은 “자재값이 다시 내려가거나, 치솟은 공사비를 충분히 반영할 수 있을 정도로 분양가가 오르지 않는 한 재건축·재개발 시장이 되살아나기까지 상당한 시간이 걸릴 수 있다”고 전망한다.
7일 건설업계에 따르면, 국내 10대 건설사 중 올해 1~3월 중 재건축·재개발 사업을 1건 이상이라도 수주한 기업은 3곳뿐이다. 포스코이앤씨는 지난 1월 1조3274억원 규모의 부산 촉진 2-1구역 재개발 사업을 따냈다. 포스코이앤씨는 이어 경기도 고양 별빛마을8단지 리모델링 사업과 서울 송파구 가락미륭아파트 재건축 등 총 2조3321억원의 수주를 기록하며 올해 가장 많은 일감을 따냈다. 이어 현대건설이 경기 성남시 중2구역, 서울 영등포구 여의도 한양아파트 등 1조4522억원 규모 수주고를 올렸다. SK에코플랜트는 서울 강북구 미아11구역(2151억원)을 수주했다. 10대 건설사 중 이들 3개 업체를 뺀 나머지는 올해 정비 사업 수주가 ‘제로(0)’다.
한강 변 알짜 재개발 사업지도 건설사들의 관심이 예전보다 눈에 띄게 시들해졌다. 서울 용산구 한남뉴타운 중 가장 입지가 좋은 곳으로 평가받는 한남5구역은 최근 건설사 대상 간담회를 열었는데 10대 건설사 중 DL이앤씨, 현대건설 등 5사만 참석했다. 통상 이 정도 규모 사업장의 사전 설명회엔 주요 건설사들이 모두 참석하는 게 일반적이었는데, 시공 순위 상위권 건설사들이 절반이나 빠진 것이다. 동작구 노량진뉴타운 내 최대 사업장인 노량진1구역 역시 치열한 수주전이 예상됐지만 포스코이앤씨만 단독 입찰해 결국 수의계약을 진행하고 있다. 강남구 개포주공5단지 역시 대우건설만 참여했고, 송파구 삼환가락아파트 재건축도 DL이앤씨만 참여해 경쟁이 성립되지 않아 유찰됐다.
건설업계 관계자는 “건설업 불황이 내년까지는 이어질 것으로 보고 있기 때문에 오랜 기간 공들여온 사업지가 아니라면 지금 시점에 굳이 비용을 들여가면서 수주전에 뛰어들 이유는 없는 것으로 판단하고 있다”고 말했다."
https://www.chosun.com/economy/real_estate/2023/12/28/AI2335PY2BDKNB5UHEYKY45U6Y/,"부동산 개발이란 땅을 확보해 건물을 지은 뒤 여러 사람에게 분양해 수익을 챙기는 방식이다. 이 방식에서 땅을 확보하거나 건물을 지을 때 필요한 자금을 조달하는 것을 ‘부동산 PF(Project Financing)’라고 한다.
부동산 개발을 추진하는 시행사가 처음부터 목돈을 마련해 사업을 시작하는 경우는 거의 없다. 금융권에서 돈을 빌리려면 ‘담보’나 ‘신용’이 필요한데, PF 대출은 말 그대로 해당 사업(project)의 경제성을 내세워 돈을 빌리는 것이다. 담보가 없기 때문에 대출 금리가 높을 수밖에 없는데, 은행보다는 저축은행 같은 제2 금융권이나 증권사에서 PF를 일으키는 경우가 많다.
부동산 PF는 통상 ‘브리지론’과 ‘본(本)PF’ 두 단계로 나뉜다. 브리지론은 건물을 지을 땅을 사들이고, 인허가에 필요한 초기 자금을 조달하는 것이다. 아직 인허가조차 받지 않은 상태로 사업 성공이 불확실하기 때문에 시행사들이 연 10~20% 안팎의 고금리로 돈을 빌린다. 본격적인 부동산 개발 단계로 넘어가는 ‘중간 다리(bridge)’를 놓는다는 뜻으로 브리지론이라는 이름이 붙었다.
브리지론으로 땅도 사고, 인허가까지 마친 시행사는 건물을 지을 시공사(건설사)를 정해 공사를 시작한다. 이때 조달하는 돈이 본PF다. 본PF 때는 통상 건설사들이 시공을 맡는 조건으로 보증을 선다. 이 때문에 브리지론보다 낮은 금리로 돈을 빌릴 수 있다. 시행사는 본PF로 마련한 돈으로 이자가 비싼 브리지론부터 상환하고, 공사비를 충당한다.
이후 시행사는 건물을 분양하고, 분양이 성공하면 계약금과 입주 때 잔금까지 받아서 PF 대출을 모두 갚는다. 부동산 경기가 호황일 때는 시행사와 건설사 모두 큰돈을 벌고, PF를 일으킨 금융사도 돈 떼일 걱정 없이 원금과 이자를 챙겼다. 그러나 부동산 경기가 위축되면 PF 대출을 갚지 못하는 업체가 급증한다.
지난 정부 때 벌어진 부동산 과열을 식히는 과정에서 불가피하게 부동산 냉각기를 거치게 되면서 직접 PF 대출을 받은 부동산 개발업자나 보증을 선 건설사 등이 신규 사업을 제대로 못 해 부동산 PF 위기가 발생하고 있다. 특히 최근에는 고금리와 급등한 건설비 때문에 착공조차 못 하는 현장들이 많다. 공사를 시작했다가 분양에 실패하면 더 큰 손해를 보기 때문에 공사를 미룬 채 PF 대출 이자를 내면서 버티는 것이다. 통상 브리지론의 만기는 1년 미만, 본PF는 3~5년 정도 된다. 대출을 해준 금융회사들은 만기 때 대출 상환을 못 받으면, 3~6개월 단위로 만기 연장(롤 오버)을 두세 번 정도 해준다. 그래도 상환이 안 되면, 해당 부지를 경·공매로 넘겨 대출금을 회수하게 된다."
https://www.chosun.com/economy/real_estate/2025/07/01/HU6IR6A7XFFG7MTRRYI56CJK5A/,"올 초 들어 상승 흐름으로 접어들었던 상업·업무용 빌딩 거래가 다시 주춤한 것으로 나타났다. 거래량과 거래 금액 모두 4월 대비 큰 폭으로 줄었고 특히 고가 빌딩 거래가 크게 줄었다.
1일 상업용 부동산 전문 프롭테크 기업 ‘부동산플래닛’은 지난 5월 한 달간 전국 상업·업무용 빌딩 거래를 분석한 결과 거래 건수(1137건)가 16% 줄었다고 밝혔다. 거래액으로 보면 2조641억원으로 전월 대비 44.6% 감소했다. 전년 동월과 비교해도 거래량은 10.3%, 거래 금액은 15.2% 줄었다.
상업·업무용 빌딩 거래 침체는 코로나 이후 지속되고 있는 고금리 기조의 여파로 풀이된다. 전국 상업·업무용 빌딩 거래는 2021년 3월 거래량이 정점을 찍은 뒤 하락해 2023년 초부터 줄곧 고전하고 있다. 올해 1월에는 2023년 1월 이후 약 2년 만에 최저 거래량을 기록했다.
특히 300억원이 넘는 고액 빌딩 거래가 귀해지면서 전체 거래액이 대폭 줄어든 것으로 분석된다. 지난달 빌딩 거래를 금액대별로 살펴보면 10억원 이상~50억원 미만 빌딩은 전월 대비 거래량이 7.9% 감소한 반면 300억원 이상 빌딩은 단 5건만이 거래되며 전월(11건) 대비 72.7%가 줄었다.
5월 한 달간 단일 금액 1000억원 이상의 고액 거래는 서울 마포구 도화동 ‘신라스테이 마포’(1430억원), 경기 성남시 분당구 서현동의 ‘에스디바이오센서 주식회사 분당빌딩’(1000억원) 등 총 2건이 발생했지만 전체 거래액을 견인하지는 못했다. 부동산플래닛에 따르면 이 2건의 매수자는 모두 법인으로 확인됐다.
부동산플래닛 정수민 대표는 “5월 상업용 빌딩 시장은 거래량과 금액이 모두 줄면서 최근의 회복 흐름이 주춤하는 양상”이라며 “수도권 중심의 투자 집중 현상이 여전히 뚜렷한 만큼 입지별 차별화된 전략이 필요한 시점”이라고 했다."
https://www.chosun.com/economy/real_estate/2023/10/06/A7MS3ZLFCNCOLCIQPBJTAHQJCY/,"서울 송파구 잠실동 ‘잠실엘스’ 전용면적 84㎡는 추석 연휴를 앞둔 지난달 27일 보증금 12억원에 전세 계약이 체결됐다. 올해 1월 같은 동 같은 평형이 8억3000만~8억4000만원에 전세 거래된 것과 비교하면 4억원(44%) 가까이 오른 것이다. 지난 2월 4억6000만원까지 떨어졌던 강동구 고덕동 ‘고덕그라시움’ 전용 59㎡ 전세 실거래가도 지난달 25일 7억1000만원으로 2억5000만원(54%) 올랐다. ‘계약갱신 청구권’ 등을 골자로 한 임대차 3법 영향으로 전셋값이 비정상적으로 급등했던 2021년 시세의 80% 수준까지 육박한 것이다.
고금리와 전세 사기 여파로 추락했던 서울 아파트 전세 가격이 최근 다시 급등하고 있다. 월세가 급등한 상황에서 전세 대출 금리가 안정되자, 전세 수요가 다시 증가했기 때문이다. 더구나 전세 사기 여파로 빌라 대신 아파트 전세를 찾는 사람이 꾸준히 늘고 있지만, 내년 서울 입주 물량은 크게 줄어 전세 시장이 더 불안해질 수 있다는 우려가 나온다.
◇서울 전세 매물 연초 대비 반 토막
서울 중심지 대단지에선 올해 초와 비교해 전셋값이 수억원씩 뛰고 있다. 성동구 옥수동 ‘래미안옥수리버젠’ 전용 84㎡의 경우 지난 4월 8억4000만~8억6000만원이던 전세 실거래가가 지난달 10억5000만원으로 뛰었다. 마포구 아현동 ‘마포래미안푸르지오’ 전용 59㎡ 전세 실거래가 역시 1월 5억5000만~6억원에서 지난달 7억5000만~7억6000만원으로 올랐다.
5일 한국부동산원에 따르면, 지난주(9월 넷째 주) 기준 서울 아파트 전셋값은 전주보다 0.17% 오르며 19주 연속 상승세를 기록했다. 서울 전셋값이 반등하기 시작한 5월 셋째 주 이후 누적 상승률을 자치구별로 보면 송파구가 4.37%로 가장 높았고, 성동구(3.24%), 강동구(2.97%), 마포구(2.49%), 강남구(2.13%) 순으로 나타났다.
전셋값 상승의 가장 큰 이유는 수요 회복이다. 올해 초만 해도 고금리와 전세 사기 여파로 임차인들이 전세보다는 월세를 선호했다. 하지만 월세 가격이 급등한 상황에서 시중은행 전세대출 금리가 낮아지자, 전세를 찾는 사람들이 다시 늘고 있다. 지난 7월 기준 서울 주택 전월세 전환율(전세보증금을 월세로 전환할 때 적용하는 이율)은 5.3%이지만, 시중은행 전세대출 금리는 3~4%대로 내렸다.
아파트 수요는 늘고 있는 반면, 공급은 줄고 있다. 부동산 빅데이터업체 아실에 따르면, 전날 기준 서울 아파트 전세 매물은 총 2만9026건으로 집계됐다. 올해 초(5만4954건)와 비교하면 반 토막 수준이다. 서울 전세 매물은 작년 하반기 터진 전세 사기와 고금리 여파로 월세 선호 현상이 뚜렷해지며 연초에 5만건대까지 쌓였다. 이후 월세 가격이 오르고, 금리가 안정화하면서 전세 매물이 빠르게 소진됐다. 서울 아파트 전세 매물은 5월 3만건대로 급감하더니 10월에는 2만건대까지 줄었다. 이 수치가 3만건을 밑돈 것은 2022년 7월 이후 1년 3개월 만이다.
◇내년 입주물량 9600가구 그쳐…전세난 우려
서울 아파트 전셋값은 앞으로 더 오를 가능성이 크다. 앞으로 예정된 입주 물량이 예년에 비해 크게 줄어 전세 공급이 부족할 것으로 전망되기 때문이다. 부동산R114 집계에 따르면, 수도권 입주 물량은 올해 19만1923가구에서 내년 13만7889가구로 28% 감소할 전망이다. 특히 서울의 경우 내년 입주 물량이 9656가구에 그쳐 올해(3만2341가구)보다 70% 이상 급감할 것으로 조사됐다. 윤지해 부동산R114 수석연구원은 “올해까지는 수도권 입주 물량이 적지 않지만, 내년부터는 입주 물량이 본격적으로 줄어 전세가격 상승세가 지속할 것”이라고 했다.
정부가 최근 주택 공급 대책을 내놨지만, 당장 준공 물량을 크게 늘리기엔 한계가 있어 전세 시장 불안이 장기화할 것이란 우려도 나온다. 고종완 한국자산관리연구원 원장은 “인허가와 착공 물량이 급감하면서 서울은 올해 하반기뿐 아니라 앞으로 2~3년간 전세가 불안한 현상이 지속할 것으로 보인다”며 “재건축 규제 완화로 이주에 나서는 단지가 늘어날 수 있다는 것도 전세 시장 불안 요인”이라고 했다."
https://www.chosun.com/economy/real_estate/2022/07/11/4PDUOW3PBZEHFAKLYAXB3R6XXM/,"DL이앤씨가 가상현실(VR) 기술로 아파트 내부를 둘러볼 수 있는 입주 지원 서비스 ‘디뷰(D.VIEW)’를 출시했다고 11일 밝혔다.
디뷰는 공사가 끝난 아파트 가구 내부를 360도 카메라로 촬영, 입주 예정자들이 현장을 방문하지 않고도 실내를 확인할 수 있게 지원한다. 일반적인 평면도로는 파악하기 어렵던 조명이나 콘센트 위치까지도 직접 확인할 수 있다. 실내에서 특정 공간의 길이나 높이도 측정할 수 있어 입주 예정자가 가구 같은 살림살이 장만이나 인테리어 계획을 미리 결정하는 데에도 도움이 된다. DL이앤씨는 “신규 입주자뿐만 아니라 주택의 전세나 매매 거래에도 디뷰를 활용할 수 있다”고 설명했다.
디뷰는 가구 내부 모습 외에도 생활에 필요한 다양한 정보를 제공한다. 이사 과정에서 자주 파손되는 부위와 예방법을 비롯해 도배나 마루, 가구 등 각종 마감재를 유지·관리하는 청소법도 안내한다. 집 안에 설치된 월패드나 조명 같은 전자기기의 부품 교체나 수리에 활용할 수도 있다. DL이앤씨는 “6월 입주한 아파트부터 선별적으로 디뷰 서비스를 제공하고 있으며 향후 적용 대상을 확대할 예정”이라고 했다."
https://www.chosun.com/economy/real_estate/2022/06/20/I2TZAQ32AFCFVFMWXY73WBCRJQ/,"안녕하세요. 7NEWS입니다. 올해 수도권 신축 아파트에서 이뤄진 임대차 거래 중 월세가 차지하는 비중이 전세를 넘어섰습니다. 특히 임대차 3법 시행 이후 계약갱신권 사용까지 감안해 4년 전세 계약을 예상한 임대인들이 애초에 높은 가격으로 전세 물량을 내놓자, 대출금리 인상에 이자 부담이 커진 임차인들이 ‘준전세’ 계약에 나서면서 월세 거래 비중이 높아진 겁니다. 또 급등한 보유세 부담을 임차인에게 전가하려는 현상도 월세 거래 비중을 높였습니다.
그 누구도 쉽사리 방향성을 예측하지 못하는 혼돈의 부동산 시장. 윤석열 정부의 임대차 시장 안정을 위한 임대차 보완 대책(전월세 대책)과 분양가 상한제 개편 방안 발표가 하루 앞으로 다가왔습니다. 오늘 윤 대통령은 오전 수석비서관 회의에서 “임대차 3법의 영향을 심층적으로 분석해서 제도 개선해야 할 부분이 무엇인지 점검하라”고 지시했습니다.
임대차 3법은 전월세신고제·전월세상한제·계약갱신청구권제를 골자로 하는 법률 개정안입니다. 지난 2020년 여당이었던 더불어민주당이 국민의힘 반대 속에 국회 본회의를 통과시켰죠.
내일 나올 대책에는 임대차 3법 시행 2년이 되는 8월을 앞두고 계약갱신청구권이 소진된 전세물건이 시중에 풀려 전·월셋값이 급등하는 것을 막기 위해 임차인의 전·월세 부담을 완화하는 방안과 전·월세 물량을 확대하는 방안이 동반될 것으로 보입니다.
우선 세입자에 대한 대책입니다. 국민주택기금에서 지원하는 ‘버팀목 전세자금대출’의 소득 기준을 높여 지원 대상을 확대하고, 대출 한도를 높여주는 방안입니다. 또 월세액 공제율은 기존 최고 12%(연 한도 750만원)에서 15%까지 올리고, 전세자금 대출 상환액에 대한 소득공제 한도를 현행 300만원(원리금 상환액의 40%)에서 확대하는 내용이 검토되고 있는 것으로 알려졌습니다.
임대인에 대해서는 올해 한시적으로 운용 중인 ‘상생임대인’ 제도를 연장 시행하는 방안이 거론됩니다. 상생임대인 제도는 지난해 12월20일부터 올해 말까지 계약하는 전·월세 물건 중 직전 계약 대비 5% 이내로 가격을 올린 뒤 2년 간 계약을 유지하면, 양도소득세 비과세 특례를 받기 위한 실거주 요건 2년 중 1년을 채운 것으로 인정해줍니다. 또 시중에 전·월세 물량을 늘리기 위해 민간 임대사업자를 대상으로 세제 지원을 확대하는 내용도 검토 중입니다.
주택담보대출의 전입 요건과 분양가상한제 대상 아파트 등의 실거주 의무 규제도 손질 대상에 오를 전망입니다. 정부는 대출 후 주택 전입시점을 기존 6개월에서 2년 등으로 조정하고, 상한제 아파트의 의무 거주시점을 ‘최초 입주일’에서 뒤로 미뤄 단기 전·월세 물량을 끌어내는 방안을 살펴보고 있습니다.
내일 새 정부가 발표하는 부동산 대책이 전 국민의 초미의 관심사가 될 전망입니다.
文정부의 임대차 3법 손본다... 尹 “개선할 부분 점검하라”
이재용 “기술” 작심발언 직후.... 삼성그룹 사장단 아침 7시반 긴급회의
설훈, 피살 공무원 논란에 “아무것도 아닌 일에 무슨 짓이냐”
故 이대준씨 아들, 우상호에 편지 “색깔론? 가족 잃은 처참한 고통 아나”
이준석·배현진 또 공개 충돌… 권성동 “그만합시다” 책상 내리쳤다
한동훈 “억울함 해소엔 진영논리 없다”... 인혁당 피해자 이자 면제
‘산업부 블랙리스트’ 의혹 박상혁, 주말 文 사저 다녀왔다
[7NEWS 뉴스레터 구독하기]"
https://www.chosun.com/economy/real_estate/2023/04/03/KXUYVSTMZNBZ3CSEL4QQNYUKR4/,"정부의 대출 규제 완화로 20·30대의 아파트 매수세가 다시 살아나기 시작했다.
2일 한국부동산원에 따르면, 지난 2월 전국 아파트 매매 거래 중 20대 이하와 30대가 매입한 거래 비율은 31.96%를 기록해 30%를 넘어섰다. 1월(29.85%)보다 2%포인트 이상 높은데 2021년 1월(33.0%) 이후 가장 높은 수치다. 지난해 10월 26%까지 떨어졌던 서울 아파트 20·30대 매입 비율도 2월에 34.7%까지 올랐다.
부동산원이 통계를 집계한 2019년 이후 줄곧 30%를 밑돌았던 20·30대의 아파트 매입 비율은 2020년 8월부터 30%를 넘어섰고, 같은 해 12월에는 34.12%까지 치솟았다. 문재인 정부가 임대차 3법을 시행한 이후 전셋값이 급등하자 20대와 30대가 아파트 ‘패닉 바잉(공황 매수)’에 나섰기 때문이다. 그러나 정부가 대출 규제를 강화하고, 급격한 금리 인상으로 집값이 하락하자 작년부터 이 비율이 27~28%대로 떨어졌다.
그런데 작년 연말부터 각종 대출 규제가 완화되고, 올해 1월 말부터 9억원 이하 주택에 대해 최대 5억원까지 빌려주는 특례보금자리론이 시행되면서 다시 20·30대의 아파트 매수세가 회복된 것으로 풀이된다."
https://www.chosun.com/economy/real_estate/2022/11/12/3KNZWXUTMNFYVGTRUUFGOE6QHQ/,"지하철 사각지대, 신도시 난개발 등의 오명을 뒤집어썼던 경기 서부지역이 추가 신도시개발과 지하철 5호선 연장 결정으로 새로운 발전의 계기를 마련했다.
정부가 11일 김포 ‘한강2′ 신도시를 개발하고 서울 지하철 5호선을 연장하는 교통대책을 발표했기 때문이다. 정부가 이번에 발표한 한강2 신도시는 731만㎡ , 4만6000가구 규모로 개발된다. 기존 한강신도시(1170만㎡, 7만가구)와 합치면서 570만평, 11만6000가구의 분당급 신도시이다. 한강신도시가 교통사각지대에서 김포골드라인과 추진중인 서부광역급행전철(GTX D)에 이어 5호선 연장선까지 갖춘 ‘지하철 교통의 요지’로 도약한다.
◇군사 방어선으로 축소된 한강신도시 20년만에 원상복구
노무현 정부 당시인 2003년 이번에, 새로 지정되는 한강2신도시를 포함해 480만평 규모의 신도시 계획을 발표했다. 교통대책으로 지하철 9호선 연장 방안도 추진됐다.
그러나 한강2신도시 지역은 북한의 남침시 방어선에 해당하는 군사요충지였다. 북한의 남침을 저지하는 최후 보루라는 국방부의 반대로 해당지역이 결국 신도시 부지에서 제외됐다. 축소와 확대를 거듭하다가 신도시는 385만평으로 확정됐다. 한강신도시는 석모리 일대가 제외되면서 기형적인 ‘해마(海馬) 신도시’라고 불리기도 했다. 신도시 규모 축소와 함께 국토부가 당초 약속했던 9호선 연장도 취소했다.
이번에 한강신도시가 20년만에 당초 계획대로 다시 개발되는 것은 주민들이 방어선 변경을 요구해왔고 군이 이를 수용, 군 작전계획을 바꾼 덕분이다. 군 방어선은 전시상황에 따라 작전거점으로 운용되는데, 한국전쟁 이후에 그어져 전방 시계확보 등 군작전과 관련한 행위제한이 가해졌다.
군은 2017년 주민들의 요구를 받아들여 군 방어선을 60년 만에 조정하기로 결정했다. 방어선 계획 변경이 확정되면서 김포시는 해당지역의 신도시 개발을 국토부에 요구해왔다. 이번에 국토부가 이를 확정 발표한 것이다.
◇콤팩트 시티 개발, 일자리가 핵심
정부는 한강2 신도시를 콤팩트시티로 개발하겠다고 밝혔다. 내년 7월 이후 지구 지정, 2027년 분양, 2029년 첫 입주가 목표다. 콤팩트시티는 역세권을 고밀도로 개발해서 주거, 직장, 학교, 의료 등을 걸어서 이용할 수 있도록 하는 개념이다.
전제 조건은 일자리 창출이다. 일자리 창출에 실패하면 콤팩트시티는 빈껍데기로 전락한다. 한강2신도시를 경기서부지역의 일자리 창출센터로 육성하는 종합적인 계획이 필요하다. 비교적 가까운 곳에 위치한 서울 마곡지구와 연계해서 개발하는 방식도 필요하다. 현재 경부축에 밀집한 일자리를 서부축에도 만들어야 교통난을 완화하고 새로운 성장동력 창출도 가능하다.
신도시 난개발도 해결해야할 과제이다. 한강2신도시외에 인근에 검단, 인천 계양, 부천 대장지구 등이 동시 다발적으로 개발되고 있다. 신도시와 광역전철망을 종합적으로 보고 도시계획을 짜야 한다.
◇1조6000억원짜리 지옥철 골드라인의 운명은?
1조6553억원이나 들여 만든 골드라인의 운명도 관심사이다. 김포시는 서울지하철 연장을 추진하다 골드라인이라는 경전철을 독자적으로 완공했다. 김포공항과 한강신도시를 잇는 23.9km 의 경전철로 2019년 개통됐다. 비용절감을 이유로, 2량짜리 경전철로 줄인데다 역사도 확장이 불가능하게 설계됐다. 김포인구가 급증하면서 골드라인은 개통과 동시에 지옥철로 전락했다.
5호선 연장선이 완공되면 1조6553억원이나 투자된 골드라인은 존폐위기에 직면할 수 있다. 5호선을 한강신도시와 연결하면 골드라인과 상당 부분 노선이 겹칠 수 있기 때문이다.
◇5호선 검단신도시 패싱?
또다른 관전 포인트는 5호선 연장선의 검단 신도시 통과여부이다. 인근에 개발중인 7만5000가구 규모의 검단신도시는 5호선 연장을 기대해왔다. 검단 신도시가 속한 인천시는 서울 방화~인천 검단신도시~김포한강신도시~강화를 연결하는 노선을 제시했었다. 서울시와 강서구, 경기도 김포시는 ‘서울5호선 김포 연장(방화역~김포)을 위한 업무협약’을 체결했다. 강서구의 방화차량기지와 건설폐기물처리 업체 등을 김포로 이전하고 5호선 연장사업을 추진한다는 내용이다. 당초 김포시는 방화차량기지는 이전할 수 있으나 건설폐기물처리장은 이전할 수 없다는 입장이었다. 인천시에 건설폐기물 처리장 이전을 요구했지만, 인천이 거부해왔다. 이번에 5호선 연장을 위한 협약식에 서울시와 김포시만 참석하고 인천시는 배제됐다. 이때문에 인천시 패싱 논란이 벌어지고 있다. 현재 국토부와 김포시는 ‘5호선 연장 노선’의 통과지역이 확정되지 않았다는 입장이다.
검단신도시는 인천 지하철 1호선 연장선이 2024년 개통 예정이다. GTX D노선(한강신도시, 검단신도시, 부천)도 계획돼 있다. 대통령은 대선기간에 GTX D노선의 강남, 하남, 팔당 연장 안을 공약했다. 여기다가 인천지하철 2호선을 연장, 검단에서 일산역까지 한강 남북을 잇는 노선도 추진 중이다. 문제는 추진 속도이다. 또 검단신도시, 한강신도시, 계양지구, 대장지구 등을 모두 고려하는 종합적인 교통네트워크 구축이 긴요하다."
https://www.chosun.com/economy/real_estate/2023/12/20/QNITWLTURJB6BISEQERQHCA7UM/,"윤석열 대통령이 19일 국무회의에서 폐지를 촉구한 ‘실거주 의무’ 제도란 분양가 상한제를 적용받은 저렴한 아파트에 청약 당첨되면, 입주 시점에 무조건 2~5년간 직접 거주해야 하는 규정이다. 본인이 입주하지 않으면서 전세를 끼고 집을 사는 ‘투기’를 막겠다는 취지로 2021년 도입됐다. 하지만 ‘투기’가 아닌 실수요자가 대다수인 청약 시장에까지 실거주 의무를 도입하면서 무리한 규제라는 지적이 끊이지 않았다. 특히 작년 하반기부터 분양 시장이 얼어붙자, 정부가 올해 1월 실거주 의무를 폐지하겠다고 밝혔다. 당시엔 야당도 별다른 반대 입장을 내놓지 않아, 대다수 실수요자들은 실거주 의무 폐지를 기정사실처럼 받아들였다.
하지만 실거주 의무 폐지를 담은 주택법 개정안은 지금껏 국회 첫 관문도 못 넘고 있다. 법 개정안이 발의된 4월부터 야당 내 기류가 바뀌었기 때문이다. 올 상반기 인천 미추홀구를 중심으로 전세 사기 피해가 확산하자 더불어민주당은 “실거주 의무가 사라지면 ‘갭 투자(전세를 끼고 매수)’가 성행할 수 있다”며 법 개정에 반대하기 시작했다. 일부 야당 의원은 실거주 의무 폐지가 전세 사기를 부추길 수 있다는 논리도 폈다. 정기국회 회기 종료일인 이달 9일까지 여야 입장 차는 좁혀지지 않았다.
법 개정이 무산되면 청약 시장의 큰 혼란이 불가피하다. 청약에 당첨됐지만 자금이 부족한 사람 중에선 분양받은 아파트를 전세로 놓고, 그 보증금으로 잔금을 치르는 경우가 많다. 이들은 기존에 거주하고 있는 전세 계약을 이미 연장했다. 법 개정이 안 되면 기존 전세 계약을 중도 파기하고 분양받은 아파트에 들어가야 한다. 또 자녀 학교나 직장 때문에 분양 아파트에 들어가는 것이 어려운 이들도 있다. 당장 입주할 계획은 없지만 미리 집을 장만해두려고 청약을 신청했던 사람들은 큰 피해를 보게 되는 것이다.
국토교통부에 따르면 현재 실거주 의무를 적용받는 아파트는 전국적으로 72개 단지, 4만7595가구에 달한다. 이 중 3분의 1 가까운 1만5000여 가구가 내년에 입주할 예정이다. 오는 2월 입주 예정인 서울 강동구 상일동 e편한세상강일어반브릿지 소유자 중에는 실거주 의무 폐지가 무산될 상황에 대비하기 위해 기존에 살고 있는 전셋집을 부동산에 내놓는 사람도 많다. 이런 경우 다음 세입자를 구하고 보증금을 제때 돌려받는다 하더라도, 수백만 원에 달하는 중개 수수료는 집주인이 아닌 본인이 부담해야 한다. 2025년 1월 입주 예정인 단군 이래 최대 재건축 단지 ‘올림픽파크 포레온’(1만2000가구)도 실거주 의무 2년이 적용된다. 실거주 의무를 어기면 1년 이하 징역 또는 1000만원 이하 벌금형에 처해지고 당첨된 아파트는 한국토지주택공사(LH)에 분양가 수준으로 넘겨야 한다.
법 개정이 늦어지자 여당은 실거주 의무는 유지하되 아파트 매각 전까지 의무 기간을 채우는 절충안을 제안했지만 야당은 받아들이지 않았다. 여야는 임시국회 기간인 이달 21일 마지막 법안소위를 열고 합의를 시도한다. 내년 4월 총선이 임박한 만큼, 이날도 합의에 실패하면 실거주 의무 폐지는 백지화될 가능성이 높다. 이창무 한양대 교수는 “집값 급등기에 급조된 대책인 만큼, 지금 시장 상황과는 맞지 않는다”고 말했다. 박상우 신임 국토교통부 장관 후보자도 인사청문회 답변 자료를 통해 “실거주 의무는 국민 주거 이전을 제약하고 신축 임대주택 공급을 위축시키는 등 부작용이 있는 것으로 알고 있다”며 부정적인 입장을 보였다."
https://www.chosun.com/economy/real_estate/2021/12/31/32DM2I5LLVHXPAYABHKLHGWXXQ/,"서울 은평구 불광동 B아파트 전용면적 59㎡(8층)가 지난 9일 8억1000만원에 팔렸다. 7월 같은 면적 7층 매물의 실거래가(8억6000만원)보다 5000만원 내린 금액이다. 대구 수성구 수성동 W아파트 전용 59㎡는 이달 초 2억3450만원에 거래됐다. 지난 8월과 9월 거래된 실거래가(3억3500만~3억5000만원)와 비교하면 1억원 넘게 내렸다.
전국 아파트 시장에서 매매가격 하락 반전 속도가 빨라지고 있다. 대출 규제 강화와 금리 인상으로 아파트 매수 수요가 줄어든 데다가 내년 대선 결과를 보고 집을 사든지 팔든지 결정하겠다는 사람이 늘고 있다. 거래 급감에 매물이 쌓이고, 호가(呼價)를 대폭 낮춘 급매물만 간간이 팔리면서 전국에서 아파트값이 내리는 지역이 속출하고 있다.
◇”서울 강북 지역 아파트 매수세 끊겨”
30일 한국부동산원이 발표한 주간 아파트값 동향에 따르면, 이번 주 전국 아파트값 상승률은 전주(前週)보다 0.02%포인트 줄어든 0.05%를 기록했다. 작년 5월 11일 조사(0.04%) 이후 1년 7개월여 만에 가장 낮은 상승률이다. 경북(0.09%)을 뺀 모든 시도가 1주일 전보다 상승 폭이 줄었고, 세종(-0.63%)과 대구(-0.04%)는 하락 폭이 더 커졌다.
서울에선 일주일 사이 아파트값이 하락 반전한 구(區)가 2곳 추가됐다. 은평구(-0.02%)가 2주째 마이너스 변동률을 기록한 가운데, 강북구(-0.02%)와 도봉구(-0.01%)가 1년 7개월 만에 하락 전환했다. 부동산원은 “서울 강북 대부분 지역에서 아파트 매수세가 줄었다”고 설명했다. 아직 신고 기간이 한 달 남아있지만, 12월 서울 아파트 매매 거래량은 493건으로 작년 12월(7545건)보다 무려 93% 줄었다. 글로벌 금융 위기 때인 2008년 11월(1163건) 기록한 역대 최저 거래량을 갈아치울 가능성이 크다.
3기 신도시 추가 지정, GTX(수도권광역급행철도) 추진 등의 호재로 올해 과열 조짐을 보이던 경기도에서도 아파트값이 내린 지역이 늘고 있다. 올해 누적 상승률 38.5%로 전국에서 아파트값이 가장 많이 오른 의왕은 이번 주 보합(0%)을 기록했고, 상승률 2위(37.2%) 시흥은 지난주보다 0.04% 떨어졌다. 시흥은 상반기만 하더라도 아파트값이 매주 1% 안팎으로 뛰었지만, 최근엔 배곧·정왕동 등에서 매수세가 끊기고 매물이 쌓이고 있다.
◇대구 수성, 대전 유성도 하락세로
지방 대도시에서도 아파트값 하락세가 확산하면서 주택시장이 얼어붙고 있다. 이번 주 부산 아파트값은 올해 가장 낮은 상승률(0.03%)을 기록했고, 1월 이후 처음으로 아파트값이 내린 지역이 등장했다. 동구가 지난주보다 0.07% 내렸고, 영도구(-0.02%)와 강서구(-0.01%)도 하락 전환했다.
올해 지방 시·도 중 제주(20.1%) 다음으로 아파트값이 가장 많이 오른(14.3%) 대전에서는 유성(-0.03%)·서구(-0.01%) 아파트값이 내렸다. 대전 유성구 아파트값이 내린 것은 2018년 7월 이후 3년 5개월 만이다. 대구는 ‘대구의 강남’으로 꼽히는 수성구(-0.02%)마저 하락세로 바뀌면서 8개 구·군 지역의 아파트값이 모두 떨어졌다. 조정대상지역으로 묶여 있는 전남 여수와 광양도 일주일 전보다 아파트값이 내렸다.
김광석 리얼하우스 대표는 “전국적으로 연초 대비 아파트값이 크게 오른 상황에서 대선이라는 불확실성 때문에 당장 아파트를 사겠다는 수요가 급감했다”며 “서울과 수도권 인기 지역도 거래가 거의 없는 상황이라 당분간 약보합세가 이어질 전망”이라고 말했다."
https://www.chosun.com/economy/real_estate/2022/05/19/5NAF4ZKOX5EORLQQT5PPBE635Y/,"[땅집고] “헐, 세금을 20억원이나 들여 건물 꼭대기에 뜬금 없는 ‘왕냄비’까지 달아놓았는데 결국 폐업이라니…. 완전 혈세 낭비네요.”
대전광역시 전통시장 청년몰인 ‘청년구단’이 2017년 개점한 지 4년만에 문을 닫았다. 이 사업에는 세금 20억원 정도를 투입하고, 건물 꼭대기에 9200만원짜리 ‘왕냄비 조형물’까지 설치해 세금 낭비 지적이 끊이지 않았는데 결국 좌초된 것이다.
청년구단은 대전 동구 원동 전통시장인 ‘중앙 메가프라자’ 내 20개 점포를 20~30대 청년에게 시세보다 저렴한 임대료로 빌려주는 프로젝트였다. 청년구단 조성에 국비 7억5000만원과 대전시 예산 등을 합해 총 20억원 정도 들었으며, 대전 상인회도 1억5000만원을 부담했다. 청년구단에 젊은 감각을 가진 자영업자가 입점하면 침체한 지역 상권이 활성화할 것이라는 기대감이 컸다.
청년구단은 마케팅 홍보를 위해 건물 꼭대기에 ‘왕냄비’를 달아 유명세를 노렸다. 뚜껑 달린 초대형 냄비가 가스레인지 위에 얹혀 있는 모습이다. 가로 3.82m, 세로 2.54m 크기로 제작비만 9200만원이 들었다. 워낙 독특한 조형물이어서 멀리서도 눈에 잘 들어왔다.
청년구단에는 파스타·스테이크밥·초밥·치킨브리또·막걸리·커피 등을 판매하는 식당이 줄줄이 입점했다. 최초 1년 동안은 임대료를 면제해 주고 이후에는 월세로 16만5000원을 받기로 했다. 하지만 청년구단 사업은 출범 1년 여만에 기울어졌다. 2018년 총 8개 점포가 매출 부진으로 영업을 중단한 것. 결국 2021년 6월 말에는 모든 점포가 폐점했다.
이유가 뭘까. 청년구단이 주목받지 못한 가장 큰 이유는 경쟁력 없는 입지가 꼽힌다. 건물이 원도심에 있어 유동인구 자체가 많지 않고 인근에 한복점 등 식당과 성격이 다른 업종이 몰려 있어 먹자골목과 비교해 활성화하기 어려운 조건이었다는 것.
청년구단에 입점한 청년 자영업자 운영 문제도 지적한다. 스타 셰프인 백종원씨는 자영업자 대상으로 컨설팅하는 ‘골목식당’ 프로그램에서 청년구단을 점검하며 “점포당 평균 3~4개 메뉴를 취급하고 있는데, 한 가게에서 메뉴를 여럿 취급하면 다른 가게와 중복이 발생한다. 이런 청년몰은 끝난 셈이다. 반드시 2~3년 있으면 주저앉을 것”이라고 했다. 그는 “청년구단 임대료가 저렴한데도 음식 가격을 비싸게 책정하는 것도 이해할 수 없다”고 했다.
청년 자영업자가 떠나버린 청년구단 건물은 어떻게 활용하고 있을까. 현재 문화예술 향유 공간인 ‘디캔센터’가 입점해 있다. 커피숍 창업 등을 돕는 가배로스터스운영본부를 비롯해 사진·영상 관련 스튜디오 운영업체, 우쿨렐레·통기타 등 악기를 파는 업체 등 10여곳이 입주했다. 하지만 디캔센터를 찾는 손님도 많지 않은 것으로 알려졌다.
결국 청년구단은 옥상에 1억원 가까운 ‘왕냄비’만 달고 있는 생뚱맞은 건물로 전락한 셈이다. 이 같은 소식을 접한 네티즌들은 “지금 건물에 음식 관련 업체가 하나도 없는데 냄비를 아직까지 달고 있다. 세금이 아까워 철거 못하는 것 아니겠냐”며 “결국 혈세 낭비였다”는 등 반응을 보이고 있다."
https://www.chosun.com/economy/real_estate/2020/09/29/44M52XBNWVHSZEG6GWAKUGZMEU/,포스코건설은 ‘더불어 함께 발전하는 기업시민’이라는 경영 이념 실천을 위해 지난 25일 임직원 160여명이 비대면 온라인 방식으로 동반 성장과 윤리 경영 등에 대한 퀴즈 대회를 진행했다고 28일 밝혔다.
https://www.chosun.com/economy/real_estate/2021/03/08/BRI7RLZ42VBPBKDAWI24B5CMRQ/,"LH(한국토지주택공사) 직원들의 3기 신도시 투기 사건에 대한 분노가 확산하는 가운데 여당은 소속 의원과 보좌진에 대한 ‘전수조사’ ‘정밀조사’를 공언했다. 하지만 8일 본지가 확보한 당 내부 문건에 따르면, 여당이 말한 ‘정밀조사’란, 대상자들의 ‘자진 신고’를 ‘요청’하는 내용이었다.
이낙연 더불어민주당 대표는 지난 5일 자신의 페이스북을 통해 “민주당의 모든 국회의원과 보좌진, 지방자치단체장과 의원들 및 가족의 3기 신도시 토지 거래 내역을 정밀조사하도록 당 윤리감찰단에 지시했다”고 밝혔다. 7일에는 당 논평을 통해 “초당적인 부동산 적폐청산”을 선언하며 국민의힘에도 동참을 요구했다.
이런 가운데 윤리감찰단은 8일 소속 국회의원과 보좌진에게 한통의 공문을 보냈다. 공문 제목은 ‘우리 당 소속 국회의원 및 보좌진의 3기 신도시 지역 부동산 보유 현황 협조 요청의 건’. 공문에서 감찰단은 “당대표 지시사항(3월5일)에 근거해 아래와 같이 요청하니 협조 바란다”며 국회의원·보좌관과 그 가족의 3기 신도시 부동산 보유 현황을 오는 10일까지 팩스 또는 이메일로 보내라는 내용을 적었다. 그리곤 3기 신도시 7곳에 해당되는 읍·면·동의 리스트를 첨부했다.
별첨한 제출양식에는 ‘부동산 보유 없을 경우 별도 양식 없이 명단만 제출해주시면 된다’고 적었고, 양식에는 이름과 구입시기, 내용 등을 적도록 했다. 허위 기재에 대한 경고 문구조차 없었다.
민주당 한 비서관은 “설령 문제의 부동산을 가지고 있어도 누가 이런 시국에 자진 신고하겠느냐”며 “이래놓고 전수조사라고 하는 건 국민 상대로 눈가리고 아웅하는 것”이라고 했다."
https://www.chosun.com/economy/real_estate/2020/09/05/ARNMR66ZPVGMFJ62UENYLX7RIM/,"서울에 전세로 사는 A씨는 2개월 뒤 계약 만기를 앞두고 집주인에게 “계약갱신청구권을 쓰겠다”고 말했다. 그러자 그동안 별 말이 없던 집주인이 갑자기 “내가 들어가 살 예정이니 나가달라”고 문자를 보내왔다. 막막해진 A씨는 전·월세 상담 기관에 전화를 걸어 “집주인이 실거주한다고 하면 무조건 나가야 하느냐, 진짜 실거주 하는지 내가 확인할 방법은 없느냐”고 상담원에게 물었다.
지난 7월 말 전·월세 상한제와 계약갱신청구권 등이 시행되면서 임대차 관련 상담이 급증하고 있다. 여당이 법안 상정 이틀 만에 군사작전하듯 통과시킬 때 우려됐던 시장의 혼란이 현실화하고 있는 것이다.
4일 서울시에 따르면, 개정 임대차법이 시행된 지난 7월 31일 이후 8월 31일까지 한 달간 서울시 전월세보증금지원센터에는 상담이 총 5620건 접수됐다. 지난해 같은 기간(2218건)보다 약 2.5배로 늘었다. 이 중 임대차 관련 상담만 보면 1539건에서 5090건으로 급증했다.
서울시 관계자는 “세입자의 경우 본인이 갱신청구권을 쓸 수 있는 상황인지, 집주인 실거주를 어떻게 확인할 수 있는지, 5% 이내로 인상을 요구하면 임대료를 올려줘야 하는 건지 등에 관한 문의가 많다”며 “반대로 임대인은 ‘세입자와 보증금 협의가 안 되는데 어떻게 해야 하는지, 세입자를 내보낸 후 실거주를 안 하면 손해배상을 얼마나 해줘야 하는지' 등을 물어본다”고 했다.
정부는 관련 민원이 폭증하자 지난달 28일 임대차법 해설서를 내놨다. 그러나 건별로 다 상황이 달라 개별 문의가 계속 이어지는 상황이다. 혼란이 커지는 상황인데도 정부는 책임 있는 입장을 내놓지 않고 있다. 국토교통부 관계자는 “계약 갱신을 요구한 시점이 언제인지, 임대인과 임차인 간에 이전에 어떤 이야기가 오갔는지 등 구체적인 사안에 따라 해석이 다를 수밖에 없어 정부가 일괄적으로 정리해 입장을 내놓긴 어렵다”고 했다."
https://www.chosun.com/economy/real_estate/2022/11/14/LSJ3ER5SUNHKNLYRQWDRF7DS34/,"전국에서 미분양 아파트가 급증하고, 금융기관이 PF(프로젝트파이낸싱) 대출까지 중단하면서 이달 주택사업 경기전망지수가 역대 최저치를 기록한 것으로 나타났다.
14일 주택산업연구원에 따르면 11월 전국 주택사업경기전망지수는 40.5로 전월보다 7.3포인트 하락하며 조사 이래 가장 낮은 수치를 기록했다. 수도권(-10.8포인트), 지방(-8.8포인트) 등 대부분의 지역이 큰 폭으로 하락하며 역대 최저치를 나타냈다. 규제지역 해제 효과로 대구(6.1포인트)와 울산(2.8포인트)만 소폭 상승했다.
주택건설 수주지수에서는 민간택지가 전월 81.5에서 56.3으로 25.2포인트 급락했다. 공공택지 역시 8.8포인트 하락했고, 자금조달지수도 2.9포인트 떨어져 하락세를 이어갔다. 연구원은 “자금조달이 어려워진 민간주택사업자들이 주택건설사업에 상당한 어려움을 겪고 있는 것으로 해석된다”고 했다. 실제로 공사에 착수하는 사업지가 줄면서 착공 실적은 계속 떨어지고 있다. 올해 1~9월 주택 착공실적은 전국 29만4059가구로 지난해 동기(39만7657가구) 대비 26.1% 감소했다.
지난 8일 인천광역시 경제자유구역청은 영종하늘도시 A50블록 주택건설사업계획 승인을 취소했다. A50블록은 영종하늘도시 내 마지막 아파트 용지로, 작년 2월 LH가 용지 입찰에 나섰을 때 255개 건설·시행자가 몰릴 정도로 인기가 높았다. 이곳에는 지하 1층, 지상 29층~37층, 3개동, 연면적 4만8101㎡ 규모의 296가구와 부대복리 및 근린생활시설이 조성될 예정이었다. 내년 3월 착공에 들어가 2026년 2월 준공될 계획이었으나, 땅을 입찰받은 명일건설(당시 한빛건설)이 취소원을 제출하면서 건설 승인고시가 난 지 4개월 만에 사업 계획이 취소됐다.
사업을 포기한 이유는 공급이 몰린 영종지구 아파트의 청약 성적이 좋지 않기 때문이다. 지난달 청약을 진행한 영종국제도시 A26블록 제일풍경채 디오션, 영종하늘도시 A56블록 호반써밋 스카이센트럴 모두 특별공급, 일반공급 청약접수에서 미달이 발생했다.
연구원은 “건설 원가 상승과 부동산 경기 하락으로 부동산PF를 통한 기대수익이 감소하고 위험이 증가하면서 브릿지론에서 PF 대출로 전환이 어려워지고 있고, 이는 주택건설사업자들의 재원조달 및 사업안정성에 심각한 위협이 되고 있다”며 “부동산 관련 규제 완화 정책과 더불어 공적금융지원 및 보증지원을 확대하는 등의 선제적 대응이 필요하다”고 했다."
https://www.chosun.com/economy/real_estate/2024/05/07/TV6IFCA7SNGBNMKCHGKINZBIK4/,"직원이 결혼하면 1억원을 주택 마련 자금으로 빌려주고 셋째 자녀를 낳으면 특진을 시켜주는 등 파격적인 복지정책으로 유명한 건설사업관리(PM) 전문기업 한미글로벌이 공개채용에 나선다.
한미글로벌은 해외 시장 공략과 데이터센터 등 전략 사업 확대를 위해 오는 21일까지 신입사원 공개채용을 실시한다고 7일 밝혔다.
채용 부문은 건축, 기계, 전기 분야다. 학사 이상 졸업자와 오는 8월 졸업 예정자가 대상이다. 관련 전공자와 기사 자격증 소지자, 어학 능력 우수자는 우대한다. 지원 희망자는 21일 자정까지 한미글로벌 채용 홈페이지에서 온라인으로 접수하면 된다.
1996년 국내 최초 PM 전문기업으로 설립된 한미글로벌은 지금까지 전세계 60개국에 진출해 2900개 이상의 프로젝트를 수행했다. 미국, 영국, 중국, 일본, 사우디아라비아, 베트남, 인도, 헝가리, 폴란드, 캐나다, 카자흐스탄, 쿠웨이트 등 12개 국가에 현지 법인과 자회사를 두고 있다. 신입사원에게는 6개월간 해외 현장 연수 기회도 제공된다.
한미글로벌은 구성원들의 결혼과 출산을 장려하는 지원 제도로도 유명하다. 결혼시 주택 마련을 위한 자금 1억원을 저리로 대출해주고 난임치료는 무제한으로 지원한다. 출산시 첫째는 100만원, 넷째 이상은 1000만원을 지원금으로 주고 셋째를 출산하면 특진 혜택도 제공한다. 이 같은 지원 제도 덕분에 한미글로벌은 건설업계 최초로 지난해 여성가족부가 주관하는 ‘가족친화 최고기업’에 선정되기도 했다."
https://www.chosun.com/economy/real_estate/2023/03/03/KAS55JEWLVGO7LMNSDRVZFXEQA/,"SK에코플랜트가 폭발적인 성장이 예상되는 수소 시장 선점을 위해 보폭을 넓히고 있다. SK에코플랜트(옛 SK건설)는 2021년 글로벌 종합 환경·에너지기업을 목표로 사명을 변경한 뒤 전략적 인수·합병(M&A)을 통해 신재생에너지와 환경업 중심으로 비즈니스 모델을 전환했다.
특히 SK에코플랜트는 지난해 9월 해상풍력 전문기업 SK오션플랜트(옛 삼강엠앤티)를 자회사로 편입하면서 ‘그린수소 밸류체인’ 전반을 완성했다는 평가를 받는다. 해상풍력으로 전기를 생산하고, 이 전기로 물을 분해해 탄소 배출이 없는 청정 그린수소를 생산해 글로벌 그린수소 기업으로 성장해 나간다는 계획이다.
◇'해상풍력 밸류체인’ 완성
SK에코플랜트는 지난해 글로벌 해상풍력 개발 전문기업 코리오제너레이션, 글로벌 에너지기업 토탈에너지스와 해상풍력 발전사업 공동개발 협약을 맺고, 울산과 전남 등 한국 5개 권역에 부유식·고정식 해상풍력발전단지를 조성하는 ‘바다에너지’ 사업 지분을 확보했다. SK에코플랜트는 바다에너지 사업 초기 개발단계부터 인허가, 건설에서 운영까지 모든 단계에 참여한다. 이르면 2024년부터 단계적 착공에 돌입해 2027년 상업운전(COD) 개시를 목표로 하고 있다.
2018년 해상풍력 발전시장에 첫 발을 내딛은 SK에코플랜트는 작년 9월 SK오션플랜트를 인수하면서 해상풍력 분야 핵심 기자재인 하부구조물 제조 역량까지 내재화하는데 성공했다. 이로써 부유식∙고정식 해상풍력 사업개발, 인허가, 구조물 제조, EPC(설계∙조달∙시공), 발전사업 운영 등 해상풍력 밸류체인을 완성했다는 평가를 받는다.
SK오션플랜트는 국내 최초로 전량 수입에 의존하던 후육강관을 국산화한 기업이다. 후육강관은 두꺼운 철판을 구부려 만든 초대형 산업용 파이프로, 최대 지름은 10m, 철판 두께는 최대 145mm에 달한다. SK오션플랜트는 후육강관 제조 기술을 기반으로 두꺼운 철판을 용접해 만드는 해상풍력 하부구조물 사업에서 글로벌 경쟁력을 확보했다.
해상풍력 하부구조물은 발전기를 지탱하는 골격으로, 바다 수면 위로 노출된 상부구조물인 터빈과 날개, 타워의 안정성을 담보하는 핵심 설비다. SK오션플랜트는 작년 8월 대만 최대 규모 해상풍력 단지 조성 사업인 ‘하이롱 프로젝트’에 6000억원 규모의 하부구조물을 독점 공급하는 계약을 체결했다. 지난달에는 일본 NSE와 220MW급 풍력단지용 하부구조물 제작 계약을 맺었다. 국내 기업이 일본에 해상풍력 하부구조물을 수출하는 것은 이번이 처음이다. 견조한 해상풍력 하부구조물 수주 성과를 바탕으로 지난해 SK오션플랜트는 연결 기준 매출 6918억원, 영업이익 719억원을 기록했다. 전년 대비 각각 37.5%, 172.2% 증가하며 역대 최고 실적을 냈다. 시장에서는 SK에코플랜트 인수 효과로 대내외 신뢰도와 브랜드 가치가 높아진 것이 긍정적 영향을 미쳤다는 평가가 나온다.
SK오션플랜트는 지속적인 수주를 예상해 대규모 투자도 단행했다. 약 5000억원을 투자해 경남 고성에 세계 최대 규모 풍력구조물 생산 공장을 건설 중이다. 축구장 220여개 면적(약 160만㎡)에 달해 해상풍력 하부구조물을 구성하는 부품을 완제품으로 조립하고, 수출을 위한 바지선이 드나들 수 있다. 해상풍력 하부 구조물을 넘어 부유식 해상풍력, 해상변전소까지 해상풍력 전반으로 사업 영역 확대도 추진할 계획이다.
◇'그린수소 허브기업’ 입지 다진다
SK에코플랜트는 해상풍력, 태양광과 이미 활발히 추진 중인 수소사업을 연계해 ‘그린수소 허브기업’으로 입지를 확고히 한다는 방침이다. SK에코플랜트는 지난해 2월 ‘고체산화물 수전해기’(SOEC)를 활용해 이산화탄소 배출 없이 물에서 수소를 분리해 내는 친환경 수소 생산에 성공했다. 향후 태양광, 풍력 등으로 생산된 재생에너지를 활용할 경우 전 과정에서 탄소 배출이 없는 그린수소 생산이 가능하게 된다. 박경일 SK에코플랜트 사장은 “SK에코플랜트는 해상풍력, 태양광, 수소연료전지 및 블루·그린수소, 그린암모니아 등 전 분야에 걸친 경쟁력을 확보했다”며 “글로벌 그린수소 시장을 선도하고 국내외 기업의 RE100 달성을 지원하겠다”고 밝혔다."
https://www.chosun.com/economy/real_estate/2024/03/25/E3ZU3WEOH5E5DLBH4VNXQVJHSI/,"‘여의도 1호 재건축’ 단지인 서울 영등포구 여의도동 한양아파트의 공사를 현대건설이 맡게 됐다. 이로써 현대건설은 향후 재건축 대전(大戰)이 본격화할 여의도에 첫 깃발을 꽂게 됐다.
24일 부동산 업계에 따르면, 전날 한양아파트 소유주 587명 중 548명이 참여한 가운데 열린 시공사 선정 투표에서 현대건설은 314표(57.3%)를 얻어 시공권을 따냈다. 현대건설은 공사비를 3.3㎡당 824만원으로 경쟁사보다 30만원가량 비싸게 제시했지만, 상가를 지하화하고 아파트 분양 면적을 늘려 수익성을 높이는 방안을 함께 제시했다.
여의도 한양아파트는 재건축을 통해 기존 588가구가 최고 56층 높이 992가구로 탈바꿈하게 된다. 서울시가 여의도를 글로벌 금융 허브로 조성하겠다는 방침이어서, 인근 다른 재건축 단지에서도 건설사들의 수주 경쟁이 치열할 것으로 전망된다."
https://www.chosun.com/economy/real_estate/2024/06/14/MQWTVIZCBZFBRASXJDWRNNUQQQ/,"빌라 세입자가 계약 만료 후 보증금 돌려받는 걱정을 덜도록 정부가 전세금 반환 보증보험 가입 기준을 완화하기로 했다. 청약통장 월 납입금 인정 한도는 41년 만에 10만원에서 25만원으로 상향 조정된다. 국토교통부는 13일 이 같은 내용을 담은 ‘민생토론회 후속 규제 개선조치’를 발표했다.
전세 보증보험은 세입자가 집주인으로부터 보증금을 돌려받지 못할 때 HUG(주택도시보증공사)가 대신 돌려주고, 나중에 집주인에게 받아내는 제도다. 현재 전세금이 주택 공시가격의 126%를 넘지 않아야 전세 보증보험에 가입할 수 있다. 그러나 최근 빌라 공시 가격 하락으로 보증보험 가입이 어려워지자, 전세 수요자들 사이에서 빌라 기피 현상이 심해졌다.
이에 정부는 ‘126% 룰’은 유지하지만, 세를 놓는 집주인이 공시 가격이 지나치게 낮다는 이의를 제기하고 HUG가 이를 인정한다면 감정평가액을 적용할 수 있도록 했다. 일반적으로 공시 가격보다 감정가가 높기 때문에 이를 활용하면 보증보험 가입 한도가 늘어날 가능성이 크다.
정부는 또 1983년부터 10만원으로 유지한 청약통장 월 납입액 한도를 25만원으로 올린다고 밝혔다. 현재 청약통장 가입자는 매달 2만원에서 50만원까지 자유롭게 저축할 수 있지만, 공공분양주택 당첨자 선정 때 인정되는 납입액은 10만원까지다. 월납 한도가 25만원으로 늘어나면 납입 총액 기준으로 당첨자를 가르는 공공주택 청약 때 젊은 무주택자들의 당첨 가능성이 올라갈 수 있다. 정부는 지난 2015년 이후 신규 가입이 중단된 청약부금·청약예금·청약저축을 주택청약종합저축으로 전환하는 것도 허용하기로 했다.
신속한 도심 주택 공급을 위해 재건축·재개발 추진 중 공공분양 주택을 추가로 공급하는 등의 계획 변경이 필요한 경우 행정 절차를 간소화하기로 했다. 조합 설립 등의 과정에서 구역 내 국·공유지 관리 기관의 명시적 반대가 없으면 협의에 동의한 것으로 간주하기로 했다."
https://www.chosun.com/economy/real_estate/2023/08/09/J7Q5V6AVKZDDLADRNQM6WP2J5E/,"“왜 다른 구역은 제쳐두고 우리 구역(압구정3구역)만 조사하는지 이해하기 어렵습니다. 서울시 지침을 따르지 않은 희림건축을 선정한 데 대한 ‘보복’이 아닌지 의심이 듭니다.” (서울시 강남구 압구정3구역 재건축 조합 관계자 A씨)
최근 서울시가 압구정3구역 재건축 조합을 대상으로 실태조사에 나섰다. 조합원들 사이에서는 서울시가 희림건축 정비사업지에서 발생한 특정 사건 때문에 조사를 실시하는 것은 사실상 보복 조사라는 불만의 목소리도 나온다.
■ 서울시, 압구정3구역에 합동 점검 실시
7일 압구정3구역 조합 관계자에 따르면 서울시는 지난달 21일 압구정3구역에 지난달 31일부터 오는 11일까지 조합 운영실태 전반에 대한 합동 점검을 실시하기로 했다는 내용의 공문을 보냈다. 서울시는 공문에서 “조사를 기피하거나 방해하는 사례가 발생할 경우, 관계 법령에 따라 불이익 처분을 받을 수 있다”고 밝혔다.
실제 서울시는 지난달 31일부터 10명 안팎의 회계사·변호사 등의 전문가 집단을 조합에 보냈다. 서울시는 압구정3구역의 조합비 사용내역, 설계사 선정을 위한 투표를 실시한 정기 총회까지 법적인 절차를 준수했는지 등을 조사할 예정이다.
서울시는 압구정 3구역 재건축조합이 설계공모를 하면서 용적률을 서울시 지침인 300%가 아닌 360%로 설계한 희림건축을 경찰에 고발했다. 서울시 고발에도 압구정3구역 조합은 지난달 15일 2023년 정기총회에서 희림건축을 설계회사로 확정했다. 하지만 서울시는 설계지침을 따르지 않은 희림이 설계회사로 확정된 것이 무효라고 16일 밝혔다.
■ 서울시 vs 압구정3구역 정면충돌…“희림 계약 해지돼도 해안이랑은 절대 안 해”
하지만 압구정3구역 조합은 희림과의 계약을 해지할 수 없다는 입장이다. 만약 계약을 해지할 경우 막대한 손해배상을 해줘야 하기 때문이다. 압구정3구역 조합원 B씨는 “희림건축이 조합원들을 기망했다는 사실이 확정될 경우 결격 사유에 해당해 계약을 해지할 수 있다”며 “하지만 결격 사유 외의 이유로 조합 측이 계약을 해지하면 희림건축에게 300억원의 손해배상을 해줘야 해 임의로 해지하기는 어려울 것”이라고 했다.
조합원들 사이에서는 서울시가 압구정3구역에만 표적조사를 벌이는 데 대한 불만이 터져 나오고 있다. 조합원 C씨는 “설계공모에서 탈락한 경쟁사인 ‘해안건축’의 임원 중에 전 서울시 공무원이 있는 만큼 해안건축이 당선되기 위해 서울시에 입김을 넣고 있는 것 아니냐”며 “만약 희림건축과 계약이 해지되더라도 서울시 태도 때문에 절대로 해안건축을 설계사무소로 선정할 일은 없을 것”이라고 했다. C씨는 “조합원 중에도 변호사, 고위 관료 출신 등 전문가들이 많아 서울시가 이대로 제재를 가한다면 두고 보지는 않을 것”이라고 덧붙였다.
신속통합기획이 오세훈 시장의 주요 주택 공급 정책인 만큼 압구정3구역이 서울시 지침을 따르지 않을 설계사무소를 허용하기는 어려울 것이라는 예상이 나온다. 서울시는 연내 75개소 기획 완료, 22개소 정비구역지정을 추진하고, 내년까지 75개소 정비구역 지정을 완료할 계획이다. 업계 관계자는 “신통기획 기준을 어긴 설계안이 당선되면, 다른 사업장에서도 ‘신통기획 지침을 따르지 않아도 된다’는 인식이 퍼질 수 있어 서울시가 강경하게 대응하고 있는 것으로 분석된다”고 말했다.
압구정3구역은 서울 강남구 압구정동 369-1 일대 총 4065가구 규모이다. 1979~1987년 입주했으며 압구정동 일대 재건축 구역 총 6곳 중 규모가 가장 크다. 성수대교와 동호대교 사이에 있으며, 부지 남쪽에 지하철 3호선 압구정역을 끼고 있다. 설계비만도 300억원에 달한다."
https://www.chosun.com/economy/real_estate/2021/10/18/7IXX5D5ZLFA2TG47JXLOREPSEQ/,"춘천 ‘학곡지구 모아엘가 그랑데’ 분양
한아건설이 강원도 춘천시 학곡지구에 들어서는 ‘학곡지구 모아엘가 그랑데’를 분양한다. 지하 2층~지상 29층, 7개 동, 전용면적 84~100㎡ 762가구로 구성된다. 단지 내에 넓은 중앙광장이 들어서고 산책로와 정원 등의 휴식 공간도 제공된다. 캠핑용품이나 계절용품을 보관할 수 있는 세대별 창고도 제공된다. 18일 특별공급을 시작으로 19~20일 1·2순위 청약 접수를 순차적으로 받는다. 주택 홍보관은 춘천시 퇴계동 636번지에 마련된다.
답십리역 ‘지웰에스테이트’ 오피스텔 분양
신영건설이 서울 동대문구 천호대로 301에 짓는 주거형 오피스텔 ‘답십리역 지웰에스테이트’를 다음달 분양한다. 지하 6층~지상 20층 144실 규모로, 모두 침실 두 개와 거실을 갖춘 전용면적 59㎡ 타입이다. 지하철 5호선 답십리역이 50m 거리에 있고 홈플러스, 롯데백화점 등 쇼핑시설과 은행, 관공서, 학교 등 생활편의시설들이 주변에 잘 갖춰져 있다."
https://www.chosun.com/economy/real_estate/2023/02/25/PPTOWGOSRFCOXGFTADQXFFHTRE/,"부동산 규제 완화와 대출금리 안정세로 서울 아파트 매수 심리가 2주 연속 상승했다.
24일 한국부동산원에 따르면, 이번 주(20일 기준) 서울 아파트 매매수급지수는 66.7로 지난주(66.4)보다 0.3포인트 상승했다. 매매수급지수는 기준선인 100보다 낮을수록 아파트를 사려는 사람보다 팔려는 사람이 많다는 뜻이다. 서울 매매수급지수는 올 들어 5주 연속 상승하다가 6주째에 일시 하락했으나, 지난주 반등에 성공한 뒤 2주 연속 올랐다. 다만, 여전히 기준선인 100에 못 미쳐 전반적인 매수세는 약한 모습이다.
권역별로 보면 영등포·양천·구로구 등이 속한 서남권이 59.5에서 60.3으로 0.8포인트 올라 3주 만에 60선을 회복했다. 강남 3구가 포함된 동남권은 70.9에서 71.4로, 종로·중구 등이 속한 도심권은 69.1에서 69.4로 올랐다. 반면, 노원·도봉·강북구가 있는 동북권은 지난주 70.7에서 이번 주 70.6으로 소폭 하락해 8주 연속 상승세가 멈췄다. 마포·은평·서대문구 등 서북권도 같은 기간 61.7에서 61.0으로 내렸다.
이번 주 서울 전세수급지수 역시 61.7로 전주(60.9)보다 0.8포인트 올라 2주 연속 상승했다."
https://www.chosun.com/economy/real_estate/2020/09/08/UCFGJ6QD4NFYVI3JL7RF2WUPT4/,"실내 건축 전문 회사인 AT얼론투게더(대표 최한희)가 최근 특허청에서 아파트 한 채를 두 채로 나누는 세대 구분 공사에 대해 국내 처음으로 특허(독립 현관 확보 세대 구분 제공 시스템 및 방법)를 받았다고 밝혔다. 세대 구분이란 이미 완공한 아파트 내부를 주방과 화장실 등을 갖춰 각각 독립 생활이 가능한 두 채로 나누는 것을 말한다.
AT얼론투게더는 2018년 ‘투하우스’ 브랜드로 우리나라에서 처음 아파트 세대 구분 사업을 시작해 주목받았다. 지난 2년여간 서울 강남권과 경기도 용인시 수지구, 안양시 평촌신도시 등지에서 세대 구분 사업을 진행했다. AT얼론투게더는 세대 구분 시공 때 분리된 각 세대가 독립적인 현관문을 사용할 수 있는 평면과 공법도 개발했다.
최한희 AT얼론투게더 대표는 “이번 특허는 독립 현관을 확보하는 세대 구분 공사를 진행할 때 IT 시스템을 활용해 사업 신청 접수, 설계, 시공은 물론 지방자치단체 인허가까지 처리해 주는 원스톱 시스템에 대한 특허를 인정받은 것”이라고 했다.
1980년대 후반부터 대형 아파트 선호 현상에 따라 최근까지 수도권에 공급된 40평대 이상 대형 아파트는 290여만채에 달한다. 그러나 핵가족화 현상 등으로 대형 아파트 인기가 떨어지면서 노부부만 사는 집이 늘고 빈방이 넘쳐나는 실정이다.
국토교통부는 젊은 층을 위한 소형 임대주택 부족을 해소하고 대형 아파트 활용도를 높이기 위해 3년 전 세대 구분 사업을 도입했지만, 법적·제도적 뒷받침이 부족해 지지부진한 상태다. 최 대표는 “정부가 매년 예산 수천억원을 투입해 원룸 위주 소형 임대주택을 대거 신축하기보다 활용도가 떨어진 대형 아파트를 두 채로 나누는 사업을 활성화하는 것이 훨씬 친환경적이면서 효율적일 것”이라고 했다."
https://www.chosun.com/economy/real_estate/2021/04/06/EEGQSXJ2BBHSZDW65K5QKGO3HI/,"최근 아파트값 상승세가 이어지면서 주거용 오피스텔이 대체 상품으로 떠올랐다. 상대적으로 분양 가격이 저렴한 데다 아파트와 비슷한 내부 구조를 갖춰 무주택자에게 새로운 내 집 마련 수단으로 주목받고 있는 것이다.
효성중공업은 오는 9일부터 서울 서초구 서초동 1445-1 일대에 ‘해링턴 타워 서초’ 오피스텔을 분양한다. 지하 7층∼지상 16층 1동에 전용면적 18~49㎡ 총 285이다. 전용면적별로 18㎡ 75실, 42㎡A 120실, 42㎡B 15실, 44㎡ 30실, 46㎡ 15실, 48㎡ 15실, 49㎡ 15실 등이다. 실내 구조는 실수요자 선호도를 반영해 주로 투룸형과 중소형 평면으로 구성했다. 임차인이 좋아하는 워크인 드레스룸, 붙박이장 등 다양한 수납공간도 넣는다.
해링턴 타워 서초는 교통 여건이 우수하다. 지하철 3호선 남부터미널역이 130m 정도 떨어진 역세권이다. 경부고속도로·강남순환도시고속도로 등 간선도로 이용도 편리하다. 남부순환로, 서초중앙로, 서초대로 등을 이용하면 시내외로 이동하기 수월하다. 향후 교통 여건은 더 좋아질 전망이다. 단지에서 멀지 않은 3호선 양재역에 GTX(수도권광역급행철도) A노선이 오는 2023년 12월 개통할 예정이다. 경부고속도로 한남IC~양재IC 구간 지하화 계획도 추진되고 있다.
단지 주변에 편의시설도 많다. 신세계백화점 강남점·롯데마트 등 상업시설, 예술의전당·한전아트센터·국립중앙도서관 등 문화 시설도 멀지 않다. 우면산 공원과 둘레길도 이용할 수 있다. 분양 관계자는 “단지 주변으로 강남역 업무지구, 삼성타운 등 국내 최대 업무시설과 서초 법조타운·서초구청 등 행정기관이 몰려 있다”면서 “서울교대와 한국예술종합학교도 멀지 않아 배후 임대 수요는 풍부하다”고 했다.
단지 주변에 개발 호재도 많다. 서초동 옛 정보사령부 터에는 문화·첨단산업단지가 들어선다. 강남역 인근 롯데칠성 부지에는 판매·업무·문화시설을 갖춘 복합단지 개발이 추진 중이다. 서초구 양재·우면·개포동 일대는 R&D(연구·개발) 특구로 지정됐다.
견본주택은 서울시 서초구 서초동 1323에 있으며 오는 9일 개관한다."
https://www.chosun.com/economy/real_estate/2023/09/01/KERETPQGVVDO5JVWO7MQCGH5GU/,"“요즘 꼬마빌딩 투자 성공 포인트는 좋은 급매물을 얼마나 빨리, 저렴하게 잡느냐에 달려있습니다. 급매물이 나왔을 때 빠르게 판단하려면 평소에 발품을 많이 팔아 시세 흐름을 잘 파악하고 있어야 합니다.”(권기성 ERA 코리아 전무)
꼬마빌딩 시장이 1년 여만에 바닥을 치고 반등하는 조짐을 보이고 있다. 최근 거래량이 늘고 매매가격도 회복세다. 꼬마빌딩은 흔히 연면적 1000평(3305.8㎡) 미만 건물을 말한다. 지난 2분기 서울지역 상업·업무용 건물 거래량은 1분기보다 50% 정도, 거래금액은 1조원 이상 각각 급증했다. 업계에선 올 하반기 100억원대 이하 꼬마빌딩 시장에 매물이 더 늘고 거래량도 증가할 것으로 점친다. 급매물도 추가로 나올 가능성이 높다고 본다.
땅집고가 오는 9월5일 개설할 ‘꼬마빌딩 실전투자스쿨 10기’ 과정에서 신사·도산권 빌딩을 주제로 강의하는 권 전무는 “금융위기 때도 꼬마빌딩 시장 침체 기간은 1년을 넘지 않았기때문에 회복 속도는 주택시장보다 빠를 것”이라고 했다. 실제로 서울 강남·성수·한남·홍대권역에서 급매물은 대부분 사라지고 우량 빌딩 중심으로 매매가도 오르고 있다. 권 전무는 “투자 수요가 늘고 있는 100억원 이하 꼬마빌딩 중심으로 임차인이 선호하는 지역의 매물을 알아보는 것이 좋다”고 했다.
김태훈 케이팩부동산중개 팀장은 “하반기에도 급매물이 제법 나올 가능성이 큰데 미리 발품을 팔아 권역별로 정확한 시세를 파악하고 있어야 빠른 투자 판단이 가능하다”고 했다. 그는 “아직까지 시장 상황이 불안해 되도록이면 신흥 상권보다 기본 수요가 있는 인기상권 중심으로 투자를 검토하는 것이 좋다”고 했다.
’꼬마빌딩 실전투자스쿨 10기’ 과정에는 빌딩 시장에서 왕성하게 활동하고 있는 최고 중개사들이 강사로 나서며 현장 스터디 중심으로 진행한다. 빌딩시장 트렌드와 지역별 상권·매물 분석 방법, 공실 없는 빌딩 운영 노하우, 공간 기획전략 등을 알려준다. 강의는 총 9회로 신사·도산권, 성수권, 신당권, 홍대·연남권 등지에서 현장 스터디를 4회 진행한다. 수강료는 160만원이다. 땅집고M 홈페이지(▶바로가기)에서 신청하면 된다. 02)6949-6190."
https://www.chosun.com/economy/real_estate/2023/08/14/DJTNHR7I45CETI4WS6WDQRHKUM/,"서울 강동구 고덕그라시움 전용면적 84㎡는 약 2년 전이던 2021년 7월 전셋값이 10억원까지 치솟았다. 2020년 8월 ‘임대료 인상률 5%’와 ‘계약갱신 청구권’을 골자로 한 임대차 3법이 시행되면서 전세 공급이 급감하자, 전셋값도 급등한 것이다. 하지만 올해 2월 이 아파트 전셋값은 6억원으로 당시와 비교해 40% 급락했다. 이 아파트 집주인들은 “당장 4억원이나 되는 보증금 차액을 어디서 구하냐”며 발을 동동 굴렀다. 당시 서울 아파트 전셋값은 매달 4% 가까이 급락할 때였다. 하지만 이 아파트 전셋값은 5월 이후 서서히 변하기 시작했다. 6억원을 바닥으로 조금씩 오름세를 보이더니 이달에는 같은 면적 전셋집이 8억3000만원에 거래됐다. 인근 중개업소 관계자는 “연초만 해도 주로 월세 물건 찾는 전화가 많았는데, 최근엔 전세를 보러 오는 사람들이 부쩍 늘었다”며 “전세 대출 금리가 내린 영향이 큰 것 같다”고 말했다.
‘임대차 3법’ 부작용으로 전셋값이 급증한 데 따른 후유증으로 올 하반기 역전세 대란이 벌어질 것이라는 경고가 잇따랐지만, 실제 하반기가 되자 전셋값이 오르면서 역전세에 대한 우려가 다소 잦아들고 있다. 13일 한국부동산원에 따르면 서울 아파트 전셋값은 5월 22일(0.01%) 이후 지난주(0.11%)까지 12주 연속 상승 중이다. 수도권 전셋값은 6주째, 전국도 3주째 상승하고 있다. 전세 시장이 안정세를 찾은 것은 수요와 공급이라는 시장의 두 요소가 자연스럽게 새로운 균형점을 찾았기 때문이라는 분석이다. 정부가 퇴거 자금 대출 정책이라는 최소한의 개입으로 숨통을 터 준 것도 효과적이라는 평가가 나온다.
◇월세 찾아 떠났던 세입자들, 전세로 유턴
올 상반기 급락했던 서울 주요 단지들의 전셋값은 회복세가 뚜렷하다. 송파구 헬리오시티 84㎡는 신규 계약 기준으로 올 상반기 7억원대 초반까지 전셋값이 떨어졌지만, 지금은 10억원대에 거래가 이뤄지고 있다. 2021년 하반기 11억~13억원대에 거래됐던 것을 감안하면 거의 90% 수준까지 회복한 셈이다.
이처럼 전셋값이 상승세로 돌아선 가장 큰 이유는 수요가 늘었기 때문이다. 금리 인상에 월세를 찾는 사람이 몰리면서 월세 값이 치솟자 다시 전세로 수요가 회귀하고 있는 것이다. 한국부동산원 집계로 5월 서울 아파트 전월세 전환율은 4.8%로 전년 동기(4.2%) 대비 0.6%포인트 올랐다. 이 비율은 보증금을 월세로 전환하는 비율로, 전월세 전환율이 5%라면 보증금 1억원을 월세로 바꾸면 연간 500만원, 매달 월세로 약 42만원을 내는 것이다. 비율이 높아질수록 전세 대비 월세의 매력이 떨어진다는 의미다. 한때 5%를 넘던 전세자금대출 금리가 최근 3%대까지 떨어진 것도 월세의 전세화(化)를 부추기고 있다.
전세 수요는 늘어나는 반면 공급은 감소하고 있다. 자금 여력이 없는 집주인들은 전셋값이 떨어지면 보증금을 온전히 돌려주지 못하는 ‘역전세’에 몰렸지만, 자금 여력이 있는 일부 집주인들은 월셋값이 상승하자 수익률을 높이기 위해 전세를 월세로 전환하는 추세다. 이런 움직임들이 맞물리면서 서울 아파트 전세 매물은 작년 말 5만4765건에서 지금은 3만1445건으로 42.5% 줄었다.
◇대출 완화도 한몫… “위기 사라진 건 아냐”
정부가 지난달부터 퇴거자금대출에 한해 DSR(부채원리금상환비율) 규제를 완화하기로 한 점도 역전세 위험을 낮춘 요인으로 꼽힌다. 야당에선 ‘역전세는 갭투자 실패의 결과’라는 이유로 대출 지원 등 정부 개입에 반대했다. 정부·여당 역시 집주인 지원은 불필요하다는 입장이었지만, 역전세를 방치했다간 세입자 피해로 주택시장 전반이 붕괴될 수 있다고 판단해 ‘선의의 집주인’에 한정해 최소한의 대책을 내놓은 것이다.
다만, 역전세 우려가 완전히 사라진 것은 아니란 분석도 있다. 최근 들어 전셋값이 회복되고 있어도 2021년 하반기보다는 여전히 낮고, 이달부터 서울 서초구 래미안원베일리(2990가구) 등 대규모 아파트 입주도 예정돼 있다. 신규 입주가 많으면 전세 공급이 늘어 전셋값은 하락할 가능성이 높다. 박원갑 KB국민은행 수석전문위원은 “올 초 우려했던 수준은 아니더라도 국지적은 역전세 가능성은 여전하다”며 “특히 임대차 3법 당시 비정상적 수준에 체결된 전세들은 여전히 역전세 가능성이 남아 있다”고 했다."
https://www.chosun.com/economy/real_estate/2021/08/24/5ZAXA4K65RCBPMJSIR7BOEIBOE/,"2018년 말 서울 서대문구 대신동 연세대 동문 인근에 들어선 ‘코리빙하우스’. 인근 대학에 다니는 학생 등 1인 가구를 겨냥한 지상 5층, 11실 규모 공유주택이다. 공유주택 프롭테크(prop-tech·부동산 기술) 기업 ‘스테이즈(Stayes)’가 노후 건물을 빌려 리모델링한 뒤 운영하고 있다. 1층엔 널찍한 라운지가 있다. 입주자가 함께 쓰는 공간이다. 나머지 2~5층에는 침실·화장실 등을 갖춘 개인 룸이 있다. 임대료는 보증금 300만~500만원에 월세 50만~60만원으로 주변 신축 원룸보다 10% 정도 저렴하다. 이 임대주택은 공사를 마치기도 전부터 모든 세입자를 다 찾았고 지금도 빈 방이 없다.
스테이즈는 2014년 창업 당시 1인 가구 대상 원룸 중개서비스를 제공하던 회사였다. 2018년 주력 사업 모델을 코리빙하우스로 전환했다. 현재 서울에 21개 단지, 600여실을 운영 중이다. 스테이즈를 창업한 이병현 대표는 “원룸 중개 사업을 하면서 1인 가구가 선호하는 주택 형태와 임대료 데이터를 축적한 것이 도움이 됐다”며 “1인 가구가 스테이즈라는 이름만으로도 믿고 선택할 수 있는 공유주택 브랜드를 키우는 것이 목표”라고 말했다.
-코리빙하우스 사업지 선정은 어떻게 하나.
“1인가구 수요가 많은 대학가 위주로 진출하고 있다. 학생 수가 2만명은 넘고, 주변 상권이 활발할수록 좋다. 신촌·홍대·경희대 등이 대표적이다. 권역을 선정한 후에는 시세 대비 저평가된 낡은 건물을 물색한다. 10년 이상 장기로 빌려 리모델링 후 재임대하는 이른바 마스터 리스(master lease) 방식으로 공유 주택을 공급한다. 임대료는 주변 신축 대비 10% 정도 저렴하게 책정한다. 즉 신축과 구축의 임대료 격차가 큰 동네일수록 수익도 커진다.
연세대 동문 쪽 서울 서대문구 대신동의 경우 신축 원룸 월세가 60만원 정도인데, 노후 원룸은 45만원 정도로 임대료 갭(gap)이 큰 편이다. 이런 곳에 공유주택을 만들고 임대료는 55만원 정도로 책정하면 소비자에게 ‘신축인데 임대료가 저렴하다’는 인식을 심어줄 수 있다. 반면 광운대를 끼고 있는 노원구 월계동에는 진출을 포기했다. 새 원룸이 50만원, 낡은 원룸이 40만원으로 임대료 차이가 크지 않은 데다가 마땅한 상권이 없어 1인가구 선호도가 낮을 것이라고 판단했다.”
-요즘 젊은 1인 가구가 선호하는 주택 설계는.
“그동안 축적한 중개 데이터를 분석한 결과 여성과 남성이 선호하는 주택이 달랐다. 여성 세입자들은 방이 작아도 대로변 신축이면서 수납공간이 넉넉한 원룸을 찾는다. 반면 남성은 건물 연식에는 신경쓰지 않지만 7평 정도로 넗은 원룸을 주로 원한다. 공통 분모도 있다. 세면대와 샤워기가 일체형인 화장실보다 샤워 부스가 딸린 곳을 선호한다. 앞으로 원룸이라도 공간 분리가 가능하도록 설계할 계획이다. 예컨대 침대 쪽 바닥의 단(段)을 높여 거실과 침실을 구분하는 방식도 있다.
공용공간은 지역 특성에 맞춰 설계하고 있다. 예를 들어 경희대가 있는 동대문구 회기동 일대에선 스터디룸을 찾기가 어려운 점을 감안해, 1층 라운지를 스터디룸 형태로 만들었다. 바(bar) 테이블을 중앙에 두고 미팅룸을 만드는 방식이다.”
-새롭게 선보일 코리빙하우스도 있나.
“최근 반려동물과 함께 사는 1인가구를 겨냥해 ‘펫 프렌들리(pet-friendly)’ 공유주택을 공급할 계획이다. 일반적으로 원룸 임대인은 반려동물을 키우는 세입자를 싫어한다. 동물을 키우면 벽지나 바닥이 훼손되고 냄새가 배어 집을 훼손한다고 생각한다. 스테이즈는 펫 프렌들리 주택 바닥에 일반 장판 대신 우레탄을 써서 동물 발톱으로 인한 스크래치를 방지하고, 벽은 잘 찢어지는 벽지 대신 타일이나 페인트로 마감할 예정이다. 현재 서울 신촌에 시범 주택을 40억원에 샀다. 내년 상반기 오픈 목표로 설계 중이다.”
-궁극적인 목표가 있다면.
“20~30대 1인가구는 하루 종일 발품을 팔아도 마음에 드는 원룸을 구하기 쉽지 않다. 반면 가족 단위 소비자 사이에선 ‘자이’ ‘힐스테이트’ 등 대기업 브랜드 아파트를 선택하면 적어도 주거 만족도 측면에선 실패하지 않을 것이란 인식이 강하다. MZ세대가 믿고 입주할 수 있는 스테이즈만의 1인가구 전용 공유주택 브랜드를 만들고 싶다.”"
https://www.chosun.com/economy/real_estate/2023/11/09/Y4F6254BOVBT7O7UTXTDUCY764/,"정부가 이달 말 공시가격을 시세의 얼마까지 높일 것인지 목표치를 담은 현실화율(시세 대비 공시가격 비율) 로드맵 수정안을 확정할 예정이다. 현재 다주택자에 대한 종합부동산세 감면안이 국회에서 표류 중인 가운데 공시가격 변동이 내년도 보유세를 좌우할 최대 변수가 될 것으로 보인다.
9일 국토교통부 등에 따르면, 정부는 오는 20일쯤 한국조세재정연구원이 마련한 공시가격 현실화율 수정안에 대한 공청회를 열어 전문가 의견수렴 등을 거친 뒤 이달 말 최종안을 확정 발표할 계획이다. 정부는 윤석열 대통령의 대선 공약에 따라 지난 2020년 문재인 정부가 수립한 공시가격 현실화율 로드맵의 개편 작업을 진행하고 있다.
공시가격은 보유세와 건강보험료, 기초연금, 토지보상 등 67가지 행정제도의 기초자료로 사용되는 중요 지표다. 앞서 문재인 정부는 주택 유형에 따라 최장 2035년(아파트는 2030년)까지 공시가격 현실화율을 시세의 90%까지 끌어올리기로 했다. 그러나 이에 따라 공시가격이 지나치게 가파르게 상승하면서 과도한 세 부담으로 이어지자 윤석열 정부는 현실화율 제고 계획에 대한 대대적인 손질에 나섰다.
전문가들은 올해 집값이 오른 곳이 많은 데다, 내년 총선도 앞두고 있어 당장 현실화율을 급격하게 올리진 못할 것으로 보고 있다. 이에 따라 작년 11월 초 한국조세재정연구원과 국토연구원의 연구용역을 거쳐 발표된 로드맵 수정안의 초안과 비슷한 결론이 나올 것이란 전망이 많다. 현재 90%인 현실화율 목표치를 80% 이하로 낮추고, 급격한 세 부담 증가가 없도록 목표 달성 기간도 2040년 이후로 늦추는 안이 유력하다는 것이다."
https://www.chosun.com/economy/real_estate/2024/03/05/SPLTG2VUG5E4FKGCZMNANMCHGI/,"대우건설은 육·해상 풍력발전, 연료전지 등 종전에 추진해 오던 신재생에너지 사업에서 축적한 기술을 기반으로 수소, 탄소 포집 및 활용·저장(CCUS) 등 다양한 분야로 사업을 확장하고 있다. 친환경 중심으로 전개될 미래 시장을 선점하고 중장기 수익 모델을 확보하겠다는 전략이다. 이를 위해 2022년 신에너지개발팀과 클린가스사업팀을 신설했다. 2050년 탄소 중립 달성을 위한 핵심 수단을 수소와 암모니아로 정하고, 그에 맞춰 수소 경제를 선도하는 글로벌 그린 디벨로퍼로 발돋움하기 위해 노력하고 있다.
◇글로벌 수소 시장 공략
대우건설은 신재생 자원이 풍부한 호주 및 중동, 아프리카 등에서 그린 수소, 암모니아 사업에 적극적으로 참여하고 있다. 수소의 생산부터 전환, 운송, 활용 등 밸류체인 전반에서 사업 기회를 발굴해 투자하는 것이 핵심이다. 작년 9월 대우건설은 호주 내 그린 수소, 암모니아 생산 시설 개발 및 국내 수입을 위해 다수의 발전 공기업 및 민간 업체와 업무 협약(MOU)을 체결했다. 2029년 상업 운전을 목표로 하고 있는 이 프로젝트의 생산이 시작되면 국내에 그린 암모니아를 도입해 석탄 발전소의 탄소 저감에 활용될 예정이다.
대우건설은 지난해 6월 태백시, 한국광해광업공단과 폐광 지역 활성화를 위한 주민 참여형 풍력발전 사업 업무 협약을 맺었다. 주민 참여형 풍력발전 사업이란 풍력발전소 주변에 거주하는 주민들이 사업에 직접 참여해 발전 수익을 공유하는 것으로, 기후변화 대응과 지역 경제 활성화를 동시에 꾀할 수 있는 방식이다. 이 사업을 통해 태백시 전력 사용량의 70%에 달하는 연간 21만9000MWh의 전력을 생산할 계획이다.
인천 굴업도에서는 씨앤아이레저산업, SK디앤디와 함께 250㎿급 해상 풍력발전 단지를 건설하기 위한 환경 영향 평가를 진행 중이다. 사업비 약 1조5000억원에 달하는 이 프로젝트는 대우건설이 지분 투자를 통해 직접 개발에 참여하는 첫 해상 풍력 사업이다. 옹진군 및 인근 지역의 경제에 활력을 불어넣어 고용 창출과 인구 증가에 기여할 것으로 전망된다.
◇수전해·연료전지 사업도 순항
대우건설은 작년 8월 한국동서발전과 강원도, 동해시 등과 컨소시엄을 구성해 산업통상자원부가 공모한 ‘2023 수전해 기반 수소 생산 기지 구축 사업’의 사업자로 선정됐다. 수전해 기반 수소 생산 기지는 전기로 물을 분해해 수소를 생산하고 저장·운송할 수 있는 시설이다. 대우건설은 이 사업에서 플랜트 전문 인력과 지금껏 축적한 시공 노하우를 바탕으로 EPC(설계·조달·시공)를 전담하게 된다. 이 생산 기지는 2026년 말 준공을 목표로 하고 있으며 준공 후 하루 1톤 이상의 수소를 생산하게 된다.
연료전지 사업도 순항 중이다. 지난 1월 말 대우건설은 산업통상자원부에서 경기 안산 연료전지 발전 사업을 위한 19.8㎿급 플랜트 공사 인허가를 취득했으며 올 상반기 중 착공할 예정이다. 이 발전소가 완성되면 향후 20년간 연간 4만5000여 가구가 사용할 수 있는 전력과 1만7500여 가구가 난방용으로 쓸 수 있는 열을 동시에 생산하게 된다.
연료전지는 전력수급 불균형을 해소하기 위한 대안으로 급부상하고 있는 산업이다. 대우건설은 독자적으로 연료전지 사업 입지를 발굴하고 인허가를 수행하는 등 사업 개발 초기 단계부터 참여하고 있다. 대우건설은 안산 연료전지 발전 사업을 기반으로 자체 개발 역량을 강화해 단순 EPC가 아닌 ‘친환경 발전 디벨로퍼’로서 입지를 강화하겠다는 계획이다. 대우건설 관계자는 “탄소 중립 실현과 온실가스 감축 목표 계획 달성을 위해 신재생에너지 분야를 회사의 새로운 성장 동력으로 키울 예정”이라며 “현재 추진하고 있는 프로젝트들을 성공적으로 마무리하고 추가 사업 기회를 발굴해 지속 성장의 기반을 마련하겠다”고 밝혔다."
https://www.chosun.com/economy/real_estate/2023/04/04/NHXJQAF34NAX7GCGBKD36A3XAY/,"땅집고가 운영하는 상업용 부동산 거래 플랫폼 ‘땅집고 옥션’에 서울 도심과 영종도 해수욕장 옆 부지 등 활용가치 높은 수도권 개발 용지 3건이 매물로 나왔다.
땅집고옥션 파트너사인 BTG부동산중개법인은 서울 종로구 와룡동 사옥 신축 부지와 인천 중구 을왕동 해수욕장 인접 개발용지, 경기 화성시 서신면 상안리 공장 용지 등 3건을 공개 매각한다고 3일 밝혔다. 수의계약 방식으로 진행하며 매수자가 매수 희망가격을 제시하면 언제라도 매각 협상이 가능하다.
서울 종로구 와룡동 토지는 상업용지로 대지면적 383.5㎡다. 지하철 1·3·5호선 종로 3가역 7번 출구에서 걸어서 3분 거리에 있다. 창덕궁과 익선동 상권으로 이어지는 돈화문 큰길에 있다. 외국인 관광객 대상 카페나 숙박시설 개발에 적합하다. 유동 인구가 많아 전시·문화공간이나 매장 겸 사옥으로 활용하기에도 좋다. 평당 토지가격은 약 1억원. 총 매도희망가격은 115억원이다. 전체 면적을 반으로 나눠 분할 매입도 가능하다.
인천 중구 을왕동 810-14 일대 부지는 영종도 왕산해수욕장, 요트 정박장인 왕산마리나항까지 걸어서 다닐 수 있다. 대지면적 4만6055㎡(1만3932평)로 자연녹지다. 올 10월 개장 예정인 ‘인스파이어 엔터테인먼트 복합리조트’까지 차로 10분 이내 거리다. 인스파이어 리조트는 외국인 전용 카지노, 공연장, 컨벤션 시설 등을 갖춘 5성급 복합리조트다. 해당 리조트 이용자 수요에 맞춘 주거, 숙박, 관광시설 개발이 가능하다. 대지면적 기준 평당 가격은 646만원이고, 매도희망가격은 793억원이다.
경기 화성시 서신면 상안리 269-1일대 공장용지는 대지면적 2만9867㎡(9035평)다. 지상 4층짜리 공장 2개 동이 들어서 있다. 공장의 경우 대지면적은 4979㎡(1506평), 주차타워의 대지면적은 1만3909㎡(4207평)이다. 대표적인 수출입항인 전곡항과 함께 전곡해양일반산업단지와 화남일반산업단지가 차로 15분 거리에 있다. 물류시설이나 제조공장을 짓는데 적합하다. 평당 가격은 250만원이고 매도희망가격은 230억원이다."
https://www.chosun.com/economy/real_estate/2023/03/20/KMJO7YFDWZACHHYORJUQCD2JMA/,"전세 세입자가 계약 기간 종료 후에도 집주인으로부터 보증금을 돌려받지 못하는 보증 사고가 지난달 처음으로 1000건을 넘긴 것으로 나타났다. 못 돌려받은 보증금 규모는 2500억원을 넘어 역대 최다를 기록했다. 지난해 전셋값 하락과 전세 사기 등으로 급증했던 보증금 미반환 사고가 새해 들어 끊이지 않고 있는 것이다.
19일 한국부동산원 부동산테크에 따르면, 지난달 전국에서 발생한 전세 보증 사고는 1121건으로 집계됐다. 올해 1월 968건에 이어 두 달 연속 역대 최다 기록이다. 보증 사고 금액 역시 1월 2232억원에서 지난달 2542억원으로 13.9% 늘었다. 마찬가지로 역대 최다 금액이다.
지난달 보증 사고의 약 90%인 999건이 수도권에서 발생했다. 전체 보증보험 가입자 대비 사고 건수 비율 역시 수도권(8.4%)이 지방(2.8%)보다 3배 높았다. 시·군·구별로는 서울 강서구(102건)가 전국 1위였다. 강서구는 조직적인 전세 사기범, 이른바 ‘빌라왕’들의 활동이 가장 활발했던 지역으로 꼽힌다.
전세 보증 사고는 전세금 반환 보증보험에 가입한 사람을 대상으로 집계한다. 그렇기 때문에 보증보험에 가입하지 않은 세입자의 피해까지 더하면 사고 규모는 훨씬 더 클 것으로 추정된다.
보증 사고가 급증하면서 주택도시보증공사(HUG)가 집주인을 대신해 보증금을 돌려준 ‘대위변제액’은 지난달 1911억원(834가구)에 달했다. 전월(1694억원) 대비 12.8% 늘어난 역대 최고액이다. HUG 대위변제액은 2015년 1억원에 불과했지만 2018년 583억원, 2019년 2837억원 2020년 4415억원으로 급증했고 지난해는 9241억원에 달했다. 올해는 1조원을 크게 웃돌 것으로 전망된다.
보증 사고는 주로 청년층이나 서민이 세입자로 거주하는 빌라, 오피스텔에서 많이 발생하고 있다. HUG에 따르면, 올해 발생한 보증 사고 중 71.1%(금액 기준)가 비아파트였다. 아파트는 동일한 조건의 주택이 여러 채 있어 거래 사례가 풍부하고 전세금 시세도 비교적 투명한 반면, 빌라나 오피스텔은 아파트에 비해 전세 수요가 적고, 적정 시세를 알기 어려워 전세 사기의 표적이 되는 경우도 많다.
전세 보증 사고가 급증하면서 보증보험을 전담하는 HUG의 자금 여력도 한계에 달하고 있다. 현행법상 HUG는 자기자본의 60배까지 보증을 발급할 수 있는데, 작년 12월 말 기준 54.4배로 이미 한도가 거의 꽉 찼다. 이 때문에 HUG의 자본금을 확충하는 방안이 정부 관계 부처 간에 협의되고 있으며, 보증 발급 상한선을 자기자본의 70배로 상향하는 내용의 법 개정안도 발의된 상태다. 박원갑 KB국민은행 수석 전문위원은 “세입자들이 소송 없이 보증금을 지킬 수 있는 거의 유일한 장치가 보증보험인 만큼, 가입이 중단되는 일은 없어야 할 것”이라고 말했다."
https://www.chosun.com/economy/real_estate/2024/03/31/CWAZYK3XZFCDJLB5PRTBNUVPZM/,"지난해 국토 면적이 여의도의 2배 가량 늘어난 것으로 나타났다. 간척 사업에 따른 공유 수면 매립으로 토지가 늘었고, 정비사업 영향으로 기존에 잡히지 않던 땅도 추가된 영향이다.
31일 국토교통부가 공개한 ‘2023년 지적(地籍)통계’에 따르면, 전국 토지와 임야대장에 등록된 국토 면적은 10만449.4㎢(3963만2000필지)로 전년 대비 5.8㎢ 증가했다. 이는 여의도 면적(2.9㎢)의 2배에 해당하는 크기다. 국토부는 “미등록토지 정비사업과 공유 수면 매립, 국가 어항사업 등 각종 개발사업으로 신규 등록된 토지가 발생해 면적이 늘었다”고 설명했다.
지적통계는 토지·임야대장에 등록된 정보를 기초로 행정구역별, 지목별, 소유자별로 필지와 면적을 집계해 매년 공표하는 국가 통계다.
전국 17개 광역자치단체 중 경북이 1만8424㎢(18.3%)로 가장 넓었으며 강원 1만6831㎢(16.8%), 전남 1만2362㎢(12.3%) 등이 뒤를 이었다. 대구시는 경북 군위군(614㎢)이 신규 편입되면서 1499㎢로 전국 특별·광역시 중 가장 넓은 도시에 이름을 올렸다.
용도별로는 지난 10년간 산림·농경지(임야·전·답·과수원)가 1764㎢(2%) 감소한 반면, 생활기반 시설(대·공장용지·학교용지·주유소용지·창고용지)은 846㎢ (20%). 교통기반 시설(주차장·도로·철도용지)은 479㎢(15%) 늘었다.
도시 인구 집중과 주거방식 변화 등의 영향으로 집합건물(아파트, 오피스텔, 다세대주택 등)의 면적(721.7㎢)은 2014년 대비 약 40.6% 늘었다."
https://www.chosun.com/economy/real_estate/2023/11/08/TL53J636LZEOZBRZTAP2QZVK6I/,"여당이 경기 김포시를 서울로 편입하는 방안을 추진한다고 발표한 이후 처음으로 분양한 김포 아파트가 특별공급에 이어 1순위 청약에서 저조한 성적을 기록했다. 우수한 입지에도 주변 시세보다 높은 분양가 탓에 ‘서울 편입론’도 힘을 쓰지 못한 것이다.
8일 한국부동산원 청약홈에 따르면, 전날 경기 김포시 ‘고촌센트럴자이’는 1순위 청약 마감에 실패했다. 전용면적 84㎡B형의 경우 1순위 청약 349가구 모집에 265가구가 지원하는데 그치면서 미달이 발생했다. 이 밖에 전용 76㎡B형, 84㎡A형, 105㎡ 등도 청약 접수자가 모집가구의 5배수에 미치지 못해 이날 2순위 청약을 실시한다. 전체 1순위 청약 경쟁률은 1049가구 모집에 1989가구가 신청해 1.9대1에 그쳤다. 이에 앞서 실시했던 특별공급에서도 586가구 모집에 273명만이 신청해 절반 이상이 미달됐다.
고촌센트럴자이는 지하 2층~지상 16층, 17개 동, 전용 63~105㎡ 1297가구 규모로 지어지는 대단지 아파트다. 김포에서도 서울 강서구와 맞닿아 있는 고촌읍에 위치해 입지가 우수한 편이다. 또 분양 직전 여당이 김포시를 서울에 편입하는 방안을 당론으로 추진하겠다고 발표하면서 수혜 기대감이 커졌다.
하지만 시세보다 비싼 분양가 탓에 실수요자들의 외면을 받았다. 단지의 3.3㎡당 분양가는 2236만원으로, 전용 84㎡ 최고가 기준 7억4520만원~7억5840만원으로 책정됐다. 인근에 위치한 준공 3년차 ‘캐슬앤파밀리에시티’ 전용 84㎡ 최근 실거래가가 6억2000만원인 것과 비교하면 1억원 이상 비싼 편이다.
전문가들은 당장 서울 편입 이슈가 실제 부동산 시장에 영향을 미치기는 어려운 단계라고 판단하고 있다. 서울시 편입이 확정되면 큰 호재로 작용할 수 있지만 아직은 가능성 수준에 불과해 매매, 청약 등에 영향을 미치긴 어렵다는 것이다."
https://www.chosun.com/economy/real_estate/2023/07/18/2D6T3Q53LZBZZNHSB76UNHATFM/,"땅집고는 조선일보가 서울 강남구 삼성동 코엑스(B홀)에서 오는 21~22일 개최하는 ‘2023 대한민국 부동산 트렌드쇼’에 공간기획센터·설해원·셀리몬·클리닛 등 4가지 테마로 꾸민 특별관을 운영한다.
땅집고 공간기획센터 부스에서는 슬로·익선다다 등 주요 파트너사들이 중대형 상가와 빌딩을 소유한 건물주 대상으로 임차인 매칭 상담 등을 진행한다. 슬로는 베이커리 카페 개발·창업을 통한 부동산 개발 전략 컨설팅을, 익선다다 트랜드랩은 스몰 브랜드 창업과 브랜딩 전략 컨설팅을 각각 진행한다. 피치매니지먼트는 숙박·F&B 업종 운영과 수익화 전략에 대한 상담을 받는다. 공간기획센터는 사전 신청자에게 상담 우선권을 준다.(신청문의 02-6949-6179)
강원도 양양에서 국내 최초 고급 체류형 리조트를 운영 중인 설해원은 30억~50억원대 별장형 스테이 시설과 관련 서비스를 선보인다. 연금·세금 알고리즘 전문 스타트업인 셀리몬은 은퇴 후 건강보험·퇴직연금 최적화 전략과 양도소득세·종합부동산세 절감 방안을 상담해 준다. 클리닛(CLENET)은 실내 공기 정화기능을 강조한 첨단 실링팬을 선보인다.
2023 대한민국 부동산 트렌드쇼는 건설회사와 부동산 디벨로퍼 등이 다양한 부동산 상품과 서비스를 선보인다. 이상우·신현강·김제경·박지민·고종완 등 국내 대표 부동산 재테크 전문가들도 이틀 동안 릴레이 강연에 나선다."
https://www.chosun.com/economy/real_estate/2022/03/21/XGEJNT2WRFEATLSIJQH3WQT46A/,"터키 마르마라해(海)와 지중해를 연결하는 차나칼레 해협을 가로지르는 세계 최장(最長) 현수교 ‘차나칼레 대교’가 18일(현지 시각) 오후 개통했다. 개통식에는 레제프 타이이프 에르도안 터키 대통령과 김부겸 국무총리 등이 참석했다. 24년간 세계 1위 자리를 지키던 일본 아카시 해협 대교를 넘어 한국의 기술력으로 건설 역사의 새 이정표가 세워지는 순간이었다. 유럽과 아시아를 잇는 차나칼레 대교는 공사비 3조2000억원을 포함해 총 사업비가 4조2000억원에 달하는 초대형 프로젝트다. DL이앤씨와 SK에코플랜트가 2017년 1월 수주해 이듬해 4월 착공, 4년간의 공사 끝에 완공됐다.
◇역대급 인력·자재·기술력 투입
전체 길이 3563m인 차나칼레 대교는 주탑과 주탑 사이의 거리(주경간장)가 2023m로 세계에서 가장 길다. 기존 세계 최장이던 일본 아카시 해협 대교(1991m)보다 32m 더 길다. 주탑 간 거리를 늘리는 것은 현수교 건설 기술의 핵심이다. 그동안 2㎞가 ‘기술적 한계’로 여겨졌는데, 국내 건설사가 처음으로 그 벽을 깬 것이다. 주탑의 높이도 334m로 세계 최고(最高)다. 프랑스 에펠탑(320m), 일본 도쿄타워(333m)보다 높다.
DL이앤씨와 SK에코플랜트는 차나칼레 대교 공사에 대규모 인력과 자재를 쏟아부었다. 1만7000명의 인력이 투입돼 아파트 2247가구를 지을 수 있는 콘크리트(21만3448㎥)를 사용했다. 1t 트럭 3만5000대 분량의 철근과 초대형 여객기(A380) 154대를 만들 분량의 강판이 사용됐다.
주탑 사이를 연결한 케이블에서 늘어진 강선(鋼線)으로 교량 상판을 연결하는 현수교는 아름다운 외관 때문에 ‘바다 위의 하프’라 불린다. 차타칼레 대교엔 총 16만2000㎞ 길이의 강선이 쓰였다. 지구를 네 바퀴 돌 수 있을 만큼의 길이다.
DL이앤씨와 SK에코플랜트는 세계에서 가장 길고, 높은 현수교의 안전성을 확보하기 위해 첨단 기술력과 시공법을 총동원했다. 다리를 지탱하는 케이블은 현존 최고의 인장강도(잡아당기는 힘을 견디는 정도)를 가진 지름 5.755㎜의 초고강도 강선 1만8288가닥을 촘촘하게 묶어 제작했다. 이렇게 만들어진 케이블 하나는 승용차 6만여 대 무게와 맞먹는 10만t의 하중을 버틸 수 있다.
강한 바닷바람을 견디도록 교량 상판은 비행기 날개처럼 유선형으로 제작했다. DL이앤씨는 “보통 콘크리트로 지은 집은 초속 50m의 바람에 무너지는데, 차나칼레 대교는 초속 91m 바람도 견딜 수 있다”고 설명했다. 주탑의 받침대인 높이 47m, 무게 6만t에 달하는 지지대를 바닷속에 고정하는 작업도 난관이었다. 두 건설사는 4대의 예인선을 동원해 세종문화회관 대극장 크기만 한 지지대를 운반, GPS와 최첨단 경사계를 이용해 오차 범위 20㎜ 이내로 바닷속에 설치했다.
◇국내 업체들의 협업으로 완성
차나칼레 대교 건설 프로젝트엔 DL이앤씨와 SK에코플랜트 외 다양한 국내 협력업체들이 힘을 모았다. 포스코는 주탑과 상판 제작에 사용되는 강판을 공급했고, 고려제강은 포스코에서 원자재를 받아 케이블을 제작했다. 삼영엠텍·관수E&C·티이솔루션 등은 케이블 부속 자재와 진동제어장치 등을 조달했다. 이번 공사로 발생한 국내 협력업체 매출만 1억8000만 유로(약 2400억원)에 달한다.
이번 프로젝트는 단순히 다리와 연결도로(85㎞)를 시공하는 데 그치는 게 아니다. DL이앤씨와 SK에코플랜트는 차나칼레 대교를 통과하는 도로를 12년간 운영하며 수익을 얻고, 이후 소유권과 운영을 터키 정부에 이관한다. 국내 건설업계가 단순 도급업체가 아닌 국가적 인프라 사업을 발굴·기획하고 시공과 운영까지 담당하는 디벨로퍼의 역할로 진화한 것이다. DL이앤씨와 SK에코플랜트는 “해상 현수교 분야에서 한국 건설사의 높은 기술력과 시공 능력을 세계 시장에서 인정받는 계기가 됐다”면서 “글로벌 디벨로퍼로서 고부가가치 건설 시장을 집중적으로 공략하고, 추가 사업 수주도 기대하고 있다”고 밝혔다."
https://www.chosun.com/economy/real_estate/2022/08/12/Z3S6HXJU3BELHEWZCJYIXZ4SFM/,"국내를 대표하는 부동산 개발 기업(디벨로퍼)들도 올해 부동산 트렌드쇼에 대거 참여해 다양한 주거·수익형 상품들을 선보인다.
피데스개발은 강원도 양양군 강현면 전진리 낙산해수욕장 바로 앞에 들어서는 생활숙박시설 ‘인스케이프 양양 바이(by) 파르나스’를 선보인다. 지하 7층~지상 39층, 전용면적 37~151㎡ 393실 규모로, 21개의 다양한 타입으로 구성된다. 강원도 최고(最高) 건물로, 옥상 라운지에서 동해 바다와 설악산의 경치를 즐길 수 있다. 바닥이 유리로 된 ‘글라스 에지’에 올라서면 발 아래로 펼쳐지는 아찔한 전망을 감상할 수 있다. 16층에는 야외 인피니티풀과 프라이빗 피트니스 등 부대 시설도 들어선다.
알비디케이(RBDK)는 경기 양주시 옥정신도시 내에 짓는 단지형 단독주택 ‘라피아노 스위첸 양주옥정’을 선보인다. 지하 1층~지상 4층, 전용면적 84㎡ 456가구로 구성된다. 주차장은 모두 지하로 배치되며 다양한 특화 설계를 도입해 일반 아파트에 비해 20% 정도 넓은 면적을 사용할 수 있다. ‘라피아노(LAFIANO)’는 알비디케이의 간판 주택 브랜드로, 단독주택의 쾌적함과 아파트 못지않은 보안 시설로 호평을 받고 있다. 김포 한강신도시와 파주 운정신도시, 인천 청라지구, 고양 삼송지구 등에서 공급된 라피아노는 모두 성황리에 완판됐다.
건물과사람들은 부산 강서구 명지동에 있는 108실 규모 오피스 ‘명지 퍼스트월드 샤인’을 소개한다. 명지국제신도시 내에만 2900여 업체가 있으며 반경 300m 내에 강서세무서, 부산지방법원 서부지원, 부산지방검찰청 서부지청 등이 있어 임차 수요가 풍부할 것으로 전망된다. 강서선, 하단~녹산선 등 철도 교통망이 확충될 예정이어서 교통 여건도 우수하다.
더랜드는 경기 화성시 동탄테크노밸리와 병점역 인근에 조성하는 지식산업센터 두 곳을 선보인다. ‘동탄 실리콘엘리 2.0′은 자동차 접근이 용이한 설계와 고급화된 기숙사가 장점이다. ‘스칸센 병점’은 지금껏 지식산업센터에서 보기 힘들던 혁신적인 설계로 공간 활용도를 높였으며, 쾌적한 근무 환경과 다채로운 커뮤니티 시설을 제공한다.
미래인은 관계사 미래개발1이 동탄2신도시에서 시행하는 지식산업센터 ‘엠토피아’를 소개한다. 경부고속도로 기흥동탄IC 바로 옆이어서 교통이 편리하고 기숙사와 근린생활시설이 함께 있어 업무, 거주, 생활을 한번에 해결할 수 있다. 다양한 특화 공간과 커뮤니티 시설, 컨시어지 서비스 등도 제공된다.
안강건설은 판교신도시 대장지구에 들어서는 144실 규모 오피스텔 ‘판교 디오르나인’을 선보인다. 판교 중심지까지 차로 5분이면 이동할 수 있으며 용인서울고속도로 서분당 IC가 가까워 서울 강남권 진입도 수월하다. 스마트팜, 스파, 라운지, 골프연습장 등 다양한 시설이 제공되고 건물 내에 상업시설도 들어선다. 2블록으로 나뉘어 100실 미만 오피스텔로 분류돼 분양권 전매도 가능하다.
2020년 인천 송도에서 608실 규모 생활숙박시설 ‘힐스테이트 송도 스테이에디션’을 성황리에 분양 완료했던 고려자산개발은 이번 트렌드쇼를 통해 강남구 삼성동과 부산 해운대 달맞이고개, 강릉 주문진 등에서 추진 중인 신규 사업들을 선보인다. 삼성동 현장은 국내를 대표하는 부촌인 만큼, 1군 건설사인 현대건설이 시공을 맡아 최고급 주거단지로 조성할 예정이다.
한양건설은 154실 규모 오피스텔과 상업시설로 구성된 서울 강서구 ‘화곡 더 챔버(The Chamber)’를 소개한다. 화곡역이 직통으로 연결되고 반경 400m 내에 27개의 버스 노선이 있어 교통이 편리하다. 서울 서북부 최대 업무지역인 마곡산업단지가 가까운 데다, 원룸 위주인 일반 오피스텔과 달리 2~3룸도 있어 다양한 주거 수요를 흡수할 수 있을 것으로 전망된다."
https://www.chosun.com/economy/real_estate/2023/07/22/KHUDHXHDKRBDDLAVZRYIBYQBUE/,"“학군지를 주목하세요. 결국 이런 곳들의 집값이 먼저 오를 겁니다.”
22일 조선일보 주최 ‘부동산 트렌드쇼’에서 ‘투자전략도 비정상의 정상화, 다시 규제지역을 주목하라’를 주제로 강연한 인베이드투자자문의 이상우 대표는 현재 투자자와 실수요자들이 관심을 가져야 할 곳에 대해 이렇게 말했다.
구체적 지역들도 이날 공개했다. 서울에선 강남과 송파, 서초, 경기도에선 성남 분당구와 성남 수정구, 용인 처인구과 용인 수지구, 과천, 광명, 하남, 화성, 수원 영통구, 인천의 연수구와 중구를 유망 지역으로 추천했다. 2006년 당시 학군이 좋았던 이른바 ‘버블 세븐’을 중심으로 집값이 급등했던 것처럼, 지금은 이 14개 지역이 상승을 이끌 가능성이 높다는 것이다.
이날 개막 이틀째인 ‘부동산 트렌드쇼’에는 행사가 시작하기 전부터 관람객 500여명이 기다릴 정도로 사람들이 몰렸다. 특히 전문가들이 부동산 투자 비법을 알려주는 세미나에는 자리가 모자랄 정도로 청중들이 몰렸다. 이 대표의 강연장도 500여 좌석이 모자라, 강연장 뒤에서 서서 듣는 사람도 수 십명이었다.
이 대표는 “부동산 시장은 이미 3월부터 상승세로 돌아서기 시작했다고 본다”며 “하지만 모든 지역이 오르기는 힘든 만큼, 범(汎)서울을　주목해야 한다”고 말했다. 가격대와 입주, 규제 여부 등 모든 조건들을 고려할 때, 자신에게 맞는 해법을 찾을 수 있다는 것이다.
이 대표는 자금 여력이 조금 부족하다면 청약 당첨 후 실거주 의무 기한을 채운 서울의 대단지 아파트를 주목할 필요가 있다고 말했다. 이 대표는 “이들 아파트는 분양가를 생각하면 배(倍) 이상 차익을 봤기 때문에, 해당 아파트를 팔고 입지가 더 좋은 곳으로 이사를 가려는 매물이 한 번에 많이 풀릴 것”이라고 분석했다. 괜찮은 매물이 그만큼 많이 나올 수 있다는 것이다.
이 대표는 “작년 말이나 연초와 비교하면 가격이 많이 올랐지만, 아직 투자를 하기에 늦지 않았다”며 “최근엔 전셋값도 조금씩 오름세를 보이는 만큼, 역전세난이 벌어지거나 집값이 ‘2차 하락’을 할 가능성은 크지 않다”고 말했다."
https://www.chosun.com/economy/real_estate/2022/12/13/CBFE64LGTBE2LM3NBVL3HS4Q6Y/,"지난 12일 경기도 성남시 중원구 금광동 지하철 8호선 단대오거리역 2번 출구를 나와 희망로를 따라 북쪽으로 10분여 걷다보니 새 아파트 현장이 눈에 들어왔다. 지난 달 30일 입주를 시작한 ‘e편한세상 금빛그랑메종’이다. 단지 내에는 이삿짐 차량이 바쁘게 들락거렸고, 주변 공인중개사사무소 10여곳에는 매매와 전세 계약을 맺는 고객이 이따금 눈에 띄었다.
이 아파트는 최고 지상 29층 39개동 총 5320가구로 DL이앤씨가 성남 구도심 정비사업지 중 하나인 금광1구역을 재개발했다. 전용면적별로 ▲51㎡ 238가구 ▲59㎡ 2171가구 ▲74㎡ 1219가구 ▲84㎡ 784가구 ▲39~51㎡(임대) 908가구다. 성남 구도심 재개발 구역 중 규모가 가장 크고 지하철역까지 200m쯤 떨어진 역세권이란 점, 금상초교와 단남초교를 끼고 있는 ‘초품아’에 대원중·성남동중·숭신여고 등 중·고등학교도 주변에 있어 청약 당시부터 실수요자 관심이 많았다.
현재 성남 구도심은 총 25개 구역에서 재개발·재건축을 진행하고 있어 사업이 끝나면 3~4만 가구의 새 아파트가 밀집한 신흥 주거단지로 탈바꿈한다. 김제경 투미부동산컨설팅 소장은 “현재 시장이 하향 조정을 받고 있고 입주 물량도 많지만 산업단지(하이테크밸리)가 단지에서 200m 떨어져 있고 바로 앞에 법조단지까지 들어서면 직주근접 가치가 높아져 수요가 더 늘어날 것”이라고 했다. 단지에서 2km 거리에 이마트 성남점이 있고 1km 거리에 성남중앙병원이 있다.
이 아파트는 임대동을 제외하고 총 5개 단지로 나뉘는데 선호하는 수요층이 각각 다르다. 1단지는 단대오거리역에서 가장 가까워 직장인 선호도가 높다. 전세금도 2000만~3000만원 정도 비싼 편이다. 4단지는 역까지 멀지만 언덕배기인 다른 단지와 달리 평평한 편이어서 중장년층이 선호한다. 3·5단지는 상남초를 끼고 있어 초등생 학부모 선호도가 높다. 어린이집, 도서관, 피트니스센터, 스크린골프장을 5개 단지에 모두 배치한 것이 특징이다.
현재 전용 59㎡ 기준 분양권 호가는 7억5000만~7억8000만원 선이다. 분양가(4억2388만~4억8444만원)와 비교하면 1.5 배 정도 오른 셈이다. 전세금은 전용 59㎡가 3억5000만~3억6000만원선이다. 인근 새 아파트인 ‘신흥역 하늘채 랜더스원’보다 2000만~3000만원 저렴하다. 금광동 A공인중개사사무소 관계자는 “대출 규제와 금리 인상 여파로 매수세가 활발하지는 않지만 최근 중원구가 조정대상지역에서 풀리면서 매매 문의가 늘었다”며 “인근 새 아파트보다 전세금이 저렴해 전세 계약은 꾸준히 이뤄지고 있다”고 했다."
https://www.chosun.com/economy/real_estate/2022/09/13/MSMTYID6UBAD5AGJHJ2XK3X34I/,"추석 연휴가 지나면서 전통적인 부동산 ‘성수기’로 통하는 가을 이사철에 접어들고 있지만, 부동산 전문가들 사이에선 “당분간 집값·전셋값이 약세를 면하기 어렵다”는 전망이 우세한 것으로 나타났다. 최근 2년 사이 수도권 집값이 30%가량 급등하면서 일반인들의 눈높이를 크게 벗어난 데다, 대출 금리도 가파르게 오르는 추세여서 수요가 회복되기 어렵다는 진단을 내렸다.
다만 내 집 마련을 준비 중인 수요자들의 대응 전략은 전문가들 사이에서도 의견이 엇갈렸다. “좀 더 지켜봐도 늦지 않다”는 의견이 우세했지만 “평소 관심 있던 지역에서 급매물이 나오면 매수해야 한다”는 주장도 나왔다. 정부가 최우선으로 추진해야 할 정책 과제에 대해 전문가들은 대출 규제, 조정대상지역 등 과거 집값 급등기에 도입된 규제들의 정상화를 주문했다.
◇전문가 5人 “집값 더 떨어질 것”
12일 본지(本紙)가 부동산 전문가 5명을 대상으로 ‘추석 이후 부동산 시장 방향’에 대한 의견을 물었더니, 5명 모두 서울·수도권 집값이 하락할 것으로 전망했다. 전셋값 역시 5명 중 4명이 하락할 것으로 내다봤다. 박원갑 KB국민은행 수석 전문위원은 “금리 인상 충격, 금융시장 불안에 집값 하락 기대 심리까지 더해지면서 부동산 시장이 침체기에 접어들고 있다”며 “일반적으로 전세와 매매는 대체 관계가 성립하지만 지금 같은 충격 국면에서는 대출 의존도가 높은 전세도 (가격 하락) 충격을 피하기 어렵다”고 말했다. 김학렬 스마트튜브 부동산조사연구소장은 “서울 전체 집값을 일률적으로 말할 수는 없지만 투자 목적의 매수가 많았던 저가 주택이나 재개발 지역은 수요가 빠지면서 가격이 떨어질 수 있다”고 했다. 반면 박합수 건국대 교수는 전세 시장에 대해 “매수를 보류한 사람과 분양 대기자 등 전세 대기 수요가 계속 늘고 있기 때문에 전세 가격은 점진적으로 상승할 가능성이 있다”고 말했다.
전문가들은 앞으로의 집값을 결정지을 핵심 변수로 금리와 정부 규제를 꼽았다. 박합수 교수는 “7월 말 은행권 주택담보대출 평균 금리가 4.16%인데, 연말 4.5%까지만 오른다 하더라도 작년 상반기보다 2%포인트 넘게 오르는 것”이라며 “향후 금리가 어디까지, 어떤 속도로 오를 것이냐가 시장의 최대 관심사”라고 말했다. 이창무 한양대 교수는 “대출, 세제 등 정부가 약속했던 규제 완화의 추진 속도도 관건”이라고 말했다.
주택 매수 시점에 대해선 “내년까지 시장 상황을 지켜본 후 매수해도 늦지 않다”는 의견이 많았지만 ‘지금이 기회’라는 전문가도 있었다. 고준석 제이에듀투자자문 대표는 “집값 조정기에는 매수자 간 경쟁이 없기 때문에 장기적으로 유망한 아파트를 급매나 경매로 잡을 수 있는 기회가 생긴다”며 “자금 조달이 가능한 실수요자라면 지금을 내 집 마련 기회로 삼는 것도 고려할 만하다”고 말했다.
◇규제 지역·대출 규제 풀어야
전문가들은 지금 부동산 시장의 가장 시급한 과제로 ‘거래 정상화’를 꼽으며 조정대상지역과 대출 규제를 가장 먼저 손봐야 한다고 지적했다. 주택 수요가 꺾이고, 집값도 조정기에 접어들었는데도 불구하고 과거 집값 급등기 때 만든 규제들이 남아있어 시장을 왜곡하고 있다는 분석이다. 박원갑 위원은 “집값을 잡기 위해 정책을 펴던 관점에서 벗어나 이제는 시장 정상화에 집중해야 할 때”라며 “강남 등 일부 지역을 제외하고는 조정대상지역을 탄력적으로 해제해야 한다”고 말했다.
실제 최근 집값이 하락세로 돌아서고 미분양도 가파르게 늘어나는 추세임에도 불구하고 대전, 울산 등 지방 광역시는 아직 조정대상지역으로 묶여 있는 곳이 많아 해당 지방자치단체들의 해제 요구가 빗발치고 있다. 정부 역시 시장 정상화를 위한 최우선 과제로 규제지역 해제를 검토하고 있어 3분기 시장 지표가 공개되는 10월쯤 조정대상지역이 일부 완화될 것으로 전망된다. 김학렬 소장은 “실수요자들의 정상적인 주거 이동까지 가로막는 고가 주택 대출 금지와 중도금 대출 규제부터 풀어야 한다”고 말했다.
윤석열 정부의 핵심 공약 중 하나인 재건축 규제 완화에 대해서도 ‘서둘러야 한다’는 의견이 대다수였다. 고준석 대표는 “주민들 스스로 재건축 의사 결정을 할 수 있도록 안전 진단 규제와 초과 이익 환수제는 과감하게 풀어야 한다”고 말했고, 박합수 교수도 “도심 아파트 공급을 늘리려면 재건축 규제는 폐지 수순으로 가야 한다”고 주장했다.
최근 부동산 시장과 정치권에서 논란이 되고 있는 수도권 1기 신도시 재정비에 대해서는 다양한 의견이 나왔다. 박합수 교수는 “중·장기적인 관점에서 도시 계획과 부동산 시장에 미칠 영향을 종합적으로 고려해 통합적인 계획을 짜야 한다”고 답한 반면, 김학렬 소장은 “마스터플랜이라고 완벽할 순 없으며, 시간만 오래 걸릴 수 있으므로 시범 단지를 중심으로 빨리 시작하는 것이 낫다”고 말했다."
https://www.chosun.com/economy/real_estate/2020/12/03/TWF2WEPXKRCBPARMGIFTHGKNXE/,"김현미 국토교통부 장관은 최근 국회에서 전셋집이 부족해진 원인에 대해 “5년 전 주택 인허가를 줄인 것 때문”이라고 설명했다. 과거 정부에서 주택 인허가를 안해준 탓에 주택 건설물량이 줄었고 그 부메랑을 지금 정부가 맞고 있다는 논리였다.
하지만 이 같은 주장은 사실과 다른 것으로 확인됐다. 본지(本紙)가 정부 통계를 분석한 결과, 김 장관이 언급한 5년 전의 전국 주택 인허가 물량은 70만가구가 넘었다. 올해 10월까지 누적 인허가 물량(32만6237가구)의 배(倍)가 넘는 숫자다. 더욱이, 문재인 정부 들어 주택 인허가 물량은 계속 줄어들고 있다. 김 장관 논리처럼 5년 전의 인허가 감소로 지금의 전세대란이 벌어진 것이라면, 앞으로 5년간 전세대란은 더 심해질 수 밖에 없다는 결론에 도달한다. 전문가들은 “온갖 규제로도 집값·전셋값 잡는데 실패한 정부가 이제 더는 내놓을 카드가 없어지자 궤변으로 여론을 호도한다”고 비판한다.
◇5년전 인허가가 적었다고? 文정부 평균보다 28% 많았다
김 장관이 언급한 ‘5년 전’은 ’11·19 전세 대책'이 시작되는 내년으로부터 5년 전인 2016년을 의미한다. 2016년 전국 주택 인허가는 72만6048가구로, 전년(76만5328가구) 대비 4만가구 가량 줄었다. 하지만 이는 2013~2016년 평균(61만1686가구)에 비하면 10만가구 이상 많은 숫자다. 전세 대책을 발표하면서 정부는 “최근 3년간 주택 입주 실적이 역대 최고 수준”이라고 했는데, 박근혜 정부에서 주택 인허가를 늘린 덕분에 이런 자화자찬이 가능했다.
정작 문재인 정부 출범 후 주택 인허가 실적은 급감하고 있다. 2017년 65만3441가구에서 지난해 48만7975가구로 줄었다. 3년 평균 56만5184가구로, 김 장관이 언급한 5년 전에 비해 28% 적다. 올해 역시 감소 추세가 이어질 전망이다.
김 장관 논리대로 5년 전 주택 인허가가 부족했던 탓에 지금의 전세난이 생긴것이라면, 앞으로 5년간 전세난은 더 심해질 수 밖에 없으며, 현 정부가 전세대란을 심화시켰다는 결론이 나온다.
◇”공급 충분하다” 해놓고 뒤늦게 땜질대책
문재인 정부는 2017년 출범 후 지금까지 “주택 공급은 충분하다”는 입장을 고수해왔다. 그러면서 대출규제, 다주택자 세금 중과 등 수요를 옥죄는 정책만 일관되게 펼쳐왔다. 하지만 온갖 규제에도 수요는 줄어들지 않았고 집값은 정권 내내 우상향 곡선을 그렸다. 지난 7월말 계약갱신청구권, 전월세 상한제가 시행된 후 전셋값마저 급등하고 있다.
전셋값 상승으로 서민들의 민심이 나빠지자 정부는 뒤늦게 전세대책을 내놨지만 아파트에 비해 선호도가 떨어지는 빌라 중심의 공급 대책인 탓에 ‘맹탕’이란 평가를 받고 있다.
한 부동산 전문가는 “정부가 예년 수준의 주택 공급량을 유지하는 정책을 폈다면 오히려 시장 상황이 훨씬 안정됐을 수도 있다”며 “수요와 공급에 따라 움직이는 기본적인 시장 원리를 간과한 상태로는 어떤 정책을 내도 집값, 전셋값을 잡기는 어려울 것”이라고 말했다."
https://www.chosun.com/economy/real_estate/2023/10/09/ARY4AIL2GBCQNOGM6LTB7QMQGI/,"“매수자들은 동탄에 개발 호재가 실현될 일만 남았다고 보고 오늘 집값이 저점이라는 생각에 신고가를 경신하면서까지 집을 매수했습니다. 특히 개발 9년 차에 접어들며 신규 입주 물량이 희소한 만큼 신축 대형 주택 위주로 상승거래가 이뤄졌습니다.”(경기 화성시 오산동 최영미 동탄역롯데드림캐슬 공인중개사사무소 소장)
지난해 폭락을 주도했던 경기 화성시 동탄2신도시 부동산 시장이 되살아났다. 신축이거나 호수 조망·대형평수인 상품성이 좋은 단지 위주로는 신고가를 경신하고 있다. 상권 및 학군이 형성된 6억원 이하 단지 중심으로는 거래량이 늘어나고 있다. 현지에서는 곧 청약을 예고한 동탄레이크파크 자연& e편한세상 청약 결과에 따라 동탄 부동산 시장의 향방이 달라질 것으로 예상한다.
■ 동탄 집값 17개월 만에 상승 전환…6개월째 상승세
동탄신도시는 삼성전자산업단지 배후 주거지다. 강남 수서동으로 15분이면 이동할 수 있는 SRT 동탄역이 있고 서울을 직결하는 수도권광역급행철도(GTX) A노선이 개통할 예정이라 지난 상승장 집값이 크게 올랐다. 하지만 경기 침체와 고금리 여파로 2021년 12월부터 올해 4월까지 17개월간 하락했다.
그러나 지난 4월 10일 분양한 동탄금강펜테리움6차 센트럴파크가 1순위 청약에서 9.3대 1의 경쟁률로 마감했으며 그 다음 주인 4월 둘째주에는 한국부동산원 기준 아파트값 변동률이 상승 전환해 9월 둘째주까지 상승세다.
특히 동탄신도시에서도 드문 대형주택형이나 신축 아파트 중심으로 신고가를 경신하고 있다. 화성시 청계동 ‘청계숲사랑으로 부영’(2017년 준공) 전용 147㎡이 8월 28일 8억3000만원에 거래되며 신고가를 경신했는데 이틀 뒤(8월 30일)에 8억3500만에 거래되며 연이어 신고가를 썼다. 화성시 반송동 ‘메타폴리스’(2010년) 187㎡는 15억5000만원에 거래 되면서 전고가(2021년) 대비 5500만원 올랐다.
■ 저점 인식 확신한 매수자들, 개발 호재 믿고 신축·대형주택형 중심으로 신고가 거래
올해로 입주 2년을 맞은 동탄역롯데캐슬은 8월 전용 102㎡가 20억원, 84㎡가 16억원에 팔리며 최고가를 경신했다. 2021년 입주한 ‘동탄역파라곤’도 79㎡가 9억3700만원에 거래되며 지난 5월에 비해 2900만원 올랐다. 한화포레나 동탄호수(2020년 입주) 74㎡가 7억1500만원에 거래됐으며 84㎡가 8억원으로 5500만원 오르며 신고가를 썼다. 현지 공인중개사사무소 관계자는 “입주 2년차라 양도세 비과세 기간에 접어들면서 본격적으로 시세를 형성하기 시작했다” 고 말했다.
☞ 관련기사 : 미친 집값 확산…동탄 102㎡ ‘20억원’ 신고가
동탄 집값이 단순히 상승을 넘어 신고가를 경신한 데에는 개발 호재가 결정적인 영향을 미친 것으로 풀이된다. 남사신도시가 조성되기 전까지 동탄신도시가 용인 반도체클러스터의 주요 배후 주거지인 데다 내년 강남까지 닿는 GTX-A노선이 개통한다. 최영미 동탄역롯데드림캐슬 공인중개사사무소 소장은 “올 초까지만 해도 지난 2년 상승분을 모두 반납한 수준으로 집값이 떨어져 동탄에 살고 있는 주민들 중심으로 동탄 내 상급지 아파트 갈아타기가 잦았다”며 “앞으로 개발 호재가 실현될 일만 남은 만큼 현재가 저점이라는 인식이 퍼지면서 신고가에도 거래가 이뤄질 수 있었다”고 했다.
■ 상권·학군 마련된 중저가 단지로는 매수세 몰려
단지 인근에 초·중학교를 비롯해 상권이 형성돼 있으면서도 가격이 6억원 이하의 저렴한 단지들은 거래량이 많았다. 화성시 집값이 상승한 4월부터 9월까지 가장 동탄2신도시에서 가장 많이 거래됐던 단지는 동탄역 포레너스(2017년 입주)로 총 65건 거래됐다. 이 단지 인근에는 초·중·고등학교가 있으며 올 초(1월) 전용 84㎡가 4억6500만~5억원에 매매됐다. 인근 공인중개사사무소 관계자는 “가격이 저렴한 데다 상권·학교도 갖추고 있어 동탄 인근에 직장을 둔 신혼부부들이 자주 찾는 단지”라고 했다.
올 초 동탄 아파트 청약결과가 이들 아파트값을 밀어 올리는 데 한몫한 것으로 분석된다. 지난 4월 분양한 아파트는 동탄 내에서도 상대적으로 입지가 떨어졌는데 높은 청약경쟁률을 기록했다. 이에 따라 주변 집값도 자극한 것이다. 화성시 청계동에서 공인중개사사무소를 운영하는 A씨는 “예비청약자들이 지난 4월 금강펜테리움 모델하우스를 보러 왔다가 주변 단지들을 둘러봤다”며 “청약단지에 비해 상대적으로 입지 대비 저렴하다고 느껴지는 단지 중심으로 특례보금자리론을 이용해 매매거래가 이뤄졌다”고 했다.
■ 청약 결과, 동탄 부동산 시장 분위기 가를 것
현지에서는 곧 청약 예정인 단지 분양가 및 청약 결과가 동탄 일대 부동산 시장 분위기를 좌우할 것이라고 봤다. 현재는 청약 결과에 따라 부동산 시장 분위기가 달라질 것으로 보는 매수 대기자들이 관망세를 유지하는 분위기다. 박은하 여기우남공인중개사사무소 대표는 “올 초 84㎡기준 8억~9억원까지 떨어진 집값을 보고 매수문의를 하러 온 매수자들은 집값이 다시 반등하면서 관망세를 보이고 있다”며 “A94블록에서 분양하는 ‘동탄레이크파크 자연앤이편한세상’ 분양가가 인근 시세보다 비싸게 나올 경우 기축 단지에서 매매 거래가 이뤄질 것으로 예상된다”고 했다.
☞더 많은 기사는 땅집고에서 보실 수 있습니다"
https://www.chosun.com/economy/real_estate/2021/09/01/3EKUKCBJRNDWTK4I6KWFQ4HWJU/,"문재인 정부 출범 당시 2500만원선이던 서울 강남구의 3.3㎡(1평)당 아파트 평균 전셋값이 지난달 처음으로 4000만원을 넘어선 것으로 나타났다.
1일 부동산 정보제공업체 경제만랩이 KB국민은행 자료를 분석한 결과, 문재인 정부가 들어선 2017년 5월 2537만5000원이었던 서울 강남구 아파트의 3.3㎡당 평균 전셋값은 지난달 4023만8000원으로 상승했다.
전셋값 상승세는 실거래가에서도 확인된다. 서울 강남구 대치동 ‘은마아파트’ 전용 84㎡는 2017년 5월 5억2000만원에 전세계약이 이뤄졌지만, 지난달 24일에는 10억5000만원으로 올랐다. 황한솔 경제만랩 리서치연구원은 “가을 이사철과 재건축 단지 이주로 전세 수요가 늘었는데 전셋집 매물 부족은 여전해 당분간 전셋값 강세가 이어질 것”이라고 말했다."
https://www.chosun.com/economy/real_estate/2021/04/27/YTBZQSGXWJG2BHBQLCQK6VMKKQ/,"GS건설 컨소시엄이 인천시 미추홀구 용현동 535-1 일대 용마루구역 1블록에서 ‘용현자이 크레스트’를 분양한다. 이 아파트는 민간참여형 공공분양 단지로 지하 2층~지상 34층 17동에 전용 59~84㎡ 총 2277가구다. 지구주민 우선 공급 물량을 제외한 1499가구를 일반 분양한다. GS건설 관계자는 “지방자치단체와 한국토지주택공사(LH)가 시행하는 사업이어서 민간 아파트보다 분양 가격을 저렴하게 책정한다”고 했다.
‘용현자이 크레스트’는 전철 수인분당선 인하대역과 숭의역을 걸어서 이용할 수 있다. 경인고속도로와 연결되는 인천대로가 2.5㎞쯤 떨어져 있다. 제2경인고속도로, 수도권 제2순환고속도로(인천~김포) 등 광역 도로망이 멀지 않다. 송도역에서 경부고속철도를 연결하는 인천발 KTX 직결 사업도 2025년 개통하면 교통 여건은 더 좋아질 전망이다.
반경 1.5㎞ 이내에 홈플러스 인하점과 숭의점, 용현시장, 인하대병원, 인천보훈병원, 미추홀구청, 도원실내체육관 등 다양한 생활편의시설을 갖췄다. 용정근린공원과 수봉공원도 가깝다.
미추홀구에서 최근 대규모 개발 사업이 잇따르고 있는 것도 호재다. 단지 인근에 1만8000여 가구를 조성하는 ‘용현학익 도시개발사업’이 대표적이다. 용현4구역에서도 979가구 규모 재개발 사업이 추진 중이다.
용현자이 크레스트는 전 가구를 남향 위주로 배치하고 4베이(Bay) 판상형으로 설계한다. 집안에는 드레스룸, 팬트리, 다용도실, 알파룸(일부 타입), 안방 오픈 발코니(전용 59㎡C형) 등 다양한 수납 공간을 제공한다. 주차장은 지하로 돌렸다.
고급 아파트에서 도입하는 커뮤니티 시설도 도입할 예정이다. 용현자이 크레스트 108동 꼭대기층에 휴식 공간인 스카이라운지를 조성한다. 다목적 실내체육관, 게스트하우스도 마련한다. 지상에는 엘리시안가든, 그린플라자(잔디광장), 자이펀그라운드(놀이터 6곳), 테마가든, 자이팜가든, 주민운동시설 등 다양한 조경 시설과 휴게 공간도 만든다.
‘용현자이 크레스트’ 모델하우스는 인천시 미추홀구 용현동 524-55 일대에 있다. 이달에 개관한다."
https://www.chosun.com/economy/real_estate/2021/01/28/HMZXCI5O6JANTDIK25MW7UDOWM/,"국토교통부가 입법예고한 건설산업기본법(건산법) 시행령 개정안에 건설 업계가 거세게 반발하고 있다. 개정안은 건설 관련 공제 조합의 운영위원회 구성과 선출 방식을 바꾼 것이 주요 내용이다. 정부는 공제조합의 투명성을 강화하고, 운영 방식을 혁신한다는 명분을 내세운다. 하지만 건설 업계는 “순수 민간 기관인 조합의 자율성을 해치고, 정부가 관치(官治) 운영을 강화하려는 시도”라고 주장하고 있다. 건설공제조합, 전문건설공제조합, 기계설비건설공제조합에 속한 전국 건설사들은 최근 공동 비상대책위원회(비대위)를 구성하고, “개정안을 철회하라”는 탄원서 7만2000여부를 국회와 국토부, 법제처, 국무조정실 등에 전달했다.
국토부 개정안은 조합원(건설사)을 대표하는 협회장이 공제조합 운영위원회에 참여할 수 없게 하고, 조합원 중에서 선출하는 운영위원을 기존 13명에서 9명으로 줄였다. 또 현재 각 공제조합의 운영위원과 위원장의 임기를 강제로 종료하고, 위원회 안건을 국토부와 사전에 협의하는 것을 의무화했다.
이에 대해 건설 업계는 “조합원인 건설사들이 출자해 조합을 만들었는데, 주인(主人)이 조합을 운영하지 못하게 막는 비상식적인 법령”이라며 “국토부가 조합을 손아귀에 넣고 좌지우지하려는 의도 아니냐”고 비판하고 있다. 건설공제조합 조합원 비대위 관계자는 “농협·축협·수협을 비롯해 엔지니어링공제조합 등 농림축산식품부·산업통상자원부 산하 조합은 조합원 주도로 자율 경영할 수 있게 정부가 지원한다”며 “유독 국토부 산하 3개 공제 조합은 비전문가인 외부 인사를 이사장으로 임명하고, 조합원의 감독 기능마저 축소하는 등 관치가 강화되고 있다”고 말했다.
협회장을 조합 운영에서 배제한 것과 관련, 부산의 한 건설사 대표는 “건설공제조합 조합원의 약 84%가 대한건설협회 회원인데, 업계를 대변하는 협회장은 운영위원회에서 빠지고 기재부와 국토부 공무원이 들어가 있는 게 말이 되느냐”고 했다. 그는 “조합이 제대로 운영되는지를 감독하는 운영위원회에 조합 이사장이 당연직으로 참여하는 게 더 이상한 구조”라고 덧붙였다.
정부가 공제조합 운영 개선에 나선 것은 박덕흠 의원(무소속)이 전문건설협회장이던 2009년 전문건설공제조합 운영위원장을 겸임하면서 한 골프장을 시세보다 비싸게 사들였다는 의혹이 제기된 것이 계기가 됐다. 이에 대해 건설 업계는 “정부가 개인적 일탈과 제도의 문제를 혼동하고 있다”며 “10여년 전 박 의원의 행동과 지금 협회장들이 무슨 상관이 있느냐”고 반박한다.
건설공제조합 조합원 비대위는 지난 20일 국토부 관계자들을 만나 개정안 철회를 요구했지만, 합의점을 찾지 못했다. 한 참석자는 “민간 기관에 과도하게 개입하는 것이 아닌 조합 운영에 불법이 있는지 감독하고, 건설 업계의 애로 사항을 지원하는 게 국토부가 해야 할 역할”이라고 말했다. 국토부는 이에 대해 “이번 시행령 개정안뿐만 아니라 건설 관련 공제 조합 경영 전반의 효율화도 적극적으로 추진할 예정”이라고 밝혔다.
한편, 건설공제조합은 27일 전체 직원 명의로 “그동안 협회장이 조합 운영위원장이 돼 여러 문제점이 발생했다”며 “건산법 시행령 개정 작업은 흔들림 없이 추진되어야 한다”는 내용의 문건을 국무총리실에 제출했다."
https://www.chosun.com/economy/real_estate/2021/07/29/XZGU2FSHPRFAFFGGNCTCJUXOTQ/,"정부가 ‘집값 고점’을 경고하며 대국민 담화까지 발표한 28일, 세종시의 한 아파트 청약엔 22만명이 몰렸다. 수요 억제 중심의 정부의 부동산 정책이 오히려 가격 상승을 부추기는 상황에서, 정부 정책 신뢰도에 손상이 간 것을 보여주는 상징적 장면 아니냐는 분석도 나온다.
한국부동산원에 따르면 이날 1순위 청약을 받은 ‘세종자이 더 시티’ 아파트는 1106가구를 모집하는데 22만842명이 신청했다. 평균 경쟁률이 199.7대 1이다. 전용 84㎡A, 84㎡P, 93㎡A 등 모집 가구 수가 적은 20평대 물량에선 경쟁률이 천 단위로 치솟았다.
세종시는 전국에서 청약이 가능하다. 전용면적 85㎡ 초과 타입은 추첨으로도 당첨될 수 있는데 이 아파트에서 나온 물량만 1200가구였다. 추첨제 물량은 주택보유자라도 기존 주택 처분 서약을 하면 당첨이 가능하다. 그러나 이런 점을 고려하더라도 한 단지에 20만명이 넘는 대규모 인원이 몰린 것은 이례적이라는 게 부동산 전문가들의 얘기다.
부동산 업계에선 정부의 정책 신뢰도가 바닥으로 추락한 상태라고 입을 모은다. 한 전문가는 “현 정부가 25번의 부동산 정책을 통해 이뤄낸 건 매물 감소와 가격 상승 부채질뿐”이라며 “28일 담화문은 이에 대한 뾰족한 대책이 없음을 다시 한 번 자인한 것”이라고 밝혔다. 어설픈 발표로 시장에 다시 한 번 가격 상승 신호를 준 게 아니냐는 것이다. 부동산 커뮤니티에서도 “아파트 공급 불안 문제를 한 번에 해소할 수 없다는 게 너무나 명백한데, 경고와 엄포만 있고 대책은 없다” “3기 신도시는 제 때 공급되는 게 맞느냐” “정부 임기가 얼마 남지 않았는데, 어차피 정책은 또 바뀔 것 아니냐” 등의 비판 글이 지속적으로 올라오고 있다.
세종자이 더 시티의 3.3㎡당 평균 분양가는 1367만원, 전용 84㎡ 기준 분양가가 최고 4억8867만원 수준이다. 주변에 준공된 아파트와 비교하면 2억~4억원가량의 시세차익이 예상된다. 세종 지역의 한 공인중개사는 “문재인 정부 들어 세종시 아파트값 상승률은 132%를 나타내 전국 최고를 기록했다”며 “집값이 오른 게 결국 전국 단위 로또 청약 열풍을 불러온 것 아니겠느냐”고 했다."
https://www.chosun.com/economy/real_estate/2025/03/24/ZLSDALKRQ5CC3C4B4JARO2B36E/,"올 들어 부동산 전자계약 건수가 지난해보다 40% 이상 늘어난 것으로 나타났다. 특히 민간 부문의 전자계약 건수가 2배 이상으로 급증했다. 주택담보대출 등 대출 이자를 할인받을 수 있다는 점에 주목하는 계약자가 늘고 있는 것으로 풀이된다.
23일 국토교통부에 따르면, 올해 1~2월 주택 전자계약 체결 건수는 4만5371건으로 전년 동기 대비 44.1% 증가했다. 민간 부문만 따지면 2만5445건으로 작년(1만450건)의 2.4배로 늘어났다. 2년 전 3746건과 비교하면 6배 이상으로 크게 증가했다. 이전까지는 한국토지주택공사(LH) 등 공공 기관이 주도하는 전자계약이 60% 안팎으로 많았는데, 올해는 민간 계약이 더 많고 건수도 급증한 것이다.
작년부터 이어진 고금리 기조 때문에 대출 이자를 할인받을 수 있는 수단으로서 전자계약이 주목받기 시작했다는 분석이 나온다. 전자계약을 하면 9개 시중은행에서 주담대, 전세대출 금리를 0.1~0.2%포인트 할인받을 수 있다. 예를 들어 10억원짜리 집을 살 때 4% 이자로 5억원을 대출(30년 만기 원리금 균등 상환)받는 경우, 전체 이자를 1000만원가량 아낄 수 있다. 전자계약 협력 법무사를 이용하는 경우 소유권 이전 등기 등 수수료도 30% 할인이 가능해진다.
부동산 전자계약 시스템은 2016년 5월 도입됐다. 실물 계약서 없이 컴퓨터나 휴대폰 앱으로 계약을 완료하는 방식이다. 거래 당사자와 공인중개사 모두 휴대폰 인증으로 신분을 확인하기 때문에 사기 거래를 예방할 수 있고, 거래 후 신고·확정일자 신청 등이 자동 처리되는 장점이 있다. 전체 계약 대비 전자계약 이용률은 2022년 4.9%에서 작년 6.9%로 꾸준히 늘어나는 추세다."
https://www.chosun.com/economy/real_estate/2021/08/03/HLA6CXCLONEQTIHVOSWEDGPCUA/,"3기 신도시 등 사전청약 일반공급 접수가 4일부터 시작된다. 현재는 신혼부부 등 특별공급과 신혼희망타운 물량만 신청을 받고 있다. 미혼이거나 노부모를 부양하지 않는 등 특별공급 신청이 어려운 무주택자는 4일부터 진행되는 일반공급을 노려야 한다.
공공분양 일반공급 물량은 총 378호로 인천계양에서 110호, 남양주진접2에서 174호, 성남복정1에서 94호가 공급된다.
인천계양은 인천광역시 거주자에 50%, 수도권 거주자에 50%를 공급한다. 남양주진접2는 남양주시 거주자(1년 이상)에 30%, 경기도 거주자(6개월 이상) 20%, 수도권 거주자에 50%를 우선공급하며, 성남복정1은 성남시 거주자(2년 이상)에게 100% 우선공급한다.
LH는 3일 예비 청약자들이 자주 하는 사전청약 관련 질문 5가지를 정리해 자료를 냈다.
◇Q1. 남양주에 살다가 다른 곳으로 이사 갔다가, 다시 돌아왔다면 총 거주기간은?
: 거주기간은 해당 지역에 ‘연속적으로’ 거주한 기간을 의미한다. 예를 들어, 2015년부터 2018년까지 남양주에 살다가 2019년에 서울로 이사를 하고, 2020년에 남양주로 다시 이사와 현재까지 거주하는 경우, 남양주 거주기간은 2020년부터 계산하면 된다.
다만 해당지역 거주기간에 국외 체류기간이 90일을 초과하거나 연간 183일을 넘긴 경우에는 해당지역 거주자로 인정받을 수 없다. 모집공고문을 통해 국외 체류기간 적용 기준 등을 확인하는 것을 권장한다.
◇Q2. 소득은 어디에서, 어떻게 계산하면 될까?
: 공공분양 일반분양에서 전용면적 60㎡ 이하 주택을 신청하는 경우 소득과 자산 기준이 있다. 소득은 도시근로자 가구당 월평균소득액의 100% 이하(3인 가구 기준 603만160원), 자산은 부동산 2억1550만원 이하, 자동차 가액 3496만원 이하가 기준이다. 신청자뿐 아니라 가족 전원이 이 기준을 충족해야 한다.
소득의 경우 근로소득, 사업소득 등 소득 종류에 따라 관련 자료 출처기관이 다르다. 입주자 모집공고문 ‘<표4> 조회대상 소득항목 및 소득자료 출처’를 반드시 확인해야 한다.
◇Q3. 집을 상속받은 후 처분했다면 무주택 기간은?
: 일반적으로 주택을 소유한 적이 있다면 그 주택을 처분하고 무주택자가 된 날부터 무주택기간을 산정한다. 다만 상속으로 주택의 공유지분을 취득해 해당 주택을 처분한 경우 해당 주택은 소유하지 않았던 것으로 보고 해당 주택을 소유했던 기간은 무주택기간 산정 시 제외한다. 다만 공유지분으로 취득한 경우가 아니라면 해당하지 않는다.
예를 들어, 보유하던 아파트를 2021년 2월 3일에 처분한 이후 2021년 3월 5일에 상속으로 주택의 공유지분을 취득한 A씨가 이후 2021년 4월 20일에 공유지분을 처분하고 같은 해 8월 4일 공공분양 일반공급 자격으로 주택을 청약했다면 A씨의 무주택기간은 2021년 2월 4일부터 입주자모집공고일까지 계산한다.
◇Q4. 보유 중인 자산이 공동명의일 경우 어떻게 계산하나?
: 건물이나 토지 등을 지분으로 공유한 경우 전체 가액 중 해당 지분 가액만을 소유한 것으로 본다. 단, 동일 세대원 간 지분을 공유한 경우에는 지분 합계액으로 계산한다.
◇Q5. 재당첨 제한이 있을 경우 일반공급 신청에 제한이 있나?
: 재당첨 제한 적용 주택에 당첨된 사람 또는 그 세대에 속한 사람이나 과거 부적격 당첨자로 처리돼 청약 제한 기간 내에 있는 사람은 사전청약 당첨자로 선정될 수 없다. 본인과 세대 구성원의 청약 제한 여부는 청약홈 홈페이지에서 확인할 수 있다."
https://www.chosun.com/economy/real_estate/2022/11/06/A3HXGOO7SJBY7H5T3LKXWGXKWI/,"땅집고가 선보이는 국내 최대 민간 부동산 경매 시스템 ‘땅집고 옥션’이 11월 정기옥션을 개최한다. 이번 정기옥션은 ‘알스퀘어 특별전’으로 진행한다. 입찰에는 알스퀘어가 출품한 매물 10건을 비롯해 최저 입찰가격으로 3348억원, 총 20건이 나온다. 입찰은 오는 11월 15일 오후 1~3시 서울 중구 세종대로 땅집고 아카데미 교육장에서 진행한다. 10월 27일에는 매물을 소개하는 로드쇼가 같은 장소에서 열린다. 땅집고옥션 문의 (02) 2039-7960. ☞ 로드쇼 참가 신청하기
[땅집고 옥션] 인천 영종도 왕산해수욕장 인접 토지
인천시 중구 영종도 왕산해수욕장에 인접한 토지가 다음 달 열리는 땅집고 옥션 매물로 나왔다. 대지면적만 4만6055㎡, 약 1만4000평에 달한다. 최저입찰금액은 900억원이다. 대지면적 기준으로 평당 가격은 650만원이다. 용도 지역은 자연녹지지역이다. 해당 부지는 인근 토지와 높이 단차가 없도록 부지 성토 작업을 이미 마쳤다.
2023년 개장하는 한화건설의 인스파이어 리조트가 도보로 접근 가능한 입지다. 인스파이어 리조트는 관광·문화·비즈니스 복합도시 조성 사업으로 영종도를 대표하는 관광시설로 기대를 모으고 있다. 사업지는 왕산해수욕장을 포함해 을왕리, 선녀바위, 마시안 해변이 차량으로 모두 10분 거리에 있어 해변 접근성이 뛰어나다.
비티지부동산중개법인 이상학 전무는 “왕산 마리나 요트항과도 인접해 해양 스포츠 컨셉으로 부지를 개발하면 경쟁력이 있을 것”이라며 “인스파이어 리조트, 인천 무의 쏠레어 복합리조트, 글로벌 영상 테마파크 개발 사업 등 호재가 많은 지역으로 다양한 컨셉의 기획 개발이 가능한 부지다”고 말했다."
https://www.chosun.com/economy/real_estate/2022/09/28/FYOPTPDPHFBEVNQJIRX63LOYVE/,"국내 부동산 개발 회사 ㈜해중디벨로퍼스가 러시아에 현지 법인을 설립해 ‘블라디보스토크 퍼시픽오션 골프&리조트’를 개발한다. 블라디보스토크에 처음 생기는 골프장으로 150실 규모의 호텔·골프텔과 골프 빌리지 50동(棟)도 함께 짓는다.
개인 주주 회원이 되면 무기명 4인에게 월 8회 그린피 무료 혜택을 주고, 추가 이용 시엔 그린피를 70% 할인해준다. 회원 가입비(3000만원)는 7년 만기로 전액 돌려받을 수 있다. 전용 라운지와 클럽하우스 내 레스토랑 할인, 전담 컨시어지 운영, 공항 무료 이동 서비스 등도 제공한다. 법인 상품(5000만원)은 30계좌 한정으로 모집 중이며 7년 뒤 전액 상환, 무기명 4인 월 16회 그린피 무료 같은 다양한 혜택을 누릴 수 있다.
직항 노선을 이용하면 인천국제공항에서 1시간 40분이면 블라디보스토크에 닿는다. 골프장은 블라디보스토크 공항에서 15분 거리(12㎞)에 있다. 네 가지 주제로 코스를 설계한 36홀 규모다. 지금까지 해외 골프 관광은 동남아를 중심으로 진행됐지만, 블라디보스토크는 유럽에서 골프를 즐기는 것 같은 색다른 매력이 있고 가성비도 뛰어나다는 것이 회사 측 설명이다. 골프 외에도 요트나 승마 같은 스포츠 활동, 유럽 정취가 물씬 풍기는 시내 관광도 즐길 수 있다. 킹크랩·랍스타 등 신선한 해산물을 저렴하게 즐길 수 있는 것도 블라디보스토크 관광의 매력으로 꼽힌다.
해중디벨로퍼스 관계자는 “작년 11월 현지 정부와 사업 시행 계약을 체결하고, 2023년 1차 개장을 목표로 노력 중”이라고 밝혔다. 1533-7589"
https://www.chosun.com/economy/real_estate/2023/10/17/TBFVRCRF3FCEBNS37VKNJHZA3I/,"지난 12일 서울 광화문에서 차로 40분쯤 달려 도착한 경기 고양시 덕양구 올림픽CC. 평일인데도 주차장은 빈 자리가 없었고, 티오프를 위해 카트에서 준비 중인 대기팀도 많았다. 클럽하우스 주차장 한켠에 설치한 에스컬레이터를 타고 내려가자, 6층짜리 신축 건물이 눈에 들어왔다. 이달 초 문을 연 ‘더 커뮤니티 에이(A)’. 국내 최초로 골프와 시니어 레지던스를 결합한 신개념 주거 모델이다. 올림픽CC 7번 홀과 8번 홀을 끼고 지었다. 총 193실 규모로 최근 임대 분양을 시작했다.
3층 로비를 통해 안으로 들어가자 오른편으로 호텔식 대형 레스토랑과 라운지, 와인 바가 나왔다. 여기서 끝이 아니었다. 25 규모 4레인 수영장과 스파, 사우나, 트랙맨 시설을 갖춘 골프연습장이 있었다. 가족과 지인이 함께 즐기는 미니 극장과 파티룸, 노래방도 보였다. 4층에는 요가룸과 피트니스센터, 배드민턴장, 테니스코트도 만들었다. 안구철 더 커뮤니티 A 이사는 “웬만한 커뮤니티 시설은 다 갖췄다”면서 “외부에 나가지 않고도 1년 내내 호텔식 생활과 골프를 맘껏 즐길 수 있다”고 했다.
◇광화문이 차로 40분…자연환경도 좋아
국내에도 골프장 내 주거형 시설이 없지 않다. 그러나 대부분 도심에서 멀다. 개인을 위한 단독주택이거나 잠시 머물고 가는 콘도, 이른바 골프텔이 대부분이다.
더 커뮤니티 A는 콘셉트부터 전혀 다르다. 시니어들이 골프를 매개로 거주하면서 함께 교류하는 커뮤니티를 만든다는 것이다. 도널드 트럼프 전 미국 대통령이 소유한 트럼프 내셔널 도럴 골프장(마이애미)과 리비에라 골프장(LA)이 벤치마킹 대상이다. 두 골프장은 시내와 가까워 시니어들이 도심 생활을 즐기면서 회원간 커뮤니티도 뛰어난 것이 특징이다.
안 이사는 “우리나라도 이제 매년 100만명 이상이 은퇴하는 시대를 맞았다”면서 “시니어들이 품격있는 커뮤니티 시설에서 서로 교류하면서 휴식도 하고, 건강도 회복해 제2의 인생을 준비할 수 있도록 만든 국내 최초 골프 레지던스”라고 했다.
더 커뮤니티 A는 도심 접근성이 좋다. 차량으로 서울 광화문에서 40분, 강남에서 1시간이면 각각 도착할 수 있다. 자연 환경도 뛰어나다. 객실에서 골프장 페어웨이, 멀리 북한산 백운대와 인수봉도 손에 잡힐 듯 보인다.
◇골프장 우선 예약…편의시설도 무료 이용
더 커뮤니티 A시는 기존 실버타운과도 다르다. 더클래식500(서울)·노블카운티(경기 용인) 등 국내에서 잘 알려진 정통 실버타운은 골프장이 없다. 도심 속 제한된 공간이어서 편의시설도 풍부하지 않다. 더 커뮤니티 A는 총 14만평 규모 올림픽CC를 끼고 있다. 레지던스를 분양받으면 예약 우선권을 주고 그린피도 대폭 깎아준다. 1988년 개장한 올림픽CC는 국내 1호이자, 명문 퍼블릭 골프장으로 꼽힌다. 미국 PGA투어에서 활동하는 임성재 선수 등이 연습장으로 쓸만큼 골프장 관리와 입지가 좋다.
더 커뮤니티A는 여가 공간도 많다. 전체 연면적만 2만평에 달한다. 서울 광화문 포시즌스호텔과 맞먹는다. 골프연습장·수영장 등 모든 체육시설을 무료 이용할 수 있다. 와인바·컨퍼런스룸·파티룸 등 여가시설에 가족이나 비즈니스 파트너 등을 언제든지 초대가 가능하다. 지난달 계약한 한 대기업 이사는 “서울에서 가깝고 회원들과 교류하면서 은퇴 후 삶을 설계하고 싶었다”며 “직장 선후배나 지인을 회원 자격으로 초청해 라운딩과 식사도 대접할 수 있어 은퇴 후에도 자존감을 세울 수 있다는 점이 끌렸다”고 했다.
더 커뮤니티A는 정년을 앞두거나 은퇴한 60~75세 신중년을 위한 골프 레지던스다. 하지만 30~40대 전문직 종사자도 관심을 둘만하다. 서울 출퇴근이 가능해 퇴근 이후나 주말을 이용해 골프와 여가를 즐길 수 있다.
◇기존 집 임대놓고 2년쯤 살아볼까?
더 커뮤니티A는 회원 주거용 156실과 일반 콘도형 37실이 있다. 공급면적 80㎡ 70실, 106㎡ 82실, 172㎡ 4실이다. 모두 풀 옵션이다. 80㎡는 보증금 2억원, 월 관리비 275만원이다. 보증금 6억원을 내면 월 관리비는 140만원으로 줄어든다. 106㎡는 보증금 5억원에 월 270만원이다. 식사와 골프 이용 횟수에 따라 추가 요금이 붙는다. 기본 계약은 1년이다. 원하면 2년까지 가능하다. 안 이사는 “서울·수도권 거주자 중 아파트를 팔지 않고 임대 놓은 뒤 2년 정도 살아보려는 초기 은퇴자들이 많다”며 “대기업 CEO(최고경영자)나 임원 중심으로 문의가 이어지고 있다”고 했다."
https://www.chosun.com/economy/real_estate/2024/03/05/FWOLEYAOI5EOVDQZFMHSCAZDZM/,"올해 창사 50주년을 맞는 현대엔지니어링은 ‘100년 기업 도약을 위한 펀더멘털 강화’를 경영 방침으로 정했다. 지난 50년간 축적해온 경험과 기술력을 단단하게 단지고, 올해를 앞으로 올 100년을 향해 나아가는 원년으로 삼는다는 뜻이다.
최근 기업의 경영 환경은 지정학적 리스크 심화와 공급망 위기에서 이어진 글로벌 경기 침체로 불확실성이 크다. 건설업계 역시 사업 원가 부담 가중, 해외 진출국의 위험 증가, 시장 자금 경색 등 여러 어려움을 겪고 있다. 현대엔지니어링은 이런 불확실성을 돌파하고 중장기 성장 기틀을 마련하기 위해 수익성 개선과 생산성 혁신, 안전·품질 경쟁력 확보, 미래 성장 사업 육성 등을 올해 전략 방향으로 정했다.
◇플랜트 경쟁력 강화해 수익성 제고
현대엔지니어링은 플랜트 부문에서 EPC(설계·조달·시공) 수행 역량 고도화와 중동 지역 사업 안정화를 통한 수익성 제고에 집중한다는 계획이다. 자사의 강점인 설계 역량에 EPC 수행 실적과 노하우를 접목한 ‘FEED(기본 설계)-EPC 연계 수주’ 사업 모델로 잇따라 수주에 성공하고 있다. 작년 9월에는 미국 ‘파인블러프 GTL 프로젝트’의 기본 설계 용역을 수주해 세계적으로 기본 설계 및 EPC 역량을 인정받았다.
올해는 인도 첸나이에 ‘글로벌 엔지니어링 센터’(GEC)를 설립해 설계 역량을 강화하고 글로벌 설계 인력 확대에도 나선다. 인도는 14억 인구 대국으로 글로벌 수준의 설계 인력 풀(Pool)이 우수해 다수의 글로벌 엔지니어링 기업들이 진출해 있다. 현대엔지니어링은 GEC가 한국 본사 수준의 설계 품질을 확보하도록 해 중·장기적으로는 글로벌 설계회사로 육성할 계획이다.
중동 지역에서 수행중인 플랜트 프로젝트들의 안정적인 수행을 바탕으로 일감 추가 확보에도 나선다. 현대엔지니어링은 현대건설과 함께 현재 사우디아라비아에서 ‘자푸라 가스 처리 시설 1·2단계’ ‘아미랄 석유화학 프로젝트 패키지1′ 등 총 91억1000만달러(약 12조원) 규모의 프로젝트를 수행하고 있다.
◇환경·에너지기업으로 포트폴리오 다변
현대엔지니어링은 올해 소형 모듈 원전(SMR), 초소형 모듈 원전(MMR) 등 원자력 분야에서 포트폴리오 다변화에 나설 계획이다. 현대엔지니어링은 현재 캐나다에서 세계 최초 4세대 MMR 실증사업인 ‘초크리버 MMR 플랜트’ 프로젝트를 수행하고 있다. 올해는 SMR 독자 노형 확보를 통한 주도적 사업 추진과 MMR 시장 진출 확대를 위한 다양한 사업 모델도 검토할 계획이다.
지속 가능 성장을 위한 미래 사업 육성에도 박차를 가한다. 현대엔지니어링은 지난해 5월 국내 최고층 모듈러 주택인 ‘용인 영덕 경기행복주택’을 준공했고, 현재는 서울주택도시공사(SH)가 발주한 ‘가리봉동 모듈러 행복주택 건설 사업’을 진행하고 있다. 올해는 주거 외 오피스, 기숙사, 호텔, 플랜트 등으로 모듈러 건축 영역을 넓혀 나갈 계획이며, 해외에서는 우크라이나 재건 사업 등을 통한 사업 다각화 방안을 모색한다.
작년에는 전기차 충전 시설 설치 및 운영·유지 보수 사업에 본격적으로 착수했다. 현대엔지니어링은 지난해 전기차 충전소 약 4500여 기에 대한 계약을 체결했으며, 올해는 누적 7000기 이상으로 확대한다는 계획이다. 해외 전기차 충전 인프라 기반 마련에도 나선다. 북미에서는 전기차 복합 충전소 시공 및 유지 관리 사업을 추진하고, 인도네시아에선 전기차 홈충전 서비스 인프라 구축 사업에 뛰어들 계획이다.
현대엔지니어링 관계자는 “국내외 불확실성이 크지만 고유가로 인한 플랜트 발주 증가, 친환경 사업 시장 확대 등 다양한 기회도 있어 회사 내실을 다지는 중요한 한 해가 될 것으로 전망한다”며 “100년 기업으로 도약할 기틀을 마련하겠다”고 말했다."
https://www.chosun.com/economy/real_estate/2024/03/14/EXJJI4UXN5BK5CFLT5QKUFRYKY/,"SK에코플랜트의 리사이클링(재활용) 전문 자회사 SK테스가 글로벌 데이터센터 요충지 중 하나인 미국 버지니아주 프레데릭스버그에 1만2000㎡ 규모 IT 자산 처분(ITAD) 공장을 준공했다고 14일 밝혔다. ITAD는 데이터센터 서버에서 나오는 각종 장비 및 저장장치를 수거해 정보를 파기하고, 재활용·재사용까지 지원하는 서비스다. SK테스 버지니아 공장은 연간 최대 60만대 서버를 처리할 수 있다. 국내 최대 데이터센터인 네이버 ‘각’에 설치된 서버(12만대) 5배에 달하는 규모다.
미국 시장조사 기업 얼라이드 마켓 리서치는 ITAD를 포함한 ‘e-웨이스트(폐기물)’ 시장 규모가 2020년 500억달러(66조원)에서 2028년 1440억달러(190조원)로 성장할 것으로 전망했다. SK에코플랜트 관계자는 “이번 공장 준공을 계기로 글로벌 IT 리사이클링 시장에 본격적으로 도전할 것”이라고 말했다.."
https://www.chosun.com/economy/real_estate/2023/01/12/D62B54F7JZDMVNOSCB65ERCDHU/,"국내 최대 재건축 사업인 서울 강동구 둔촌동 ‘둔촌주공 재건축(올림픽 파크 포레온)’의 정당계약이 진행 중인 가운데 주요 외신도 둔촌주공 계약 결과에 주목하고 있다.
미 경제매체 블룸버그는 11일(현지시각) “서울 둔촌주공 재건축 사업은 1만가구 이상을 수용하도록 설계돼 아파트 선호도가 높은 한국에서 가장 기대가 큰 개발”이라며 “둔촌주공 계약이 부진할 경우 한국 경제와 신용 시장에 충격을 주는 부동산 침체를 예고할 수 있다”고 보도했다.
이어 “둔촌주공이 시장의 우려를 완화할 만큼 충분한 계약자를 끌어들이지 못한다면, 정책 입안자들의 문제 영역으로 떠오른 건설사 부채 문제가 심각해질 수 있다”며 “세계 최대 주거 재개발 프로젝트 중 하나인 둔촌주공은 수도권 중심에 위치하고 있어 (지난 가을 신용시장에 충격을 준) 레고랜드 사태보다 더 큰 타격을 줄 것”이라고 했다.
블룸버그는 이어 정부가 둔촌주공 정당계약을 앞두고 부동산 폭등기 시행했던 규제도 대거 풀었다고 덧붙였다. 블룸버그는 “원희룡 국토교통부 장관은 규제 완화가 둔촌주공을 겨냥한 것은 아니라고 부인했다”면서도 “이번 규제 완화가 둔촌주공 당첨자들의 계약 체결을 장려하고 있다는 점은 둔촌주공이 향후 다른 부동산 시장의 ‘전조(bellwether)’가 될 수 있다는 것을 의미한다”고 했다.
둔촌주공 청약 당첨자를 대상으로 한 정당계약은 오는 17일까지 진행된다. 지난달 진행된 청약 평균 경쟁률이 5.4대 1에 그쳐 청약 직후에는 미계약 우려가 높았다. 전용면적 84㎡는 중도금 대출을 받을 수 없고 전매제한 8년, 실거주 의무 2년 등의 규제가 적용돼 청약을 포기한 사람도 많았다.
하지만 ‘1·3 부동산 대책’으로 강동구가 규제지역 및 분양가상한제 지역에서 해제되면서 상황이 달라졌다. 전용 84㎡도 중도금 대출이 가능해졌고, 전매제한은 1년으로 줄었다. 실거주 의무도 사라져 입주 시기부터 전·월세를 놓을 수 있게 됐다. 분양업계에서는 당초 둔촌주공의 초기 계약률을 당초 40%대로 점쳤으나, 규제 완화 이후 계약률이 70~80%까지 높아질 것으로 보고 있다."
https://www.chosun.com/economy/real_estate/2021/12/14/CXRSXGP32ZDHXDN3FXZYNCSPZY/,"새 아파트 선호 현상에 공급 물량 부족까지 겹치면서 올해 청약 시장도 달아오른 것으로 나타났다. 당첨 커트라인은 48점으로 작년보다 높아졌다.
14일 부동산 리서치업체 리얼투데이에 따르면 올해 전국 청약 당첨 가점 최저 평균은 48점이었다. 청약 시장이 불장이라던 작년(47.25점)보다 높아졌다.
지역 별 최저 당첨 가점 평균은 세종(62.99점), 서울(62.30점), 인천 (50.11점), 제주(48.05점), 대전(47.74), 경기(47.11점) 등의 순으로 높았다.
개별 단지로 보면 수도권 외곽이나 지방에 공급된 분양 단지들에서도 높은 가점을 갖고 있어야만 청약 당첨이 가능했단걸 확인할 수 있다.
6월 경기 동두천시에 공급된 ‘지행역 센트레빌 파크뷰’는 최저 42점, 최고 70점의 청약 당첨 가점을 보였고, 7월 양주시에 공급된 ‘양주 회천신도시 센트럴 아리스타’는 최저 19점, 최고 65점의 청약 당첨 가점을 기록했다. 경북 경산시에 6월 분양된 ‘경산 아이파크’는 최저 30점, 최고 70점을, 경남 창원시에서 7월 분양된 ‘창원 롯데캐슬 센텀골드’는 최저 56점, 최고 76점의 청약 당첨 가점을 보였다.
통상적으로 청약 당첨 가점 69점은 45세 이상 무주택자가 세대주인 4인 가족이 받을 수 있는 점수를 최대치로 받아야 가능하다. 지방에서도 4인 가족 최대 점수보다 높은 가점을 받고 집을 분양받은 사람이 나오고 있는 것이다.
장재현 리얼투데이 본부장은 “서울의 경우, 청약 가점이 60점 정도라도 가점제 분양에서 당첨되기 쉽지 않은 상황”이라며 “당장 가점제로 청약이 불가능한 2030세대 등은 가점이 필요없는 추첨제 등으로 눈을 돌리고 있다”고 말했다."
https://www.chosun.com/economy/real_estate/2021/05/11/G3KVFASYWZA2PFPKPN7NZTCYBM/,"“누가 강남 빌딩을 샀는데, 몇 년 만에 20억~30억원씩 올랐다는 뉴스가 종종 나오지 않습니까. 그럴 때마다 평범한 봉급쟁이도 ‘강남에 100억 빌딩을 사고 싶다’는 꿈을 꿉니다. 카사(Kasa)를 통해 그런 꿈을 현실로 만들고 싶었죠.”
카사는 빌딩 시장에서 가장 주목받는 프롭테크(prop-tech) 기업 중 하나다. 프롭테크란 부동산(property)에 기술(technology)을 접목했다는 뜻이다. 카사는 빌딩 지분을 수익증권으로 만들어 목돈 없이도 빌딩에 투자할 수 있는 서비스를 국내 최초로 개발했다.
건물주가 신탁회사에 건물 매각을 맡기면, 카사와 신탁사는 해당 부동산을 기반으로 한 디지털유동화증권(DABS)을 발행하고 공모 형태로 투자자를 모집한다. 이후 투자자들은 카사 플랫폼을 통해 건물의 지분에 투자하면서 임대수익금을 배당받을 수 있다. 수익증권은 카사 플랫폼에서 주식처럼 사고팔 수 있고, 가격도 오르거나 내린다. 카사는 2019년 5월 금융위원회로부터 혁신금융서비스로 지정받았다. 프롭테크 기업에 관심이 큰 우미건설 등 국내외 투자자로부터 200억여원을 투자받았다.
카사 창업자는 갓 서른을 넘긴 예창완(31) 대표. 민족사관고를 졸업한 그는 미국 스탠퍼드대학에서 컴퓨터 사이언스를 전공했다. 당시 미국에서 활성화한 부동산 간접투자 시장을 주목했다. 예 대표는 “평범한 봉급 생활자도 ‘강남 빌딩’에 투자할 수 있는 서비스를 만들고 싶었다”고 했다.
－DABS 거래는 어떤 식으로 이뤄지나.
“카사코리아가 빌딩 정보·증권 발행 수·공모가·공모총액 등을 정해 거래 플랫폼인 카사에 올리면, 투자자들이 카사 서비스를 통해 DABS를 사고팔 수 있다. 예를 들어 카사 플랫폼에서 5000원이면 1DABS를 살 수 있다. 카사 플랫폼에 상장된 건물에 대한 증권 1주를 5000원에 살 수 있다는 의미다. 투자자들은 DABS 가격이 오를 경우 시세차익을 얻을 수 있다. 3개월에 한 번씩 배당도 가져간다. 빌딩 투자는 매각 차익을 노리는 경우가 많은데, DABS에 투자하면 매각 차익도 나눠 가질 수 있다.”
－리츠(REITs)와 다른 점은.
“소액으로 상업용 부동산에 간접투자할 수 있다는 점은 비슷하다. 리츠는 여러 부동산을 보유한 기업의 상장 주식에 투자하는 방식, 쉽게 말해 ‘부동산 보따리’에 투자한다. 반면 카사는 특정 건물을 개인이 직접 골라 투자할 수 있다. 자산 규모도 차이 난다. 통상 리츠는 1000억원 넘는 대형 부동산을 다루지만 카사는 100억원 단위 중소형 빌딩 위주로 상장한다.”
- 지금 투자 가능한 빌딩이 있나.
“작년 9월 처음 서비스를 런칭해 서울 강남구 역삼동에 있는 ‘역삼 런던빌’을 카사에 첫 상장했다. 2019년 완공한 지하 1층~지상 8층, 연면적 1273㎡ 규모 신축 빌딩이다. 지하철 2호선 역삼역에서 걸어서 10분쯤 걸리는 역세권 입지다. 지난해 11월 공모 총액 101억원, 총 203만6000DABS를 발행해 모든 공모 물량을 완판했다. 조만간 강남권역에 있는 두 번째 빌딩을 상장할 예정이다.”
－수익률은 어떤가.
“카사는 저위험 중수익 상품이다. 먼저 DABS 매매로 얻는 시세차익은 투자자마다 달라 수치를 내기 어렵다. 다만 지난달 첫 배당했는데, 1DABS당 47원이었다. 연 수익률로 공모가 대비 3.01% 정도인데, 국내외 배당주 수익률이 3%를 못 넘기는 점을 감안하면 결코 적지 않다. 추후 건물 매각 차익도 기대할 수 있다. 역삼 런던빌 1㎡당 공시지가는 2019년 726만8000원에서 지난해 763만6000원으로 1년 만에 5% 넘게 올랐다. 통상 빌딩이 평균 5~6년 주기로 매매되는 것을 감안하면, 역삼 런던빌 매각 시 20~30% 수익을 기대한다.”
－개인이 직접 빌딩을 사는 것과 비교한다면.
“우선 소액으로 수익성 높은 강남 빌딩에 투자할 수 있다는 것이 가장 큰 매력이다. 세금 면에서도 유리하다. 카사 투자는 증권 거래여서 DABS 양도·배당에 대한 소득세로 15.4%만 적용한다.”
－투자자 보호 장치는 있나.
“먼저 일반 투자자의 경우 1년에 최대 2000만원까지로 투자를 제한한다. 근로소득금액 1억원 초과 소득 적격자는 4000만원까지 가능하다. 전문 투자자는 제한이 없다. 고객 예치금은 카사가 관리하지 않는다. 하나은행 특정금전신탁을 통해 따로 관리한다. 블록체인 기반 거래여서 DABS 거래 내역과 소유 이력에 대해 위·변조도 불가능하다.”
－앞으로 목표는.
“사업 초기 단계여서 빌딩 등 대형 부동산 투자 문턱을 낮추겠다는 가치관을 유지하면서 지속적인 성장을 만들고 싶다. 올해 안에 강남권역 2호 빌딩 상장을 시작으로, 대한민국 전역 건물에도 투자할 수 있도록 서비스를 확대하는 것이 꿈이다.”"
https://www.chosun.com/economy/real_estate/2021/06/09/XZK4MLX2YJB3BHKQN55YFGCBPU/,"롯데건설이 지식산업센터 브랜드 ‘놀라움(KNOWLAUM)’을 새롭게 선보였다. 놀라움은 지식을 뜻하는 영어 단어(knowledge)에 공간을 뜻하는 접미사(um)를 붙여 만든 합성어다. 롯데건설은 “지식이 모이고 영감을 나누며 놀라운 창의가 발현되는 공간이라는 의미”라고 설명했다.
새 브랜드는 6월 서울 강서구 마곡동에서 분양하는 ‘놀라움 마곡’에 처음 적용된다. 롯데건설이 처음으로 시행과 시공을 맡은 지식산업센터다. 지하 5층~지상 12층, 연면적 3만여㎡ 규모로, 지식산업센터 281실과 지원시설 22실로 구성된다. 가변형 벽체를 설치해 입주사가 원하는 대로 다양한 공간 구성이 가능하다. 회의실·라운지 등 커뮤니티 시설과 입주사 직원을 위한 특화 편의시설이 함께 들어선다. 서울 지하철 9호선 양천향교역과 9호선·공항철도 환승역인 마곡나루역을 이용할 수 있다. 서울식물원이 가깝고, 일부 사무실에서는 한강 조망이 가능하다."
https://www.chosun.com/economy/real_estate/2023/08/22/XPU4JDX6WZFU5GBAYYSJDYTYDM/,"지난 7월 서울 최대 상권 중 한 곳인 강남구 신사동 가로수길 일대 꼬마빌딩 시장에서 깜짝 놀랄만한 소식이 전해졌다. 가로수길 메인도 아닌 동쪽 나로수길에 있는 대지면적 187㎡, 연면적 298㎡, 지상 3층짜리 건물이 122억원에 팔린 것. 대지면적 기준 3.3㎡(1평) 당 2억1500만원이다. 이 일대 빌딩 거래 중 역대 최고가로 나로수길에서 평당 2억원 이상 거래는 호황기였던 작년 초 이후 1년6개월여만에 처음이다.
업계에서는 이번 거래가 강남권 빌딩 시장이 바닥을 찍고 회복세로 돌아서는 신호탄이 될 수도 있다고 본다. 나로수길은 가로수길이나 세로수길보다 상대적으로 인기가 낮고 가격도 10~20% 정도 쌌기 때문이다. 전하나 에이트빌딩 이사는 “코로나 팬데믹과 금리 인상 여파로 꽁꽁 얼어붙었던 꼬마빌딩 시장에 2~3개월 전부터 조금씩 온기가 돌고 있다”면서 “투자자들이 고금리에 어느정도 적응하면서 매수 심리가 살아나 급매물은 거의 사라졌다”고 했다.
지난해 하반기부터 극심한 침체에 빠졌던 꼬마빌딩 시장이 1년 여만에 바닥을 치고 반등하는 것 아니냐는 기대감이 나오고 있다. 꼬마빌딩은 흔히 연면적 1000평(3305.8㎡) 미만 건물을 말한다. 최근 거래량이 늘고 매매가격도 뚜렷한 회복세다. 실제 지난 2분기 서울지역 상업·업무용 건물 거래량은 1분기보다 50% 정도, 거래금액은 1조원 이상 각각 급증했다.
땅집고는 오는 9월5일 개강하는 ‘꼬마빌딩 실전투자 스쿨 10기’ 과정을 앞두고 빌딩 시장 전문가들로부터 서울 지역 꼬마빌딩 시장 분위기를 들어봤다.
◇회복세 뚜렷해진 강남권 빌딩시장
서울에서는 강남권 중심으로 빌딩 거래가 꿈틀대고 있다. 호황기였던 2021년 수준과 비슷하거나 오히려 더 높은 가격에 거래하는 사례도 나오고 있다.
강남구 도산공원 인근 대지면적 433㎡, 연면적 928㎡ 규모 지상 3층 신축 빌딩은 지난달 300억원에 팔렸다. 땅값 기준 평당 2억2800만원이다. 이 빌딩 바로 옆 명품숍 건물은 호황기였던 2021년 평당 2억2900만원에 매각했는데 비슷한 가격에 거래가 성사된 것이다. 권기성 ERA코리아 전무는 “작년 하반기 이후 잠시 떨어졌던 도산공원 일대 빌딩 가격은 올 2분기 이후 빠르게 오르고 있다”며 “이미 이전 최고가(평당 2억3100만원) 수준까지 회복한 것으로 보인다”고 했다.
강북 인기지역 빌딩 매매시장도 살아나고 있다. 마포구 연남동에선 연남동 주민센터 맞은편 근린상가가 최근 80억원에 매매계약을 맺었다. 2018년 토지와 건물을 28억원에 사들인 건축주가 2020년쯤 기존 건물을 허물고 새로 지었다. 공사비를 빼고 두 배 정도 시세차익을 올렸다는 평가다. 육재복 바운드부동산중개법인 대표는 “요즘 건축비가 급상승하면서 같은 지역이라도 신축했거나 리모델링을 마친 건물 몸값이 부쩍 높아졌다”고 했다.
◇”투자자들 연 4~5%대 금리에 적응”
전문가들은 현재 꼬마빌딩 시장이 바닥을 찍었다고 보는 시각이 우세하다. 상업·업무용 부동산 거래량과 거래대금이 반등세로 돌아섰기 때문이다. 상업용 부동산 회사인 부동산플래닛에 따르면 올 상반기 서울 전체 빌딩 거래량은 663건이다. 특히 올 1월까지만 해도 2008년 글로벌 금융위기 이후 역대 최저 수준이었지만, 이후 빠르게 우상향 곡선을 그리고 있다. 실제 1분기 상업·업무용 부동산은 268건, 2조2100억여원이었지만 2분기에는 395건, 3조3000억여원으로 증가했다. 부동산플래닛 관계자는 “서울 빌딩 거래량 중 소형 빌딩이 전체의 97%를 차지했다”면서 “꼬마빌딩 중심으로 수요가 살아나는 분위기”라고 했다. 다만, 일각에서는 아직까지 거래량이 호황기의 절반 수준에 그쳐 본격 상승세로 보기는 어렵다고 분석한다.
업계에서는 빌딩 시장 회복 요인으로 금리 안정화를 꼽았다. 육 대표는 “시중 금리가 연 2% 초반에서 단기간에 4~5%까지 오르자 고금리에 거부감을 보이던 투자자들이 금리가 오를만큼 올랐다고 판단하고 있는 것으로 보인다”고 했다.
전문가들은 하반기 서울 꼬마빌딩 거래가 좀 더 활발해지겠지만, 금융 비용이 이전보다 높아 보수적으로 투자해야 한다고 조언한다. 육 대표는 “금리 인상 랠리는 끝났지만 예전보다 훨씬 높은 수준이어서 투자 전 금융 비용을 치밀하게 계산해보고 움직이는 게 좋다”고 했다."
https://www.chosun.com/economy/real_estate/2022/01/10/2C6YPX7SANC35A5JVQO2SPW3RM/,"새해 들어 아파트 값 조정세가 확산하는 가운데, 올해 첫 주 아파트 매매가 상승률을 분석했더니 상대적으로 집 값이 저렴해 대출 규제를 덜 받는 지방이 상위 10위권을 모두 차지했다.
KB부동산 주간 시황에 따르면 지난 3일 기준 매매가 상승률이 가장 높았던 지역은 경상남도 창원시 마산 합포구로 0.48% 올랐다. 매매가 상승률이 높은 상위 10개 지역은 2위를 차지한 파주(0.28%)를 제외하고 모두 기타 지방 지역이었다. 대전 동구(0.27%), 청주 서원구(0.26%), 창원 성산구(0.24%), 전주 덕진구·진주(0.23%) 등의 순이다. 강릉, 양산, 춘천도 0.2% 이상의 상승률을 기록했다.
매매가가 하락한 지역을 꼽아보니 서울 마포·도봉구가 0.01% 떨어져 하위 10위권에 진입했다. 하락폭이 가장 큰 지역은 안양 동안구(-0.17%)였고, 세종(-0.14%), 대구 동구(-0.13%) 등이 뒤를 이었다. 경기권인 구리(-0.05%), 용인 기흥구(-0.03%)도 하락폭이 큰 10위 안에 들었다.
이는 1년 전과 분위기가 반전된 것으로, 작년 1월 같은 주에는 매매가 상승률 10위권 지역이 모두 서울·수도권·세종이었다. 성남 수정구(1.35%), 일산 서구(1.11%), 일산 동구(1%), 마포구(0.94%)와 세종(0.77%) 등이다.
시장에서는 부동산 시장 안정을 위해 전년도 집 값이 많이 오른 서울·수도권 중심의 규제를 강화한 반면, 오는 3월 대선과 6월 지방 선거를 앞두고 지방에서는 각종 개발 호재를 강조한 것이 집 값 상승률의 반전을 이끌었다고 분석한다. 한동안 지방이 강세를 보일거란 전망이다."
https://www.chosun.com/economy/real_estate/2023/04/03/V7SO6EMWMRHPLLLHY3MVEUGKYY/,"탄소 저감 친환경 시멘트 설비 지원
포스코이앤씨는 삼우·㈜수성 등 6개 중소 레미콘사와 포스코가 자체 개발한 친환경 시멘트인 ‘포스멘트’ 사용 확대를 위한 업무협약을 체결했다고 2일 밝혔다. 포스코이앤씨는 탄소 저감 효과가 큰 친환경 시멘트 사용 확대를 위해 사일로(시멘트 저장고) 설비를 지원하게 되고, 중소 레미콘 회사들은 포스멘트 등 친환경 시멘트가 배합된 레미콘을 생산하게 된다. 포스코이앤씨 관계자는 “이번 지원 사업이 친환경 시멘트를 건설업계 전반으로 확산시키는 계기가 될 것”이라며 “앞으로도 포스코그룹이 추진하고 있는 ‘2050 탄소 중립 실현’ 활동에 적극 참여할 것”이라고 말했다.
유망 스타트업 발굴 공모전 개최
현대건설이 서울시 산하 창업 지원 기관인 서울경제진흥원과 ‘2023 현대건설 x Seoul Startup Open Innovation(서울 스타트업 오픈 이노베이션)’ 공모전을 개최한다고 2일 밝혔다. 이번 공모전은 혁신 기술·아이디어를 가진 유망 스타트업을 발굴·육성하는 등 건설 산업 내 동반 성장 생태계를 조성하기 위한 프로그램으로, 올해 2회째를 맞는다. 서류와 대면 심사 등을 거쳐 총 10개 내외의 스타트업을 선발할 예정이며, 선발된 업체는 ‘공동 상품 개발 및 신규 사업 검토’와 ‘실증(PoC) 기회 제공’ ‘멘토링 및 컨설팅’ ‘사업화 지원금 지급’ 등의 혜택을 받는다.
경제사회노동위서 노사관계 유공 표창받아
LH는 지난달 30일 경제사회노동위원회로부터 노사관계 유공 위원장 표창을 수상했다고 2일 밝혔다. 이번 수상은 협력적 노사관계 구축 및 선진적 노사문화 조성에 기여한 공로를 인정받은 데 따른 것이다. LH는 그동안 국민중심 경영 실천을 위한 노사공동 선언식 개최, 출산·육아지원 강화 등 저출생 극복을 위한 노사공동 대응 등을 해왔다. 이한준 LH사장은 “앞으로 노사 간 적극적인 소통과 협력으로 대국민 서비스를 강화해 국민중심경영을 실현하고, 공공주택(뉴홈) 50만호 공급 등 정부정책을 성공적으로 추진하겠다”고 말했다."
https://www.chosun.com/economy/real_estate/2020/09/29/YT5RVEHKCJAFJPZJFYP4D5NXSM/,"오늘부터 전세 보증금을 월세로 바꿀 때 적용되는 비율인 전·월세전환율이 기존 4%에서 2.5%로 낮아진다. 또한 집주인의 재계약 거부로 전셋집을 뺀 세입자는 자신이 살던 집에 누가 실제로 사는지 확인할 수 있다.
전·월세전환율 조정과 임대차 정보 열람권을 강화하는 내용 등을 담은 ‘주택임대차보호법 시행령’ 개정안이 29일 시행됐다. 개정된 주임법은 전·월세전환율을 기존 4%에서 2.5%로 낮췄다. 전·월세전환율은 전세를 월세로 바꿀 때 법적 전환율로, 월세를 전세로 바꿀 때는 적용되지 않는다.
예를 들어 5억원인 아파트 전세 보증금 중 1억원을 월세로 돌린다고 가정할 때, 현재는 세입자가 월세로 33만3300원을 내야 한다. 그러나 오는 29일부터 전·월세 전환율 2.5%가 적용돼 매달 부담하는 월세가 20만8300원으로 낮아진다. 전·월세 전환율은 세입자가 계약갱신청구권을 사용한 경우에만 적용된다. 신규 계약 때는 집주인이 전세나 월세 가격을 정할 수 있기 때문에 전환율이 무의미하다.
전·월세전환율은 2.5%로 고정되는 것은 아니다. 한국은행 기준금리에 시행령으로 정한 이율(2%P)을 더하는 방식으로 산출된다. 현재 기준금리가 0.5%이기에 전·월세전환율이 2.5%이다. 기준금리가 변하면 전환율도 자동으로 바뀐다.
세입자의 갱신 요구를 집주인이 허위 사유를 들며 거절하지 못하게 하기 위해 전 세입자에게 임대차 정보열람권이 확대된다. 7월 말 개정된 주택임대차보호법은 집주인이 실거주를 이유로 세입자의 계약 갱신을 거절한 뒤 제3자와 임대차 계약을 맺었다면 기존 세입자에게 손해배상을 하도록 규정했다. 개정 시행령에 따라 퇴거한 세입자는 자기가 살던 집에 집주인이 실제 거주하고 있는지 등을 확인하기 위해 임대인과 임차인 이름, 임대차 기간, 보증금, 확정일자 현황 등의 정보를 볼 수 있다."
https://www.chosun.com/economy/real_estate/2021/02/17/UESO7U54DFD7BEPL3JKVK2D35Q/,"대보건설이 서울 금천구 가산동에서 지식산업센터 ‘G밸리 하우스디 와이즈타워’ 내 기숙사 시설을 공급한다. 지식산업센터는 이미 준공해 입주를 시작했고, 기숙사는 오는 3월부터 입주할 예정이다. 분양을 받고서 1~2개월 후부터 임대료를 받을 수 있는 만큼 투자금을 빠르게 회수할 수 있을 것으로 예상된다.
G밸리 하우스디 와이즈타워는 지하 5층~지상 13층, 1개 동, 연면적 3만1000㎡ 규모다. 지상 1층에는 근린생활시설, 2층~10층에는 지식산업센터(259개 업체), 11~13층에는 기숙사(111실)가 들어선다. 지식산업센터가 들어선 서울디지털산업단지(G밸리)에 이미 1만개 넘는 기업이 입주해 있고, 단지 내 고용 인원도 16만명에 달하는 만큼 기숙사 수요도 풍부한 편이다. 분양 관계자는 “주변 오피스텔보다 분양가가 저렴해 투자 비용 대비 높은 수익률을 기대할 수 있다”고 했다.
기숙사 전용면적은 기본타입 기준 21.23㎡(분양면적 41.92㎡)이다. 총 6가지 타입으로, 모든 호실에 발코니가 설치돼 있어 실사용 면적이 넓은 편이다. 기존 지식산업센터 기숙사에서는 보기 드문 특화 설계도 제공된다. 내부는 공간 활용과 개방감이 뛰어난 테라스형으로 설계됐다. 빌트인 냉장고·세탁기, 2구 전기 쿡탑, 주방 레인지 후드, 실내 환기시스템 등이 풀옵션으로 설치됐다. 홍보관은 금천구 가산디지털2로 70, 대륭테크노타운19차 빌딩에 있다."
https://www.chosun.com/economy/real_estate/2021/09/22/YFT6J6MHNJGYZOSKCCHLZGKLFU/,"최근 1년여 동안 서울에서 집을 산 20~30대 중 절반 이상이 전세 끼고 주택을 매수하는 ‘갭 투자’를 한 것으로 나타났다. 특히 20대는 갭 투자 비율이 70%를 웃돌았다. 집값·전셋값 상승세가 지속되면서 불안해진 젊은 층이 자금 여력이 없는 상황에서 무리하게 주택 구입에 나서고 있다는 우려가 나온다.
22일 더불어민주당 천준호 의원실이 작년 3월부터 올해 7월까지 서울 지역 주택 매수자들이 국토부에 제출한 자금조달계획서 19만3974건을 분석한 결과, 이 기간 서울에서 집을 산 20~30대 6만3973명 가운데 기존 세입자 임대보증금을 떠안은 사람이 3만3365명으로 52.2%를 차지했다. 특히 20대는 갭 투자 비율이 71%나 됐다. 30대의 갭 투자 비율은 49%였다.
과거엔 주택 매수 자금을 어떻게 조달하는지를 보여주는 통계가 없었다. 하지만 지난해 3월부터 서울 등 규제지역에서 3억원(비규제지역은 6억원) 이상 집을 사면 자금조달계획서 제출이 의무화되면서 대출 의존도나 갭 투자 비율을 파악할 수 있게 됐다.
전체 서울 주택 매수자의 평균 매입 가격은 7억9900만원이었다. 평균적인 매수자의 경우 매입 자금은 부동산 처분 대금 2억9100만원, 임대보증금 1억7500만원, 금융기관 예금액 1억1600만원, 주택담보대출 9100만원의 순으로 조달한 것으로 집계됐다.
반면 서울 주택을 매수한 40세 미만의 평균 주택 매매가격은 6억9700만원으로 전체 평균보다 1억원가량 낮았다. 30대의 거래가 5만3839건으로 전 연령대에서 가장 많았고, 평균 주택 가격은 7억4100만원이었다. 20대의 거래량은 1만134건, 평균 가격은 4억7200만원이었다."
https://www.chosun.com/economy/real_estate/2021/09/01/RO3IMMQUNFCM7OUKMCBHSHZ5QQ/,삼성물산 건설 부문은 지난 3월 근로자의 작업중지권을 전면 보장하는 ‘작업중지권리 선포식’ 이후 지난달까지 6개월 동안 국내외 84개 현장에서 총 2175회의 작업중지권이 사용됐다고 지난 31일 밝혔다. 작업중지권이란 근로자가 공사 중 위험을 감지했을 때 작업 중단을 요청할 수 있도록 보장하는 제도다.
https://www.chosun.com/economy/real_estate/2022/10/26/GRWNOVAMXRE5VFUOQIOJEGOW3M/,"국내를 대표하는 첨단 해양 레저 관광 도시로 개발 중인 경기도 시화MTV(멀티테크노밸리) 거북섬에 아파트와 오피스텔, 대형 상가를 갖춘 복합 단지가 공급된다. 대우건설이 경기도 시흥시 정왕동 2715번지 일원서 ‘시화MTV 푸르지오 디오션’<조감도>을 분양할 예정이다. 단지는 지하 2층~지상 최고 35층 8개동(棟) 규모로 아파트 400가구와 오피스텔, 근린생활시설 등으로 구성된다. 이번에 분양하는 물량은 전용면적 53~119㎡ 오피스텔 584실이다.
시화MTV 푸르지오 디오션은 전체가 서해 조망이 가능한 ‘오션뷰’ 오피스텔로 조성된다. 4.5m 높이의 복층 설계를 적용하고, 전실에 테라스가 제공된다. 지하 1층에 오피스텔 입주민 전용 피트니스센터, 스크린 골프, 스파, 회의실 등이 들어선다. 풀무원푸드앤컬처와 협업해 삼시세끼를 제공하는 홈푸드 서비스도 제공할 예정이다.
서울 지하철 4호선과 수인선이 지나는 오이도역 이용이 쉽고, 서해안고속도로·평택시흥고속도로·영동고속도로 등 도로 교통망도 잘 갖춰져 있다. 분양 관계자는 “거북섬 내 최고 높이라는 상징성과 메이저 건설사의 브랜드 파워가 맞물려 지역을 대표하는 랜드마크 단지가 될 것”이라고 말했다."
https://www.chosun.com/economy/real_estate/2021/06/09/QT6Y4INOEFDPPMSBFDYTSAUQWE/,"DL이앤씨(옛 대림산업)는 현대엔지니어링과 컨소시엄을 구성해 경기 수원시 ‘신성신안쌍용진흥아파트’ 리모델링 사업을 수주했다고 7일 밝혔다. 현재 1616가구인 단지를 수평·별동 증축 리모델링을 통해 지하 3층∼지상 20층 21개 동, 총 1854가구로 탈바꿈하는 프로젝트다. 총 공사비는 3926억원 규모로 DL이앤씨와 현대엔지니어링의 지분은 55대 45다. 2023년 10월에 착공해 2026년 11월 준공 예정이다.
올해 리모델링 시장에 복귀한 DL이앤씨는 지난달 3225억원 규모의 산본 우륵아파트에 한 달 사이 5400억원 규모의 사업을 수주했다. DL이앤씨는 앞서 국내 최초의 공동주택 리모델링 사업인 마포 용강아파트(현 강변그린아파트)를 비롯해 압구정 현대사원아파트(현 대림아크로빌), 이촌동 로얄맨션 등의 리모델링 공사를 성공적으로 수행했다.
현대엔지니어링도 올해 리모델링 시장에서 주목할만한 수주 성과를 올리고 있다. 지난 3월 광명철산한신, 5월 가락쌍용1차 등 상반기에만 약 6000억원 규모의 리모델링 사업을 따냈다."
https://www.chosun.com/economy/real_estate/2023/05/26/T7BPQJA4WRBPJCKE6APYKQ3WQE/,"부동산 시장 침체에 서울 상가 거래량이 전년보다 65% 쪼그라든 것으로 집계됐다. 엔데믹으로 인한 상권 활성화에도 고금리와 경기침체 우려로 소비심리와 투자심리가 위축되면서 상가 시장에 한파가 이어지고 있다.
26일 상업용 부동산 데이터 기업 알스퀘어에 따르면 올 들어 지난 22일까지 서울 상가 거래량은 391건으로, 작년 같은 기간보다 64.7% 감소했다. 임대료도 제자리 수준이었다. 한국부동산원이 지난달 발표한 ‘1분기 상업용 부동산 임대동향조사 통계표’에 따르면 1분기 서울 중대형 상가의 임대료는 1㎡당 5만2200원으로 1년 전보다 1.2% 오르는데 그쳤다. 부동산원은 3층 이상에 연면적이 330㎡를 초과하면 중대형 상가로 분류하고 있다.
다만 매매가격은 코로나 팬데믹 이전과 비교해 큰 폭으로 상승했다. 올해 서울 상가 대지면적 3.3㎡당 평균 매매가는 8927만원으로, 2020년 같은 기간(6590만원)과 비교해 35.5% 올랐다. 강남구 상가 대지면적 3.3㎡당 평균 매매가는 1억8117만원으로, 서울 평균보다 2배 이상 높았다. 2020년과 비교하면 66.4% 상승했다. MZ세대의 핫플레이스로 떠오르며 명품, 패션, 식음료(F&B) 업체들이 몰렸던 성수동1∙2가는 1억3240만원으로, 2020년보다 62.5% 상승했다.
진원창 알스퀘어 빅데이터컨설팅팀장은 “다양한 소비 수요가 몰리면서 최근 서울 주요 지역 상업시설 매매가가 오른 것으로 분석된다”며 “외국인 관광객 증가와 개선된 리테일 경기는 상업시설 지표에 긍정적인 영향을 미칠 수 있지만, 강남 등 일부 지역에 국한될 것”이라고 전망했다."
https://www.chosun.com/economy/real_estate/2020/10/13/7MNN7HE2WVGG3HIUT2XOK2JMIA/,"“제대로 된 식당 하나 창업하려면 시설 투자비만 수억 원이 필요하죠. 그런 부담을 모두 없애고 6개월간 오로지 장사에만 전념해 성공할 수 있도록 지원을 아끼지 않을 계획입니다.”
올 들어 코로나 사태로 가장 큰 타격을 받은 업종 중 하나가 음식점이다. 폐업이 줄을 잇는 상황에서 창업을 꿈꾸는 것은 언감생심이다. 그런데 전국 유명 노포(老鋪)를 유치해 점주에게 점포당 2억~3억원대 초기 창업비를 전액 지원하고 총괄 셰프를 파견, 각종 레시피 개발과 운영 관리까지 도와주는 ‘착한 상가 프로젝트’가 등장해 눈길을 끈다.
경기 파주 운정신도시 ‘월드타워9차’ 빌딩 1층에 추진 중인 셀렉트 다이닝 매장 ‘데인티 앨리’(Dainty Alley)가 주인공이다. 다음 달 초 문을 여는 이 매장에는 30년 넘게 대를 이어오며 운영해 온 유명 노포들이 대거 입점한다. 북한산 입구 두부 맛집 ‘만석장’과 서울 목동의 우동 맛집 ‘히노야마’ 등이다. 파주에서 노포로 구성한 셀렉트 다이닝 매장은 처음이다.
◇검증된 노포로만 구성한 첫 매장
이번 프로젝트를 기획한 이봉현 디앤티홀딩스 대표는 “성공 가능성이 높은 노포를 직접 운영할 기회는 흔치 않다”며 “더구나 6개월간 초기 투자비 없이 점포를 운영해볼 수 있어 예비 창업주들에게 좋은 기회가 될 것”이라고 했다. 실제 데인티 앨리는 주변에 아파트 10만여 가구가 입주한 운정신도시 중심 상권이고 경의중앙선 운정역도 가깝다. 인기가 검증된 노포가 들어오면 지역의 중심 식당가로 자리 잡을 가능성이 높다.
데인티 앨리에 입점할 식당은 중소벤처기업부 주관 ‘백년의 가게’에 선정된 ‘만석장’을 비롯해 히노야마, 연희단팥죽, 발재반점, 덕자네방앗간, 신촌영양센터, 파주단골집, 비밀시그니처, CAFÉ THIN(카페 씬)등 9곳이다.
만석장은 3대째 내려오는 65년 전통의 두부 요리 전문점이다. 파주단골집은 45년, 히노야마는 25년 동안 줄곧 인기를 유지해왔다. 이런 노포는 프랜차이즈 식당과 달리 자영업자들이 원한다고 해서 해당 식당 이름을 달고 점포를 내기가 쉽지 않다. 이 대표는 “실력과 열정을 갖춘 분들에게 점포를 맡겨 브랜드의 명성과 전통을 이어가겠다고 장인들을 설득해 어렵게 허락받았다”고 했다.
◇초기 투자비 20억원 파격 지원
각종 혜택이 큰 만큼 노포를 운영할 점주는 심사를 통해 선발할 예정이다. 점주 신청자 대상으로 1차 면접, 최소 3주간 현장 실습, 2차 심사까지 거쳐야 한다. 현재 식당을 운영 중인 장인들이 직접 도제식으로 교육한다. 노포의 맛과 품질을 유지하기 위해 관리를 받겠다는 서약도 해야 한다.
선발된 점주는 초기 투자 비용 부담 없이 6개월간 시험 운영할 기회를 얻게 된다. 총 20억원에 달하는 점포 인테리어·주방 시설 등 투자비를 시행사(에이치디벨럽)와 디앤티홀딩스가 전액 지원한다. 보증금과 임차료만으로 6개월간 추가 비용 없이 점포를 운영할 수 있는 것. 권강수 상가의신 대표는 “점포 한 곳당 최대 3억~4억원에 달하는 초기 투자비는 회수할 방법이 없어 예비 식당 창업자에게 가장 큰 리스크가 된다”며 “6개월간 초기 투자비 없이 노포 운영 기회를 얻는 셈”이라고 했다. 이 기간이 지난 후 계속 운영하기를 원하면 별도 재계약 후 인테리어·시설 투자비를 지급하면 된다. 원하지 않으면 재계약하지 않고 임대보증금을 돌려받는다.
셀렉트 다이닝이 성공하려면 브랜드도 중요하지만, 경쟁력을 지속적으로 유지하는 것이 더 중요하다. 디앤티홀딩스는 17년 전부터 ‘마루샤브’ ‘드마루’ 등 외식 브랜드를 성공적으로 운영한 경험을 살려 입점 후 사업 운영을 적극 지원해준다. 총괄 셰프와 수퍼바이저를 파견해 메뉴·레시피 개발, 식자재 관리·마케팅 등을 모두 무상 지원한다.
이 대표는 “매장 운영 자금이 필요하면 예비 점주에게 우리은행과 상담해 창업 자금을 지원할 계획”이라며 “어려운 시기에 노포 매장을 운영해 자영업자도 살고, 지역 상권도 살릴 좋은 기회가 될 것으로 기대한다”고 말했다."
https://www.chosun.com/economy/real_estate/2022/06/08/SUQCGFXEORFU5FJGNKRCA3D6DI/,"부영그룹은 전남 여수시 노인들의 복지 증진을 위해 노인회관 ‘우정원(宇庭園)’을 신축해 대한노인회 여수시지회에 기부했다고 8일 밝혔다.
우정원은 여수시 신월로 685 일대에 지상 4층 규모로 건설됐으며, 사무실, 교육실, 강당 등을 갖췄다. 기존 여수시 노인회관은 건물이 좁고 낡아 이용하는데 불편이 많았다. 노인회 여수시지회는 노인회관 신축을 위한 부지는 확보했지만 건축비 마련에 어려움을 겪어왔는데, 부영이 이를 해결해준 셈이다.
부영그룹은 노인 복지 증진과 권익 향상에 앞장서고 있다. 2017년에는 무주덕유산리조트 내에 100억원 상당을 들여 노인 교육원인 ‘우정연수원’을 건설했으며 독거노인 지원, 노인 행사 등을 이어오고 있다. 부영그룹 창업주인 이중근 회장은 제17대 대한노인회장을 맡기도 했다."
https://www.chosun.com/economy/real_estate/2023/04/12/73LJWHMLX5AJPN5NYM7HDVFZMM/,"“임대 아파트에 대한 주변 인식이 좋지 않아 입주 전까지 걱정이 컸는데, 지금은 주변 후배나 신혼부부들에게 적극 추천하고 있어요.”
서울 중랑구 망우동 ‘서울양원LH1단지아파트(양원 S1블록)’에 살고 있는 노현준(38)씨는 “새로 조성된 주택 지구라 쾌적하고, 각종 커뮤니티 시설이 갖춰져 있어 어린 자녀를 키우기 좋다”며 이렇게 말했다. 작년 2월 입주를 시작한 양원 S1블록은 영구·국민임대와 행복주택 등 1216가구로 구성된 공공임대주택 단지다. 지난 5일 찾은 이 단지는 ‘성냥갑’으로 불리며 지역 사회와 단절돼 있던 기존 공공임대 아파트 이미지와는 전혀 다른 모습이었다. 아파트 입면은 돌출된 골조를 활용해 입체적으로 연출했고, 입주민뿐만 아니라 지역 주민들도 쉽게 찾을 수 있도록 단지와 맞닿은 대로 변을 따라 어린이집을 비롯해 작은 도서관, 방과 후 교실, 경로당, 시각장애인 쉼터 등 다양한 커뮤니티 시설이 가로로 넓게 배치돼 있었다. LH(한국토지주택공사) 관계자는 “임대주택 단지 내에 지역 주민에 개방된 맞춤형 커뮤니티 시설을 확충해 지역 소통의 거점이 될 수 있도록 했다”고 설명했다.
◇100년 가는 주택
양원 S1블록은 주택 수명 100년을 목표로 하는 ‘장수명 주택’으로 지어졌다. 장수명 주택은 사회 인구구조 변화에 대응하고 재건축으로 인한 자원 낭비를 방지하기 위해 2014년부터 도입된 제도로, 성능 등급에 따라 최우수·우수·양호·일반 4개 등급 인증이 가능하다. LH는 기존 공동주택보다 내구성이 뛰어나고, 골조 벽체 파괴 없이도 쉽게 구조 변경이 가능한 장수명 주택 공급을 지속적으로 추진해왔다.
장수명 주택 ‘양호’ 인증을 받은 양원 S1블록은 기존 단지보다 고강도 콘크리트를 사용해 내구성을 강화했다. 또 일반적인 아파트가 기둥 없이 벽으로 건물을 지탱하는 ‘벽식 구조’인 것과 비교해 양원 S1블록은 기둥과 보가 하중을 부담하는 ‘라멘 구조’로 지어졌다. 벽으로 전달되는 층간 소음 발생을 줄일 뿐 아니라, 쉽게 벽을 허물어 가구를 통합하거나 평면을 바꿀 수 있다. 예컨대 전용 26㎡ 소형 평면 수요가 줄어 공실이 늘어날 경우 두 가구를 합쳐 52㎡로 바꾸는 것이 가능하다는 뜻이다. LH 관계자는 “고품질 장수명 주택을 지어 30년마다 짓고 부수고를 반복하는 악순환을 끊는 것이 목표”라고 했다.
◇육아 최적화 공공분양 단지
LH는 또 무주택 서민의 내 집 마련을 위해 역세권 핵심 입지에 변화하는 주택 트렌드를 반영한 공공분양 주택을 공급하고 있다. 작년 12월 입주를 시작한 경기 양주시 덕계동 ‘양주회천 한양수자인(A-17블록)’은 도보 5분 거리에 1호선 덕계역이 위치해 있고, 단지 서쪽으로는 고장산의 자연 녹지를 접하고 있는 ‘역세권·숲세권’ 단지다. 공공분양 506가구와 행복주택 254가구, 총 760가구로 구성돼 있다.
A-17블록은 민간분양 단지와 비교해도 손색이 없는 아름다운 조경을 자랑한다. 단지 내 경사 지형을 활용해 건축물이나 옹벽 벽면마다 초목을 심어 수직정원을 만들었고, 마치 숲속을 걷는 듯한 산책로도 단지 내부를 한 바퀴 빙 둘러 조성돼 있다. 단지 입구에 위치한 ‘문화광장’에는 핑크뮬리 등 여행지에서나 볼 수 있는 화초를 심고 야외 테이블을 설치해 입주민들이 편안한 휴식을 즐길 수 있게 했다.
이 단지는 신혼부부 선호도가 높은 전용 55㎡(513가구), 전용 59㎡(247가구) 중소형 평형으로 전 가구를 구성했다. 단지 내 위치한 어린이집은 중정형(中庭形)으로 꾸며져 아이들이 비가 오는 날에도 실내 놀이터에서 자유롭게 뛰어놀 수 있도록 설계했고, 법정 기준보다 2.5배 크게 지어져 유치원 수준의 규모를 자랑한다.
이 밖에도 숲을 테마로 한 놀이터와 물놀이 시설을 도입한 ‘촉촉놀이터’가 단지 내에 설치돼 있고, 어린이집 주변으로 작은 도서관과 공동육아방, 장난감 도서관, 방과 후 돌봄 교실을 함께 계획해 유아뿐만 아니라 아이들이 성장에 맞춰 다양한 시설을 이용할 수 있도록 했다. MZ세대 신혼부부를 위해 2개층 이상의 층고로 계획된 피트니스 시설, 파티룸으로 활용이 가능한 게스트하우스도 단지 내에 마련돼 있다. LH 관계자는 “앞으로도 국민 눈높이에서 입주민이 체감하는 공공주택 품질 혁신에 매진하겠다”고 했다."
https://www.chosun.com/economy/real_estate/2025/06/10/SPOD4QNUW5AVLDISZ57FXQOTV4/,"한국토지주택공사(LH)가 경기 과천 지식정보타운의 신혼희망타운 아파트에 대한 청약 일정을 1주일 연기했다. 주변 시세와 비교했을 때 10억원 가까이 차이가 나는 ‘로또 청약’으로 알려지면서 신혼부부들의 문의가 빗발쳤기 때문이다.
LH는 9일 진행 예정이었던 ‘과천그랑레브데시앙’ 전용면적 55㎡ 1가구에 대한 청약을 오는 16일로 연기했다.
472가구 규모 이 단지의 최초 분양 공고 시기는 2020년으로, 당시 기본 분양가는 5억3933만원이었다. 발코니 확장비(760만원)와 옵션 선택 비용을 포함해도 총 분양가는 5억원 중반대다. 이번에 1가구가 해약되면서 재공급이 결정됐는데, 분양가는 5년 전 가격으로 책정됐다.
인근 단지인 ‘래미안슈르’ 전용면적 59㎡ 아파트가 지난달 28일 16억5000만원에 팔렸다. 래미안슈르의 평형이 조금 더 크지만, 2008년 준공된 단지라는 점을 고려하면 과천그랑레브데시앙의 경우 10억원가량의 시세 차익이 예상됐다.
‘10억짜리 로또 청약’이라는 별칭이 붙으며 해당 아파트는 부동산 전문 사이트에서 인기 검색어 상위를 차지했다. LH에는 ‘부부가 각각 청약 가능한지’를 묻는 문의가 빗발쳤다. LH 측은 “당초 올라온 공고에는 이 부분이 명확하지 않았다”며 “신청 자격에 관한 사항인 만큼 부부가 각각 청약할 수 있다고 명확히 기재해 정정 공고했다”고 밝혔다.
신청 자격은 모집 공고일 기준 전국 거주 무주택 세대 구성원으로 ▲혼인 7년 이내 또는 6세 이하 자녀를 둔 신혼부부 ▲1년 내 혼인 증명이 가능한 예비 신혼부부 ▲6세 이하 자녀를 둔 한부모 가족 중 한 조건을 갖추면 된다. 청약통장 가입 여부, 소득‧자산 기준, 과거 당첨 이력 등은 심사에 반영되지 않는다.
전매 제한은 당첨자 발표일로부터 3년, 실거주 의무는 최초 입주 가능일로부터 5년이다. 또한 신혼희망타운 청약자는 수익 공유형 모기지에 가입해야 한다. 연 1.3%의 고정금리로 집값의 70%, 최대 4억원까지 빌려주는 대신에 매매할 때 대출 기간과 자녀 수에 따라 시세 차익의 최대 50%까지 주택도시기금으로 환수한다. 당첨자 발표일은 오는 20일이다."
https://www.chosun.com/economy/real_estate/2021/08/21/K3TLRMRHDFHFZLIIZNABDUXW3Q/,"<대권주자 주택공약 철저 분석>- ⑤반의 반값 아파트 공약 논란
정부의 26번 대책에도 집값 폭등세가 지속되면서 대선주자들의 주택공약 경쟁이 본격화되고 있다. 특히 여권의 이재명 경기도 지사와 야권의 홍준표 의원은 장기임대 주택과 토지임대부 주택을 통한 ‘‘4분의 1값’ ‘반의 반값’ 아파트를 공약했다. 실현 가능성은 있을까.
여권 대선주자인 이재명 경기도지사는 역세권에 짓는 30년 장기임대주택인 기본주택을 임기 내에 100만 가구를 공급하겠다고 공약했다. 30평대 월세를 60만원 선에 책정하겠다고 하면서 임대료가 시세의 4분의 1이라는 분석이 나온다. 재원마련과 관련, 건설될 아파트를 담보로 제공, 금융권에서 건설비를 빌리겠다고 한 것이 논란이다. 야권의 윤희숙 의원은 “나뭇잎을 타고 압록강을 건너는 격”, “폰지사기(돌려막기)”라고 비판했다. 유승민 의원은 “갈수록 허경영 닮아간다”고 비판했다.
‘반값 아파트 공약’의 원조인 ‘국민의 힘’ 대선주자 홍준표 의원도 서울 강북을 대규모 재개발, 시세의 4분의 1로 아파트를 공급하겠다고 했다. 재개발, 재건축에 용적률 인센티브를 부여하는 대신 토지를 기부채납 받아 아파트를 짓고, 토지는 임대하고 건물만 분양하는 방식이다.
◇이재명, 구체적 재원마련과 택지 확보 방안 안 밝혀
이재명 지사의 기본주택공약이 전혀 불가능한 것도 아니다. 이명박 전 대통령은 2007년 7월 임기 중 매년 12만쌍의 신혼부부에게 집을 한 채씩 지원해주는 이른바 ‘신혼부부 반값’ 아파트를 공약했다. 5년간 60만호 공급을 약속했다. 30년 장기저리로 월 40만∼55만원씩 상환하도록 하는 정책이다. 큰 논란이 되지 않은 것은 택지확보 방안이 있었기 때문이다. 이명박 전 대통령은 용적률을 10% 상향 조정하고 도시주변의 신규 공급택지를 활용하는 계획을 밝혔다.
이재명 지사의 역세권 임대주택과 유사한 정책이 오세훈 서울시장의 역세권 시프트(장기전세주택)이다. 1기 시장 시절 오 시장의 역점 사업으로, 역 반경 350~500m 이내 지역을 고밀 개발해서 공급하는 방식이다. 용적률을 최대 500%까지 완화해 주고 용적률 증가분의 절반을 장기전세주택(시프트)으로 공급하는 것이다. 공공기관이 건축비만 내고 건물을 사들여 일반인들에게 저렴하게 임대하는 방안이다.
주택 공약의 핵심은 재원과 택지마련 방안이다. 그러나 이재명 지사는 구체적 방안을 내놓지 않아 허경영식 공약이라는 비판을 자초하고 있다. 지금도 정부가 연간 10만 가구 이상의 공공임대주택을 공급하고 있는데, 일부 정부 예산과 주택도시기금이 투입되고 있다. 국토부는 2017년에 “연간 17만가구의 공공임대주택 공급에 필요한 재원에 문제없다”고 주장했다. 현실성 있는 공약이 되려면 이명박 전 대통령이나 오세훈 시장처럼 ‘용적률 인센티브’를 통한 토지 확보, 광역철도와 연계한 신도시 개발 활용 등 구체적인 택지 확보 방안을 제시해야 한다.
◇홍준표, 4분의 1값 아파트 공급규모는 안 밝혀,
홍준표 의원의 ‘반의반 값 아파트’의 핵심은 재개발, 재건축 용적률을 높여주는 대신 토지를 기부채납 받는 것이다. 기부채납 받은 토지에 토지임대부 주택을 지어 분양하겠다는 구상이다. 토지임대부 주택은 건물은 분양하고 토지는 장기 임대하는 방식이다. 토지를 국유화하는 싱가포르에서 주택을 공급하는 방식이다. 국유지가 많지 않은 한국에서는 비현실적이라는 지적을 받아왔다.
홍의원은 용적률 인센티브와 토지임대로 돌파구를 찾았다. 서울의 경우, 토지가격이 비싸 건축비 자체만 놓고 보면 아파트 가격의 4 분의 1 이하인 경우도 많아 전혀 불가능한 것도 아니다. 강남의 경우, 분양가 상한제를 적용받은 아파트들이 시세의 절반에 분양되는 사례도 있다.
문제는 물량확보이다. 용적률을 무한정 높일 수는 없다. 더군다나 도시계획 권한 자체가 지자체에 있다. 홍준표 의원은 “청년과 젊은이들에 대해서는 홍콩과 뉴욕처럼 도심 초고층, 고밀도 개발을 하여 저렴하게 그들의 주거 공간을 마련해 줌으로써 직장과 주거에 근접한 곳에 두어 출퇴근 시간을 대폭 줄이고 교통량을 감소시켜야 한다”고 했다. 용적률을 대폭 풀어주겠다는 의미이지만, 어디서 얼마나와 같은 구체성 자체가 결여돼 있다.
◇야권 후보들, 정부 정책 비판에 집중, 대안 공약 안보여
홍의원의 공약은 일부 문제가 있지만 ‘국민의 힘’ 대선주자 중에 유일하게 눈길을 끄는 주택공약을 내놓았다는 점에서 의미가 있다. 윤석열 전 검찰총장, 최재형 전 감사원장, 유승민 의원, 윤희숙 의원은 현 정부 주택정책과 이재명, 이낙연 등 여권 후보의 정책에 대해서 날카로운 비판을 하고 있다.
하지만 자신들이 제시한 공약은 문재인 정부가 강화한 세금과 규제를 풀고 도심 재건축 재개발 용적률을 높이는 정도에 그치고 있다. 무주택 서민들에게 희망을 줄 수 있는 차별화된 공약은 보이지 않는다."
https://www.chosun.com/economy/real_estate/2023/05/04/MQXSLJQ6UZEDVKGYEISTGGN4XM/,"건설 회사 한양이 미래 성장 동력으로 육성 중인 친환경 에너지 사업 확대를 위해 세계 최대 산업용 가스 기업인 독일의 린데와 손잡고 수소 사업에 진출한다고 4일 밝혔다. 한양은 전날 독일 프랑크푸르트에서 린데, 전라남도와 함께 여수시 묘도에 ‘블루 수소’ 생산 단지를 조성하기 위한 8억달러(약 1조593억원) 규모 투자 협약을 체결했다.
수소는 물 또는 석탄·천연가스 같은 화석연료에서 추출하는데, 액화천연가스(LNG)에 탄소 포집 기술을 접목해 온실가스 배출을 최소화하면서 만든 수소를 ‘블루 수소’라 부른다. 린데는 블루 수소 생산의 핵심인 탄소 포집 및 저장 기술을 보유하고 있다.
2015년 ‘묘도 항만 재개발’ 사업자로 선정된 한양은 이 지역에 대규모 LNG 터미널을 주축으로 한 ‘에코 에너지 허브’를 조성하고 있다. 이번에 투자 협약을 맺은 수소 단지도 그 일환이다. 2030년까지 연간 8만t 규모의 블루 수소를 생산할 수 있는 설비를 갖추게 된다.
김형일 한양 대표는 “블루 수소 생산 클러스터가 미래 청정 수소 산업 발전과 탄소 중립 실현을 위한 전초 기지가 될 것”이라고 말했다."
https://www.chosun.com/economy/real_estate/2023/09/26/NZSKTTUPFZBAJHRSFOLYDYMMVI/,"서울 종로구 통의동에 있는 복합문화공간 ‘브릭웰’(Brick Well). 우리말로 ‘벽돌 우물’이다. 건축주 A씨는 내부가 원통형으로 지상 4층까지 뻥뚫린 이 건물 외장재로 반드시 벽돌을 써달라고 시공사에 주문했다. 벽돌과 벽돌 사이에 비워놓은 공간을 통해 들어온 빛을 조경에 활용하도록 만든 설계안을 살리기 위해서다. 벽돌 시공에는 흔히 시멘트와 모래를 섞은 몰탈을 벽돌 사이에 발라 고정시키는 ‘습식공법’을 적용한다. 하지만 기존 습식 공법으로는 이같은 설계안을 구현하기 어려웠다. 시공을 맡았던 기로건설은 3개월여 고민 끝에 건물 위치별로 다른 공법을 사용하는 방법을 고안했다. 벽돌 안쪽에 뚫린 구멍으로 내진용 연결 철물을 끼워 조립하는 ‘건식공법’을 적용한 것. 덕분에 ‘시옷(ㅅ)’자 모양을 천장까지도 설계안대로 시공할 수 있었다.
최근 독특한 외관을 갖춘 건물들이 지역 랜드마크로 속속 자리잡고 있다. 개성있는 디자인이 건물 가치와 임대료도 끌어올리는 추세인 것이다. 하지만 건축가가 아무리 멋진 설계안을 내놔도 시공사 역량이 부족하면 도루묵이다. 눈에 띄는 건물을 짓고 싶은 건축주일수록 시공사 선정이 어느 때보다 중요해진 것. 시공사만 잘 뽑으면 건물짓는데 70~80%는 성공한 것이나 다름없다는 말도 있다. 김효일 기로건설 대표는 “대부분 시공사가 복잡하거나 난이도 높은 설계안을 보면 공사비 증액을 요구하거나, 준공 후 하자 발생 가능성을 무시한 채 설계안대로만 무작정 짓는다”며 “시공사를 고를 때 포트폴리오나 재무상태도 살펴야겠지만 창의적이고 다양한 대안 시공 경험을 갖고 있느냐가 더 중요하다”고 했다. 땅집고가 오는 10월 24일 개강하는 ‘시공실전 마스터클래스 6기’ 과정 강사들에게 실력있는 시공사의 기준과 이를 알아볼 수 있는 요령에 대해 들어봤다.
◇“최저가라고 무조건 좋은 건 아니다”
실력있는 시공사라면 품질·원가·안전·공기(工期) 등 4가지 영역에서 경쟁력과 노하우를 갖춰야 한다. 하자를 줄여 품질을 높이고, 안전을 담보하되 자재 원가와 공기를 줄여 건축주 수익을 높여줄 수 있어야 한다는 것이다.
설계도면대로 시공할 경우 벌어질 상황을 예측하고 자재나 공법을 바꿔 비용을 줄이는 것도 시공사의 실력이다. 박정수 트래콘건설 사장은 “같은 가격이라면 설계도에 나온 자재를 열효율이 더 높은 자재로 바꾸는 방법을 제안해 볼 수도 있다”며 “공사비에는 큰 차이가 없지만 준공 후 건물 에너지 비용을 절감할 수 있다”고 했다.
김 대표는 “최저가라고 무조건 좋은 건 아니다”라고 했다. 시공사가 약속한 금액에 제대로 된 품질로 공사를 마칠 수 있느냐가 더 중요하다는 것. 그는 “최저가로 공사를 따낸 뒤 나중에 돈을 더 내라고 요구하는 경우도 수두룩하다”고 했다. 난도가 높거나 특수 공법이 필요한 공사는 비용이 더 필요하다. 그런데 도면을 제대로 이해하지도 못한 채 최저가를 써냈다가 도중에 공사를 포기하고 마는 경우도 적지 않다는 것. 김 대표는 “작은 공사는 3곳, 100억대 이상 큰 공사는 5곳 정도 견적을 받아보라”면서 “대체로 중간 가격을 써낸 업체가 합리적”이라고 했다. 그는 “평균보다 10% 이상 낮은 견적금액은 의심해 보는 것이 좋다”고 했다.
◇직원 기술력 사전체크…하자보증서도 받아야
안전 관리 능력도 좋은 시공사의 조건이다. 전문가들은 토목 공사 단계에서 지반 체크가 가장 중요하다고 했다. 지반이 단단하지 않으면 준공 후 침하가 일어나 건물이 기울고 구조물에 크랙(금)이 생기거나 방수층이 깨져 누수도 발생한다. 박 사장은 “도심에서 땅을 깊이 파야 한다면 현장에 기술자가 상주하며 돌발 상황에 대비해야 한다”고 했다.
건축주에게 가장 골치아픈 일은 하자다. 건물은 변수가 많은 현장에서 만드는 완제품이라서 아무리 시공을 잘해도 하자를 완전히 피하기는 어려운 탓이다. 박 사장은 “건물 기능을 저해하는 하자를 얼마나 빨리 처리하느냐 여부도 실력 있는 시공사를 판가름하는 기준 중 하나”라고 했다.
건축주는 준공 이후 발생할 수 있는 하자에 대비하기 위해 준공승인 후 한 달 안에 시공사로부터 하자보증서를 받아야 한다. 보증서가 있으면 준공승인 이후 2년 이내에 하자에 대해 수리를 요청할 수 있다.
시공사 평판도 중요하다. 시공사가 지었던 건물의 건축주나 함께 일했던 설계사무소 등을 통해 실력이나 신용도, 경영마인드 등을 체크해야 한다. 또 실제 공사를 수행하는 현장 직원들의 실력도 검증해야 한다. 박 사장은 “시공 계약 당시 현장소장과 직원들의 이력서를 요구해 기술관리 능력이 있는지 판단할 수 있다”고 했다."
https://www.chosun.com/economy/real_estate/2024/06/21/KMT5XO3ZIZAW5H6HOR7GHYNOOQ/,"‘줍줍(줍고 또 줍는다는 뜻의 신조어)’이라 불리는 아파트 무순위 청약 시장도 분양가 따라 양극화가 심화되고 있다. 시세보다 조금이라도 저렴하게 나온 단지에는 구름 인파가 몰리는 반면, 10번 넘는 무순위 청약으로도 미분양 물량을 털지 못하는 사례도 있다.
21일 한국부동산원 청약홈에 따르면, 최근 무순위 청약을 받은 경기 성남시 중원구 ‘e편한세상 금빛 그랑메종’ 전용 84㎡ 1가구에는 19만8007명이 신청했다. 5년 전 최초 분양 당시의 가격으로 공급돼 주변 시세보다 3억원가량 저렴했고, 전국 무주택자 누구나 신청 가능했던 것이 이 같은 결과를 낳은 것으로 해석된다. 지난 10일 무순위 청약을 받은 서울 동대문구 ‘청량리역한양수자인그라시엘’도 1가구 모집에 4만명 넘게 몰렸다. 마찬가지로 2019년 분양가로 공급돼 시세보다 4억원 가까이 저렴했다.
반면 수차례 무순위 청약에도 미분양을 해소하지 못하고 있는 단지도 있다. 2022년 12월 입주한 서울 강서구 ‘화곡 더리브 스카이 주상복합아파트’는 미분양을 해소하지 못해 지난 18일 17번째 무순위 청약을 받았다. 16번의 무순위 청약에도 완판에 실패한 것이다. 이번 무순위 청약에서 평균 경쟁률 1대1은 넘겼지만, 모두 계약으로 이어질지는 미지수다. 구로구 ‘남구로역 동일 센터시아’는 12번, 동작구 ‘상도 푸르지오 클라베뉴’는 7번 무순위 청약을 받았다. 이들 모두 분양가가 주변 시세와 비슷하거나 비싸다는 공통점이 있다. 부동산 개발업계 관계자는 “서울은 부동산 경기가 살아나면 주택 수요가 금방 되살아날 것이라는 기대감이 있기 때문에 분양가를 낮추지 않는 측면도 있다”고 말했다."
https://www.chosun.com/economy/real_estate/2022/07/07/YVU7XHIHEVFCJG3TBFYYEC6SSI/,"[땅집고] “지난달 중순쯤 군산역 인근에 들어서는 새 아파트 미계약분을 모델하우스에서 추첨으로 분양했는데, 소위 ‘줍줍’을 잡겠다고 군산 시민은 물론 전국 각지에서 투자자가 몰려들어 난리가 났지요. 대기표를 더 받겠다고 아수라장이 되는 바람에 경찰까지 와서 뜯어말리고…. 공시가격 1억 이하 아파트도 갭 투자자들이 싹 쓸어담았죠.”
지난 4일 전북 군산시에서 만난 공인중개사들은 “군산 집값이 이렇게 살아날 줄 누가 알았겠느냐”고 입을 모았다.
군산은 2017년 이후 지역경제가 암흑기를 거치면서 집값이 안 떨어진 아파트가 없을 정도로 시장이 얼어붙었다. 2017년 지역 경제를 떠받치던 현대중공업 군산조선소가 가동을 중단한데 이어 이듬해 GM대우 군산공장까지 철수하면서 당시 1만3000여명이 일자리를 잃었다. 그 여파로 군산 집값도 매년 마이너스 변동률을 기록했다.
하지만 긴 침체기를 겪던 군산 집값은 2020년 인근 전주시가 조정대상지역으로 묶이자 이른바 ‘풍선효과’로 집값이 조금씩 오르기 시작했다. 올 들어서는 각종 개발 호재까지 겹치면서 집값이 큰 폭으로 뛰고 있다. 지난달 둘째 주부터 3주간 군산 집값 상승률이 0.61%로 전국 1위를 기록했을 정도다.
■현대중공업 군산공장 재가동…새 아파트 실수요자 몰려
군산지역 공인중개사들은 군산 집값이 반등하는 이유로 ▲주택 공급 부족 ▲일자리 회복 ▲개발 호재 등 ‘삼박자’가 맞아떨어졌기 때문이라고 분석한다.
2017년 7월 군산공장 문을 닫았던 현대중공업이 내년부터 공장 재가동을 결정했다. 현재 군산공장 신입·경력사원 채용 절차가 진행 중이다. 지난해부터 조선업이 호황으로 돌아서면서 일감이 급증한 탓이다. 현대중공업은 지난해 선박 74척, 해양플랜트 3기 등 총 147억4300만달러(약 19조125억원)를 수주하면서 연간 목표 166%를 달성했다고 밝혔다. 현대중공업 군산공장 재가동으로 일자리가 늘고 지역 경제가 회복할 것이라는 기대감이 커지고 있다.
군산 곳곳에서 개발 사업이 가시화하고 있는 것도 부동산 시장에 호재다. 먼저 신도시 개발사업이 꼽힌다. 기존 페이퍼코리아 공장이 있던 조촌동 부지에 ‘디오션시티’가, 군산 기차역 인근에 ‘군산 신역세권’ 개발이 속도를 내고 있다. 지난달 29일에는 국토교통부가 총 사업비 8077억원 규모로 군산에 새만금국제공항을 짓는 기본계획을 수립·고시하기도 했다.
지역 경제가 회복 기미를 보이자 ‘적어도 앞으로 집값이 떨어지지는 않겠다’고 판단한 군산 실수요자들이 새 아파트나 분양권 매수에 경쟁적으로 나서는 모습이다. 경기 침체를 거치는 동안 군산에선 새 아파트 분양이 사실상 끊겼다. 2019년 2곳이 분양했고 2020년에는 한 곳도 없었다. 이 때문에 신규 주택이 부족해 새 아파트 매수세가 활기를 띠고 있는 것이다.
2020년 입주한 조촌동 ‘e편한세상디오션시티2차’(423가구)가 대표적. 이 아파트 84㎡(이하 전용면적)는 2020년 9월까지만 해도 3억5500만원에 팔렸는데, 올 3월 5억4800만원에 거래됐다. 인근 ‘군산디오션시티푸르지오’ 84㎡도 지난 5월 5억원에 2건 거래됐다.
신규 분양 시장도 뜨겁다. 지난해 12월 분양한 ‘군산 신역세권 우미린 센텀오션’과 올 3월 ‘군산 신역세권 한라비발디 센트로’가 모두 1순위 청약 마감했다. 2019년 ‘디오션시티 더샵’이 당해지역 1순위 마감에 실패했던 것과 분위기가 완전히 달라졌다.
군산시 조촌동 A공인중개사사무소 관계자는 “’한라비발디 센트로’의 경우 지난 6월 미계약 물량을 모델하우스 현장에서 추첨으로 공급했는데 청약 인파가 몰려 시행사가 가설 천막까지 설치했다”며 “미계약을 차지하려고 싸움까지 벌어지자 경찰이 출동했고 결국 시행사가 현장 계약은 없던 일로 하고 인터넷으로 접수했던 해프닝도 있었다”고 했다.
■집값 이미 많이 올라…금리 인상과 공급 과잉이 변수
공시가격 1억원 미만 저가 주택에 몰리는 투자수요도 군산 집값을 끌어올리고 있다. 현행 세법상 다주택자라도 공시가 1억원 미만 주택을 매수하는 경우 취득세 중과가 면제되는데, 군산 일대에선 실거래가 1억원 미만 아파트가 수두룩하기 때문이다. 비규제지역인 군산에선 주택담보인정비율(LTV)도 최고 60%(무주택자는 70%)까지 허용돼 매매대금을 마련하기도 비교적 수월하다.
실제로 지난 4월부터 3개월 동안 군산에서 거래량이 가장 많았던 아파트 상위 3곳은 ▲나운동 세경(59건) ▲미룡동 미룡주공3단지(49건) ▲나운동 주공5단지(44건) 순이다. 모두 입주 20년 이상이면서 20평대 기준 실거래가가 1억원 초반대 이하다.
지난해 5월까지만 해도 5000만원대에 팔리던 세경(2002년 입주·1186가구) 54㎡는 지난 5월 8000만원에 최고가를 경신했다. ‘미룡주공3단지’ 59㎡는 지난해 6월 8400만원에서 올해 6월 1억2300만원으로, 1년 만에 집값이 46% 넘게 올랐다.
박귀석 스카이공인중개사사무소 대표는 “외지 투자자들은 지난해 말부터 대거 유입됐다. 주로 법인에서 대량으로 사들이는 경우가 많았고, 부동산 투자 카페에서 모여 관광버스를 대절해 몰려온 개인 투자자들도 있었다”며 “최근에는 투자 열기가 좀 잠잠했는데, 전주가 조정대상지역으로 계속 묶이면서 비규제지역인 군산에서 투자 열기가 다시 뜨거워질 것으로 본다”고 했다.
일각에선 갭투자 수요로 집값이 오르는 저가주택을 제외하면 올 하반기 군산 아파트 가격이 큰 폭으로 상승하기는 어렵다는 전망이 나온다. 군산에서 34평(전용 84㎡) 아파트값이 5억원을 돌파한 것도 유례없는 상황인데 하반기에 추가 금리 인상 가능성이 높아 매수자들이 적극적으로 달려들기는 부담스런 상황이다.
조촌동 B공인중개사사무소 관계자는 “디오션시티 대장 아파트가 5억4000만원대로 신고가를 찍었는데, 최근엔 5억원 초반대에 급매로 나와도 사겠다는 사람이 없다”며 “군산 평균 집값이 많이 올랐지만 전반적인 거래 상황을 보면 보합 수준이라고 봐야 한다”고 했다. 땅집고 자문단은 “그동안 군산에 아파트 공급이 부족해 새 아파트로 수요가 쏠리는 현상이 강하게 나타나고 있다. 하지만 올해부터 디오션시티나 군산 신역세권 등 신도시에 신규 분양이 줄줄이 계획돼 있어 공급 과잉 여부를 주의깊게 살펴야 한다”고 했다."
https://www.chosun.com/economy/real_estate/2020/12/29/VG3HLCJ27FACXDWR6YVG3LSTMI/,"롯데건설과 포스코건설이 인천광역시 부평구 청천동 104번지 일원(청천1구역)에 ‘부평 캐슬&더샵 퍼스트’(조감도)를 분양한다. ‘부평 캐슬&더샵 퍼스트’는 총12개동에 지하 2층~지상 29층, 1623가구 규모이며 이중 1140가구를 일반 분양한다. 전용 59~84㎡까지 중소형으로만 구성됐다.
‘부평 캐슬&더샵 퍼스트’는 2021년 4월 개통 예정인 지하철 7호선 산곡역이 걸어서 7분 거리인 역세권 아파트다. 지하철이 개통하면 인천 원도심인 부평에서 서울 강남까지 한 번에 이동할 수 있다. 7호선은 현재 부평구청역까지 운행되는데, 내년에 인천 서구 석남역까지 연장되고 이후 이 노선을 청라국제도시역(공항철도) 연장하는 사업이 추진되고 있다.
반경 1㎞ 이내에 롯데마트, 아이즈빌 아울렛, CGV부평이 있다. 걸어서 5분 거리에 산곡북초, 청천중학교가 있고, 인천외고, 세일고, 명신여고 등이 있다. 부평역과 굴포천역 인근 학원가를 이용하기도 편리하다. 일반분양 가구가 전체 70% 여서 조합원이 아니어도 층과 향이 우수한 주택 당첨이 가능하다. 견본주택은 경기도 부천시 부일로205번길 62(송내역 인근)에 있다. 코로나 확산 방지를 위해 사이버 모델하우스로 운영된다."
https://www.chosun.com/economy/real_estate/2023/07/13/FHVWPUXPI5B3RB7D76YFY23JQY/,"입주가 시작된 지 10일 밖에 되지 않은 인천 서구의 한 아파트에서 폭우로 물난리가 났다. 일부 신축아파트에서 침수 피해가 잇따르자 입주민들 사이에서는 “신축아파트 자체가 괜찮은지 걱정된다”는 우려의 목소리가 나오고 있다.
지난 11일 오후 3시쯤 쏟아진 집중호우로 인천 서구 백석동의 A아파트 지하주차장과 공동현관, 엘리베이터 등이 물에 잠겼다. 1단지 연회장 커뮤니티 센터 일대가 물에 잠겼고, 지하 1층 천장과 비상구 계단 등에도 빗물이 쏟아졌다. 1단지 정문과 후문에 있는 외부 엘리베이터 2대도 바닥에 물이 고여 운행을 중단했다.
2개 단지 전체 4800여채 규모인 이 아파트는 지난달 30일부터 입주가 시작됐다.
대우건설 측은 “커뮤니티 시설에 설치된 빗물받이 용량을 초과하는 폭우가 쏟아져 배수가 원활하지 못했던 것으로 보인다”며 “1차 복구를 완료했으며 재발 방지를 위해 보완조치를 검토하고 있다”고 밝혔다.
서울에 시간당 70㎜의 폭우가 내린 11일 서울 강남구 개포동 B아파트에서도 단지 내 보행로와 공용시설이 침수 피해를 입었다. 입주 4개월 된 재건축 단지로, 전용면적 85㎡ 기준 매매가 25억원에 달하는 고가 아파트다. 지난달 말 지하주차장 침수에 이어 3주 만에 또 물에 잠겼다.
GS건설 측은 단지가 저지대에 있어 배수가 원활하게 이뤄지지 않은 것이지 시공 하자는 아니라는 입장이다.
하지만, 신축 아파트 잇단 침수에 입주민들은 “분양가 높은 신축 아파트인데 어떻게 지은 건지 모르겠다” “이러다 대형 사고라도 터질까 불안하다”고 했다.
13일부터는 다시 전국에 장맛비가 예고되어 있다. 13~14일 수도권에 비가 많이 오는 곳은 이틀간 강수량 250㎜ 이상으로 예상된다.
전문가는 아파트에서 배수 현황을 면밀히 살피는 선제 점검이 필요하다고 조언했다. 빠른 시간 내에 물을 빼낼 수 있는 배수펌프를 더 설치하고 하수구 직경 자체를 키울 필요도 있다. 또한, 물이 차면 밖으로 물을 빼내기 어려운 지하 주차장에는 물막이판을 설치할 필요가 있다고 권고했다."
https://www.chosun.com/economy/real_estate/2023/02/15/EVI7SDMP2VA6NGHICUENODF4PQ/,"정부의 대대적인 부동산 규제 완화와 시장금리 안정세로 7개월 만에 서울 아파트 거래량이 1000건을 돌파했다. 지난해 집값이 크게 내린 송파구와 강동구 대단지 실거주 수요와 안전진단 규제 완화로 재건축 기대감이 높은 노원구 노후 단지 투자 수요가 거래량 회복을 이끌었다.
14일 국토교통부에 따르면, 13일 기준 1월 서울 아파트 거래량은 1108건으로 집계됐다. 신고 기한이 보름가량 남았으나 작년 12월 거래량(836건)을 이미 뛰어넘었다. 서울 아파트 월별 거래량은 작년 6월 1067건 이후 줄곧 하락해 10월 560건으로 역대 최저치를 기록했다. 정부가 본격적으로 부동산 규제 완화에 나선 11월부터 석 달 연속 반등해 지난달 7개월 만에 1000건대를 회복했다.
자치구별로 살펴보면 송파구가 106건으로 아파트 거래가 가장 많았고, 강동구(97건), 노원구(95건) 순으로 나타났다. 송파구 가락동 ‘헬리오시티’는 1월에만 21건이 거래돼 서울 아파트 단지 중 가장 많이 거래됐다. 송파구 신천동 ‘파크리오’도 15건 거래됐고, 양천구 신월동 ‘목동센트럴아이파크위브’(14건), 강동구 고덕동 ‘고덕그라시움’(12건), 강동구 상일동 ‘고덕아르테온’(11건) 등이 뒤를 이었다.
1월부터 안전진단 규제가 완화돼 재건축 추진에 탄력이 붙으면서 노원구 노후 단지 거래도 활발해졌다. 노원구 상계동 ‘상계주공’은 모든 단지를 합쳐 지난달에만 25건이 거래됐고, 월계동 ‘월계시영(미륭·미성·삼호 3차)’도 15건 거래됐다. 박합수 건국대 겸임교수는 “송파구와 강동구 인기 대단지의 경우 가격대가 대폭 낮아지면서 실수요자들이 유입되고 있다”며 “노원구 일대는 비교적 적은 금액에 전세를 끼고 매입이 가능해 재건축 투자 수요가 몰렸을 것으로 본다”고 했다.
이달부터 9억원 이하 주택을 대상으로 최대 5억원까지 대출해주는 ‘특례보금자리론’이 본격 시행되면서 당분간은 이 같은 추세가 이어질 것이란 전망이 나온다. 다만, 본격적인 반등장으로 판단하기엔 아직 이르다는 분석이 우세하다. 함영진 직방 빅데이터랩장은 “급매물만 소진되고 있고 아파트 매매 가격 낙폭도 여전히 크다”며 “최근 5년간의 거래량 추이를 살펴보면 지난달 거래량 회복은 미미한 수준”이라고 했다."
https://www.chosun.com/economy/real_estate/2022/08/31/ATXV6YLSVRDVLMT2DXCARV5LVU/,"GS건설과 SK에코플랜트가 재개발 사업을 통해 다음 달 경기도 의왕시 내손동에서 2600가구가 넘는 대단지 아파트를 공급한다. 이번에 분양하는 ‘인덕원 자이 SK뷰’는 1기 신도시인 평촌과 인접한 입지로 교육시설 등 생활 인프라가 잘 갖춰져 있고, 메이저 브랜드의 대단지 아파트에 걸맞은 상품성을 갖췄다는 평가를 받는다.
의왕시 ‘내손-다구역’을 재개발한 인덕원 자이 SK뷰는 지하 4층~지상 최고 29층 20개 동(棟), 총 2633가구 규모로 조성된다. 이 중 전용면적 39~112㎡ 899가구를 일반에 분양한다. 전용면적 49㎡가 366가구로 가장 많고, 전용 59㎡(191가구)와 전용 74㎡(173가구) 등 중소형 물량이 대다수를 차지한다.
◇평촌 생활권 공유, 교육 환경 좋아
인덕원 자이 SK뷰는 모락산 자락에 있어 쾌적한 주거 환경을 누릴 수 있다. 백운공원·언덕공원·약수공원 등이 단지 바로 앞에 있고, 의왕국민체육센터와 내손체육공원 같은 체육시설 이용도 편하다.
평촌신도시와 인접한 입지로 쇼핑시설과 은행, 병원, 대형마트 등 생활 편의시설이 풍부하다. 다양한 기업체가 입주한 안양벤처밸리로 출퇴근이 편하다. 주변에 내손초·백운초·갈뫼중·백운고 등 학교가 많고, 평촌 학원가도 이용 가능하다.
광역 교통망도 잘 갖춰져 있다. 흥안대로·내손순환로·복지로 등을 이용해 단지로 진출입할 수 있고, 수도권 제1순환고속도로·과천봉담도시고속화도로·제2경인고속도로를 이용해 서울 강남권을 비롯해 수도권 전역으로 쉽게 이동할 수 있다. 버스 환승으로 지하철 4호선 평촌역과 인덕원역을 이용할 수 있는데, 인덕원역에 GTX(수도권광역급행철도) C 노선이 개통하면 서울 강남권의 접근성이 더욱 좋아질 전망이다.
◇커뮤니티 시설·조경 뛰어난 대단지
국내를 대표하는 두 대형 건설사가 시공을 맡은 인덕원 자이 SK뷰는 혁신적인 내부 평면 등 우수한 상품성을 갖췄다. 주변 경관과 입지 특성을 고려해 외관을 돋보이게 디자인하고, 주차장을 지하에 배치하는 대신 지상엔 녹지와 휴식 공간을 대거 조성할 계획이다. 다양한 조경을 갖춘 테마정원과 어린이 놀이터가 단지 곳곳에 마련된다. 커뮤니티 시설로는 피트니스 센터와 GX룸, 골프연습장, 사우나, 회의실 등이 들어설 예정이다. 스마트폰 앱을 이용한 실내 환경 제어, 전자책 도서관, 고효율 LED 조명, 단열 창호 등 에너지를 아끼고 입주민 편의를 높이는 다양한 첨단 기술이 적용된다.
1순위 자격 요건은 청약통장 가입 2년이 지나고, 지역별 예치 금액 이상을 납입해야 한다. 무주택자나 1주택 이하 세대주만 1순위 청약이 가능하며, 과거 5년 안에 세대주나 세대원 전원이 다른 주택에 당첨된 적이 없어야 한다. 입주자 모집공고일 기준으로 의왕시에 2년 이상 계속 거주한 경우 해당 지역 1순위로 청약할 수 있다. 의왕시 거주 기간이 2년이 안 되거나 수도권 거주자는 기타 지역 1순위로 청약해야 한다. 전용면적 85㎡ 이하는 100% 가점제로 당첨자를 선정하고, 전용 85㎡ 초과 주택은 가점제와 추첨제가 절반씩 적용된다.
GS건설 등은 코로나19 확산 방지를 위해 9월 중 사이버 견본주택을 먼저 선보이고, 이후 단지 인근에 견본주택을 열어 청약 수요자를 맞을 계획이다. 입주는 2025년 상반기 예정이다."
https://www.chosun.com/economy/real_estate/2023/09/15/TOQWTIANQFCQHAA2QCWDLOWXA4/,"문재인 정부가 부동산 시장이 안정된 것처럼 연출하기 위해 정권 내내 국가 통계를 수시 조작한 것으로 드러났다. 대통령비서실이 사전 공개가 금지된 한국부동산원 주간 통계를 집계기간 중 미리 보고받고 숫자가 마음에 들지 않으면 상승률을 낮추도록 국토교통부를 압박했으며, 국토부는 조직 축소, 예산 삭감 등을 들먹이며 부동산원에 통계 조작을 강요했다. 주요 대책이 발표된 후에는 집값 하락 폭이 큰 것처럼 통계가 작성되도록 요구하기도 했다. 이렇게 조작된 통계를 바탕으로 당시 집값이 급등하고 있었음에도 정부 고위 인사들은 ‘부동산 시장은 안정적으로 관리되고 있다’는 주장을 폈다.
◇조사중인 통계 미리 보고받고 조작 지시
15일 감사원이 공개한 ‘주요 국가통계 작성 및 활용실태’에 따르면, 문재인 정부 대통령비서실과 국토부는 2017년 6월부터 부동산원이 조사하는 서울 주간 아파트값 통계를 3일치(화~목)만 조사된 상태로 매주 금요일에 보고받았다. 기존에는 목요일 공표를 앞두고 화요일에 국토부가 보고받는 절차만 있었는데, 이를 조사가 끝나지도 않은 상태로 전주(前週)에 미리 받아본 것이다. 이는 통계법 위반이라는게 감사원 판단이다.
그해 7월부터 비서실은 3일치 통계로는 시장 상황을 충분히 파악할 수 없다며 일주일치를 예측해서 보고하도록 지시했고, 부동산원은 임의의 가중치를 곱하는 방식으로 부정확한 예측치를 제공했다. 이 예측치에 비해 확정치가 높게 보고되면 비서실은 부동산원에 사유를 규명하도록 요구했는데, 이런 요구가 조사자들에게 확정치를 낮게 작성하는 압박으로 작용한 것으로 감사원은 보고 있다.
실제 감사원 조사에서는 비서실과 국토부가 노골적으로 통계 조작을 지시한 정황들이 다수 포착됐다. 2018년 1월 4주 예측치에서 양천구 등의 아파트값이 많이 오른 것으로 나오자 비서실은 “시장을 똑바로 보고 있는거냐”고 국토부를 질책했고, 국토부는 부동산원에 “재점검해달라”고 요구했다. 그 결과 양천구 주간 변동률은 예측치(1.32%)보다 낮은 0.89%로 정해졌다. 2018년 8월 용산·여의도 통개발 보류, 8·27 대책 발표 등의 이슈가 있던 당시 비서실은 “보도자료에 정부 발표 감안시 다음주 안정 효과 내용을 담아달라”고 국토부에 요구했다. 이 요구를 전달받은 부동산원은 예측치에서 0.67%였던 서울 아파트값 상승률을 0.45%로 낮췄고 보도자료에 ‘금주 조사는 정부 정책발표가 충분히 반영되지 않음’이라는 문구도 넣었다. 앞으로 집값이 더 떨어질 것이라는 의미를 우회적으로 전달한 셈이다.
◇”이대로 가면 다 죽는다” “예산 날리겠다” 협박도
2019년 6월 김현미 전 국토부 장관의 취임 2주년을 앞두고 집값 하락세가 멈추자 국토부는 부동산원에 “이대로 가면 저희 라인 다 죽습니다. 한 주만 더 마이너스 변동률로 부탁드리면 안되겠습니까”라고 압박했다. 이에 부동산원은 서울 아파트값 변동률을 보합(0%)에서 -0.01%로 바꿨다. 이후 집값이 상승세로 돌아서자 그해 7월 국토부는 부동산원 직원을 사무실로 불러 “제대로 협조하지 않으면 감정원(부동산원의 옛 이름)의 조직과 예산을 날려버리겠다”고 협박하기도 했다.
집값 폭등세가 나타났던 2020년, 6·17 대책에 이어 7·10 대책까지 발표했음에도 집값이 계속 오르자 비서실은 “주정과장(주택정책과장)은 뭐하는 거냐”며 국토부 실무자를 질타했다. 이에 국토부는 부동산원에 “윗분들이 대책 효과를 기대하고 있다”며 변동률을 한자릿수로 낮춰달라고 요구했고, 부동산원은 0.12%였던 서울 상승률을 0.09%로 낮췄다.
당시 여당이던 더불어민주당의 선거 승리를 돕기 위해 통계를 조작한 정황도 드러났다. 2019년 12월 12·16 대책으로 15억원 초과 아파트 대출이 금지되면서 서울 강남 집값은 꺾였지만 강북과 경기·인천이 오르는 ‘풍선효과’가 나타나면서 수도권을 규제해야 한다는 여론이 비등했다. 하지만 2020년 2월 비서실은 여론 반발을 우려해 규제지역 지정 등의 대책을 총선 이후로 미루기로 하고 수도권 아파트값 동향도 사전 보고 대상에 포함시켰다. 이후 서울처럼 수도권 아파트값도 상승 원인을 파악하도록 부동산원에 요구하는 방식으로 조사자들의 통계 조작을 압박한 것으로 감사원은 판단했다.
감사원은 비서실과 국토부가 2017년 6월부터 2021년 11월까지 94회 이상 영향력을 행사해 통계수치를 조작한 것으로 파악했다.
감사원은 주택 통계 조작과 관련해 대통령비서실 관계자 6명, 국토부와 부동산원 직원 각각 3명씩 총 12명을 검찰에 수사 요청하기로 했다."
https://www.chosun.com/economy/real_estate/2024/08/12/WKM6ZDXX7ZALXFDKXBTHUYI2VI/,"“정부의 주택 공급 대책 발표로 서울 아파트 시장이 숨 고르기에 들어갈 가능성이 있습니다.”
박원갑 KB국민은행 수석전문위원은 최근 본지 인터뷰에서 “서울 아파트 값이 단기간 급등해 호가(呼價)가 너무 높아졌고, 9월 이후 금리 인하 기대감까지 모조리 선반영해 오른 감이 있어 계속 급등세를 이어가기는 어려울 것”이라고 했다.
정부는 지난 8일 서울과 수도권 그린벨트를 풀어 8만 가구를 공급하고, 빌라 등 소형 비(非)아파트를 살 경우 세금·청약에서 혜택을 주는 내용의 주택 공급 대책을 발표했다. 박 위원은 “2030세대의 경우 2020~2021년 상승기 때처럼 무리하게 ‘영끌’해 내 집 마련을 서두를 필요가 없다”며 “특히 이번 대책 발표로 서울 및 수도권의 재개발 예정 구역 빌라 투자가 늘어날 것으로 보이는데, 경험이 적은 2030세대에겐 빌라 투자는 웬만하면 권하지 않는다”고 했다. 박 위원은 내 집 마련을 원하는 2030세대라면 다른 부동산 상품보다는 아파트 공부에 집중하는 게 좋다고 조언했다. 그는 “다리품·손품·머리품 등 이른바 ‘삼품’을 팔아 부지런히 아파트 급매물을 찾고, 좋은 분양도 놓쳐서는 안 된다”고 했다.
권영선 신한은행 부동산투자자문센터 팀장은 본지에 “이번 공급 대책은 중장기적인 방안이 많아 당장 시장에 영향을 미치기는 어렵다”며 “특히 정부 정책이 대부분 청년층과 신혼부부를 위한 주택 공급에 초점이 맞춰져 있어 4050세대 중장년층에게 미치는 영향은 더 적을 것”이라고 했다. 내 집 마련을 원하는 4050세대라면 당장 조급하게 매수하기보다는 조정을 기다려볼 만하다고 했다. 권 팀장은 “집을 사기 좋은 타이밍은 다소 지난 감이 있고, 상승기에도 조정장이 한 번은 오기 마련”이라며 “주변에 휩쓸려 무리하게 집을 사는 것은 지양해야 한다”고 했다.
청약 가점이 높은 4050세대의 내 집 마련 수단으로는 분양을 1순위로 꼽았다. 다만, 이른바 ‘로또 청약’이라 불리는 분양가 상한제 단지에만 집중하기보다는 숨어 있는 ‘알짜 분양’을 노려야 한다고 했다. 권 팀장은 “청약 가점을 올리는 데 한계가 있기 때문에 전략적으로 접근할 필요가 있다”며 “트렌드쇼에서 이 같은 전략을 공개할 것”이라고 했다.
권 팀장과 박 위원은 다음 달 17일 조선일보 주최로 서울 강남구 코엑스에서 열리는 ‘2024 대한민국 부동산 트렌드쇼’에서 ‘전문가가 알려주는 2030과 4050 세대별 내 집 마련 맞춤 전략’을 주제로 강연한다."
https://www.chosun.com/economy/real_estate/2023/06/02/BQGRHHHKMNADPCWSOOTZ4GTVBA/,"국내 시멘트 업계 1위 회사인 쌍용C&E는 최근 각 거래처에 “오는 7월부터 시멘트 가격을 t당 10만4800원에서 11만9600원으로 올릴 계획”이라는 내용의 공문을 보냈다. 인상률은 14.1%다. 업계 1위인 쌍용C&E가 가격 인상 카드를 먼저 꺼내 든 만큼, 삼표·한일·아세아 등 다른 시멘트 회사들도 인상 대열에 합류할 가능성이 크다. 이렇게 되면 2021년 7월 이후 네 번째 가격 인상이다.
시멘트 업계는 “생산원가의 20%를 차지하는 전기 요금이 계속 올라 영업이익이 급감했다”며 가격 인상이 불가피하다는 입장이다. 반면 시멘트 수요자인 건설업계는 “시멘트 원가에서 비율이 가장 높은 유연탄 가격이 큰 폭으로 내렸는데, 또 가격을 인상하는 것은 부당하다”며 반발하고 있다. 시멘트 가격 인상으로 공사비가 상승할 경우, 최근 급등하는 아파트 분양가가 더 오를 수밖에 없다. 이 때문에 주택 공급이 더 위축될 수 있다는 우려까지 나오고 있다.
◇시멘트 업계 “전기료 급등에 인상 불가피”
쌍용C&E는 수요처에 보낸 공문에서 “내수 수요 증가와 더불어 유연탄 가격 안정세로 회사 경영 여건이 개선될 것으로 기대했지만, 지난 1분기 영업손실이 발생해 부득이 가격 인상을 단행한다”고 밝혔다. 쌍용C&E는 올 1분기 매출이 전년 동기보다 30.6% 증가한 4914억원을 기록했으나, 17억원 영업손실로 적자 전환했다. 수요 증가로 매출은 늘었지만, 올해 1월 1일 kWh당 13.1원(9.5%) 오른 전기 요금 때문에 수익성은 나빠졌다는 게 쌍용 C&E 측의 설명이다.
이미 시멘트 업계는 핵심 원료인 유연탄 가격이 우크라이나 전쟁으로 급등하자 지난 2년 동안 3차례에 걸쳐 가격 인상을 단행했다. 2021년 상반기까지 t당 7만5000원이었던 시멘트 7사의 평균 가격은 작년 11월 10만5000원으로 40% 올랐다. 그러나 최근 유연탄 가격은 안정되는 추세다. 우리나라가 주로 수입하는 호주 뉴캐슬 고품질 유연탄(6000㎉/㎏ 기준) 가격은 작년 1~8월 t당 344.7달러였지만, 지난달에는 평균 가격이 166.9달러로 절반 수준으로 떨어졌다. 이에 대해 시멘트 업계 관계자는 “환율이 크게 오르는 바람에 유연탄 값 하락 효과를 거의 보지 못했다”고 했다.
유연탄 다음으로 제조 원가에서 큰 비율을 차지하는 전기 요금도 올 들어 급등해 시멘트 가격 인상이 불가피하다는 입장이다. 쌍용C&E는 “시멘트 제조원가의 20%를 차지하는 전력 요금은 작년 이후 지금까지 44% 올랐다”며 “정부의 탄소 중립 정책에 따라 탄소 저감을 위한 대대적인 생산 설비 개조·개선 투자도 원가 상승 요인으로 작용했다”고 했다.
◇건설 업계 “원자재 가격 내렸으니 인하해야”
건설 업계는 시멘트 업계의 가격 인상을 수용할 수 없다는 입장이다. “인상 폭 역시 터무니없다”며 반발하고 있다. 30여 중대형 건설사 구매 담당자 모임인 대한건설자재직협의회(건자회) 관계자는 “작년 2차 인상 요구 시점(7~9월)과 비교하면 5월 현재 유연탄 가격이 50%가량 내렸다”며 “시멘트 업계 주장대로 유연탄의 원가 비율이 30%라면 현재 단가 기준 3만원 정도인데, 절반이 내렸으니 1만5000원을 인하하는 게 맞는다”고 했다. 건설사 관계자는 “하락 요인도 분명히 있는데, 인상 요인만 가격에 반영해 구매처에 전가하는 게 말이 되느냐”고 항변했다. 실제 국내 주요 시멘트 회사 7곳 가운데 쌍용C&E와 성신양회를 제외한 5사는 지난 1분기 영업이익이 전년 동기 대비 늘었다. 건자회 측은 곧 ‘수용 불가’ 입장을 정리한 공문을 시멘트 7사에 발송하기로 했다.
시멘트 업계와 건설 업계 갈등은 이번이 처음이 아니다. 올해 초에는 시멘트 공급이 부족해지자, 건설업계에선 “가격을 올려받으려고 시멘트 회사들이 출하량을 조절한다”며 반발하기도 했다.
두 업계 갈등이 첨예해지면, 공사 지연으로 일반 국민들이 피해를 볼 가능성도 있다. 고종완 한국자산관리연구원장은 “이미 공사비 급등으로 올 들어 주택 인허가와 착공 등 공급 지표들이 일제히 급감한 상황에서 시멘트 가격이 인상되면 주택 공급 부족 문제가 심화할 수 있다”며 “주택뿐 아니라 철도와 도로 등 기반 시설 공기도 늦어질 수 있다”고 했다."
https://www.chosun.com/economy/real_estate/2025/04/09/FNUTOYDL4JALLGWMG7EEWU56KA/,"올 들어 서울에서 아파트나 상가 등을 사들인 외국인 중 중국인이 차지하는 비율이 눈에 띄게 줄어든 것으로 나타났다. 1분기(1~3월) 중국인 비율은 42.1%로 2015년 1분기(36.3%) 이후 10년 만에 가장 낮았다.
8일 법원 등기정보광장 자료에 따르면, 1분기 서울에서 아파트·오피스텔·상가 등 집합건물을 사들인 중국인 수는 161명으로, 전체 외국인 매수자(382명)의 42.1%로 나타났다. 외국인 부동산 매수자 중 중국인 비율은 코로나 직전인 2019년 1분기 57.1%로 정점을 찍고 나서 계속 줄어드는 추세다.
전문가들은 “최근 관광객 감소 등의 영향으로 중국인을 상대로 장사를 하거나 임대업을 하는 중국인의 부동산 매수 수요가 영향을 받았다”고 분석한다. 박원갑 KB부동산 수석전문위원은 “서울 대림동이나 가리봉동, 연남동 등에서 중국인 관광객을 대상으로 장사를 하는 조선족이 많았는데, 단체 관광 문화가 사라지는 등 예전만큼 손님이 찾아오질 않으니 새로 건물을 살 이유가 줄어든 것”이라고 했다.
실제로 차이나타운이 있는 서울 영등포구와 구로구의 조선족 인구(법무부 등록 외국인)는 2019년엔 5만376명이었는데, 작년 3만659명으로 39.1% 급감했다. 대림동 차이나타운 내 공인중개업소 관계자는 “한국 내수 경기가 안 좋아 일자리가 없어져서인지 새벽마다 봉고차에 가득 찼던 중국인 일용직 근로자들도 요즘은 통 안 보인다”고 했다. 연남동 중국인 전문 공인중개업소 대표는 “조선족이 서울 물건을 매수하면, 이후 화교들이 추격 매수하는 패턴이 있었는데 이런 모습도 사라지는 추세”라고 했다.
중국인 수요가 줄면서 외국인 부동산 매수자 중 미국·캐나다·호주 등 서구권 국적자가 차지하는 비율은 늘고 있다. 서울에서 집합건물을 사들인 미국·캐나다·호주 국적자는 2019년 112명으로 전체의 28.4%였으나, 올 1분기 44%(382명 중 168명)로 늘었다. 서구권 국적 외국인은 상대적으로 고가 아파트를 사들이는 경우가 많은데, 지난 2~3월 서울 인기 지역 아파트 값이 급등할 때 투자에 가세했다는 해석이다."
https://www.chosun.com/economy/real_estate/2023/03/04/24DDPDYYHZFBTJZNFHQ43C2IVM/,"최근 집값이 크게 하락하면서 서울에서 자신의 소득으로 ‘내 집 마련’을 할 때 걸리는 기간이 대폭 단축된 것으로 나타났다.
3일 KB국민은행에 따르면, 작년 12월 서울 PIR(소득 대비 집값 비율)은 11.9배로 1년 전(19.0배)과 비교해 크게 줄었다. PIR은 주택 가격을 가구 소득으로 나눈 값으로 가구의 주거비 부담 정도를 나타낸다. 중위소득(3분위) 계층이 중간가격대(3분위) 주택을 구매할 때를 기준으로 삼는다. PIR이 11.9배라는 것은 중위소득 가구가 11.9년간 급여 등의 소득을 모두 모았을 때 지역 내 중간가격 주택 한 채를 살 수 있다는 뜻이다. 이번 PIR 하락은 KB국민은행 통계 조사 대상이 확대된 것도 일부 영향을 미쳤다.
PIR 수치를 볼 때, 최근 집값이 정부가 상정한 ‘적정 수준’에 근접하고 있다는 분석이 나온다. 지난해 9월 원희룡 국토교통부 장관은 “현재 18배에 달하는 서울의 PIR이 10~12배 정도로 낮아져야 한다”며 “소득을 단기간에 끌어올릴 수 없기 때문에 집값 하향 안정화는 불가피하다”고 밝힌 바 있다. 집값의 적정한 기준으로 PIR 10~12배를 제시했는데, 이 수치 범위에 도달한 것이다. PIR 11.9배는 문재인 정부 초기였던 2018년 3월(12.1배)과 유사한 수준이다.
서울 아파트 중간값도 크게 내렸다. 지난달 서울 아파트 중위 매매가격(가격 순으로 줄 세웠을 때 가운데 값)은 9억9333만원으로, 2021년 5월(9억9833만원) 이후 21개월 만에 10억원 선이 무너졌다."
https://www.chosun.com/economy/real_estate/2023/05/05/CGZGA72JHJHUNOAET3F3EBORKM/,"“요즘은 금융회사가 소유한 부실채권(NPL·Non Performing Loan)을 대부업체를 끼고 채권을 양도받는 방식으로 할인 매입한 뒤 해당 채권에 딸린 담보 부동산을 경매로 직접 낙찰받는 방법이 인기가 많습니다. 이렇게 하면 1순위 배당으로 원금 회수와 함께 차익도 기대할 수 있습니다. 매각이나 개발 등 출구전략을 잘 세우면 수익은 수억원대까지도 치솟습니다.” (오수근 파워자산관리 NPL 자문교수)
최근 부동산 경기 침체 여파로 NPL 시장을 주목하는 투자자들이 급증하고 있다. NPL은 법적으로 개인이 직접 매입할 수는 없다. 하지만 대부업체를 끼고 대위변제 방식으로 취득하거나 채권양도 방식으로 투자하는 것은 가능하다.
오 교수는 크게 두 가지 투자 방법이 있다고 했다. NPL을 대위변제로 취득해 경매 후 배당받는 방법, 상가나 오피스텔 담보부 NPL을 채권 양도 방식으로 할인 매입 후 직접 경매에 참여해 낙찰받은 후 매각해 차익을 올리는 방법이다. 채무인수는 담보물에 딸린 법적 관계를 철저히 분석하고 출구전략을 세워야 위험을 줄이고 수익률을 높일 수 있다고 했다.
그는 국내 최초 NPL 실전투자 전문가이자 이론가로 유명하다. 30년 넘게 경매, 채권관리, 소송 대리 업무를 수행했다. 서울중앙지법에서 NPL 관련 소송만 1000건 이상을 수행했다. ‘NPL 랭킹업 투자비법’(2014년), ‘NPL투자 혁명’(2016년) 등 10여권의 NPL 투자서를 내기도 했다.
오 교수는 땅집고가 5월10일 개강하는 ‘NPL 실전투자 전문가’ 과정에서 투자 전략과 다양한 성공 사례를 소개한다. 오 교수를 만나 NPL 투자 노하우를 미리 들어봤다.
－최근 NPL 투자 트렌드는.
”대부업체로부터 할인한 채권을 양도받아 투자하는 ‘채권양도’ 방식을 많이 활용한다. 나중에 경매가 끝나고 받는 배당 차익으로 수익을 얻는 것이다. 채권자가 직접 경매에 참가하는 것을 전제로 하는 ‘채무인수’ 방식도 인기다. NPL 채무를 투자자가 인수받은 후 경매를 진행해 담보물을 직접 낙찰받는 방식이다. 낙찰 후 리모델링이나 개발 사업을 통해 가치를 올린 뒤 매각해 차익을 극대화할 수 있다. 활용 전략에 따라 수익이 치솟는다.”
－NPL 투자자가 경매에 직접 참여하는 게 유리한 이유는.
”예를 들어 평소에 인수하고 싶었던 제과 공장이 경매 매물로 나왔다고 치자. 그냥 경매 입찰자로 참여하면 낙찰을 장담할 수 없다. 하지만 이 제과공장에 대한 NPL 채무를 인수받고 경매에 나서면 낙찰률이 99%라고 봐도 된다. 채무를 인수하는 순간 이해관계자가 돼 담보물에 관한 정보를 모두 열람할 수 있기 때문이다.
정보를 알고 들어가면 경매에서 우위에 설 수밖에 없다. 채무할인 인수 방식을 통해 싸게 살 수 있는 데다, 향후 매각했을 때 양도차익도 적어지니 결과적으로 양도소득세도 줄일 수 있다. 만약 시세 2억원짜리 담보가 걸린 NPL채무를 1억원에 인수하고, 이후 2억원에 경매로 낙찰받아 나중에 1억9000만원에 판다면 오히려 양도차익은 마이너스가 되기 때문에 양도세가 발생하지 않는다.”
－투자 성공 사례가 있다면.
”NPL 투자자가 채권최고액 6억1100만원 정도인 오피스텔 담보부 NPL을 4억1000만원에 할인 매입한 사례가 있다. 이후 경매에 부쳐 3차 유찰 후 5억원에 낙찰받았다. 입찰 비용을 제외한 배당 재원이 4억9600만원이었고, 선순위 채권으로 세금 1100만원을 차감해 4억8500만원을 배당받았다. 매입 금액 4억1000만원에 배당금액이 4억8500만원이니 기타비용 100만원을 제외하면 7400만원의 배당수익이 발생한 것이다. 수익률로만 따지면 18%에 달한다. 채권자가 1순위 근저당권을 갖고 있고 낙찰가가 채권 매입금액인 4억 1000만원보다 높기 때문에 가능했다. 여기에 근저당권을 가지고 질권 대출을 받는 방식을 활용하면 수익률은 더 높아진다. 현재 질권 대출 이자율은 9%인데 금리가 낮을 땐 6%대까지 적용된 경우도 있었다.
서울에 있는 한 상가를 직접 낙찰받고 특수권리를 해결해 수익을 올린 사례도 있다. 이 상가는 유치권으로 인해 최저가가 7억원까지 내려간 물건이었다. 근저당권부 부실채권 최고액이 10억원이었는데 8억원에 할인 매입했고, 경매로 10억원에 낙찰받았다. 이후 유치권부존재소송, 인도 명령 결정 등 하자사항인 유치권을 해결하고 나서 11억5000억원에 팔았다. 10개월 만에 매입액 대비 차액이 3억5000만원에 달했다. 취득세, 양도세 등 비용을 제하고 난 순수익은 2억원 정도였다.
다만 유치권 같은 하자가 있는 NPL은 함부로 덤벼들면 안 된다. 이런 권리를 깨버릴 수 있는 ‘출구 전략’이 확실해야 안전한 투자가 가능하다. 그렇지 않으면 손실을 보는 상황이 발생할 수 있다.”
－투자할 때 주의 사항은.
”NPL이 배당수익으로 돈을 버는 방식인 만큼 다른 채권자들이 제기하는 ‘배당이의’에 대해 어떻게 방어할 것인지 준비해야 한다. 요즘에 배당이의 소송이 늘고 있다. 대위변제를 통한 채권 투자라면 구상권과 대위권에 대한 이해가 필요하고, 대위변제 후 경매에서 청구 방법과 배당 시기를 적절히 맞춰나가는 방법을 알아야 한다. 철저한 사전 조사와 꼼꼼한 출구전략을 세워야 NPL 투자 성공 확률이 높아진다.”
<’NPL 실전투자 전문가 과정’ 모집>
부동산 경기가 침체할수록 오히려 ‘고수익’을 기대할 수 있는 시장이 있다. 바로 부실채권 투자로 돈을 버는 NPL(Non Performing Loan·부실채권) 시장이다. 올해 국내 NPL 시장은 지난해보다 2.6배가량 커진 5조원에 달할 전망이다. 대출 원리금 상환에 어려움을 겪는 기업이 내놓은 담보 부동산이 시장에 속속 등장하고 있기 때문이다.
금융업계에 따르면 올해 1분기 국내 은행이 매각한 NPL 규모는 총 6784억원이다. 지난해 1분기 3694억원에 비해 1.8배 늘었다.
NPL은 은행의 여신 건전성 분류(5단계)에서 고정(3개월 이상 연체) 이하로 분류한 대출금과 지급보증액을 뜻한다. 은행권 NPL중 90%는 기업 대출이다. 이 가운데 부동산 담보가 딸린 이른바 담보부 NPL을 전문투자자들이 싸게 사들여 구조조정한 뒤 높은 가격에 팔아 차익을 낸다. 은행에 원리금을 갚지 못하는 기업이 늘어날수록 NPL 시장도 커진다.
땅집고는 NPL 투자를 믿고 제대로 배울 수 있는 ‘NPL실전투자 전문가 과정’을 오는 5월10일 개강한다. 경기 침체기에 고수익을 내는 NPL 시장에서 전문투자자가 아니더라도 개인이나 법인이 접근할 수 있는 투자 전략을 알려준다. NPL 전문투자를 준비하는 업계 종사자, NPL 투자에 관심이 많은 일반 법인과 개인, 경매(공매)투자 이후 추가 투자 전략이 필요한 투자자를 대상으로 한다.
이번 강의에는 NPL 실전투자 분야에서 국내 최고 전문가라고 평가받는 강사진이 총출동한다. 오수근 ㈜파워자산관리 자문교수는 국내 최초 NPL 실전투자 전문가이자 이론가로 유명하다. 30년 넘게 경매, 채권관리, 소송 대리 업무를 수행했다.
서만석 ㈜해피드림 대표는 경·공매 투자 분야에만 10년 이상 잔뼈가 굵었고, 전업 투자자로도 활동 중이다. 경·공매 낙찰만 100건 이상 받았고, 전자소송 수행 실적도 70여건에 달한다. 특수물건 투자와 NPL, 대위변제, 무담보채권 투자·소송 전문가로 활동하고 있다.
강의는 총 5회로 진행한다. 부실채권 투자 실전 사례를 통한 강의와 부실채권 투자 속 다양한 출구 전략을 집중적으로 다룬다. NPL 실전 투자 사례는 국내 최고 전문가로 꼽히는 박수호 ㈜파워자산관리 대표와 오수근 ㈜파워자산관리 자문교수, 서만석 ㈜해피드림 대표가 각각 맡는다.
5월 10일에는 박수호 대표와 오수근 교수가 최근 NPL 시장 흐름을 짚어보고, 개인이 투자할 수 있는 NPL 조각투자 시장에 대해 소개한다.
5월 17일에는 신봉석 페퍼저축은행 이사가 NPL 담보부채권 관리 및 PF 금융 기법에 대해 강의한다. 같은 달 24일에는 박수호 대표와 오수근 교수가 개인이 직접 NPL에 투자할 수 있는 방법을 채권양도 실전 이론과 사례를 통해 알려준다.
5월 31일에는 서만석 대표가 특수권리 유치권 수익모델과 실전투자 사례를, 6월 7일에는 오수근 교수가 무담보부 채권 실전이론과 사례, 개인과 법인 투자 방법에 대해 강의한다. 수강생에게는 과정 종료 후에도 교수진과의 지속적인 상담이 가능하도록 무료 멘토링 서비스를 제공한다.
수강료는 300만원이다. 강의 장소는 서울시 중구 세종대로 21길 22, 태성빌딩 2층 땅집고 아카데미 교육장이다. 수강신청은 땅집고M 홈페이지(zipgobiz.com ▶바로가기)에서 하면 된다. (02)6949-6179."
https://www.chosun.com/economy/real_estate/2022/09/16/O6NKTCQDWRHH7CTMNEVQGMTKJA/,"금호건설이 다음달 울산 남구 신정동 1154-7번지 일원에서 ‘문수로 금호어울림 더 퍼스트’를 분양할 예정이다. 지하 3층~지상 37층 4개 동, 전용면적 84㎡ 402가구 규모다.
단지는 울산 옥동생활권 중심 입지에 들어선다. 문수로, 봉월로, 삼산로, 수암로 등이 만나는 공업탑 로터리를 통해 울산 시내와 외곽 지역으로 빠르게 이동할 수 있다. 현대차, 현대중공업 등이 있는 산업단지로 이동도 편하다. 여기에 태화강역-신복로터리를 잇는 울산도시철도 트램 1호선 정차역이 단지 인근에 들어서면 대중교통 이용이 더욱 편리해질 전망이다.
울산중앙초를 비롯해 학성중, 울산서여중, 학성고, 신정고, 울산여고 등을 걸어서 다닐 수 있다. 문수로 일대 학원가도 가깝다. 롯데마트와 홈플러스 같은 쇼핑시설 이용이 편하고, 시청·구청·경찰서 등 행정시설도 가깝다.
분양 관계자는 “울산에서 주거 선호도가 높은 옥동 생활권을 공유하면서 수요자 선호도가 높은 전용 84㎡로만 단지를 구성했다”고 말했다."
https://www.chosun.com/economy/real_estate/2022/06/01/V3OXE2VOFBFGFOFVDJOJSBUORU/,"정부가 지난 30일 “건설 자재값 급등으로 인해 주택 공급에 차질을 빚는 사태를 방지하기 위해 자재값 인상분을 제때 공사비에 반영할 수 있는 장치를 마련하겠다”고 밝히면서 서울 주요 재건축·재개발 조합과 건설사들은 분양가가 얼마나 오를지에 촉각을 곤두세우고 있다. 현행 분양가 상한제는 땅값과 공사비를 기준으로 분양가를 정하기 때문에 공사비가 오르면 분양가도 오르는 구조다. 분양가가 오르면 수익성이 높아지기 때문에 주택 공급에는 긍정적이지만, 청약을 기다리던 무주택자들의 불만이 커질 수 있다. 서울 인기 지역의 경우 현재 시세의 60~70% 수준인 분양가가 70~80%까지 오를 수 있다는 전망도 나온다. 로또 청약이라고 불렸던 분양 아파트의 시세 차익이 크게 줄어들 것이라는 이야기다.
전문가들은 “청약 수요자들의 불만을 최소화하면서 주택 공급도 활성화할 수 있는 적정 분양가에 대한 사회적 합의점을 찾은 후 그 수준에 맞춰 과감하게 규제를 풀어야 한다”고 조언한다.
◇자재값 33% 급등, 몸 사리는 건설사들
31일 한국은행과 건설기술연구원에 따르면, 건설 원자재 가격 개념인 건설용재료물가지수는 2020년 3월부터 올해 3월까지 2년 사이 33.7% 급등했다. 같은 기간 건설공사비지수도 21.1% 올랐다.
현장에서 체감하는 공사비도 빠른 속도로 오르는 중이다. 지난 2020년 분양한 서울 재건축·재개발 아파트 5곳의 평균 공사비는 평(3.3㎡)당 513만원이었는데, 올해 2월과 4월에 각각 입찰 공고를 낸 강남구 개포한신(656만원)과 종로구 사직2구역(769만원)은 평당 600만원이 넘는다. 공사비는 급증하는데 분양가는 묶여 있으니 인기 있는 강남 재건축 공사도 건설사들이 선뜻 나서지 못하고 있다. 실제 개포한신의 경우 조합에서 건설사에 평당 600만원 넘는 공사비를 제시했는데도 참여 의사를 밝힌 곳은 한 곳밖에 없었다. 건설업계 관계자는 “앞으로 자재값이 더 오를 것이란 우려가 크다 보니 다들 몸을 사리는 것”이라고 말했다.
이런 탓에 올해 5월까지 서울 아파트 분양 물량은 역대 최저 수준인 3434가구로 지난해(8894)의 절반에도 못 미친다.
◇”인센티브론 한계, 관건은 분양가”
아파트 공급 부족을 타개하기 위해 정부는 지난 30일 민관 합동 회의를 열고 “자재 가격 상승분을 공사비에 적기 반영할 수 있도록 제도 개선을 검토하겠다”고 밝혔다. 이달 발표 예정인 분양가 상한제 개선 방안에 관련 내용을 포함시키고, 이미 분양이 완료돼 공사 중인 사업장은 건설사가 자재값 상승분을 감당하는 대가로 보증 수수료, 대출 금리 할인 등 인센티브를 제공하기로 했다.
하지만 업계 반응은 시큰둥하다. 보증 수수료는 1000가구 규모 대단지 기준으로 10억원 정도여서 사업비에서 차지하는 비중이 미미하고, 정부가 주택 공급을 원하는 인기 지역은 은행들이 앞다퉈 대출을 해주려 하기 때문에 금리 부담도 크지 않다. 땅값이나 공사비 상승에 맞춰 분양가를 현실화하는 것 외에는 답이 없다는 이야기다.
이은형 건설정책연구원 연구위원은 “보증료나 대출 이자 정도로는 조합이나 건설사들의 자발적인 참여를 이끌어내는 데 한계가 있다”며 “자재값 인상으로 인한 분양가 상승을 인정하고 사업자들이 적정 수준의 이익을 보면서 사업을 추진할 수 있도록 물꼬를 터줘야 한다”고 말했다. 양지영 R&C연구소장은 “분양가 규제를 완전히 없앨 수 없다면 청약 수요자와 재건축·재개발 조합원들의 불만을 최소화하면서도 사업은 진행될 수 있는 수준의 절충점을 찾아야 한다”고 말했다."
https://www.chosun.com/economy/real_estate/2021/03/16/4J6KCRWZ4BGEDBU2RMAKOYEHUU/,"“최근 3여년 동안 부동산 세법이 열 번쯤 바뀌면서 완전히 누더기가 됐습니다. 담당 공무원도 잘 모르고, 세무사도 의견이 갈립니다. 양도소득세는 정말 심각하죠. 상담받은 고객이 ‘이 말이 맞을까’라며 못 믿는 경우도 있습니다. 최소한 믿고 물어볼 곳은 있어야 한다고 생각했습니다.”
지난 10일 서울 강남구 선릉역 인근 동산빌딩 4층. 한쪽엔 국내 최대 세무 법인 ‘다솔세무법인’이 둥지를 틀었고, 맞은편 사무실에는 국내 세무 업계에서 이름만 들어도 알만한 베테랑 세무사 20여명이 함께 협업한다. 회의실과 강의장은 공유한다. 우리나라 최초 부동산 세무 얼라이언스(연합체)인 ‘케이택스(K-Tax)’다.
케이택스 좌장은 안수남 다솔세무법인 대표세무사다. 국세청에서 13년 근무 후 30년 넘게 현역으로 활동 중인 베테랑이다. 현재 케이택스에 소속된 수석 컨설턴트(세무사)는 부동산 세무 분야에서 최소 20년 이상 경력을 보유한 최고 전문가들이다. 그야말로 부동산 세무 업계의 어벤저스인 셈이다. 최근 케이택스 창립 멤버인 세무사 6명을 함께 만났다.
-케이택스를 만든 계기는.
“(안수남 세무사) 4차 산업 시대라는데 유독 세무 업계만 1970년대 수준 구식 비즈니스 모델로 운영된다. 세무 컨설팅을 받으려면 고객이 직접 종이 서류를 들고 사무실로 찾아와야 한다. 세무사끼리 의견을 공유하는 플랫폼도 없다. 당초 다솔세무법인이 자체적으로 인재를 양성해 분야별 전문 세무 그룹을 만들 생각도 했다. 하지만 그것보다 이미 국내 최고 세무사를 한데 모으는 것이 더 빠르겠다고 결론을 내렸다. 그 결과가 케이택스다. 세무·법무·노무·보험·금융 등 전문가 3만명이 모여 종합 세무 서비스를 제공하는 일본 ‘티구레’를 벤치마킹했다.”
-케이택스가 제공하는 새로운 서비스를 꼽자면.
“(김상문 세무사) 카카오톡 기반으로 무료 세무 상담하는 ‘케이택스 톡(K-Tax Talk)’이다. 케이택스 사이트에서 ‘케이택스 톡’ 채팅을 눌러 세금 항목에서 간단한 질문과 서류를 첨부할 수 있다. 그러면 케이택스 소속 전문 세무사가 1차로 대응한다. 이후 전문적인 상담은 전화와 오프라인으로 진행한다.”
-케이택스 톡의 강점은.
“(주범종 세무사) 무엇보다 카톡 기반이어서 이용자가 부담 없이 접근할 수 있다. 분야별 최고 세무사가 질문에 대해 충분히 검토한 뒤 답변을 주기 때문에 신뢰도 면에선 최고 수준이다.”
-어떤 질문을 가장 많이 받았나.
“(김종필 세무사) 단연 양도세다. 그동안 받았던 전체 상담 160여건 중 70%가 양도세다. 집 한 채 사고 팔려고 해도 너무 복잡해 각자 고민 수준도 복합적이고 심각하다는 것을 알 수 있었다.”
“(최인용 세무사) 상담 횟수가 쌓이다 보니 개별 상담 내용은 복잡해도 반복적인 패턴이 있다는 것을 알 수 있었다. 양도세도 주택 수나 지역 차이는 있지만 궁금해하는 내용은 비슷하다. 케이택스 톡의 질문을 데이터베이스화하고, 표준화할 것이다. 이후에 AI(인공지능)를 활용하면 수준 높은 무료 상담도 가능할 것이다.”
-다른 서비스도 준비 중인가.
“(김상문 세무사) 납세자들이 보유 중인 부동산 기초 자료를 보관하는 클라우드 서비스 ‘택스 뱅크’를 준비 중이다. 정확한 세무 상담을 위해 부동산 매입 금액이나 시점 등이 적힌 자료를 필요하다. 그런데 고객이 이런 자료를 잘 챙겨두지 않는 데다 잃어버리기도 한다. 택스 뱅크 서버에 부동산 관련 기초 자료를 입력해 두면 언제, 어디서든 세무 컨설팅을 받을 수 있다. 세법이 바뀔 때마다 변동 세액을 알려주는 서비스도 가능할 것으로 본다.”
-케이택스의 장기적인 목표는.
“(박풍우 세무사)국내 중소·중견 기업 고객 대상으로 하는 ‘패밀리 오피스’가 되는 것이다. 대기업은 모두 자산 배분, 상속·증여, 세금 문제 등을 한꺼번에 처리하는 패밀리 오피스를 두고 있다. 반면 국내 중소·중견 기업을 대상으로 하는 패밀리 오피스는 아직 없다. 케이택스가 세무뿐 아니라 회계와 기업 자산, 부동산 매각 등 다양한 전문가 그룹을 영입해 최고의 패밀리 오피스로 발전하는 것이 목표다.”"
https://www.chosun.com/economy/real_estate/2022/07/08/T5GABF5VSBCR5M2WBTVI3QSO6A/,"[땅집고] 지난달 17일 청약을 받은 경기 파주시 와동동 ‘운정 푸르지오 파크라인’ 오피스텔 1단지는 총 578실 모집에 206명이 청약하는 데 그쳐 무더기로 미달했다. 2단지(86실)는 100실 미만이어서 계약 즉시 전매가 가능했지만 총 202명이 청약해 평균 경쟁률 2.3대 1에 그쳤다. 낮은 경쟁률에 미분양 위험이 높아지자, 시행사 측은 계약금 10%, 중도금 50% 무이자 대출 조건을 내걸었다. 그런데도 미계약 우려가 커지자 추가로 취득세 전액 지원이라는 카드까지 꺼냈다.
지난해 집값 상승률 1위를 기록했던 인천에서는 최근 청약 미달 오피스텔이 속출하고 있다. 지난달 24일 인천 중구 항동에서 분양한 ‘e편한세상 시티 항동 마리나’ 오피스텔(592실)은 4개 타입 가운데 3개 타입에서 미달이 발생했다. 올 4월 20일 청약한 인천 신흥동3가 ‘숭의역 엘크루’ 오피스텔은 168실 모집에 132명만 신청해 36실이 미달됐다. 앞서 지난 2월 중순 분양한 ‘엘루크 서초’ 오피스텔 330실에서도 적지 않은 미분양이 발생했다.
작년만 해도 아파트 대체 상품으로 각광받으며 수요가 몰렸던 오피스텔 시장에 비상이 걸렸다. 올 들어 개인별 DSR(총부채원리금상환비율) 규제를 적용하고 금리까지 오르면서 오피스텔 분양 시장을 찾는 수요가 급감하고 있다. 서울·수도권은 물론 전국적으로 오피스텔 미분양 사태가 확산하고 있다.
한국부동산원이 올해 청약홈을 통해 청약받은 오피스텔 26곳을 전수 조사한 결과, 전체의 30.8%인 8개 단지에서 미달이 발생했다. 지난해 분양하자마자 100% 계약으로 완판 행렬이 이어졌던 분위기와는 전혀 딴판이다.
오피스텔 분양 시장이 급격히 얼어붙으면서 그동안 오피스텔로 톡톡하게 재미를 봤던 건설사 고민도 깊어지고 있다. 업계에서는 “대형 건설사가 시공한 브랜드 오피스텔은 아파트만큼 잘 팔린다는 공식도 이젠 옛말이 되고 있을 정도로 시장 상황이 나빠졌다”는 말이 나온다. 6월 한 달간 전국에 분양한 오피스텔 공급물량의 70%가 대형건설사 브랜드를 내건 오피스텔이어서 이런 우려가 더욱 커졌다.
6월 한달 동안 전국에는 오피스텔 약 5000실(올해 총 분양물량의 약 14%)이 분양했다. 지역별로 ▲서울 강남구 ‘힐스테이트 삼성’ ▲서울 서초구 ‘인시그니아 반포’ ▲서울 은평구 ‘은평 자이 더 스타’를 비롯해 ▲대구 ‘범어자이’ ▲대전 ‘힐스테이트 유성’ ▲시흥 ‘시흥시청역 루미니’ ▲과천 ‘힐스테이트 과천 디센트로’ ▲화성 ‘힐스테이트 동탄 르센텀’ 등이다.
오피스텔은 그동안 대출 규제가 느슨해 신규 청약의 경우 대출을 최대한 받아 매입하는 경우가 많다. 금리가 급등하는 상황에선 대출을 잔뜩 끼고 오피스텔을 분양받아 세입자를 구한다고 해도 수익률 악화로 낭패를 볼 수 있다. 게다가 하반기에도 2~3차례 추가 금리 인상미저 예고돼 있어 실수요는 물론 투자수요가 오피스텔 시장으로 유입되기 힘든 상황이다.
이 때문에 그동안 오피스텔 공급에 적극 나섰던 건설사들도 보수적으로 바뀔 것이라는 분석이 나온다. 이은형 대한건설정책연구원 연구위원은 “오피스텔 분양 시장은 아파트보다 규제를 덜 받아 분양가를 최대한 높게 책정해 분양하는 경우가 많았고, 주변 아파트 시세보다 높은 경우도 많았다”며 “지금 같은 추세가 이어지면 지난해 이후 높은 가격에 오피스텔을 분양받은 청약자들은 분양가 이하로 매물을 던지는 이른바 마이너스피 시대가 올 수도 있다”고 말했다."
https://www.chosun.com/economy/real_estate/2021/07/23/U5NQ22U5VRESZBVHWRMJIO7VA4/,"‘강인선·배성규의 모닝라이브’에서는 23일 집값·전셋값이 급등하는데도 무대책으로 일관하며 ‘자화자찬’만 하고 있는 문재인 정부의 부동산 정책과 폭주하는 민심에 대해 이야기를 나눕니다.
지난해 7월말 여당 주도로 계약갱신청구권(2+2년)과 전·월세 상한제를 담은 ‘임대차 3법'을 시행한 후 전국에서는 전세 매물이 사라지고 가격이 급등하는 등 이른바 ‘전세대란’이 벌어지고 있습니다. 서울의 2000가구 이상 대단지 아파트 전셋값은 1년 사이 평균 32%나 급등했습니다.
많은 세입자들이 전셋집을 구하지 못해 발을 동동 구르고 있는데도 정부는 한가한 소리만 하고 있습니다. 홍남기 경제부총리 겸 기획재정부 장관은 최근 “임대차 3법 시행 전 임대차 갱신율이 57.2%에서 시행 후 77.7%로 높아졌고, 임차인 평균 거주기간이 3.5년에서 5년으로 증가했다”며 “임차인의 주거 안정성이 그만큼 크게 제고된 것”이라고 평가했습니다. 이를 두고 부동산 시장에서는 “어느 나라 장관이냐”는 불만의 목소리가 나오고 있습니다.
정부는 집값 안정을 위해 최근 주택 공급 대책을 잇따라 내놓고 있지만 정작 시장의 반응은 미지근합니다. 수도권 아파트 매매가격은 9년 만에 가장 큰 폭으로 올랐고, 서울도 집값 상승 폭이 계속 커지는 추세입니다. 지금 정부가 어떤 대책을 내놔도 집값을 잡기 힘들 것이라는 냉소적인 전망도 나옵니다.
여당 대선 후보들도 현 정부의 부동산 실정을 비판하고 있지만, 정작 그들이 내놓은 공약 역시 대부분이 기존 규제를 재탕하거나, 시장 원리를 크게 역행하는 정책들이어서 우려를 자아내고 있습니다.
과연 정부는 집값, 전셋값 급등으로 인해 고통받고 있는 서민들의 현실을 모르는 것인지, 알고도 모른 척 하는 것인지, 과연 사람들이 주거 걱정 없이 살 수 있는 부동산 정책은 없는 것인지 고민해봤습니다.
🎧 유튜브와 팟빵, 애플팟캐스트에서도 들으실 수 있습니다."
https://www.chosun.com/economy/real_estate/2025/04/18/MFJHXQ5LWBB5FMSJEOU5UTU33Y/,"놀이터만 23군데가 있는 1만2032가구의 서울 강동구 ‘올림픽파크포레온’. 이 아파트 놀이터에는 국내 스타트업 ‘제이치글로벌’이 개발한 특수한 바닥재가 깔려 있다. 한여름 더위에 놀이터 바닥이 달아올라도 표면 온도를 최고 15도 정도 낮춰주는 신소재를 사용했다. 어린이들이 놀이터에서 당할지 모르는 화상 사고를 막기 위해 시공사인 현대건설이 제이치글로벌과 협업해 열을 차단하는 바닥재를 깐 것이다. 현대건설 측은 “앞으로 지을 힐스테이트 단지에도 추가 적용하기 위해 해당 스타트업과 공사비 등을 협의하고 있다”고 했다.
국내 건설사들이 신기술을 확보하고 새로운 사업 영역을 개척하기 위해 스타트업과 협업을 강화하고 있다. 건설 경기 침체가 이어지면서 허리띠를 졸라매야 하는 대형 건설사들이 자체적으로 기술 개발에 나서는 대신 저렴한 비용으로 필요한 기술을 확보하기 위해 스타트업과 손잡는 것이다. 스타트업으로선 개발한 기술력을 현장에 적용하고 보완할 수 있어 대형 건설사와 적극적으로 협업하고 있다. 한 건설 업계 관계자는 “필요한 신기술을 단기간에 ‘수혈’하는 스타트업과 협업하는 게 효율적이라고 판단하는 건설사가 늘고 있다”고 말했다.
◇스타트업 통해 신기술 수혈
자체 스타트업 지원 프로그램을 통해 협업할 업체를 찾는 건설사도 많다. SK에코플랜트는 지난해 스타트업 지원 프로그램을 통해 반도체 장비 업체 ‘투인테크’를 발굴했다. SK에코플랜트는 압축 공기를 일정 간격으로 분사해 반도체 표면에 붙은 미세 이물질을 제거하는 투인테크의 기술을 건설 중인 반도체 공장에 적용할 계획이다. DL이앤씨도 자체 프로그램을 통해 발굴한 스마트 안경 플랫폼 스타트업 ‘와트’와 공동 연구를 진행 중이다. 건설 현장에서 스마트 안경을 사용해 설비 특성이나 필요한 건설 도면을 확인하는 식이다. 삼성물산은 행동 분석으로 사고 위험을 예측하는 설루션을 개발한 ‘플레이태그’의 기술을 경기도 용인에 있는 시니어타운 삼성노블카운티에서 시범 적용하고 있다. 이를 위해 입주민에게 동의를 받고 단지 내 커뮤니티 시설에 3D 카메라를 설치했다. 롯데건설과 협업했던 스마트 도면 스타트업 ‘팀워크’의 정욱찬 대표는 “당시 기술을 시험해 보니 건설 현장에서는 필요한 도면을 찾을 시간도 없다는 것을 알게 돼서 이후에는 인공지능(AI)이 스스로 필요한 도면을 찾아주게끔 기능을 고도화했다”고 밝혔다.
건설사들은 새로운 기술을 선점하고 기존 사업과 시너지를 내기 위해 스타트업 투자에 직접 나서기도 한다. 호반건설은 자사 기업형 벤처캐피털(CVC) ‘플랜에이치벤처스’를 통해 친환경 콘크리트 제조 기업 ‘에코리믹스’, 복사 냉난방 패널 기술을 보유한 ‘아론에이아이티’ 등에 투자했다. 우미건설도 부동산과 기술을 결합한 프롭테크 스타트업에 투자하며 새로운 성장 동력을 만들고 있다.
◇신성장 동력 마련에 사활
건설사들이 스타트업 기술 확보에 나서는 것은 빠르게 신기술을 확보하려는 경쟁 때문이기도 하지만, 자체 연구·개발(R&D) 여력이 부족한 영향도 있다. 대형 건설사의 연간 매출액 대비 연구·개발비 비율은 대부분 1%를 밑돌고 있다. 업계 관계자는 “갈수록 건설사의 생산성과 수익성이 낮아지는 만큼 비용 효율화를 위한 기술 개발이 절실하지만 내부적으로 여력이 없는 경우가 많아 외부에서 기술을 찾는 것“이라고 밝혔다."
https://www.chosun.com/economy/real_estate/2022/01/24/FFUL2FRSDRAR5PEK3AS43H5QIM/,"지난달 전국에서 매매된 아파트 10건 중 8건은 직전 최고가보다 낮은 가격에 거래된 것으로 나타났다. 집값 고점에 대한 피로감과 금리 인상 여파로 아파트 거래가 급격히 줄면서 주택시장 조정 국면이 확산하는 분위기다.
24일 더불어민주당 김회재 의원이 한국부동산원으로부터 받은 ‘전국 아파트 거래 현황 분석’ 자료에 따르면, 지난달 전국 아파트 거래 중 최고가 대비 하락한 거래는 1만8068건으로 전체 거래(2만2729건)의 79.5%를 차지했다.
수도권의 하락 거래는 3747건으로 전체 거래(5541건)의 67.6%로 나타났다. 서울은 하락 거래가 54.3%였다. 서울 아파트 하락 거래 비중은 작년 9월 35.1%에서 10월 40.4%로 올랐고, 이후에도 꾸준히 증가하며 전체 거래의 절반을 넘겼다. 경기도는 하락 거래 비중이 72%, 인천은 62.8%로 집계됐다.
일부 지역에서는 직전 최고가 대비 수억원씩 낮은 가격에 거래가 성사됐다. 서울 서초구 반포동 ‘아크로리버파크’ 전용면적 84.95㎡는 12월 39억8000만원에 팔려 직전 최고가인 45억원(2021년 11월)보다 5억2000만원 내렸다. 경기도 하남시 망월동 ‘미사강변호반써밋’ 전용 99.55㎡는 작년 5월엔 15억7000만원에 거래됐지만, 12월 실거래가는 12억원이었다.
김회재 의원은 “부동산 시장의 하향 안정세가 확고해졌다”고 했지만, 중개업계에선 “주택 매수 심리가 극도로 위축된 상황에서 양도세 절세 등 급한 사정이 있는 매물만 거래가 되다 보니 하락 비중이 높아진 것”이라는 분석을 내놓고 있다. 한 부동산 전문가는 “아직까진 분양시장에 미분양이 쌓이거나 매도자 사이에서 경쟁적으로 호가를 내리는 분위기가 아니어서 섣불리 ‘대세 하락’을 점치기는 어렵다”고 말했다."
https://www.chosun.com/economy/real_estate/2025/07/25/HPX7EGUW3VCWDHDWGZPVZESWAA/,"6·27 대출 규제 발표 후 서울 집값 상승 폭이 4주 연속 축소됐다. 재건축이나 대단지 아파트에서 거래가 이어지며 상승세는 26주 연속 이어지고 있지만, 전반적으로 거래가 줄고 관망세가 확산하면서 가격이 오르는 정도는 둔화된 것이다.
24일 한국부동산원의 주간 아파트 가격 동향에 따르면 서울 아파트 가격은 지난 21일 기준 0.16% 올랐다. 규제 발표 전(0.43%)과 비교하면 3분의 1 수준으로 상승 폭이 축소됐다. 규제 발표 전까지 상승세를 주도하던 강남 3구에서는 잠실·송파동 재건축 단지의 상승세에 힘입어 송파구(0.43%)만 유일하게 전주(0.36%)보다 오름폭이 확대됐다.
서울 전체로는 송파구를 포함해 집값 변동 폭이 다른 구에 비해 상대적으로 작은 중랑구(0.03%→0.05%), 강서구(0.09%→0.13%)까지 3구만 전주 대비 상승 폭이 커졌다. 나머지 다른 구는 모두 집값이 오르는 속도가 더뎌진 것으로 나타났다. 마포구(0.24%→0.11%), 용산구(0.26%→0.24%), 성동구(0.45%→0.37%), 양천구(0.29%→0.27%) 등이었다.
서울 용산의 한 중개업소 관계자는 “대출 규제 영향을 받지 않는 현금 부자들의 고가 주택 매매가 간간이 이뤄지는 것이 상승세를 이끌고 있지만 실수요자들은 확실히 거래를 주저하며 시장 상황을 지켜보는 중”이라고 말했다.
또 서울과 함께 규제 영향권에 놓인 경기도 집값 역시 3주 연속 상승폭이 줄며 0.02%를 기록했다. 경기도 주요 지역을 보면 과천이 0.38% 올라 직전 주(0.39%) 대비 상승률이 0.01%포인트 줄었다. 성남시 분당구도 0.4%에서 0.35%로 오름폭이 축소됐다. 비수도권은 거래가 위축된 상황이 이어지면서, 전국 아파트 매매 가격은 0.01% 오르는 데 그쳤다.
전세 시장에선 서울의 가격 상승 폭이 0.06%로 직전 주(0.07%) 대비 소폭 줄었다. 2주 연속 상승세가 둔화되긴 했다. 하지만 역세권, 선호 단지 등을 중심으로 매물 부족 현상이 이어지고 있고 대출 규제 여파도 있어 전반적인 상승세는 계속될 것이란 전망이 많다. 수도권 전체 전세 가격도 0.02%로 전주(0.03%) 대비 상승률이 소폭 줄었고, 지방은 보합으로 변동이 없었다."
https://www.chosun.com/economy/real_estate/2022/10/26/2EFCOYKKWFEADOVMFAJGXY7JRQ/,"아파트 미분양 사례가 전국 곳곳에서 나오고 있는 가운데, 대형 건설사가 수도권에서 분양한 아파트의 무순위 청약에서도 대규모 미달 사태가 발생했다.
26일 한국부동산원 청약홈에 따르면 지난 25일 508가구를 모집한 경기 의왕시 내손동 ‘인덕원자이SK뷰’ 무순위 청약에 6명이 신청했다.
이 단지는 지난달 청약 접수 당시 5.6대 1의 경쟁률을 기록했다. 광역급행철도(GTX) 건설 등 호재가 있어 수요가 몰렸다. 하지만 계약으로 넘어가자 상황이 바뀌었다. 청약 당첨자는 물론 5배수로 뽑은 예비 당첨자도 줄줄이 계약을 포기했다. 무순위 청약에서도 ‘완판’이 되지 않은 이 단지는 29일부터 선착순 분양에 들어간다.
앞서 안양시 호계동에서 분양한 ‘평촌 두산위브 더프라임’도 178가구 중 62.4%인 111가구에 대해 무순위 청약이 진행됐다. 하지만 신청자는 27명에 그쳤다.
부동산 업계에서는 금리 인상과 부동산 시장 침체에 대한 우려가 반영된 것이라는 말이 나온다. 부동산R114에 따르면 올해 9월까지 전국 민간분양 아파트의 평균 청약경쟁률은 9대 1이다. 19대 1이었던 지난해의 절반에도 못 미치는 수준이다."
https://www.chosun.com/economy/real_estate/2024/11/20/W4VASL4R3ZFAPJIR2FIJ7FMWK4/,"앞으로 공공임대주택에 불량 자재를 시공했다가 2회 이상 적발된 업체는 공공사업 수주가 제한된다. 최근 한국토지주택공사(LH) 임대주택 욕실에 국가표준(KS) 인증이 없는 불량 거울이 시공된 사실이 드러나자 재발 방지를 위해 법 개정을 추진하는 것이다.
LH는 불량 자재를 사용한 건설사와 건설 사업 관리자에 대한 최저 벌점을 0.5점에서 1점으로 상향하는 내용의 ‘건설기술 진흥법 시행령’ 개정을 추진할 예정이라고 19일 밝혔다. 통상 누적 벌점이 2점 이상이면 공공사업 수주가 제한된다. 최저 벌점이 1점이 되면 불량 자재를 사용이 2회 이상 적발될 경우 수주가 어려워진다.
앞서 지난 4월 LH 임대주택 욕실에 KS 인증이 없는 불량 거울장이 시공됐다는 의혹이 제기됐다. LH는 전수 조사를 통해 24개 단지 7000여 가구의 거울장을 교체했고, 납품 업체와 시공사, 감리사 등을 형사 고발했다."
https://www.chosun.com/economy/real_estate/2022/03/05/NSXEMHCBNVGU7CDSFYTW5CPHXU/,"러시아에 대한 국제 제재로 항공길이 막히면서 러시아에서 공수되던 러시아산 대게 가격이 일주일 새 22.8% 급등했다. 대게뿐 아니라 러시아산 명태와 대구, 노르웨이산 연어 등의 가격도 크게 올라, 대형마트와 해산물 식당을 하는 자영업자들은 수급 비상이 걸렸다. 지난해 수입 수산물 중 러시아산의 비중은 대게는 100%, 명태는 96.1%, 대구는 93.6%였다."
https://www.chosun.com/economy/real_estate/2021/05/01/6AKJ2KLZSJH33GWSTDVSMZVSI4/,"“‘신속하지만 신중하게'라는 기조로 주택 정책을 추진하고 있습니다.”
오세훈 서울시장은 30일 ’2021 대한민국 부동산 트렌드쇼' 개막식에 참석해 “서울시는 주택 공급은 신속하게 확대하면서도 부동산 가격을 안정시킬 수 있는 방안을 신중하게 모색하고 있다”며 “집값 안정과 주택 공급이라는 두 마리 토끼를 잡으려고 노력하고 있다”고 말했다. 서울시는 이달 초 재·보궐선거 이후 일부 재건축 단지 중심으로 집값이 들썩일 조짐이 나타나자 압구정동·여의도동·목동·성수동을 토지거래허가구역으로 지정하고 정비 사업 활성화를 위해 안전진단 기준 완화를 정부에 요청했다.
오 시장은 “부동산이 대한민국 최대 현안으로 떠올랐고 부동산 정책에 실망을 거듭한 민심은 선거와 여론조사 결과로 고스란히 나타났다”면서 “민간 재개발·재건축을 정상화하면서 부동산 시장을 어지럽히는 투기 세력은 단호하게 차단해 나갈 것”이라고 말했다. 그는 “서울 전체 가구의 33% 이상을 차지하는 1인 가구에 대한 주거 지원책을 한층 더 세밀하게 마련할 것”이라며 “이미 ‘1인 가구 특별대책 TF’를 가동했다”고 말했다.
윤성원 국토교통부 1차관은 “공공 재개발·재건축 2만7000여 가구, 도심공공주택 복합사업 3만8000가구 후보지 확보 등 2·4 대책이 가시적인 성과를 내고 있다”며 주민 동의 절차 같은 후속 조치를 앞당기고 공공 택지 잔여 물량인 13만1000가구도 차질 없이 공급하겠다”고 했다. 윤 차관은 “패스트 트랙 방식으로 건설 기간을 대폭 단축하고 고품질의 민간 브랜드 아파트를 유치해 국민이 체감할 수 있는 성과를 내겠다”고 말했다.
이날 행사장에는 김현준 LH(한국토지주택공사) 사장, 손태락 한국부동산원 원장, 강팔문 새만금개발공사 사장, 황상하 SH(서울주택도시공사) 사장 직무대행 등 부동산 관련 공공기관 수장들이 대거 참석했다."
https://www.chosun.com/economy/real_estate/2020/09/04/XSLWNEEE55EIHL24D5Y3KELTX4/,"“지구 지정이나 사전 청약 등 구체적인 절차가 진행되기 전에 강력한 투쟁으로 철회시켜야 합니다.”
정부가 서울 태릉골프장 부지 등 3만 가구의 사전 분양 일정을 다음 주 발표하겠다고 밝힌 지난 2일 과천시 지역 온라인 커뮤니티에 올라온 글이다. 정부는 ‘8·4 공급 대책’을 빠르게 진행한다는 입장이지만, 막상 해당 부지가 있는 지자체의 반발은 더 거세지고 있다. 지자체나 지역 주민과의 사전 협의 없이 일방적으로 계획을 발표한 데 따른 후폭풍이다. 앞으로 협의가 원만하게 진행되지 않으면 정부가 약속한 주택 공급 계획이 지연되거나 축소될 수 있다는 우려가 나온다.
◇“행정절차 협조 못한다”
경기 과천시는 2일 저녁 “정부과천청사 일대 4000가구 주택 공급 계획이 강행되면 일체의 행정 절차에 협조하지 않겠다”는 내용의 성명서를 냈다. 정부는 ‘8·4 대책’에서 신규택지 발굴을 통해 3만3000가구를 추가 공급하겠다고 했는데, 과천청사 부지는 태릉골프장(1만 가구) 다음으로 규모가 큰 곳이다. 하지만 정부 발표가 나온 당일 과천시장이 공개적으로 반대 의사를 밝히고 과천 시민들이 집회를 여는 등 반발이 계속되고 있다. 이번엔 아예 행정절차 협조를 거부하겠다고 못 박은 것이다.
앞서 이날 오전엔 서울 강남구청이 “서울의료원 부지 개발을 통한 3000가구 공공주택 공급 계획을 철회해 달라”고 나섰다. 정순균 강남구청장은 “2016년 서울시는 해당 부지에 국제업무와 마이스(MICE)·스포츠·문화엔터테인먼트 등 4대 핵심 기능을 유지하는 것을 목표로 세웠다”며 “서울시가 만든 국제교류복합지구 지구단위계획에서도 서울의료원 부지에 공동주택 건립을 불허하고 있다”고 했다. 강남 주민들은 지난 2018년 이 지역에 공공주택 800가구를 짓는다는 계획이 나왔을 때도 반대 청원서 1만550건을 제출한 바 있다.
과천시와 강남구뿐 아니라 서울 마포구·노원구·강서구·용산구·서초구도 교통·교육 대책 미흡 등을 이유로 반대 의사를 밝힌 상황이다. 사실상 대부분 지자체가 반대하고 나선 것이다.
◇속도전 나선 정부
지자체 반발에도 정부는 속도전에 나서고 있다. 한국토지주택공사(LH)는 3일 “수도권 주택 공급 확대 정책을 보다 신속하게 실행하기 위해 전담 조직인 ‘수도권 주택공급 특별본부’를 신설한다”고 밝혔다. LH는 태릉골프장·정부과천청사 등의 사업을 책임지고 있다. 전날엔 홍남기 경제부총리가 “태릉골프장을 포함한 내년 사전 분양 3만 가구의 분양 대상지와 분양 일정을 다음주 확정해 알려드리겠다”고 했다.
태릉골프장과 정부과천청사, 서울의료원 등은 모두 정부나 서울시 소유 땅이다. 이 때문에 정부가 사업을 강행할 경우 해당 지자체가 공공주택 건립을 막을 방법은 마땅히 없다. 현행법은 정부가 지구 지정 등을 할 때 지자체 협의를 거치도록 하고 있으나, 동의가 필요하다고 명시하고 있지는 않다.
그러나 주민 반발이 계속되면 사업 속도가 늦춰질 가능성이 크다. 실제 박근혜 정부 때는 서울 양천구 목동 유수지에 ‘행복주택’을 지으려다 주민 반대에 철회하기도 했다. 당시 정부는 가구 수 축소 등의 절충안을 제시했지만 양천구가 정부를 상대로 행복주택 지구지정 취소 소송을 내는 등 갈등이 계속됐다. 법원은 정부 손을 들어줬지만 주민 반발이 거세지자 정부는 결국 2년 만에 지구 지정을 해제했다.
정부도 지자체와 협의 없이 사업을 강행하지는 않겠다는 입장이다. 국토부 관계자는 “공원이나 일자리 시설, 추가 교통 대책 등 주민들의 의견을 계속 듣고 있다”며 “해당 지자체와 협의해 사업을 진행해 나갈 것”이라고 했다. 이창무 한양대 도시공학과 교수는 “국제교류복합지구 등 이미 다른 계획으로 진행 중이던 곳이 많아 반발이 더 거셀 수밖에 없다”며 “지자체가 협조하지 않으면 사업 진척이 쉽지 않은 만큼, 결국 정부가 이들을 어떻게 설득해 나갈지가 관건”이라고 말했다."
https://www.chosun.com/economy/real_estate/2020/12/24/Q6G7MF66TRB3NFUQC5M4RMRPEU/,"내년 전국 공시지가가 10% 넘게 오르는 것으로 나타났다. 부동산 가격 급등으로 몸살을 앓았던 노무현 정부 말기(2007년) 이후 14년 만의 최대 상승 폭이다. 땅값이 오르면 주택은 물론 상가·사무실 등 모든 부동산 가격이 줄줄이 오를 수밖에 없다. 재산세·종합부동산세 등 부동산 소유자의 세(稅) 부담이 증가하고 늘어난 세금을 임차인에게 전가하면서 임대료 인상 등 파장이 불가피할 전망이다.
◇전국 10.4% 인상 강원 양양은 20% 뛰어
국토교통부는 내년 1월 1일 기준 전국 표준지(標準地)의 잠정 공시지가를 부동산 공시가격 홈페이지와 시·군·구청 민원실에 공개하고, 토지 소유자들에게서 다음 달 12일까지 이의 신청 등을 받는다고 23일 밝혔다. 표준지 공시지가는 정부가 전국 토지 3398만 필지 중 52만 필지(1.5%)를 ‘샘플’로 추려내 매기는 가격이다.
전국 모든 지역에서 올해보다 표준지 공시지가가 큰 폭으로 상승한 것으로 집계됐다. 전국 평균 10.37% 올라 올해(6.33%)보다 상승 폭이 4%포인트 이상 커졌다. 시·도별로는 행정 수도 이전 이슈로 올해 집값·땅값이 급등한 세종시의 공시지가가 12.38% 오르며 상승률 1위를 차지했다. 올해 상승률(5.05%)의 배(倍)가 넘는다. 서울은 평균 11.41% 올랐는데, 강남구(13.83%)의 상승 폭이 두드러졌다. 광주광역시(11.39%), 부산(11.08%), 대구(10.92%), 대전(10.48%)도 두 자릿수 상승률을 기록했다. 전국에서 가장 공시지가가 덜 오른 충남(7.23%)도 올해(2.88%)와 비교하면 상승률이 대폭 커졌다. 시·군·구 단위에서 공시지가가 가장 많이 오른 곳은 강원도 양양군(19.86%)과 경북 군위군(15.69%)이었다.
문재인 정부는 매년 공시지가를 가파르게 올리고 있다. 한국부동산원이 집계한 올해 전국 땅값은 10월까지 2.99% 올랐지만, 내년 공시지가 인상률은 평균 10%가 넘는 것이다. 정부는 ‘현실화’ 명목으로 시세보다 턱없이 낮은 공시지가를 올린다고 밝혔지만, 산정 근거가 되는 기준 시세를 공개하지 않아 ‘깜깜이’라는 비판이 끊이지 않는다.
◇세금·임대료 등 줄줄이 오를 듯
공시지가가 오르면 토지·주택·상가 등 부동산 보유자가 내야 하는 세금을 비롯해 건강보험료, 각종 부담금이 덩달아 늘어난다. 국토부는 “토지는 재산세율이 낮아 공시지가 변동에 따른 재산세액 변동은 크지 않을 전망”이라고 설명하지만, 하지만 대다수 세무 전문가는 ‘세금 폭탄’이 터질 것이라고 지적한다.
대표적으로 전국에서 가장 비싼 땅인 서울 중구 충무로1가 ‘네이처 리퍼블릭’ 부지는 올해 1㎡당 공시지가가 1억9900만원이었는데 내년엔 2억650만원으로 3.8% 오른다. 우병탁 신한은행 세무사의 모의 계산에 따르면, 네이처 리퍼블릭 부지 소유주가 내야 할 보유세는 올해 1억8206만원에서 내년 2억3149만원으로 27%나 증가한다. 종합부동산세 인상률이 연간 50%로 제한됨에 따라 최근 2년간 공시가격 상승분이 내년부터 반영되기 때문이다. 같은 이유로 중구 명동2가의 한 신발 판매장 부지 공시지가는 1억7300만원에서 1억7900만원으로 3.5% 오르지만, 보유세는 33.7% 늘어날 전망이다.
상가·사무실이 들어선 땅 주인이 늘어난 세금 부담을 ‘임대료 인상’으로 전가하면, 피해는 영세 자영업자 같은 임차인이 입을 수밖에 없다. 내수 침체 장기화로 빈 점포나 사무실이 급증하는 데 따른 상권 붕괴 우려도 나온다. 정수연 한국감정평가학회 부회장(제주대 경제학과 교수)은 “코로나 사태 장기화로 소상공인들은 폐업 위기에 내몰렸는데 정부는 세수 확보에만 열을 올리며 공시지가를 급격히 올리는 게 과연 국민을 위한 정책인지 의문”이라고 말했다."
https://www.chosun.com/economy/real_estate/2024/10/18/XXFQ2RTNCNEPFMD33BK44XMWX4/,"코로나 팬데믹 시기 50%를 넘었던 서울 명동 상가 공실률이 외국인 관광객 증가에 힘입어 한 자릿수로 떨어진 것으로 나타났다.
18일 상업용 부동산 컨설팅업체 ‘쿠시먼앤드웨이크필드’에 따르면, 서울 6대 가두 상권의 올해 2분기 평균 공실률은 전년 동기보다 0.4%포인트 감소한 18.3%를 기록했다. 이 중에서도 명동은 외국인 관광객이 가장 많이 찾는 지역으로, 1년 새 공실률이 14.5%에서 6.8%로 내렸다.
명동은 코로나 팬데믹으로 서울 6대 상권 가운데 가장 큰 타격을 입은 지역이다. 2019년 4.5%였던 명동 공실률은 2020년 23.2%를 기록했고, 2022년에는 52.5%까지 치솟았다. 명동 상가 중 절반은 비어있었다는 뜻이다.
그러나 지난해부터 외국인 관광객이 늘면서 점차 활기를 찾기 시작했다. 한국관광공사에 따르면 지난해 방한한 외국인 관광객은 1103만명으로 전년 대비 245% 증가했다. 특히 명동을 방문한 외국인은 홍대의 2배, 이 외 상권과 비교하면 무려 10배가량 차이난다.
서울 6대 상권 가운데 신규 매장이 가장 많이 열린 곳도 명동이다. 쿠시먼앤드웨이크필드는 “글로벌 브랜드가 돌아온데 이어 최근까지 비어있던 소형 공실도 화장품, 잡화점 등으로 채워졌다”고 했다. 무려 7년간 공실로 골머리를 앓던 명동 ‘밀리오레’도 패션·뷰티·식음 브랜드가 대거 입점하면서 활기를 띠고 있다.
다만 강남권은 외국인 관광객 증가에도 여전히 회복이 더딘 것으로 나타났다. 가로수길 상권은 같은 기간 36.5%에서 39.4%로 공실률이 되레 증가했다. 청담 상권도 공실률이 17.4%로 전년 동기(16.3%)보다 1.1%포인트 늘었다. 유동 인구가 한남, 성수, 도산공원 등으로 퍼지면서 상권의 전반적인 활기가 다소 떨어졌다는 게 쿠시먼앤드웨이크필드의 분석이다.
이 밖에 강남 상권은 2분기 기준 20.0%, 한남·이태원은 11.5%의 공실률을 보였다. 각각 전년 동기 대비 0.8%포인트, 1.7%포인트 증가했다. 쿠시먼앤드웨이크필드는 “6대 상권이 모두 팬데믹 이전 수준으로 매출을 회복했다”면서도 “단체 관광에서 개별 관광으로 트렌드가 변하고 있어 해당 수요를 충족시키기 위한 노력이 더욱 중요해질 것”이라고 했다."
https://www.chosun.com/economy/real_estate/2023/02/16/SB25FV7FIFB4FANNJTOOEBRSJM/,"두산건설이 부산 남구 우암동 일대에 짓는 ‘두산위브더제니스 오션시티’를 다음 달 분양한다.
이 단지는 우암2구역 재개발 사업으로, 지하 5층~지상 최고 34층, 29개 동 전용면적 59~84m² 3048가구 규모다. 이 중 조합원 물량을 제외한 2033가구가 일반 분양된다.
최근 부산 남구에서는 다양한 개발 사업들이 진행중이다. 27개의 정비사업을 통해 3만5000여 가구의 아파트가 새로 지어진다. 우룡산공원을 둘러싼 우암·대연 재개발 지구는 두산위브더제니스 오션시티를 포함해 1만2000여 가구 규모 신흥 주거타운으로 바뀔 예정이다.
인근 북항 재개발 사업도 지난해 말 기반시설 공사를 마무리하며 순항중이다. 북항 재개발은 서울 여의도 규모인 310만㎡ 항만 매립부지를 첨단 복합단지로 조성하는 프로젝트다. 총 7조2000억원 규모 대규모 사업이다.
두산위브더제니스 오션시티는 바다에서 불과 500여m 거리에 있으며 도시고속도로(번영로), 동서고가로, 부산항대교 등 간선 도로망이 가까워 교통도 편리하다. 시내버스를 이용하면 부산역과 서면, 경성대를 30분 내외에 갈 수 있다.
학교로는 단지 바로 옆에 우암초와 신연초가 있고, 감만중·동항중·석포여중·대연중·배정고 등을 걸어서 다닐 수 있다.
한편, 두산건설은 부산 부동산 시장 전망 무료 세미나를 이달 24일 부산 벡스코(BEXCO) 제1전시장에서 연다. 김학렬 스마트튜브 부동산조사연구소장과 강정규 동의대 교수가 강연할 예정이다. 세미나 참가 신청은 두산위브더제니스 오션시티 공식 홈페이지에서 할 수 있다."
https://www.chosun.com/economy/real_estate/2024/03/05/KABT5GWIXRCHDO4LOD3USD5QPA/,"㈜한화 건설 부문은 건설 산업이 직면한 대내외적 위기 상황에 복합 개발 사업, 첨단 및 특화 분야 등 지속 가능하고 성장 가능성이 높은 건설 분야에서 성과를 창출할 계획이다. 이미 약 2조원의 사업비가 투입된 인스파이어 엔터테인먼트 리조트를 인천국제공항 인근에 준공했고, 총사업비 7176억원 규모의 대전하수처리장 시설 현대화 민간투자 사업을 착공하는 등 대규모 복합 개발 사업 및 환경 사업에서 주목할 만한 성과를 내고 있다.
◇대규모 복합 개발 사업에 강점
㈜한화 건설 부문은 주거, 업무, 문화, 여가, 상업 등 다양한 용도의 시설을 도시계획적으로 연계해 개발하는 대규모 복합 개발 사업 분야에서 강한 경쟁력을 보유하고 있다. 작년 말에는 5성급 호텔 3동을 비롯해 다목적 아레나, 컨벤션 시설, 실내 워터파크 등으로 구성된 약 2조원 규모의 인스파이어 엔터테인먼트 리조트 1단계 공사를 완료했다.
올해에는 그동안 수주했던 복합 개발 사업들이 본격화된다. 총사업비가 2조원 이상 투입되는 서울역 북부 역세권 복합 개발 사업 공사를 시작할 예정이다. 이 사업은 서울역사 뒤 철도 유휴 부지에 마이스(MICE·회의와 관광, 컨벤션, 전시) 시설과 오피스, 호텔, 하이엔드 주거 시설 등이 결합된 대규모 복합 단지를 건설하는 대규모 프로젝트다.
서울 잠실종합운동장 일대 약 35만㎡ 부지를 스포츠, 문화, 비즈니스, 이벤트가 융합된 초대형 복합 단지로 개발하는 잠실 스포츠·마이스 복합 공간 조성 사업을 비롯해 수서역 환승센터 복합 개발 사업, 대전 역세권 복합 개발 사업도 ㈜한화 건설 부문이 추진 중인 주요 사업들이다.
데이터센터, 아레나와 같은 첨단 및 특화 분야에서도 주목할 만한 성과를 거두고 있다. ㈜한화 건설 부문은 작년 안산 카카오 데이터센터, 동탄 삼성SDS 데이터센터 등 국내 굴지의 기업들이 발주한 데이터센터들을 성공적으로 건설했다.
아레나 역시 ㈜한화 건설 부문이 독보적인 기술력을 가진 분야로 대한민국 건설사 중 유일하게 국내 및 해외 아레나 실적을 모두 보유하고 있다. 작년 완공된 약 1만5000석 규모 ‘인스파이어 아레나’를 비롯해 약 2만석 규모의 ‘CJ라이브시티 아레나’, 약 1만8000석 규모 ‘서울아레나’ 등 대한민국에 들어서는 대규모 아레나 3곳 모두 ㈜한화 건설 부문이 맡았다.
수처리 분야에서도 대규모 환경 융복합 사업을 추진하고, 다양한 환경 신기술과 특허 기술 개발을 통해 경쟁력을 강화해 나간다. ㈜한화 건설 부문은 작년 국내 최대 규모 하수처리장 민간투자 사업인 대전 하수처리장 시설 현대화 사업 공사에 착수하는 등 대규모 환경 사업 수행 역량을 증명했다.
◇통합 관제 시스템 등 안전 경영
㈜한화 건설 부문은 실시간 안전관리 시스템을 활용한 전사적 안전 보건 경영 체계 강화에 총력을 다하고 있다. 전국 건설 현장에 설치된 이동형 CCTV를 본사의 모니터링 시스템과 연동해 안전관리를 실시하는 고위험 통합 관제 시스템이 대표적이다. 본사 통합 관제 조직에서는 125개 화면을 통해 현장과 유기적으로 소통하며 중대 재해를 방지한다.
또 올해 근로자 안전 보건 플랫폼을 도입해 근로자 중심의 자율 안전 보건 관리 제도를 정립해 나갈 계획이다. 모바일 앱을 통해 직관적으로 위험성 평가 공유, 안전 교육 영상 시청, 작업 중지권 접수 기능 등을 구축하고, 근로자들이 직접 재해 예방 활동에 참여하게끔 독려해 나간다.
기업의 사회적 책임을 위한 협력사와의 동반 성장 및 상생 협력 활동도 주목할 만하다. ㈜한화 건설 부문은 공정거래 문화 정착, 협력사 역량 향상, 협력사와의 소통 강화를 동반 성장 정책의 3대 추진 방향으로 설정하고 하도급계약 저가 심의제 운영, 상생 펀드 등 금융 지원, 기술 개발 공동 수행, 경영 닥터제 지원 등 다양한 프로그램을 운영 중이다."
https://www.chosun.com/economy/real_estate/2022/11/15/XISOJCVSGFDUZHU53XH7FDSJBQ/,"“불황기에 흥하는 업종을 유치하는 것도 좋지만 경기에 관계없이 롱런할 수 있는 임차인을 구해야 합니다.”
최근 경기가 하강 조짐을 보이면서 빌딩을 임대해야 하는 건물주 마음도 초조하다. 요즘 같은 고금리 시대에 자칫 공실이 오래간다면 대출 이자 내기도 부담스러울 수 있는 탓이다.
땅집고는 고금리와 불황을 이기는 빌딩 자산 관리 노하우를 알려주는 ‘중소형 빌딩 자산운영관리 설루션 6기 과정’을 오는 29일 개강한다. 강의에 참여할 전문가들로부터 경기 침체기에 임대 수익을 끌어올릴 수 있는 비법을 미리 들어봤다.
우선 불황에도 장사가 잘되는 업종이나 경기 영향을 덜 받는 임차인을 유치하면 좋다. 송경은 리맥스코리아 팀장은 “코로나19가 기승을 부릴 당시 집객이 필요한 음식점은 장사가 안돼 공실이 많았다”면서 “무인 운영 세탁소나 카페, 아이스크림 가게와 비대면 배달업은 호황이었다”고 했다.
다만 불황기에만 반짝 유행하는 업종은 주의해야 한다. 매출을 유지하기 어렵다면 공실 위험도 높아진다. 이충묵 더트웰브PMC 대표는 “경기 하강 국면에서는 저가형 상품 수요가 빠르게 늘어난다”고 했다. 2010~2012년에 2000원 안팎 생과일주스를 팔았던 프랜차이즈 매장이 대표적. 이 매장은 2008년 금융위기 여파로 소비자 지갑이 얇아지면서 당시 크게 히트했다. 그러나 이 대표는 “가맹점주 수익을 줄여 원가를 절감하는 방식이어서 지속 가능성이 없었고, 결국 우후죽순 생겨났던 매장들이 순식간에 사라졌다”고 했다.
임대료를 일시적으로 면제하거나 인하해 임차인을 붙잡아두는 것도 방법이다. 이 대표는 “임차인은 주변 시세보다 임대료가 저렴하면 잠깐 장사가 안되더라도 건물을 떠나지 않으려고 한다”며 “월세를 낮추거나 렌트 프리(무상 임대) 기간을 늘리면 건물주 입장에서는 당장엔 비용이 늘어나는 것처럼 보일 수 있지만 공실에 따른 손해보다 유리하다”고 말했다.
이른바 ‘새는 돈’을 막는 것도 중요하다. 이 대표는 “건물을 관리하다보면 안전관리나 보안 업체를 이용해야 할 일이 있는데 이 때 직접 인력을 고용하는 대신 무인경비시스템이나 CCTV를 이용하면 비용을 절감할 수 있다”며 “업체를 선택할 때에는 지인 추천을 받기보다 여러 곳을 비교한 뒤 합리적인 금액을 제안하는 곳을 골라야 한다”고 했다."
https://www.chosun.com/economy/real_estate/2022/10/13/YWDQXMAJVRFIVKA2MLYJLLUGUU/,"한국은행이 12일 기준금리를 0.5%포인트 올리는 ‘빅스텝’을 단행하면서 서울 아파트 시장에서 월세 가격 상승에 더욱 속도가 붙을 전망이다. 올 들어 기준금리가 5차례 오르는 동안 극심한 ‘거래 절벽’으로 아파트 매매·전셋값이 동반 약세를 보이지만, 월세는 꾸준히 오르고 있다. 금리 인상에 따른 대출 이자 부담으로 실수요자들이 목돈을 마련해야 하는 매매나 전세 대신 월세를 선택하고 있기 때문이다. 이달 초 주요 은행의 전세대출 금리 상단은 이미 7%를 뚫었다. 부동산 전문가들은 “금리 인상 여파로 월세 수요가 늘고 가격도 오르면서, 무주택 서민들의 주거 안정성이 위협받을 수 있다”고 지적한다.
서민 실수요자들이 주로 찾는 전용면적 60㎡ 이하 소형 아파트 시장에서 월세 100만원이 넘는 거래가 급증하고 있다. 12일 부동산 정보업체 경제만랩에 따르면, 올해 1~9월 서울 소형 아파트의 월세 거래량은 3만9891건으로 집계됐다. 1~9월 기준으로 국토교통부가 관련 통계를 집계한 2011년 이후 가장 많았다. 이 중 월세가 100만원 이상인 거래는 7190건으로 전년 같은 기간(4997건)보다 약 44% 늘었다. 서울 전체 소형 아파트 월세 거래의 18% 수준이다. 공급면적 기준 ‘24평형’ 이하 아파트 월세 거래 5건 중 1건은 세입자가 보증금 외에 매달 100만원을 넘게 낸다는 뜻이다.
한국부동산원이 집계한 지난 8월 서울 아파트 매매가격과 전세가격은 각각 0.45%, 0.25%씩 내렸다. 그러나 월세가격은 한 달 전보다 0.12% 상승, 2019년 8월 이후 37개월 연속 올랐다. 실제로 서울 주요 대단지 아파트 실거래가를 살펴보면 전셋값은 작년보다 하락한 반면, 월세는 오르는 사례가 빈번하다. 성동구 옥수동 ‘래미안 옥수 리버젠’ 전용면적 59㎡ 전세 실거래가는 작년 9월 9억원에서 지난달 7억9000만원으로 1억원가량 내렸다. 반면 보증금 1억원을 기준으로 월세는 같은 기간 250만원에서 300만원으로 20%(50만원)나 올랐다.
양천구 신정동 ‘목동신시가지14단지’ 전용 55㎡도 전셋값은 작년 5억원에서 올해 4억원으로 1억원 내렸는데, 월세는 보증금 1억원 기준 65만원에서 100만원으로 1년 새 35만원 뛰었다. 강남구 개포동 ‘개포래미안포레스트’, 강동구 고덕동 ‘고덕그라시움’ 등 강남권 주요 단지도 전년과 비교해 월세가격이 20만~40만원 올랐다.
주택 경기 침체에도 월세가격만 강세를 보이는 것은 금리 상승 여파로 전세 수요 상당수가 월세로 옮겨갔기 때문이다. 2020년 7월 임대차법 개정 이후 전셋값이 가파르게 올랐고, 작년 말부터 전세대출 금리가 계속 오르면서 무주택 서민들이 전세 대신 월세를 선택하는 경우가 늘어난 영향이다.
현재 시중은행 전세대출 금리 상단은 7%를 넘는데 서울 아파트의 전·월세 전환율은 KB국민은행 기준 3.24%에 그친다. 전세대출 이자를 갚는 것보다 보증금을 줄여서 월세를 내는 것이 유리해져 반전세나 월세 수요가 눈에 띄게 늘었다. 국토교통부에 따르면, 올해 1~8월 서울 지역 전·월세 거래에서 월세가 차지하는 비율은 53.0%로, 통계 작성 이후 처음으로 전세를 추월했다.
여기에 집주인으로부터 보증금을 돌려받지 못하는 ‘깡통전세’에 대한 불안감이 확산하는 것도 ‘전세의 월세화’를 부추기고 있다. 박원갑 KB국민은행 부동산전문위원은 “세입자가 전세 사기에 대한 우려로 보증금을 줄이기 위해 월세를 선택하는 경우가 많아 월세가격 상승을 부채질하고 있다”고 했다.
전문가들은 급격한 금리 상승에 따른 월세 수요 증가가 결국 무주택 서민의 주거비 부담을 크게 가중시킬 것이라고 우려한다. 박합수 건국대 부동산학과 겸임교수는 “앞으로도 기준금리 추가 인상이 불가피해 월세를 찾는 서민층이 더욱 늘어날 것”이라며 “월세 상승으로 직접 타격을 받는 저소득층을 위해 월세 보조나 월세액 공제를 확대하는 등 정부가 구체적인 대책을 마련할 필요가 있다”고 말했다."
https://www.chosun.com/economy/real_estate/2021/06/22/3GVFLIQXPNENRBHPBCYS5EGHTE/,"올 들어 수도권 빌라(다세대·연립주택) 매매 거래가 급증하고 있다. 인천은 2008년 이후 13년 만에 빌라 거래량이 최고치를 기록했고, 아파트 거래가 줄어든 경기도에선 빌라 거래량만 껑충 뛰었다. 서울에선 5개월째 빌라 거래량이 아파트 거래량을 앞서는 이례적 현상이 나타나고 있다. 최근 수도권 아파트 값이 크게 오르고, 임대차법 여파로 저렴한 전셋집을 구하기도 어려워지면서 주택 실수요자들이 상대적으로 저렴한 빌라 매수에 나섰다는 해석이 나온다.
21일 한국부동산원에 따르면, 인천 빌라 매매 거래량은 지난 3월 3351건을 기록했다. 2008년 8월(3935건) 이후 13년 만에 가장 많은 거래량이다. 지난 4월에도 3295건으로 3000건을 웃돌았다. 전국적으로 ‘패닉 바잉(공황 구매)’ 현상이 거셌던 작년 6월(3041건)보다 더 많은 빌라가 사고팔렸다. 국토교통부 실거래가 공개 시스템에 따르면 대부분이 3억원 미만 저가 주택이었다.
경기도에서도 빌라 거래가 눈에 띄게 늘었다. 올 1월 5120건에서 매달 조금씩 늘어 4월엔 6255건을 기록했다. 같은 기간 아파트 거래량은 2만938건에서 1만5689건으로 25% 감소했다.
서울에서는 빌라 거래량이 아파트 거래량을 추월했다. 서울부동산정보광장에 따르면, 지난 5월 빌라 매매량은 5424건으로 아파트(4347건)보다 1000건 이상 많다. 올 들어 5개월 연속 빌라가 아파트보다 많이 거래되면서 빌라 매매가격도 강세다. KB국민은행이 집계한 서울 연립주택 평균 매매가격은 작년 8월(3억113만원) 처음 3억원을 넘긴 뒤 올해 1월 3억2207만원, 5월 3억2802만원 등 꾸준히 오르고 있다.
박원갑 KB국민은행 부동산수석전문위원은 “서울 아파트 값이 뛰면서 경기도와 인천으로 내 집 마련 수요가 이동했고, 그중에서도 더 저렴한 집을 찾아 빌라로 매수세가 번진 것으로 보인다”고 했다.
재개발에 대한 기대 심리도 빌라 매매량을 끌어올리고 있다. 서울 강동구의 한 공인중개업소 관계자는 “아파트 가격이 젊은 세대는 넘볼 수 없을 정도로 오르면서 차라리 재개발 지역의 빌라 투자로 새 아파트를 받는 게 낫겠다는 사람이 많아졌다”고 했다. 다만 전문가들은 빌라는 아파트만큼 사고팔기 쉽지 않아 거래에 신중해야 한다고 조언했다. 이남수 신한은행 지점장은 “빌라는 환금성이 떨어져 아파트처럼 팔고 싶을 때 쉽게 팔리지 않는다는 점을 유의해야 한다”고 했다."
https://www.chosun.com/economy/real_estate/2023/10/31/EB5XD3VKLFDABAHVKJA6YUFDMI/,"평당 1억원을 호가하는 서울 용산의 초고가 아파트 한남더힐을 103억원 전액 현금으로 매입한 사례가 등장했다. 소유자는 프로게이머 도인비(26‧본명 김태상)다.
31일 대법원 등기부등본에 따르면 도인비는 지난 8월 27일 서울 용산구 한남더힐 240㎡(100평‧지하 1층) 한 채를 103억원에 매입했다. 해당 세대는 테라스를 갖추고 있어 등기부등본 상으로는 지하층으로 표기된 것으로 전해졌다.
도인비는 지난 6일 소유권 이전 등기를 완료했다. 은행 대출 등 근저당권 설정이 없는 것으로 볼 때 103억원 전액을 현금으로 거래했을 가능성이 높다.
도인비는 ‘리그오브레전드(LOL)’ 프로게이머다. 중국 LPL리그를 대표하는 선수로 2019년 월드챔피언십(롤드컵)에서 우승하는 등 다수의 수상 경력을 보유하고 있다. 2018년 중국 재벌 2세로 알려진 방송인 탕 사오유와 결혼했다.
기존 집주인은 2016년 10월 62억원에 매입한 이 집을 103억원에 되팔아 41억원의 시세 차익을 남겼다.
한남더힐은 2011년 옛 단국대 부지에 32개동, 600가구 규모로 조성한 아파트 단지다. 지하 2층 및 지상 3~12층, 전용 87㎡~332㎡로 이뤄진 한강 조망권 초고급단지다.
대기업 오너 일가와 유명 연예인들이 거주하는 것으로도 유명하다. 방탄소년단(BTS) 멤버 RM과 지민, 배우 소지섭, 비‧김태희 부부 등이 매입한 것으로 알려졌다."
https://www.chosun.com/economy/real_estate/2020/11/24/JMYYEF7KRJDQVPVOMITZUJ2244/,
https://www.chosun.com/economy/real_estate/2021/09/27/SAH4QSEQFRCCPMDRMKM4L5NWPY/,"수도권 아파트값 상승세가 10주 만에 한풀 꺾였다. 긴 추석 연휴 때문에 매수세가 주춤한 영향일 뿐, 집값이 안정세로 접어들었다고 보긴 어렵다는 분석이 지배적이다.
26일 한국부동산원에 따르면, 9월 셋째 주(20일 기준) 수도권 아파트 매매 가격은 0.36% 올라 전주(0.4%)보다 상승률이 0.04%포인트 줄었다. 수도권 아파트값은 7월 셋째 주부터 상승과 보합을 반복하며 9주 동안 역대 최고 상승률을 기록했다. 추석 연휴를 끼고 상당수 중개업소가 휴무에 들어간 탓에 아파트 매수세가 줄고, 상승률에 영향을 미친 것으로 보인다.
서울 아파트값 상승률은 일주일 전보다 0.01%포인트 감소한 0.20%로 집계됐다. 마곡지구의 집값 상승세가 뚜렷한 강서구(0.29%)가 가장 높은 상승률을 보였다. 강남(0.26%)·노원(0.26%)·송파(0.25%)·구로구(0.23%) 등 고가 아파트 밀집 지역과 서민 주거지를 가리지 않고 고른 상승세가 이어졌다. 경기도는 일주일 전 0.49%에서 0.43%로 상승률이 줄었다. 오산(0.79%), 화성(0.71%), 의왕(0.63%), 군포(0.62%), 시흥(0.61%) 등이 올해 집값이 급등한 지역에서 여전히 강세가 이어졌다."
https://www.chosun.com/economy/real_estate/2023/09/13/KBRXPLMUZRFA7NEPSMEXBJTVUI/,"3기 신도시 가운데 서울 강남권과 가장 가까워 청약 수요자들의 관심이 뜨거운 경기 하남시 교산지구. 2018년 12월 첫 발표 이후 4년여 만에 토지 보상을 마치면서 올 상반기 중 공사가 시작될 것이란 기대감이 컸다. 하지만 기존 농가와 축사 등을 철거하는 업체 선정을 두고 경기주택도시공사(GH)와 주민들이 갈등을 빚으면서 아직 착공을 못 했다. 2025년으로 예정됐던 입주도 빨라야 2027년에나 가능할 전망이다. 신도시 청약을 위해 하남에서 4년째 전세로 거주 중인 이모(46)씨는 “가점이 높은 편이어서 다른 아파트 청약에도 도전할 수 있었지만 신도시의 쾌적한 거주 환경과 저렴한 분양가 때문에 통장을 아꼈다”며 “입주가 이렇게 늦어질 줄 알았다면 집값이 조금이라도 쌀 때 다른 아파트를 사는 게 나았을 것이란 생각도 든다”고 말했다.
25만 가구에 달하는 수도권 3기 신도시 사업이 지연되면서 청약을 기다리는 무주택자들의 불안 심리를 자극하고 있다는 지적이 나온다. 토지 보상에 오랜 시간이 걸리면서 당초 2025년쯤으로 예상됐던 입주가 이미 1~2년씩 밀렸는데, 여기에 금리 인상, 공사비 상승, 한국토지주택공사(LH) 아파트 철근 누락 사태까지 더해지면서 2030년은 돼야 입주가 가능할 것이란 전망도 나온다. 전문가들은 “청약을 기다리던 사람들이 ‘희망 고문’에 시달리는 것을 막기 위해 특단의 조치가 필요하다”고 지적한다.
◇3기 신도시 입주까지 10년 걸릴 듯
12일 홍기원 더불어민주당 의원이 국토교통부로부터 제출받은 자료에 따르면, 2018~2019년 사이 발표된 3기 신도시 5곳의 입주 예정 시기는 당초 2025~2026년이었지만, 최근 조사에서 이보다 1~2년 밀렸다. 작년 11월 대지 조성 공사를 시작한 인천계양은 당초 2025년 입주를 목표로 했지만 작년 9월 2026년 상반기로 밀렸고, 최근 2026년 하반기로 또다시 밀렸다. 6만8000가구 규모 남양주왕숙도 당초 2021년을 목표로 했던 착공이 올해 6월로 밀리면서 입주 예정 시점도 2025년에서 2027년으로 늦어졌다. 발표로부터 10년 만에 입주가 시작되는 셈이다.
7만 가구로 규모가 가장 큰 광명시흥은 작년 11월 사업계획을 확정했지만 올해 6월에서야 토지 보상을 위한 기본조사에 착수했다. 토지 보상이 늦어지면서 2029년 목표였던 첫 입주도 2030년 이후로 미뤄질 가능성이 높다.
전문가들은 3기 신도시 개발 일정이 지금 예상보다 더 늦어질 것으로 보고 있다. 하남교산처럼 예상치 못했던 갈등으로 시간을 잡아먹을 수 있고, 금리나 공사비 부담 때문에 민간 사업자들의 참여도 저조할 수 있다는 것이다. 올 상반기 LH 택지 분양대금 연체액이 1조1336억원으로 최근 10년 중 가장 많았고, 당첨을 포기한 사례도 있었다. 이은형 대한건설정책연구원 연구위원은 “기업들이 3기 신도시 사업에 적극적으로 뛰어들지 않으면 개발 일정은 계속 밀릴 수밖에 없다”며 “신도시 발표 때부터 많은 전문가들이 ‘일정을 지키기 어려울 것’이라 우려했던 것도 워낙 변수가 많았기 때문”이라고 말했다.
◇“희망 고문 막을 특단 대책 필요”
3기 신도시 개발이 늦어지면 가장 큰 피해는 청약 수요자들이 보게 된다. 정부는 2021년 7월부터 3기 신도시 1만6000여 가구의 사전 청약을 진행했고, 올 연말까지 3300가구를 추가로 받을 예정이다. 정부는 사전 청약으로부터 1~2년 내에 본청약이 이뤄질 것으로 예상했지만 아직 본청약 일정이 확정된 곳은 없다. 사전 청약 입주자 모집공고에는 ‘사업이 지연될 수 있다’ ‘본청약 시점의 분양가는 다를 수 있다’ 등의 조항이 있어 본청약이 늦어지거나 분양가가 크게 높아져도 당첨자들은 이를 문제 삼을 수 없다.
과거 이명박 정부도 주택 수요자들의 불안 심리를 잠재우기 위해 사전 청약과 비슷한 예약제를 도입했는데, 토지 보상과 발굴 문화재 처리에 시간이 걸리면서 일부 단지는 예약 후 입주까지 10년 가까이 걸리기도 했다. 고종완 한국자산관리연구원장은 “최근 주택 인허가·착공 물량이 급감하면서 공급 절벽 우려가 나오는 상황에서 3기 신도시까지 밀린다면 주택 수요자들의 불안 심리를 자극할 수 있다”며 “가능한 모든 수단을 동원해 공급을 앞당겨야 한다”고 말했다."
https://www.chosun.com/economy/real_estate/2022/08/09/ISNBMRFMMNDSHARDVVZWVHDURM/,"“고금리 시대에는 임대차 시장도 불안해집니다. 월세를 많이 받는 것도 중요하지만 월세를 안정적으로 낼 수 있는 세입자를 구하는 것도 중요하죠. 개인보다 기업형 세입자를 찾는 것을 추천합니다.”(노창희 리맥스코리아 부사장)
고금리 시대가 본격화하며 건축주 고민도 깊어지고 있다. 좋은 건물과 토지를 찾고 설계와 시공을 잘 하는 것도 중요하지만 월세를 안정적으로 낼 수 있는 세입자를 찾는 것이 더 중요해졌다. 반면, 치솟는 빌딩 가격도 하향 압력을 받고 있어 자금력을 갖춘 건축주에게는 또 다른 기회가 될 수도 있다.
지금까지 1200명 넘는 수강생을 배출한 국내 최고 실전형 건축강좌인 땅집고 건축주대학은 오는 23일 24기 과정을 개강한다. 이번 과정에서는 최근 시장 상황을 고려해 ‘고금리 시대 성공하는 건축주가 되는 노하우’를 집중 강의한다. 강사로 참여하는 전문가들로부터 고금리 시대 수익성을 높일 수 있는 건축 기획과 설계, 임대차관리 노하우를 미리 들어봤다.
◇”대출 비중 줄여라…기업형 임차인이 안정적”
‘고금리에 대응하는 임대차 전략과 입지 분석’ 강의를 맡은 노창희 부사장은 “최근 과도한 대출을 받아 건물을 매입한 30~40대 건물주가 매물을 내놓으면서 꼬마빌딩 시장에도 거품이 빠지고 있다”며 “자금력있는 자산가라면 올 하반기나 내년 초가 빌딩 투자하기에 좋은 기회가 될 수 있다”고 했다.
노 부사장은 고금리 시대에는 건물 매입 때 대출 비중을 50% 안팎으로 줄이고, 우량 임차인을 구할 수 있는 건물을 최우선 매입 리스트에 올리라고 했다. 노 부사장은 “1~2년 정도 월세를 다소 적게 받더라도 자금력이 있는 안정적인 기업형 임차인이나 대기업 프렌차이즈가 좋다”고 했다. 임대차보호법상 건물주는 재산권 보호를 받기 힘든 구조인데 계약 종료와 폐업같은 문제가 발생할 경우 영세 자영업자보다 기업형 임차인이 대응하기가 훨씬 수월하기 때문이다.
◇설계 때부터 임차인 찾아야
고금리에 건축비마저 급등해 건축주는 공사비 조달 방안도 치밀하게 짜야 한다. 홍만식 리슈건축 소장은 “금리가 높을수록 대출 비중은 최대한 줄이고 최대한 공사 마무리 시점에 대출을 받아야 이자 비용을 줄일 수 있다”고 했다. 대출 가능 여부는 미리 확인하되 실제 대출 실행 시점은 늦출 필요가 있다는 것.
설계 때부터 지역 공인중개사와 임대차 컨설팅 회사 도움을 받아 세입자를 미리 구하는 것도 필요하다. 홍 소장은 “세입자 의사를 설계에 적극 반영하고 가계약이라도 받아두면 준공 이후 공실 리스크를 줄일 수 있다”고 했다.
◇공간기획 전문회사와 손잡는 것도 방법
최근엔 공간 기획 전문 회사와 손을 잡는 건축주도 늘고 있다. 공간기획 전문 회사는 단순한 세입자가 아니라 다양한 브랜드와 업종을 보유하고, 지역과 건물 특성에 맞는 매장 전략을 짠다. 어반플레이는 지역 특색을 살린 콘텐츠를 개발하는 전문 스타트업이다. 부동산 매입과 건물 신축·리모델링, 임차인 확보 등 개발부터 운영까지 건축주와 함께 진행하는 이른바 ‘바운드 프로젝트’를 운영 중이다. 서울 마포구 로의 3층짜리 건물 ‘연남장’이 대표적이다. 과거 유리공장으로 쓰던 200평 남짓한 낡은 건물을 리모델링해 카페와 레스토랑, 코워킹 스페이스, 창작 스튜디오 등 복합문화공간으로 탈바꿈시켰다. 건물주는 건물만 제공하고 사업비를 대지 않는 대신 임대료를 싸게 책정하고 공사기간엔 임대료를 받지 않는 렌트프리도 지원했다. 주로 기업과 진행하던 비즈니스 모델인데 올 들어 금리가 뛰면서 개인 건물주 의뢰도 한 달에 10여건씩 들어오고 있다. 홍주석 어반플레이 대표는 “비용과 수익을 건물주와 세입자가 공유하는 방식”이라며 “공간기획 전문기업과 협업하면 시행착오를 크게 줄일 수 있다”고 말했다."
https://www.chosun.com/economy/real_estate/2020/12/18/DLH2CSJOHZAXNFQG3TCPHXW7PQ/,"[땅집고] 지난 16일 서울 용산구 서부이촌동. 과거 ‘단군 이래 최대 개발사업’이라는 수식어를 달고 진행됐던 용산국제업무지구의 남쪽 부지에 있는 지역이다. 공사장으로 들어가는 입구에는 페인트칠이 뜯겨 나가고 외관 곳곳에 금이 간 아파트 단지가 들어서 있다. 1970년대에 지어 준공 50년을 바라보는 중산아파트(266가구)와 시범아파트(228가구)다. 원효대교 북단 한강변에 있어 입지가 좋은 이 아파트는 재건축 가능 연한(30년)을 채웠지만 재건축이 불가능한 상태로 방치돼 있다. 이 아파트에 40년간 거주했다는 박모씨는 “아파트가 너무 낡아 불편한 건 둘째치고 무너지지 않을까 걱정”이라고 말했다.
중산·시범아파트가 재건축을 엄두도 내지 못하는 것은 일반적인 아파트와 달리 소유자들이 땅을 제외한 건물에 대한 소유권만 갖고 있기 때문이다. 땅은 서울시 소유다. 국토교통부 장관 후보자로 내정된 변창흠 사장이 주택 시장 안정을 위해 꼭 필요하다고 주장하는 ‘토지임대부 주택’이 바로 중산·시범아파트다.
과연 토지임대부 주택은 문재인 정부가 난장판으로 만든 주택 시장의 해법이 될 수 있을까. 대표적인 토지임대부 주택인 중산·시범아파트는 갈등과 고통의 현장이 돼 있었다. 아파트 건물 소유자들은 땅 소유권을 넘겨달라며 서울시와 오랫동안 다툼을 벌이고 있다. 상황에 따라 건물 가치는 완전히 사라지고, 주민들은 거리로 쫓겨날 가능성도 있다. 전문가들은 변창흠 국토부 장관 후보자가 도입하려는 ‘토지 임대부 주택’에서도 이런 문제가 벌어질 가능성이 크다고 경고한다.
■ 40년 됐지만 재건축은 ‘그림의 떡’
이촌동 시범아파트 18평(전용 60㎡)의 현재 호가는 7억2000만~7억5000만원, 21평(전용 69㎡)이 8억2000만~8억7000만원 정도다. 낡아서 쓰러져가는 건물 자체에 별 가치가 없다는 점을 고려하면 재건축 기대감이 어느 정도 반영된 것으로 해석된다. 1997년 입주한 인근 북한강성원 아파트와 비교하면 집값이 60~70% 수준이다. 김기진 가보공인중개사사무소 대표는 “재건축 사업이 진척되기 어렵다는 전망이 우세하지만 한가닥 희망을 품고 있다보니 가격이 이 정도 수준으로 형성되는 것”이라고 말했다.
이촌동 중산·시범아파트 주민들은 서울시와 토지 소유권을 놓고 오랫동안 다툼을 벌여왔다. 주민들은 과거 서울시가 한번도 토지 사용료를 요구하지 않았고, 건물 소유주가 50년간 실질적으로 토지를 점유해 왔으며, 주변 성원아파트의 경우 토지 소유권이 건물 소유주에게 있었던 것으로 나중에 드러났다는 점 등을 근거로 토지 소유권을 주장하고 있다. 그러나 법정 다툼 끝에 2008년 대법원에서 토지 소유권이 서울시에 있다는 확정 판결을 내렸다.
2017년, 서울시는 토지 소유권을 소유주들에 매각하기로 결정했다. 하지만 이번에는 소유주끼리 대지 지분 배분율을 두고 갈등이 생겼다. 주민들이 땅을 팔라고 매각 신청을 하려면 주민 100%가 동의해야 하는데 일곱 차례에 걸쳐 매수 신청서를 내는 동안 동의율이 90% 선에서 멈춰 있다. 김종찬 용산구청 주택관리팀장은 “해외에 살거나 소재지가 불명확한 경우가 있어 현실적으로 100% 동의률을 달성하기 어려워 보이고, 결과적으로 서울시가 땅을 넘겨 줄 수도 없는 게 현실”이라고 말했다. 뾰족한 해법이 없으면 이 상태가 지속될 가능성이 크다는 의미다.
■ 전문가들 “토지임대부는 근시안 대책”
중산·시범아파트 외에도 서울 서초·강남구에도 토지임대부 아파트가 있다. 2011년과 2012년 각각 공급된 LH서초5단지·강남구 LH강남브리즈힐이 ‘토지임대부 주택’이다. 땅은 LH가 소유하고 건물은 분양받은 개인 소유다. 건물 소유자는 자유롭게 소유권을 매각할 수 있어, 이 아파트 매매가격은 현재 전용 84㎡기준 11억~12억원에 달한다.
이 단지들은 입주자모집공고문과 계약서에 ‘토지는 40년 임대가 원칙이며, 이후 소유자 요청이 있을 때 40년 내에서 1회 연장할 수 있다’, 또 ‘토지 소유주(LH) 동의를 받아 재건축이 가능하다’는 조항을 달았다. LH는 “토지 임대나 재건축에 대한 사항을 명확히 했기 때문에 문제가 없을 것”이라고 말한다.
하지만 전문가들은 토지임대부 주택이 여전히 다양한 문제를 내포하고 있다고 지적한다. 예를 들어 문재인 정부와 고(故) 박원순 시장이 재임하던 서울시처럼 아파트 재건축을 범죄 행위처럼 취급하는 정부가 들어설 경우 주민들이 재건축을 요구하더라도 LH는 반대할 가능성이 크다. 재건축 사업의 결정권이 주민이 아닌 정부에 있는 셈이다.
“30년 뒤 일을 누가 아느냐”고 주장할 수 있지만,  20년만 지나면 재건축 얘기가 나오는 게 현실이다. 이 아파트들은 벌써 지은 지 10년이 됐다. 결국 머지 않아 불거질 문제다. 이은형 대한건설정책연구원 책임연구원은 “강남, 서초 토지임대부 주택의 경우 머지 않아 재건축 얘기가 나오고, 사업이 삐걱 거리면 누구도 이 문제에 대해 책임지지 않으려 할 것”이라고 말했다. /손희문 땅집고 기자 shm91@chosun.com
▶내년부터 세금 폭탄. 전국 모든 아파트 5년치 보유세 공개. ☞땅집고 앱에서 확인하기!!"
https://www.chosun.com/economy/real_estate/2020/11/24/MZSHZDOHEZCRRIHAWVLKYOKHTE/,"“단순히 물류센터 숫자가 늘어나는 정도가 아닙니다. 물류 개념부터 투자·개발 방식까지 전반에 걸쳐 완전히 새로운 판이 짜이고 있습니다.”
온라인 상거래 확산과 신종 코로나바이러스 감염증(코로나19) 영향으로 물류 수요가 폭증하면서 물류 부동산이 개발 업계의 최대 관심사로 떠올랐다. 하지만 물류 부동산은 부지 선정이나 땅 매입부터 사업성 분석, 인허가, 화주(貨主) 유치, 운영 관리 등에 대한 전문 지식과 경험이 없으면 뛰어들기 어렵다. 땅집고는 국내 최초로 물류 부동산 개발·운영에 필요한 서비스를 원스톱으로 제공하는 ‘스마트물류 얼라이언스’ 전문가들로부터 물류 부동산 시장 전망, 개발 전략, 운영·관리 노하우 등을 들어봤다.
◇”선매입·직접투자 하면 연 6~8% 수익”
국내 1위 부동산 자산 관리 회사인 메이트플러스 박종일 팀장은 “코로나19 사태로 물류 최종 목적지가 ‘판매점’에서 ‘고객의 집 대문’으로 달라졌다”며 “물류센터 입지가 대도시 교통 거점에서 땅값이 저렴하고 도심 접근성이 다소 떨어지는 부지로 확장하고 있다”고 했다.
물류센터 투자 역시 과거 단순히 기존 물류센터를 사들이는 실물 투자에서 투자자가 나서 직접 물류센터를 개발하는 방식으로 바뀌었다. 박 팀장은 “우량 임차인과 임차 확약을 맺은 후 부지를 물색하는 이른바 선매입 투자나 좋은 땅을 확보하고 임차인을 찾는 직접 투자가 활발하다”며 “실물 투자는 경쟁이 치열해 연 4% 정도 수익률을 거둘 수 있었다면, 선매입·직접투자는 수익성이 연 6~8% 정도로 더 높다”고 했다.
물류센터는 어디에 지어야 할까. 다른 부동산과 마찬가지로 입지 선정이 가장 중요하다. 박 팀장은 “각종 인프라가 충분하면서 땅값이 3.3㎡(1평)당 50만~80만원 수준으로 저렴한 경기도 남이천, 동이천, 서여주 등 수도권 외곽이 상대적으로 유망하다”고 했다.
◇입·출고 능력이 물류센터 경쟁력 좌우
물류센터 수익을 좌우하는 최대 관건은 화주다. 아무리 입지가 좋고 시설이 뛰어나도 화주가 붙지 않으면 성공하기 어렵다. 그렇다면 화주들이 선호하는 물류센터는 어떤 요건을 갖추고 있을까. 이민재 BGF리테일 팀장은 “대형 물류센터가 인기 있지만, 규모가 작아도 입·출고 능력이 뛰어나다면 충분히 경쟁력이 있다”고 말했다. 그는 “물류센터 기능은 크게 입고·피킹·보관·분배·출고인데 이 중 한 기능만 부족해도 물류센터 전체 가치가 떨어진다”면서 “예를 들어 네 기능은 100점 만점이라도 출고 기능이 50점이라면, 이 센터는 50점짜리밖에 안 된다”고 했다.
물류센터 설계에서 특히 신경 써야 할 부분은 입고·출고·보관 기능이다. 입고 경쟁력을 높이려면 층마다 차량이 진입할 수 있도록 돕는 ‘휠 램프’를 설치해야 한다. 수직 반송기나 화물 엘리베이터보다 훨씬 효율적이다.
보관 능력은 건물 층고와 관련 있다. 물건을 쌓아 두는 ‘파레트 랙’을 4단(1단당 2m)으로 설치하고 천장에 설치하는 소방 시설이나 레이스웨이(조명기기 등이 지나는 관로)까지 감안하면 층당 최소 10m 높이로 지어야 한다. 이 팀장은 “출고 능력을 높이려면 출고 독(dock)을 건물 양쪽에 설치해야 유리하다”고 했다.
◇”주민들과 적극 소통… 합리적 해법 제시해야”
물류센터 개발에서 가장 큰 리스크는 지역 주민들 반대다. 유천용 엠와이엔씨 대표는 “소음이나 진동, 배출 가스, 안전 문제 때문에 주민들이 물류센터가 들어오는 걸 꺼린다”며 “주민들을 설득할 수 있는 합리적인 민원 해법을 제시하고 적극적으로 소통해야 인허가에 유리하다”고 했다.
경기 고양시 덕양구 원흥동에 들어선 쿠팡 FC물류센터는 전향적 태도로 주민이나 지자체와 협상해 위기를 넘어선 사례다. 쿠팡은 2016년 당시 주민 합의 과정에서 진출입로 최적화, 출입구 이동·방음벽 설치, 집진 장치 설치, 차폐 식재 등 10건이 넘는 대책을 마련했다.
전문가들은 코로나로 확산되는 새로운 배송 트렌드, 행정수도 이전 등 다양한 사회·경제적 이슈로 물류 부동산 성장 가능성은 무궁무진하다고 내다본다. 노종수 메이트플러스 물류사업부 이사는 “불경기로 오피스·리테일 건물 수익률은 계속 하락하고, 주택은 규제가 겹겹이 쌓여 있다”며 “성장 가능성과 수익률 측면에서 당분간 물류센터를 대체할 부동산을 찾기는 어렵다”고 했다.
/김리영·이지은 땅집고 기자"
https://www.chosun.com/economy/real_estate/2023/01/27/OB2KIC6RBRFLNO57JJQXGRNPIM/,"땅집고는 올해부터 도입하는 공동기숙사 개발 노하우와 실무 지식을 알려주는 ‘코리빙하우스 개발 실전스쿨 1기’ 과정을 내달 13일 개강한다. 도심에 빈 땅이나 수익성 낮은 빌라·모텔·상가·근생 등을 가진 개인이나 법인, 수익형 부동산 개발을 준비하는 디벨로퍼 대상으로 관련 법규를 자세히 알아보고 사업성 분석 방법과 임대수익 극대화 전략을 제시한다. 수강생에 한해 개별 상담도 1회 제공한다.
강의는 현장스터디 1회를 포함해 총 7회로 진행한다. 국내 최고의 도심형 주택 디벨로퍼인 서용식 수목건축 대표가 ‘코리빙하우스 최적 입지 여건과 개발 기획’을 강의한다. 이혁찬 CA건축사사무소 건축사, 이대우 신영부동산신탁 팀장, 임채욱 GH 파트너스 대표, 이석현 중앙대 교수 등이 국내외 코리빙하우스 성공 사례와 공간 구성 전략, 수익성 분석 기법 등에 대해 강의한다. 수강료는 150만원. 수강 신청은 땅집고M홈페이지(zipgobiz.com)에서 하면 된다. (02)6949-6176"
https://www.chosun.com/economy/real_estate/2021/11/08/C6FVVYE4HBGSVFMQPWEAUPGB44/,"경기도 성남 대장지구의 토지 보상금을 추정하는 과정에서 사업자 ‘성남의뜰’의 주주인 화천대유와 이해관계가 얽힌 감정평가법인이 경기도 측 감정 업무를 대행한 것으로 확인됐다. 토지 보상은 공정성을 기하기 위해 개발사업 주체와 시·도지사, 토지주 등 3자가 제시한 금액의 평균값을 활용하도록 돼 있다. 그러나 지자체 측 의뢰를 맡은 곳이 이전에 화천대유와 관련 있는 감정평가법인으로 드러난 것이다.
7일 이헌승 국민의힘 의원이 국토교통부 등으로부터 제출받은 자료에 따르면, A감정평가법인은 2015년 3월 초 화천대유자산관리와 대장지구 토지에 대한 감정평가 계약을 맺었다. 화천대유가 설립된 지 불과 한 달이 지난 시점으로, 대장동 개발의 우선협상대상자가 결정되지도 않은 시기다. 화천대유가 지불하기로 한 수수료만 2억원이 넘는다. 부동산 업계는 “사업자로 결정되지도 않았는데 수억원의 수수료를 들여 감정평가 계약을 맺는 건 이례적”이라고 지적이다.
더 이상한 부분은 2016년 8월 대장지구 토지 보상을 위한 정식 감정평가에서 A법인이 경기도 업무를 위탁받은 것이다. 전문가들에 따르면, 지자체 위탁 업무는 공정성 때문에 사업 주체와 이해관계가 있는 평가법인엔 맡기지 않는다. 게다가 A법인은 화천대유로부터 수수료 중 8800만원을 못 받아 법적 대응을 준비하던 상태였다.
경기도는 감정평가사협회 추천으로 A법인을 선정한 것으로 알려졌지만 선정 과정에 대해서도 의문이 제기된다. 이헌승 의원은 “A법인 출신 인사들이 감정평가사협회의 보상평가 검토 위원을 맡고 있었다”며 “직책을 활용해 추천 과정에 개입한 것으로 의심된다”고 말했다. 이에 대해 감정평가사협회는 “법인끼리 상호 견제가 이뤄지기 때문에 자의적인 추천은 이뤄질 수 없다”고 반박했다.
정식 보상이 진행되기 전 화천대유가 미리 땅값 평가를 의뢰한 것이 사업자에게 유리한 일종의 ‘가이드라인’을 만들려는 의도였다는 해석도 나온다. 감정평가사들이 가장 중요하게 참고하는 자료가 과거 평가 사례이기 때문이다. 실제 대장지구 평가를 맡은 3개 법인이 추정한 금액은 6172억~6444억원으로 1년 전 A법인이 화천대유에 제시한 평가금액(5948억원)과 큰 차이가 없다.
한 감정평가사는 “강제 토지수용처럼 공공이 깊이 개입하는 평가 업무에선 직전 선례와 너무 차이가 큰 금액을 냈다간 관리 당국의 타당성 검증 등 문책성 조치를 당할 수 있어 평가사들이 몸을 사리는 경우가 많다”고 말했다. 이헌승 의원은 “감정평가법인과 사업자의 유착 및 평가법인 간 담합이 의심되는 만큼, 관련 수사와 제도 개선이 시급하다”고 말했다.
▲'그들만의 머니게임, 대장동 따라잡기’ 바로가기"
https://www.chosun.com/economy/real_estate/2022/06/27/VFY3SCGMH5AGZBIKSL2ZKFGTNQ/,"한국건설산업연구원(건산연)이 하반기 전국 집값은 하락 전환하고, 전세가격은 상승폭이 확대될 것으로 내다봤다. 건산연은 27일 오후 서울 강남구 건설회관에서 ‘2022년 하반기 건설·주택경기 전망’ 세미나를 개최하고 이같이 밝혔다.
건산연은 올해 하반기 주택 매매가격이 수도권은 0.5%, 지방은 0.7% 하락해 전국적으로 0.7% 하락할 것으로 전망했다. 연간으로는 0.5% 하락할 것으로 봤다. 김성환 부연구위원은 “매수인 입장에서 물가 및 임금 상승 수준을 초과했던 그간 주택가격 상승세가 부담스럽고, 대내외 환경 변화로 자금조달 여건이 이전보다 더욱 악화되며 매매시장에 신규 진입하는데 부담 클 것”이라며 “1주택자 갈아타기 역시 고금리와 가격 하락에 대한 우려 등으로 인해 결정하기 쉽지 않을 것으로 보인다”고 분석했다.
올해 전셋값은 하반기 2.5% 상승해 연간 2.6% 오를 것으로 전망했다. 상반기에는 전세가격이 0.1% 상승하는데 그쳤는데, 이는 전세가에 부담을 느낀 임차인들이 월세 및 반전세 유형을 택하는 경우가 많았기 때문이라고 건산연은 봤다. 김 부연구위원은 “하반기에 갱신 계약을 체결하는 경우에도 전세가 상승분에 대한 부담이 커 월세·반전세를 택하는 세입자가 많을 것”이라면서도 “하반기에는 주요 지역에 공급이 줄어들며 전세시장에 상방압력을 여전히 행사할 것”이라고 설명했다.
올해 분양 물량은 전년보다 4% 증가한 35만가구로 전망된다. 건산연은 분양가 상한제 조정으로 불확실성이 해소되면서 상반기의 부진은 만회하겠으나, 비용 증가 등 요인으로 증가폭이 크지 않을 것으로 판단했다. 인허가 물량은 향후 시장에 대한 전망이 불투명해지면서 전년보다 12% 감소한 48만가구로 예상된다.
건산연은 또 올해 국내 건설수주는 전년 대비 0.5% 감소한 210조9000억원을 기록할 것으로 전망했다. 박철한 연구위원은 “상반기에는 정권교체로 인한 규제 완화 등의 기대심리, 대형 토목공사 발주 등의 영향으로 수주가 양호했지만, 하반기에는 정부 지출 구조조정, 금리인상 등의 영향으로 수주가 부진할 것으로 전망된다”고 분석했다.
건설투자 역시 급등한 자재가격 영향으로 착공과 분양이 지연되면서 올해 1.8% 감소할 것으로 예상했다. 박 연구위원은 “정부는 높아진 자재가격과 금융비용으로 주택 공급에 차질이 생기지 않도록 해야하며, 에너지 안보가 무너지지 않도록 관련 인프라 투자를 살필 필요가 있다”며 “원가 상승으로 올해 적자 현장이 크게 늘어나는데, 한시적으로나마 중소 건설업체에 세금을 낮춰주는 것도 생각해볼 필요가 있다”고 했다."
https://www.chosun.com/economy/real_estate/2024/08/27/SMTILLA3L5ALTGNEIHL2GCJFWY/,"태영건설의 워크아웃(기업 구조 개선 작업) 일환으로 매각을 추진한 폐기물 처리 업체 에코비트가 2조700억원에 매각된다. 태영그룹은 확보한 자금으로 고금리에 빌린 차입금을 갚아 재무구조 안정화에 속도를 내겠다는 계획이다. 에코비트 매각 건은 태영그룹이 채권단에 약속했던 자구안 가운데 핵심 내용이었던 만큼, 매각이 성공적으로 마무리되면 태영건설 워크아웃 조기 졸업에도 청신호가 켜질 전망이다.
태영그룹 지주회사인 티와이홀딩스는 사모펀드 IMM컨소시엄(IMM프라이빗에쿼티·IMM인베스트먼트)에 에코비트 지분 전부를 2조700억원에 매각하는 주식 매매 계약을 체결했다고 26일 밝혔다. 에코비트는 단순 폐기물과 폐수뿐만 아니라 의료 폐기물까지 처리 가능한 국내 1위 종합 폐기물 처리 업체다. 지난해 매출액 6744억원, 영업이익 1100억원을 기록했다. 현재 티와이홀딩스와 글로벌 사모펀드인 콜버그크래비스로버츠(KKR)가 지분을 50%씩 보유하고 있다.
이번 매각은 태영건설 워크아웃 작업의 일환으로 이뤄진 것이다. 태영건설은 부동산 PF(프로젝트파이낸싱) 대출 부실로 인해 올 초 기준 우발 채무가 2조5000억원에 달한다. 태영건설은 에코비트 매각 등을 핵심으로 하는 1조6000억원 규모의 자구안을 바탕으로 채권단의 동의를 얻어 올해 1월부터 워크아웃이 개시됐다.
이번 매각 절차가 마무리되면 태영건설 워크아웃 조기 졸업에도 청신호가 켜질 것이란 지적이다. 티와이홀딩스는 매각 대금 중 50%를 수령하게 된다. 이 중 KKR에 티와이홀딩스 지분을 담보로 빌린 대출금 4000억원과 이자 등을 상환하면 5000억원가량의 현금을 확보할 수 있을 것이란 전망이 나온다.
이에 앞서 태영그룹은 계열사 블루원 소유 골프장 4곳을 매각해 3000억원을 마련하고, 태영건설 소유 광명 테이크호텔(1100억원)과 여의도 사옥(2500억원)도 매각을 준비하고 있다. 또 세운5구역(세운5-1·3) 재개발사업 지분과 시공권을 GS건설에 파는 식으로 부동산 자산 매각에도 나선 상태다."
https://www.chosun.com/economy/real_estate/2024/12/20/3N6NWQFCNBDUNP3YLF7RGAN4HE/,"20일 서울 중구 을지로에서 756실 규모의 프리미엄 호텔 ‘호텔 더 보타닉 세운 명동’이 문을 열었다.
서울 최중심부에 자리한 입지 조건이 돋보인다. 지하철 2·3호선 환승역 을지로 3가역과 1·3·5호선을 이용할 수 있는 종로 3가역을 걸어서 이용할 수 있다. 남산 1·3호 터널을 통해 강남권으로 이동하기도 쉽다. 청계천과 남산, 경복궁과 창경궁, 신세계백화점과 롯데백화점, 광장시장 등 서울을 대표하는 먹을거리와 쇼핑, 관광지를 다니기 편하다.
호텔 더 보타닉 세운 명동은 넓은 발코니와 세련된 어메니티, 고급 침구를 갖췄다. 세탁기, 건조기, 에어드레서, 와인냉장고, 인덕션, 오븐 등 풀 퍼니시드(Full Furnished) 시스템으로 장기 투숙 고객에게도 최적의 편의를 제공한다.
오픈 기념 100실 한정 특별 패키지를 선보인다. 1박과 함께 무료 룸 업그레이드, 조식 2인, 오후 2시 체크아웃이 제공되며, 고급 샴페인과 욕실 키트도 증정한다. 오프닝 패키지의 가격은 35만 원부터 시작되며, 예약은 호텔 홈페이지나 전화로 가능하다.
호텔 관계자는 “출장, 레저, 가족휴가를 아우르는 맞춤형 서비스를 제공하며, 합리적인 가격대로 고객에게 잊지 못할 경험을 선사할 것”이라고 했다."
https://www.chosun.com/economy/real_estate/2025/07/11/EXOAEQCYF5ETTBKQPWP6YJ76NA/,"‘로또 청약’으로 불린 서울 강동구 ‘올림픽파크포레온’ 아파트 4가구에 대한 무순위 청약에 22만여 명이 몰렸다. 지난 6·27 대출 규제 영향으로 주택 담보 대출이 6억원으로 제한되지만 당첨만 되면 15억원의 시세 차익(전용 84㎡ 기준)을 볼 수 있다는 기대감이 작용한 것으로 보인다.
한국부동산원 청약홈에 따르면 10~11일 진행된 이번 무순위 청약은 4가구 모집에 22만4693명(5만6173.3대1)이 청약했다. 전용 면적별로 △39㎡(1가구) 4만6425명 △59㎡(1가구) 6만9106명 △84㎡(2가구) 10만9162명(5만4581.0대1)이었다.
분양가는 전용 39㎡ 6억9440만원, 전용 59㎡ 10억5190만원, 전용 84㎡형의 경우 2층이 12억3600만원, 15층이 12억9300만원이다. 전용 84㎡는 지난달 17일 28억2000만원에 실거래돼 단순 계산으로는 15억원 이상의 시세 차익을 노릴 수 있다. 이번 청약은 서울시에 거주하는 무주택 가구 구성원만 신청 가능했다. 당첨자는 오는 15일 발표하고, 당첨자는 21일 계약을 진행하게 된다. 재당첨과 전매 제한은 없지만 실거주 의무 2년이 적용된다."
https://www.chosun.com/economy/real_estate/2023/10/09/BK277T7QTRAXZPH7DZEHKCWU4M/,"국토교통부 출신 퇴직공무원 중 취업 심사를 거치지 않고 토목설계회사 부사장과 건축사사무소 상무, 건설사 자문 등으로 불법 취업한 사례가 지난 5년간 총 43건 적발된 것으로 나타났다.
9일 국회 국토교통위원회 소속 민홍철 더불어민주당 의원이 인사혁신처로부터 제출받은 ‘국토교통부 및 산하기관 임의취업 적발 현황’에 따르면 지난 2018년부터 올해 7월까지 국토부 출신 전관이 유관 기업에 취업 심사 없이 옮긴 사례가 총 43건이었다.
특정 직급 이상의 퇴직공직자는 재취업할 경우 ‘공직자윤리법’에 따라 취업심사를 받아야 한다. 취업심사를 거치지 않고 취업한 경우 1000만원 이하의 과태료, 승인 없이 업무관련성이 있는 취업심사 대상기관에 취업한 경우 2년 이하의 징역 또는 2000만원 이하의 벌금이 부과된다.
2017년 6월 퇴직한 국토교통부 시설6급 출신 한 인사는 토목설계회사 부사장으로 취업했다. 지난 2019년 8월 퇴직한 4급 출신 한 인사는 건설사 자문으로 자리를 옮겼다.
민홍철 의원은 “LH 부실시공으로 이권 카르텔을 혁파하겠다는 국토교통부가 공직자윤리법을 위반하고 업무관련성이 의심되는 토목설계, 건축업체 등에 고위직으로 취업한 것이 적발됐다”며 “퇴직공직자 재취업 심사제도를 보다 명확하고 엄격하게 도입하는 것이 필요가 있다”고 했다."
https://www.chosun.com/economy/real_estate/2024/10/02/JYDNZBYCXJBQ3NS4XEYMDGY3XM/,"최근 3년간 공사비가 30% 가량 급등하며 건설업 전반이 위축되자 정부가 공사비 안정화 대책을 내놓았다. 공사비 상승률을 2026년까지 연 2% 내외로 관리하고. 중장기적으로 장기(2000∼2020년) 평균인 연 4% 수준으로 안착시킬 계획이다. 이를 위해 공사비 상승의 주요 요인으로 꼽히는 시멘트를 민간업체가 해외에서 수입할 때 정부가 애로 사항을 해소해주기로 했다.
정부는 2일 개최된 경제관계장관에서 이같은 내용이 담긴 ‘건설공사비 안정화 방안’을 발표했다. 자재비와 인건비, 공공조달 등 3대 공사비를 안정화하는 게 핵심이다. 가장 먼저 눈에 띄는 것은 민간의 해외 시멘트 수입을 정부가 지원하겠다는 것이다. 민간업체가 해외 시멘트 수입을 추진할 경우 항만 시멘트 저장시설(사일로)을 인·허가하고 내륙 유통기지를 확보하는 등 신규 수입 사업자 진입을 수월하게 해주겠다는 것이다. 또 해외 시멘트에 대해선 KS 인증을 통해 품질·안전성을 엄격히 검증하고 유통과정에서 수시 점검해 품질 관리도 강화하기로 했다.
시멘트 산업은 국가 기간산업이라 내수 중심으로 시장을 유지해왔다. 그러나 시멘트 값이 최근 4년간 49.3% 가량 오르면서 건설업계 일부에선 가격이 싼 중국산 수입이 거론되고 있는 상황이다. 시멘트 원료인 유연탄 가격은 2022년 3월 t당 246달러를 기록한 후 올해 7월에는 90.02달러까지 떨어졌지만, 시멘트 가격은 2020년 7월 t당 7만5000원에서 2022년 7월 9만2400원, 올해 7월 11만2000원까지 올랐다. 건설업계는 가격 인하를 요구했으나, 시멘트 업계는 환경 규제에 따른 설비투자 비용이 들고 전반적인 업황이 어렵다며 가격 인하는 시기상조라는 입장이다. 결국 건설업계가 중국산 시멘트 수입을 거론하며 시멘트 가격 인하를 압박하자 정부가 호응하는 모양새다.
하지만 실제로 중국산 시멘트 수입이 대대적으로 이뤄질지는 미지수다. 김상문 국토부 건설정책국장은 “정부가 시멘트 수입에 직접 개입하는 것은 아니고 시멘트 수입을 원하는 업계를 지원하겠다는 의미”라며 “공급망을 다원화해 시장 기능이 정상적으로 발휘되길 기대하는 것”이라고 말했다. 이은형 대한건설정책연구원 연구위원은 “시멘트는 특성상 장기 보존하거나 유통하는 제품이 아니기 때문에 수요 물량과 공급처를 사전에 정해두지 않는 이상 외국산 시멘트를 보편적으로 사용하기는 어렵다”며 “이번 정부 대책은 시멘트 가격 인하를 압박하는 카드로 꺼냈을 여지가 크다”고 말했다. 최근 대한건설직자재협회는 2026년부터 중국산 시멘트 수입을 추진하고 있는 있는데 계획 중인 연간 수입량은 100만톤(t)가량으로 전체 국내 생산량인 5100만톤에 비하면 큰 규모는 아니다. 중국산 시멘트에 대한 국민의 거부감도 심해 정부 지원이 있다해도 대형건설사들이 곧바로 중국산 시멘트를 사용하진 않을 것으로 전망된다. 한 대형건설사 관계자는 “중국산 시멘트가 수입된다 하더라도 브랜드 가치가 중요한 주택 건설에선 이를 사용할 건설사가 없을 것”이라고 말했다.
이밖에 정부는 시멘트 등 주요 자재별로 ‘수급 안정화 협의체’를 구성해 수요자와 공급자의 자율적인 가격 조정을 유도하기로 했다. 시멘트협회, 건설협회 등 업계 중심으로 논의하되, 관계 부처와 공익위원이 참여하는 형태다. 아울러 정부는 공사비 안정을 위해 이달부터 범부처 불법·불공정행위 점검반을 6개월간 가동하기로 했다. 불법·불공정행위를 상시 신고받을 수 있는 신고센터도 운영한다.
건설분야 인력 수급 안정화를 위해서 외국인력 활용 제도도 개선할 예정이다. 비숙련 외국인력의 동일 사업주 현장 간 이동 제한을 탄력적으로 인정하고, 내국인이 기피해 인력 확보가 어려운 업종에 대해서는 관련 비자를 신설하는 방안을 중장기적으로 검토하기로 했다. 관급 자재 조달 체계도 개선한다. 국가시책사업은 조달청을 통하지 않고 발주처인 공공기관이 직접 중소기업 제품을 살 수 있도록 해 구매 단계를 축소하기로 했다. 또 주요 공공공사가 차질 없이 추진될 수 있도록 연말까지 공공 공사비 현실화를 위한 제도 개선 방안을 마련하기로 했다."
https://www.chosun.com/economy/real_estate/2023/03/31/JXAK3XQTAJH4HH7WBAU2QTJEV4/,"부동산 규제 완화의 영향으로 부동산 시장이 회복세를 보이면서 서울 아파트 매매수급지수가 20주 만에 70선으로 올라섰다.
31일 한국부동산원에 따르면 3월 넷째 주(27일 기준) 서울 아파트 매매수급지수는 70.6으로 지난주 69.3 보다 1.3포인트 상승했다. 매매수급지수는 100 이하로 내려가면 시장에서 집을 사려는 사람보다 팔려는 사람이 더 많다는 것을 의미한다. 여전히 팔겠다는 사람이 많지만, 매수 심리가 조금씩 살아나고 있는 것이다. 서울 아파트 매매수급지수는 작년 11월7일(70.7) 이후 줄곧 60선에 머물렀다. 작년 12월26일엔 63.1까지 떨어지며 역대 최저치를 기록했다.
서울 5개 권역을 보면, 노원·도봉·강북구 등이 포함된 동북권은 74.9로 지난주 72.9에 비해 1.7포인트 올라 가장 높은 상승률을 보였다. 중저가 아파트가 많아 시중 금리보다 낮은 특례보금자리론(9억원 이하 대상)를 이용해 매수에 나선 사람들이 많다는 분석이다. 또 강남4구(강남·서초·송파·강동구)가 속한 동남권 수급지수도 전주보다 0.4포인트 오른 72.9를 기록했다. 하지만 여전히 지수가 기준선인 100 이하여서 본격적으로 부동산 시장이 살아나기까지는 좀더 시간이 필요하다."
https://www.chosun.com/economy/real_estate/2022/09/19/GZZ2LOD4YJDI3HVOHWD3S3MV3M/,"‘e편한세상 군산 디오션루체’분양
DL이앤씨가 다음 달 전북 군산시 구암동 272-3번지 일원에서 ‘e편한세상 군산 디오션루체’를 분양할 예정이다. 지하 2층~지상 29층 8개 동, 전용면적 84~155㎡ 총 800가구 규모다. 군산 최고 인기 주거지로 부상한 디오션시티와 가깝다. 전북 최대 규모 쇼핑시설인 롯데몰 군산점이 반경 1㎞ 이내에 있고, 군산역과 시외버스터미널 이용도 편하다.
친환경 아파트 CF 공개
포스코건설이 배우 김수현을 모델로 내세워 친환경 아파트를 주제로 한 ‘내 집에는 자연이 삽니다’ CF를 새로 공개했다. 포스코건설은 아파트 시공 때 저탄소 시멘트 등 친환경 자재 사용을 늘리고 있다. 또 친환경 철강재로 제작한 리사이클링 하우스, 탄소 중립형 아파트 실내 공간 등 다양한 친환경 주거 상품도 개발하고 있다."
https://www.chosun.com/economy/real_estate/2022/02/18/THR25X24FJAATP7OGXAATGJN3M/,"올 하반기 분양을 목표로 재건축을 진행 중이던 서울 송파구 ‘잠실진주’ 아파트 공사 현장에서 삼국시대 유물이 발굴돼 분양 일정에 차질을 빚을 전망이다.
18일 부동산 업계에 따르면 잠실진주 재건축 조합은 지난달부터 전문업체를 선정해 공사 현장에서 문화재 정밀 발굴조사를 하고 있다. 조합은 2016년부터 용역업체를 통해 문화재 조사를 해왔는데 이 업체가 작년 11~12월 정밀 발굴조사가 필요하다는 의견을 문화재청에 냈다.
업체는 조사 결과 보고서에서 굴착 지점 84개소 중 36개소에서 백제 한성기와 6세기 신라에 해당하는 문화층이 확인됐다고 밝혔다.
조합은 내달 말까지 정밀 발굴조사를 한 뒤 작성한 보고서를 문화재청에 제출할 예정이다. 이 보고서에 대한 문화재청의 판단에 따라 재건축 공사의 속개 여부가 결정된다. 만약 발굴된 유적이 보존할 가치가 높은 것으로 판단되면 사업이 장기간 지연될 수도 있다.
삼성물산과 HDC현대산업개발이 시공을 맡은 잠실진주는 작년 이주 및 철거를 마치고 12월 공사를 시작했다. 당초 올 하반기 중 일반 분양을 할 예정이었지만 문화재 조사 및 문화재청 심의에 걸리는 시간을 감안하면 연내 분양이 힘들 것이란 전망이 나온다."
https://www.chosun.com/economy/real_estate/2021/12/13/3L3C4RF22RDGTIMGZDSBIHHK5Q/,"지금까지 대구광역시는 KTX가 정차하는 동대구역과 지역 내 대표 부촌인 수성구 등 동부권역을 중심으로 개발돼 왔다. 하지만 최근 서대구에서도 산업단지 재생과 정비 사업이 진행되며 활기가 돌고 있다.
서대구 지역의 활성화를 이끄는 가장 큰 동력은 내년 초 개통 예정인 서대구역이다. 총 사업비 1081억원이 투입됐는데, KTX 경부선과 더불어 향후 달빛고속철도, 대구경북선, 대구권 광역철도, 대구산업선, 도시철도 트램 등이 연계돼 광역 교통의 중심지가 될 전망이다. 대구시는 국토교통부와 SRT(수서고속철)의 서대구역 연결도 협의 중이다.
서대구역을 중심으로 대규모 역세권 개발도 추진된다. 대구시는 오는 2030년까지 약 14조원을 투입해 복합환승센터와 대규모 쇼핑센터, 공연문화 시설 등을 조성하는 프로젝트를 진행하고 있다. 하·폐수 처리장 3개를 지하화해 그 위에 친환경 생태문화공원을 조성하고, 첨단벤처밸리와 종합스포츠타운, 주상복합 등도 만들 계획이다.
과거 우리나라 경제를 견인했지만 지금은 노후화된 서대구산업단지도 재생사업 지구계획에 따라 전면 개발될 예정이다. 현재 중구에 위치한 대구시청 역시 달서구 감삼동 옛 두류정수장 부지로 오는 2025년까지 이전할 계획이다.
이처럼 굵직한 개발 호재가 이어지면서 서대구로 유입되는 인구도 늘어날 전망이다. 유동 인구가 늘어나면 주거 수요로 연결되기 때문에 서대구에서는 최근 다양한 주거 정비 사업도 진행 중이다. 현재 재건축 8개 단지, 재개발 8곳, 재정비 촉진 사업 7곳, 지역주택조합 2곳에서 사업을 추진 중이다.
부동산 업계에서는 대구지하철 2호선 두류역, 감삼역과 대구시청 신청사가 가까운 서구 평리동과 북구청역 인근 비산동이 대표적인 수혜 지역으로 거론되고 있다. 한 부동산 전문가는 “서대구가 서대구역 개통을 비롯한 다양한 개발 호재를 발판 삼아 향후 대구의 교통·산업·주거 중심지로 떠오를 것”이라며 “동부권역에 치우쳐 있던 대구의 무게중심이 서부권으로 이동함에 따라 앞으로도 개발 기대감은 계속 높아질 것”이라고 말했다."
https://www.chosun.com/economy/real_estate/2022/10/08/JUL4BAGVN5EMHDQDHT3FLSWLQU/,"[땅집고] “의왕도시공사가 백운밸리 개발사업을 추진하면서 왜 이렇게 할 수밖에 없었는지에 대한 해명이 주민에게 전달되지 않아 안타까웠습니다. 고민 끝에 인터뷰에 응합니다. 의왕도시공사의 입장을 오해 없이 전달하고 싶습니다.”
땅집고는 올해 4월부터 6개월여 동안 경기 의왕시와 의왕도시공사가 민관합동PF사업으로 진행하는 ‘백운밸리 개발사업’을 둘러싼 각종 의혹들을 연속 보도해 왔다.
백운밸리 개발사업은 의왕시 백운호수 주변 학의동 일대 95만4979 ㎡의 그린벨트를 풀어 아파트 등 공동주택 4080 가구와 복합쇼핑몰·의료시설·비즈니스센터·관광숙박시설 등을 조성해 미니 신도시급으로 만드는 사업이다. 총 사업비가 2조원 이상으로 의왕시 역대 최대 규모 개발사업으로 꼽힌다.
하지만 의왕시 지역 사회를 중심으로 백운밸리 개발사업에 대한 각종 비리 의혹들이 불거지고 있는 상황이다. ▲소규모 민간기업들이 PF사업에 참여해 수천억원의 배당금 잔치를 벌인 점 ▲백운밸리 내 기반시설 부지를 매각해 자금을 챙긴 점 ▲의왕시 지역 정치권과 연계한 특정 인사들이 백운밸리 개발 관련 회사 요직을 차지한 점 등이다.
땅집고는 이 같은 의혹에 대한 의왕도시공사 측의 해명을 듣기 위해 지난 5일 공사 본사를 찾아 인터뷰 했다. 현재 의왕도시공사 사장은 공석이다. 따라서 이날 인터뷰는 2011년 의왕도시공사 설립 멤버인 박성호 개발사업실장을 포함해 문병기 경영지원실장, 김대진 개발사업실 1팀장 등 3명이 참석한 가운데 2시간여동안 진행됐다.
-지난해 성남시가 민관 합동 PF형태로 대장동 개발사업을 진행하며 민간에 특혜를 몰아줬다는 의혹이 제기됐다. 백운밸리 역시 민관 합동 PF 사업이라 ‘의왕판 대장동’이 아니냐는 주장이 나오는데.
▶문병기: “백운밸리와 대장동 개발사업 모두 민관이 합동 PF사업으로 진행한 것은 맞다. 그런데 이익배당 구조를 살펴보면 천지차이다. 대장동 사업이 문제가 됐던 이유가 있다. 공공에는 이익배당을 받을 수 있는 금액에 제한을 걸어놓고, 민간에는 이익 한도를 두지 않았기 때문이다.
대장동 PF사업 지분은 ▲성남도시공사 제1우선주 50%+1주 ▲5개 금융사 제2우선주 43% ▲화천대유·천하동인 보통주 7%로 구성한다. 우선주는 의결권이 없는 반면, 보통주는 의결권을 갖는다. 대장동 사업은 민간이 7% 지분만 가졌는데도 보통주라 의결권이 있어 사업을 좌지우지 할 수 있었던 것이다. 또 이익배당 구조도 불균등하게 짜여졌다. 우선주를 보유한 성남도시공사는 1882억원 한도, 5개 금융사는 액면 금액의 연 25%만 가져갈 수 있도록 각각 이익 제한이 걸려있다. 하지만 보통주를 가진 민간에는 이익배당 제한이 없었다. 이 때문에 ‘관이 민간에게 이익을 몰아주는 구도’라는 질타를 받은 것이다.
반면 백운밸리는 모든 주식을 100% 보통주 형태로 만들었다. 의왕도시공사가 ‘50%+1주’(고양도시공사 포함)를 가지고, 민간이 나머지 ‘50%-1주’를 갖는다. 지분 비율에 따라 이익을 균등하게 배당하므로 대장동 사업과는 같다고 할 수 없다.”
-적게는 1억원, 많게는 11억원 정도를 투자한 민간업체에 수천억대 배당금이 돌아간 것은 과하다는 지적도 있다.
▶박성호: “민간기업이 배당을 받으면 소위 ‘돈 잔치’를 한다는 인식이 있다. 하지만 배당금에서 법인세 22%와 기타소득세 등 세금을 내고 나면 실제로 가져가는 현금이 그리 많지 않은 것으로 알고 있다. 실제로 PFV에 참여한 한 주주사는 ‘세금으로 60~70%를 떼어갔다고’도 했다. 지역 주민들이 우려하는 것보다 큰 돈을 배당받는 게 아닌 셈이다. 또 의왕도시공사의 경우 배당금을 받으면 다시 공공기여로 환원하는 구조다. 시민들을 위해 물순환시스템, 청계IC , 오매지지구 터널, 도로 정비 등 각종 공사를 진행하며 이미 1000억원 정도를 공공기여하기도 했다.”
-이른바 ‘듣보잡’ 민간 업체가 참여한 배경은 무엇인가.
▶김대진: “김포·하남·안산 등 다른 지자체 산하 도시공사가 진행하는 PF사업에도 대형 건설사는 참여하지 않고 있다. 투자 후 이익을 환수하기까지 최소 8~10년 이상을 기다려야 하는 등 시간이 너무 많이 걸려서다. 당시 의왕시 관계자들이 중소 업체에게 ‘개발사업을 진행하려고 하는데, 컨소시엄을 꾸려서 참가하는 것이 어떻겠느냐’고 홍보 정도는 했을 수 있다고 본다. 다만 일각에서 우려하는 참여 업체의 특혜 의혹 등에 대해선 사실과 무관하다.”
-의왕시에서 진행하는 민관 합동 PF 개발사업이 또 있나.
▶박성호: “왕곡지구와 오매기지구 두 곳이 향후 PF형태로 개발될 가능성이 있다. 다만 아직 지구지정은 안됐고 의왕시에서 지구 개발 방향성을 잡고 있는 상태다. 대장동 사태 이후 도시개발법이 바뀌면서 그린벨트를 푸는 데만 해도 기존 대비 2배의 기간이 소요되는 등, 전보다 개발사업 절차가 훨씬 까다로워졌기 때문이다.”
-백운밸리에 종합병원을 지어주겠다던 약속이 아직까지 이행되지 않고 있는데, 주민들 불만이 크다.
▶박성호: “애초에 의왕도시공사는 백운밸리에 종합병원을 만들겠다는 약속을 한 적이 없다. 해당 부지(지식문화지원시설4)가 지구단위계획상 ‘정신병원·요양병원을 제외한 의료시설용지’인데, 어디에도 ‘종합병원’이라는 문구는 없다. 과거 김성제·김상돈 시장도 선거 공약 차원에서 ‘유치하기 위해 노력하겠다’고 발언을 했다. 지역 수요를 고려하면 7개 진료과목 이상 300병상 규모 종합병원을 유치하는 것 자체가 쉬운 일이 아닌 것을 알지만 종합병원 유치를 위해 노력하고 있다.”
-지난 5월 의왕도시공사가 종합병원 유치를 위한 협약서에 서명하기도 했는데. (이날 협약서에는 이원식 전 의왕도시공사 사장, 김양묵 의왕백운PFV대표, 이수영 전 백운AMC대표, 진봉균 백운밸리 종합병원유치 비상대책위원장이 서명했다-편집자 주)
▶문병기: “지방선거를 4일 남겨두고 민원 해소 차원에서 작성한 협약서에 불과해 법적 효력이 없다. 당초 대표성을 가진 사람들이 서명한 것도 아니다. 해당 협약서는 의왕도시공사 내부 검토 없이 즉흥적으로 이뤄졌다. 협약서를 보면 ‘(종합병원을 유치하기 위해) 노력한다’고 적시돼있지, ‘유치한다’고 되어있지는 않다. 법적 검토한 결과 MOU 수준이라 이행 강제력이 없다는 결과도 나왔다.”
-종합병원 유치 계획이 아직 유효하긴 한건가.
▶박성호: “김성제 시장을 중심으로 의왕시가 종합병원 유치를 위한 연구용역을 진행할 계획이었는데, 워낙 이 사안에 대한 주민들의 반발이 크다보니 용역 우선협상대상자가 부담을 느끼고 계약하지 않은 것으로 알고 있다. 이에 백운밸리 개발사업과 관련한 자산을 관리하는 의왕백운AMC 가 직접 300병상 이상 병원을 유치하기 위해 관계자들과 접촉하는 등 움직임을 보이고 있다. 종합병원 유치가 쉬운 일은 아니지만, 민선8기 공약사항이자 지역 주민들의 숙원인 만큼 최선을 다하겠다.”
-지난달 김태정 의왕도시공사 사장 후보자가 자진 사퇴했다. 백운밸리 개발 사업에 대한 의혹이 불거지면서 부담감이 컸다는 분석이 나오는데.
▶문병기: “김태정 후보자가 자진 사퇴한 이유는 ‘일신상의 이유’다. 인사청문회에서 본인의 흠결 사항(논문 표절 등)이 노출되자 심적인 부담을 느낀 것으로 안다. 인사청문회에서 의왕시의원들이 백운밸리 사업 논란에 대한 질의가 이어졌고, 역량이 부족하다는 판단 하에 사장 임명을 부결시키기도 했다. 물론 시의회 부결이 이행강제력이 없기 때문에 의왕시나 의왕도시공사가 사장 임명을 강핼할 수는 있지만, 시의회 판단을 존중한다. 이르면 11월에 새로운 사장 임명이 가능할 것으로 본다.”
-신대식 전 공사 개발실장이 의왕백운AMC 인사를 반대하다 좌천됐다고 주장하며 김성제 시장 등을 검찰에 고발했다. 이에 대한 공사의 입장은.
▶문병기: “의왕백운AMC는 백운밸리 각종 자금을 관리하는 중요한 회사다. 그런데 지난 6월 30일 전임 대표가 사퇴한 이후 사장석이 공석이었다. 의왕시 내에서는 신임 대표를 빨리 추천해야한다는 공감대가 형성됐다. 이에 초대 의왕백운AMC 사장직과 의왕도시공사 사장직을 역임했던 이성훈씨가 적임자라고 판단해 신임 대표이사로 추천했고, 법률자문 등 의뢰를 신대식 전 개발실장에게 맡겼다.
그런데 신대식 전 개발실장은 법률 자문을 받은 후 자의적 판단으로 의왕백운AMC 대표이사 선출을 부결시켰다. 이후 다른 인사와 관련해서도 공사 내에서 불협화음을 야기해 보직이 해제됐다. 이 밖에 비위 사실 등에 대한 제보를 받아 특별직무감찰을 진행했고, 만약 감사 결과 별다른 하자가 없다고 하면 개발실장 보직을 다시 부여받을 것이다.
▶김대진: “당시 의왕백운AMC 인사에 대한 법률자문을 총 6곳에서 받았다. 이 중 4군데가 이성훈씨 등을 임명해도 법적 하자가 없다고 판단했고, 2군데는 공사의 도덕성 등이 우려된다고 자문했다. 다만 의왕도시공사는 선의의 의무나 공공성, 도덕성 보다는 백운밸리 사업 업무 이해도나 추진력에 초점을 두고 의왕백운AMC 인사를 진행하는 것이 맞다고 판단한 것이다.”"
https://www.chosun.com/economy/real_estate/2020/12/17/YTUPHDW7EJF4RLK5UJGCKP7OXE/,"아파트 시장이 수급 불균형으로 매매가격과 전셋값이 동반 상승하는 가운데, 오피스텔 청약 시장으로 눈을 돌리는 수요자가 늘고 있다. 서울에서 인근 브랜드 아파트보다 비싼 분양가로 공급된 오피스텔에 청약 수요가 대거 몰렸다. 아파트 전세난이 심해지면서 “오피스텔이라도 사자”는 사람이 증가한 것으로 분석된다.
지난 14일 청약을 받은 서울 도봉구 도봉동 ‘힐스테이트 도봉역 웰가’ 오피스텔 전용면적 84㎡는 114실 모집에 1929건이 접수돼 16.9대1의 경쟁률로 마감됐다. 전용 59·74㎡도 각각 6대1이 넘는 경쟁률을 기록했다. 비싼 분양가 때문에 청약 마감을 장담할 수 없다는 애초 예상과 달리 수요자가 몰린 것이다. 이 오피스텔은 분양가 상한제를 적용받지 않아 전용 59㎡ 분양가가 5억5000만~6억원대로 책정됐다. 지난달 5억8000만원의 신고가를 기록한 도봉동 ‘래미안 도봉’ 전용 59㎡보다 비싸다. 신축 프리미엄을 감안해도 오피스텔이 브랜드 아파트보다 비싼 경우는 흔치 않다.
지난달 초 대구 수성구에서 분양한 ‘힐스테이트 만촌 엘퍼스트’ 오피스텔은 420실 전체를 실수요자가 선호하는 전용 84㎡로 구성해 평균 6.6대 1의 경쟁률로 마감됐다.
전문가들은 서울과 지방 대도시에서 아파트 공급 부족으로 전셋값이 치솟자 전세 수요 일부가 오피스텔 청약에 나선 것으로 보고 있다. 김광석 리얼하우스 대표는 “아파트 청약시장에선 낮은 가점 때문에 당첨을 기대하기 어려운 3040세대가 청약 조건이 덜 까다로운 오피스텔 매수에 나서는 경우도 있다”고 설명했다."
https://www.chosun.com/economy/real_estate/2023/11/13/TJYJUFHXVJCABHMEEOP65WDF3Y/,"올해 전국 아파트 매수자 중 30대 비율이 2019년 통계 작성 이후 처음으로 40대를 앞질렀다. 30대에 유리한 방향으로 대출 규제가 완화된 게 이유로 꼽힌다.
12일 한국부동산원에 따르면, 올해 1~9월 아파트 매매 거래 총 31만6603건 가운데 30대 매입 건수는 8만5701건(27.1%)을 기록했다. 이는 전체 연령대 중 가장 많은 것으로, 40대 거래량인 8만2077건(25.9%)을 웃돌았다.
전국 아파트 1~9월 거래에서 30대 매입 비율이 40대를 넘어선 것은 정부가 연령대별 거래 현황을 공개한 2019년 이후 처음이다. 연간 기준으로도 2019년 이후 매년 40대의 거래 비율이 가장 높았으나, 올해는 30대가 역전할 가능성이 커졌다. 지난해 전국 아파트 30대 매입 비율은 22.4%, 40대는 24.1%였다.
30대 아파트 매수자가 늘어난 것은 이번 정부 들어 생애 최초 주택 구입자에 대한 대출 규제가 완화되고, 소득과 상관없이 9억원 주택까지 최대 5억원을 대출해주는 ‘특례보금자리론’이 출시된 영향이 크다. 전세 사기 여파로 청년층의 아파트 선호 현상이 확대되면서 30대 매수자 비율은 더 늘어날 전망이다."
https://www.chosun.com/economy/real_estate/2021/03/17/QYFKG32575F6VGCXANILQ2AOPI/,"경기 광명의 한 시의원 가족이 관내 토지 3필지 37억원어치를 공동으로 사들였다. 대출을 한도액에 가까운 23억원 받았다. 무리한 투자로 보였지만, 1년도 지나지 않아 이 지역들에 대한 개발 계획이 줄줄이 발표됐다.
16일 법원에 따르면, 2016년 광명시의회 새누리당 A 의원(당시)의 가족이 광명시 가학동 땅 3개 필지를 잇달아 사들였다. 1월 11일 하루에 두 필지를 한꺼번에 쪼개기 방식으로 샀다. 우선 A 의원의 남편과 딸 등 3명이 관광지인 광명동굴 진입로변 토지 1500평(이하 필지①)을 17억8000만원에 샀다. 12억4000만원은 대출금이었다.
같은 날 A 의원 딸과 사위 등 5명은 평택-파주 고속도로 인근 임야 2000평(필지②)도 샀다. 11억7000만원에 산 이 땅에는 넉 달 뒤 ‘5억5000만원 대출'에 대한 담보 설정이 들어왔다. 땅에서 수백㎞ 떨어진 전라남도의 한 농협이 대출해줬다.
2개월 뒤에는 기존 매입한 필지② 근방의 논 700여평(필지③)을 남편 등 4명이 대출 5억원을 끼고 7억5000만원에 샀다. 공동 매입자 중 한 명은 광명시의회의 또 다른 새누리당 소속 B 의원이었다. 이 땅은 자동차로 들어갈 수도 없는 속칭 ‘맹지(盲地)’였다. 한 현지 주민은 “농사를 지을 사람들도 아닌 것 같아 보였는데, 그 땅을 왜 사는지 당시 마을 사람들이 수군수군했다”고 말했다.
의문은 수개월 만에 풀렸다. 그해 10월 경기도와 광명시, 한국토지주택공사(LH)가 ‘광명시흥 테크노밸리 조성사업’을 발표했다. 테크노밸리 부지에는 필지②와 필지③이 포함됐다. 필지①이 빛을 본 건 이듬해였다. 광명시가 민관(民官) 컨소시엄을 구성해 광명동굴 주변을 ‘테마형 복합관광단지'로 만들겠다고 2017년 7월 발표한 것이다. 광명시는 서울 강남에서 투자기관을 불러모은 가운데 투자 설명회도 열었고, 재작년 12월 NH투자증권, HDC현대산업개발 등이 컨소시엄으로 참여하는 업무협약을 체결했다.
A 의원과 B 의원은 2018년 지방선거에서 낙선했다. A 의원은 “남편이 버섯 농사 지으려고 땅을 산 것뿐 직무상 얻은 정보를 땅 매입에 활용한 것이 아니다”라고 말했다."
https://www.chosun.com/economy/real_estate/2021/01/14/GLDWXEPC6BFPDIQHWJTMLB2O4M/,"롯데건설은 최근 서울 서초구 잠원동 본사에서 새해 경영전략회의와 안전한 기업 문화 조성을 위한 안전 문화 선포식을 개최했다. 롯데건설은 올해 그룹과의 시너지를 높이고 디벨로퍼 역량과 기술력을 강화해 신성장 동력을 확보하기로 했다. 또 원가관리 체계를 혁신해 수익성도 강화할 계획이다. 하석주 대표는 “안전이 기업 경영의 최우선 가치임을 잊지 말고, 고객 신뢰를 강화할 품질 관리와 안전사고 예방에 힘써 달라”고 당부했다."
https://www.chosun.com/economy/real_estate/2022/09/20/OSNBZRXJSBHY3C2P5PVEIQXIFM/,"땅집고 옥션이 오는 29일 ‘2차 정기옥션’을 진행한다. 이번 9월 정기옥션에는 재경매 6건과 신건 10건 등 총 16건이 매물로 나온다. 최저입찰가 기준 1133억원 어치에 달한다. 1차 정기 옥션과 비교해 규모가 커지고 매물도 다양해졌다.
땅집고 옥션 총괄운영을 맡고 있는 정을용 BTG컨설팅 대표는 “지난 5일 2차 정기옥션 공고가 나간 이후 재경매 매물에 대한 관심과 문의가 쏟아지고 있다”고 말했다. 1차 옥션 때와 비교해 평균 5% 정도 최저입찰가가 낮아졌기 때문이다. 가격 기준으로 1억3000만원에서 최대 7억원까지 낮췄다. 지난달 정기옥션에 참석했던 이모씨는 “8월 정기옥션에서 서울의 한 근생빌딩에 관심이 있었는데 이번에 가격을 낮춘다고 해서 입찰해 보려고 한다”고 말했다. 재경매 매물 중 2~3건은 현장답사까지 마친 예비입찰자도 많다.
이번 재경매 매물은 ▲근생빌딩 2건 ▲상가 3건 ▲연수원·펜션 1건 등이다. 북한강에 붙어있는 지상 4층 연수원과 펜션 등을 갖춘 청평 오페라하우스는 1차 옥션(105억원)보다 7억원 낮은 98억원으로 가격을 조정했다. 고려대 앞 영진빌딩은 1차보다 5% 낮은 52억원에 재경매에 부쳐진다. 최우량 임차인 중 하나인 스타벅스가 입점한 양천구 대림아크로빌 1층 구분상가, MZ세대 사이에 핫플로 떠오르고 있는 마포구 연남동 센트럴파크 인근 근생빌딩도 재경매로 나온다.
통상 법원 경매는 유찰이 되면 최초 입찰가에서 강제로 20~30% 낮춰 재입찰한다. 그러나 땅집고 옥션은 매도자와 옥션 주관 중개사가 협의해 최저 입찰 금액을 낮춰 재경매를 진행한다. 법원 경매와 달리 매도자 의사가 재입찰 가격에 최대한 반영될 수 있다는 점이 가장 큰 특징이다. 정 대표는 “유찰되면 매물을 회수하는 것이 아니라 다음 정기옥션에 재경매로 넘어가는 방식은 민간 부동산 옥션의 이상적인 형태”라며 “재경매 매물의 입찰금액을 평균 5% 낮춰 소폭 조정이라고 생각할 수도 있지만 매물 금액 자체가 워낙 커 매도자 입장에서는 상당히 가격을 낮춘 셈”이라고 했다.
땅집고가 선보이는 민간 부동산 경매 시스템 ‘땅집고 옥션’은 매도인 의뢰를 받아 매도희망가격과 입지, 권리관계 등을 공개하고 경쟁입찰을 통해 최적 매수인을 찾는 방식이다. 매물별로 최저입찰가를 정하고 그 이상으로 최고가를 써낸 매수희망자가 낙찰받는 방식이다. 2차 정기 옥션 입찰은 오는 29일 오후 1~3시 서울 중구 세종대로 땅집고 아카데미 교육장에서 진행한다."
https://www.chosun.com/economy/real_estate/2021/12/19/B5XVY6FD2VAE3LX3QIKPF7LLIA/,"동두천 등 수도권 외곽지역을 중심으로 집값이 하락조짐을 보이고 있다. 대출규제와 금리인상이 겹치면서 거래도 급감하고 있다. 서울도 분위기가 바뀌고 있다. 한국부동산원의 ‘공동주택 실거래가 지수’ 통계에 따르면, 10월 서울 서북권(마포·서대문·은평구)과 동남권(강남 4구)의 아파트 실거래가 지수가 한 달 전보다 각각 0.5%, 0.03% 떨어졌다.
이미 집값이 정점을 지나 하락기로 접어 들었다는 주장도 나온다. 서울대 김경민 교수가 “기준금리가 1.5%가 되면 집값은 2021년 6월 대비 약 10~17%가 빠진다”고 전망하는 등 집값 급락론이 다시 고개를 들고 있다. 노형욱 국토부 장관도 최근 한 방송에 출연, “강남의 일부 아파트가 2010년 대비 2013년에 40%가 떨어진 적이 있다”고 말했다.
금리 인상, 대출 규제, 지나치게 오른 집값, 종부세 등 세금 폭탄 등을 근거로 한 집값 폭락론이 다시 고개를 들고 있다. 반면 건설산업연구원과 주택산업연구원은 내년에도 입주물량 부족등으로 집값이 오름세를 이어갈 것으로 전망하고 있다.
◇2012년 강남 폭락 다시 재연되나
한국에서 집값이 급락한 시기는 IMF외환 위기를 제외하면 2012년이었다. 부동산원 조사에 따르면 2012년 서울 아파트 가격은 6.65%, 강남구는 12.09% 하락했다. 변동률이 커보이지 않지만, 당시 강남구의 일부 아파트는 고점 대비 거의 반토막이 난 가격에 나온 급매물만 거래됐다. 리먼쇼크가 발생한 2008년에는 서울 전체 아파트는 7% 올랐지만, 강남구는 5.99% 하락했다. 2009년 한국 경제가 리먼쇼크를 조기에 극복하면서 서울 전체는 2.46%, 강남구는 6.36% 상승했다.
2010년, 2011년 소폭 하락하던 집값은 2012년 급락세를 보였다. 서울은 -6.65%, 강남구는 -12.09% 의 변동률을 기록했다. 2013년은 서울(-1.28%)과 강남구(-1.07%)는 소폭 하락했다.
당시 통계상 변동률보다 체감 집값 하락폭은 훨씬 컸다. 2007년 33억이던 강남의 67평형 아파트가 2013년에는 16억원에 거래되는 등 강남에 ‘반토막’ 아파트가 속출했다. 집값이 더 떨어질 것이라는 공포심리가 퍼지면서 거래 자체가 거의 이뤄지지 않았고, 초급매물만 거래됐다. 한때 전국적 수요가 몰리는 안전자산이라는 이유로 맹위를 떨쳤던 ‘강남 불패론’이 물거품처럼 사라졌다. 김경민 교수의 전망처럼 서울 아파트 가격이 10~17% 하락할 경우, 시장에서는 30~40% 떨어진 가격의 초급매물만 거래될 가능성이 높다.
◇집값 폭락의 조건?
당시 집값 폭락요인은 복합적이다. 경기부양을 위해 2009년 2월 2%까지 내렸던 기준 금리를 한은이 2011년 6월 3.25%까지 올렸다. 급격한 금리 인상은 부동산 버블붕괴를 초래하기도 한다. 일본의 중앙은행이 80년대말 2.5%까지 낮아진 기준금리를 90년 8월에 6%까지 올리면서 부동산 버블붕괴로 이어졌다.
금리인상과 함께 수도권 미분양 주택증가, 이명박 정부의 반값 아파트 정책 등도 영향을 줬다. 수도권 미분양 물량은 집값 폭등기인 2006년 4700 가구까지 줄었으나 2013년에는 3만3000가구까지 급증했다. 2014년부터 미분양이 줄면서 부동산 경기가 회복기로 접어들었다.
당시 수도권 미분양 물량이 급증했던 것은 이명박 정부의 보금자리 주택 정책도 한 몫했다. 그린벨트 해제지 주택 32만가구를 포함 2012년까지 수도권에서 보금자리주택 60만 가구를 공급하겠다고 발표했고 실제 강남구와 서초구 등에서 시세 절반가격의 아파트가 나왔다. ‘반값 아파트’ 공급이 본격화되면서 분양가가 비싼 민간 아파트는 미분양이 속출했다.
◇대선 정책 경쟁, 집값 하락요인일까? 상승요인일까?
내년 대선의 공약 경쟁이 집값에 호재라는 주장도 나오지만, 신속한 공급 폭탄 정책이 나올 경우, 집값 하락요인으로 작용할 수 있다. 여야 대선 후보들이 모두 공급확대를 공약하고 있다. 문제는 속도와 물량이다. 집값 불안심리를 단박에 잠재울 정도의 파괴력이 있는 정책이 나오면 금리인상과 함께 집값하락의 기폭제가 될수도 있다. 문재인 정부가 ‘2.4대책’을 통해 공급확대 정책으로 전환한 만큼, 차기 정부의 부담은 그만큼 가볍다.
대외 변수도 중요하다. 2012년 집값 하락은 한국만이 독특한 상황은 아니였다. 미국,네덜란드, 영국 등 선진국은 물론 중국도 한국과 비슷하게 주택가격 하락세가 지속됐다. 리먼쇼크에 이어 남유럽 국가들의 재정위기로 세계 경제의 침체가 지속됐기 때문이다. 국내에서도 웅진, STX, 동양그룹 등이 자금난으로 법정관리를 신청하면서 제2의 경제위기론이 나왔다. 경제가 불황에서 벗어나 짦은 기간 성장을 한 뒤 다시 불황이 본격화하는 더블딥(double dip) 가능성이 전세계 주택시장을 꽁꽁 얼어붙게 만든 것이다.
◇상승론 근거는 입주 물량 급감, 2012년엔 입주물량 감소에도 급락
내년 집값은 어떻게 될까. 서울대 김경민 교수와 같은 급락론은 소수파이다. 건설산업연구원은 “내년 전국과 수도권 주택매매가격이 각각 2%, 3% 상승할 것”이라고 전망했다. 주택산업연구원은 ”내년 주택 매매 가격이 전국 2.5%,수도권 3.5% 오를 것”이라고 전망했다.
금리인상, 대출규제, 세금 폭탄에도 연구기관들이 상승세를 전망하는 것은 입주물량 부족이다. 건설산업연구원은 집값 상승의 요인으로 2023년까지 수도권의 신축아파트 입주 감소를 꼽았다. 그러나 폭락론자들은 입주물량과 주택가격은 상관관계가 없다는 주장을 편다. 실제 2012년 하락기는 오히려 입주물량이 줄었다. 실제 2012년 서울 아파트 입주물량은 2만6000가구, 수도권 아파트 입주물량이 11만가구로 2011년의 서울 3만8000가구, 수도권 12만5000가구보다 크게 줄었다. 입주물 물량보다는 경제 심리, 금리, 대출규제, 정책변수가 더 크게 작용한다는 주장이다."
https://www.chosun.com/economy/real_estate/2025/04/10/7R35TRD2ARARVBBP33ACOE5WYE/,"오는 6월부터 전월세 신고제가 본격 시행될 전망이다. 국토교통부는 4년간 유지해온 계도 기간을 종료하는 방안을 유력하게 검토하고 있으며 이달 말 최종 입장을 발표할 예정이다.
10일 국토부에 따르면 전월세 신고제는 보증금이 6000만원을 넘거나 월세가 30만원을 초과하는 경우 계약일로부터 30일 이내에 임대인과 임차인이 계약 내용을 지방자치단체에 의무적으로 신고해야 하는 제도다. 기간 내 신고하지 않거나 허위 신고를 하면 최대 100만원의 과태료를 부과한다.
이 제도는 문재인 정부 당시 ‘임대차 3법’ 중 하나로 도입돼 2021년 6월부터 시행됐지만, 대국민 홍보가 폭넓게 이뤄져야 한다는 점을 고려해 계도 기간을 둬 신고 의무만 부여하고 과태료는 부과하지 않았다. 계도 기간은 오는 5월 31일 종료를 앞두고 있다.
국토부는 과태료 부과 여부와 관계없이 전월세 신고율이 꾸준히 올라가며 제도가 어느 정도 정착됐다고 보고 있다. 다만 제도가 무리 없이 운영될 수 있는지를 최종 조율해 유예 기간 종료 여부를 결정하기로 했다.
국토부는 계도 기간 종료를 앞두고 전월세 계약을 단순 지연 신고했을 때의 과태료를 최대 100만원에서 30만원으로 낮추기로 했다. 거짓 신고 때 과태료는 최대 100만원으로 유지한다.
임대인이나 임차인 중 한 명이 계약 당사자 모두가 서명‧날인한 주택 임대차 계약 서류를 첨부해 신고하면 공동 신고로 간주된다. 임대차 계약을 신고하면 자동으로 확정일자가 부여된다. 임차인이 확정일자 부여만 신청하고 임대차 거래 신고를 안 했을 때에는 신고 대상임을 안내하는 알림톡이 발송된다.
국토부는 이를 통해 임대차 시장의 투명성을 높이고, 임차인의 권리를 보호하며 정책 수립에 필요한 데이터를 확보할 계획이다."
https://www.chosun.com/economy/real_estate/2022/10/17/2TNB7YPV4FE7LBL6TVK64CYSEA/,"지난달 전국·수도권 아파트 값이 2000년대 말 글로벌 금융 위기 이후 가장 큰 폭으로 하락했다.
17일 한국부동산원에 따르면, 9월 전국 주택(아파트·연립·단독주택 등) 가격은 전월보다 0.49% 내려 금융 위기 때인 2009년 1월(-0.55%) 이후 13년 8개월 만에 최대 낙폭을 보였다.
아파트 값 내림세가 가장 두드러졌다. 지난달 전국 아파트 값은 전월 대비 0.78% 하락, 2008년 12월(-0.92%) 이후 가장 큰 폭으로 떨어졌다. 수도권 아파트 매매가격은 한 달 사이 0.98% 내렸다. 지난달 서울 아파트 값은 0.75% 내려 2012년 8월(-0.9%) 이후 10년여 만에 최대 낙폭을 기록했다. 중·저가 아파트가 밀집한 노원구(-1.37%), 도봉구(-1.35%) 아파트 값이 큰 폭으로 내렸다. 부동산원은 “금리 인상과 주택 가격 추가 하락에 대한 우려로 매수 심리가 급감한 가운데 급매물 위주의 거래가 진행되면서 낙폭이 확대됐다”고 설명했다.
전셋값도 약세가 뚜렷하다. 전국 주택 전셋값은 0.5% 하락하며 전월(-0.28%)보다 낙폭을 키웠다. 이 역시 2009년 1월(-0.98%) 이후 최대 하락이다. 가파른 금리 인상으로 ‘전세의 월세화’가 가속화하는 가운데, 전국 월세는 0.1% 올랐다."
https://www.chosun.com/economy/real_estate/2023/11/06/WEOCLQIZGJBL7GMVVLFNBMYO6Y/,"서울 강북구 미아동에 들어서는 ‘한화포레나 미아’는 지난달 424가구 전체에 대한 계약을 마쳤다. 완판한 것이다. 작년 4월 분양을 시작한 지 1년6개월 만이다. 미분양이 워낙 오래 지속돼 입주 때까지 해소가 어려울 것이란 전망도 있었지만, 8~9월부터 문의가 급격히 늘더니 완판(100% 계약 완료)에 성공했다. 인근 공인중개사무소 관계자는 “지하철역에 붙어 있고 주변 생활편의시설도 잘 갖춰져 입지는 좋지만 높은 분양가가 발목을 잡았다”며 “최근 (서울) 강북에서 분양하는 아파트 분양가가 13억~14억원대로 책정되면서 가격 경쟁력이 생겼고 미분양이 사라진 것”이라고 말했다.
분양을 시작하고 1년 넘게 미분양이 남아 ‘애물단지’ 취급을 받았던 장기 미분양 아파트가 최근 하나둘 완판에 성공하며 부활하고 있다. 첫 분양 때만 해도 부동산 시장 침체 우려가 크고 비싼 분양가 탓에 수요자들로부터 외면받았던 단지들이다. 하지만 올 하반기 들어 집값 회복세가 뚜렷해지고 원·부자재, 인건비 등 고물가 탓에 최근 분양에 나선 아파트의 분양가가 치솟자 상대적으로 가격 매력이 높아진 덕분이다. 과거 사례를 보면 미분양 몸살을 앓다가 이를 극복하고 대한민국 대표 아파트가 된 단지도 많다. 서울 서초구를 대표하는 반포자이나 대한민국 1세대 주상복합 상징인 강남구 타워팰리스도 초기엔 심각한 미분양 사태를 겪어야 했다.
◇망한 줄 알았던 미분양 단지들, 잇달아 완판
한화포레나 미아는 작년 4월 1순위 청약 당시 7대1의 경쟁률을 기록했지만, 당첨자의 40% 가까운 139가구가 계약을 포기했다. 분양가 상한제를 적용받지 않았던 탓에 ‘국민 평형’으로 통하는 전용면적 84㎡ 분양가가 11억원을 넘어 주변 시세보다 비싸다는 평가가 많았기 때문이다. 이후 8번의 무순위 청약을 진행했지만, 지난 7월말까지도 62가구가 여전히 미분양이었다. 하지만 이후 동대문구, 광진구 등에서 분양한 아파트 분양가가 84㎡ 기준 13억~14억원대에 달하자 8월부터 매수 문의가 급격히 늘었다고 한다.
‘미분양 무덤’으로 불리던 대구에서도 수성구 범어자이와 만촌 자이르네 등 2개 단지가 1년 이상 이어지던 미분양을 모두 털고 지난달 계약을 마쳤다. 범어자이도 84㎡ 분양가가 9억원에 달해 작년 7월 분양 당시 고분양가 논란이 컸다. 하지만 지금은 고층부 일부 매물에 최고 8000만원 웃돈까지 붙었다. 수성구는 대구에서 가장 인기가 많은 거주 지역이다. 특히 범어자이가 있는 범어동은 ‘대구의 대치동’으로 불릴 정도로 지역 주민들 사이에서 인기가 높다. 이상우 인베이드투자자문 대표는 “시장이 회복세에 접어들면 가장 수요가 많은 지역의 신축 아파트부터 신호가 오는 게 일반적”이라며 “입지 우위에 있는 단지부터 차례대로 미분양이 해소될 것”이라고 말했다. 장기 미분양 단지들의 완판 행렬이 이어지면서 전국 미분양 주택도 9월 5만9806가구로 올해 2월(7만5438가구)에 비해 20% 넘게 줄었다.
◇반포자이·타워팰리스도 초기엔 미분양
미분양 아파트는 부정적 이미지가 강하다. 하지만 분양 당시 심각한 미분양 사태를 겪고도 이후 대표 아파트가 된 곳도 적지 않다. 2008년 분양한 반포자이(반포주공3단지 재건축)는 일반 분양 599가구 중 40%가 계약을 포기했다. 당시 글로벌 금융위기로 부동산 시장 분위기가 안 좋았고, 분양가도 84㎡가 11억원대로 당시 눈높이에서는 비싸 보였기 때문이다. 미분양 해소에 어려움을 겪던 조합은 결국 잔여분 159가구를 국내 사모펀드에 매각했다. 2000년 분양한 타워팰리스(1차) 역시 초기 분양률이 20~30%에 그쳤다. 삼성물산 임직원과 협력업체 사장들이 충성심을 보여주기 위해 분양받을 정도였다.
강북의 신흥 인기 아파트로 자리 잡은 마포구 마포래미안푸르지오와 성동구 텐즈힐2차, 경희궁자이도 초기 미분양이 심각했고, 일부는 할인 분양을 하기도 했다. 이들 모두 지금 시세는 분양가의 최소 2배가 넘는다.
작년 12월 분양한 올림픽파크포레온(둔촌주공 재건축)도 미분양 아파트의 반전 사례다. 분양 당시 시장 분위기가 워낙 안 좋았던 탓에 899가구가 미분양으로 나왔지만, 올해 1월 정부가 부동산 규제를 대거 완화하면서 무순위 청약 한 번에 모두 팔렸다. 분양권 시세도 84㎡ 기준으로 분양가 대비 5억원 정도 올랐다.
전문가들은 “앞으로 나올 미분양 단지 중에서도 ‘흙 속의 진주’가 있을 수 있으므로 관심을 가져볼 만하다”고 조언한다. 김제경 투미부동산컨설팅 소장은 “입지가 좋은 대규모 아파트는 결국엔 지역을 대표하는 단지가 된다는 사실은 과거 사례들을 통해 증명되고 있다”며 “앞으로 나올 미분양 단지 중에서도 제2의 반포자이가 나올 수 있으므로 관심을 가져야 한다”고 말했다."
https://www.chosun.com/economy/real_estate/2021/12/26/2RERUO3STRAW5NG4WBUKGNXFZM/,"인천 송도의 한 신규 분양 아파트에서 30% 넘는 당첨자가 계약을 포기하는 일이 벌어졌다. 대출 규제와 금리 인상으로 자금 부담이 커진 데다, 최근 집값 상승세도 꺾이면서 매수 심리가 위축된 것이라는 해석이 나온다.
26일 부동산업계에 따르면, GS건설은 지난달 분양한 ‘송도자이더스타’ 530여 가구에 대해 예비 당첨자를 대상으로 추가 계약을 진행 중이다. 이 아파트 1순위 청약에는 2만156명이 몰리며 평균 경쟁률 13대1을 기록했지만, 35% 가까운 당첨자들이 계약을 포기한 것이다. ‘묻지 마 완판’을 이어오던 최근 수도권 청약시장 분위기와 대조적이다. 업계 관계자는 “건설사에서 중도금 대출은 제공하기로 했지만 금리 인상에 따른 이자 부담과 집값 하락 우려가 영향을 미친 것으로 보인다”고 말했다.
실제 최근 수도권에서는 신축 아파트를 중심으로 집값 하락이 감지되고 있다. 한국부동산원 주간 집계로 이달 20일 기준 수도권 아파트 값은 0.07% 올랐지만 입주 5년 이하는 0.02% 하락했다. 2019년 6월 이후 처음 떨어졌다. 경기(-0.03%), 인천(-0.07%)의 하락세가 두드러졌다. 한편, KB국민은행 집계로 이달 전국 주택 매매가격 상승률은 0.5%로 작년 10월(0.62%) 이후 14개월 만에 1%대 밑으로 떨어졌다."
https://www.chosun.com/economy/real_estate/2022/02/27/KKTHGI7LTVFQDGZNY3AZB75LCQ/,"배우 한소희(29)가 경기도 구리시 소재의 고급 빌라를 대출 없이 현금 매입했다.
26일 스카이데일리에 따르면 한소희는 지난해 12월20일 경기도 구리시 아천동에 있는 ‘빌라드그리움W’의 한 호실을 19억5000만원에 사들였다. 등기부등본상 전용면적은 155.67㎡(약 47평), 공급면적은 약 274㎡(83평형)이다.
해당 빌라의 분양가는 21억5000만원이었만 한소희가 직접 발품을 팔아 낮은 가격에 샀다고 한다. 소유권 이전은 지난 15일 이뤄졌다.
빌라드그리움W는 2020년 7월 준공된 고급빌라다. 지하 1층~지상 4층, 전체 16가구로 조성됐으며 전세대가 테라스를 갖췄다. 인근에 아차산과 용마산이 있고 남쪽으로 한강이 흐르는 배산임수 지형이다. 강남 주요 지역까지 차로 15~30분 거리다.
이 빌라는 아치울 마을 초입에 위치한다. 아치울 마을은 작가, 미술가, 연예인 등이 거주해 ‘예술인 마을’로 불린다. 연예인 현빈, 박진영, 오연서 등 유명 인사가 살았거나 현재도 거주하고 있다.
2017년 SBS 드라마 ‘다시 만난 세계’로 데뷔한 한소희는 2020년 JTBC 드라마 ‘부부의 세계’에 출연해 스타덤에 올랐다. 이후 ‘알고 있지만’, ‘마이 네임’ 등에 출연했다."
https://www.chosun.com/economy/real_estate/2023/02/01/FBLRJAIVNFE5NFVPHNSA4AH43I/,"대우건설과 삼성엔지니어링이 지난해 해외 사업 호조로 역대 최고 수준의 실적을 거뒀다.
대우건설은 지난해 실적(연결 기준) 잠정 집계 결과, 매출이 전년보다 20.0% 증가한 10조4192억원, 영업이익은 2.9% 증가한 7600억원을 기록했다고 31일 밝혔다. 영업이익은 사상 최대 규모다. 대우건설은 “이라크 알포 신항만 공사, 나이지리아 LNG 트레인7호기 사업이 본격화되면서 매출과 수익이 증가했다”고 했다. 대우건설은 지난해 신규 수주도 14조1295억원을 기록해 전년보다 27.5% 증가했다. 회사 측은 “나이지리아 와리 정유시설 보수공사, 부천 열병합발전소 등 국내외 대형 플랜트 사업을 수주해 목표치를 초과 달성했고 재건축 등 도시정비사업에서도 성과를 냈다”고 했다.
수년간 실적 부진으로 어려움을 겪었던 삼성엔지니어링도 지난해 매출은 전년보다 34.3% 늘어난 10조543억원, 영업이익은 39.7% 증가한 7029억원을 기록했다고 이날 공시했다. 매출과 영업이익 모두 2012년 이후 10년 만에 최대치다. 삼성엔지니어링은 “멕시코, 말레이시아와 중동 지역 대형 프로젝트 매출이 본격적으로 실적에 반영되면서 외형 성장과 함께 수익성이 개선됐다”고 했다. 지난해 신규 수주는 약 10조2000억원을 기록해 목표치였던 8조원을 큰 폭으로 상회했다. 삼성엔지니어링이 수주한 주요 사업으로는 카타르 석유화학 플랜트, 말레이시아 가스 플랜트, 러시아 석유화학 플랜트 등이 있다."
https://www.chosun.com/economy/real_estate/2024/08/05/RVUVZRHCMBGOJBQNYY4GN5YOT4/,"정부가 빌라 같은 비(非)아파트 공급을 확대하기 위해 세제 혜택을 제공하고 있으나 큰 효과를 거두지 못하는 것으로 나타났다.
4일 국토교통부에 따르면, 올해 상반기 서울 다가구·다세대·연립주택 등 빌라 인·허가 물량은 1549가구로 전년 동기(2460가구)보다 37% 감소했다. 2년 전(1만942가구)과 비교하면 85.8% 급감했다. 착공 물량 역시 2116가구에 그쳐 전년(3825가구)보다 44.7%, 2년 전(1만504가구)보다 79.6% 줄었다. 상반기 서울 아파트 착공(1만1183가구)이 작년보다 15.6% 늘어난 것과 대조적이다.
정부는 올해 초 ‘1·10 대책’을 통해 2024~2025년 준공한 신축 소형 주택을 구입하면 취득세·양도세·종합부동산세 산정 때 주택 수 산입에서 제외하기로 했다. 대상은 전용면적 60㎡ 이하의 수도권 6억원, 지방 3억원 이하 주거용 오피스텔, 빌라, 도시형 생활 주택 등이다.
이런 유인책에도 비아파트 공급이 늘지 않는 것은 전세 사기 여파로 아파트 쏠림 현상이 심해지고, 세제 혜택을 받는 주택 수 제외 요건이 까다로워 수요 회복에 한계가 있기 때문이라는 지적이 나온다. 현재는 1주택자가 소형 주택을 더 구입하면 1가구 1주택 양도세·종부세 혜택을 받을 수 없으며, 신축이 아닌 소형 주택은 구입 후 임대 등록을 해야만 세제 혜택을 받을 수 있다.
업계에서는 세제 혜택 적용 기한과 면적·가격 제한을 더 풀어야 한다는 주장이 나온다. 김승배 한국부동산개발협회장은 “도심 전·월세 시장 안정에 기여하는 비아파트 공급이 지속되도록 주택 수 제외 범위를 확대해야 한다”고 했다."
https://www.chosun.com/economy/real_estate/2023/08/29/VUKCCPPZIRG7TLZBHEL5OM7EGQ/,"지난 17일 오후. 서울 서초구 양재동 신분당선 양재시민의숲역에서 양재IC까지 차량으로 이동했다. 서울 경계에 있는 양재IC는 경기도에서 서울 강남권에 진입하는 첫 관문이 되는 도로다. 출퇴근 시간을 비롯해 거의 하루 종일 전 도로가 꽉꽉 막히는 곳으로 유명하다. 이날 역시 차량이 한꺼번에 몰려 길이 막혔다. 양재시민의숲역에서 양곡도매시장까지 차로 이동하면 이론상 5분 안팎이면 충분한데, 20분 만에 겨우 도착했다.
양재IC 사거리 일대는 서울 노른자 땅으로 불린다. 교통·물류시설이 잘 갖춰져 있고, 경기 판교테크노밸리와도 가까워 기업과 연구소가 일찍이 자리 잡았다. IC 주변에는 현대자동차그룹글로벌경영연구소와 현대기아자동차본사 빌딩, LG전자 서초R&D 캠퍼스, 양곡유통센터·도매시장, 화훼공판장 등이 들어서 있다.
하지만 IC사거리 남서쪽 부지 8만㎡는 허허벌판으로 방치된 채 주차장으로 사용되고 있었다. 양재동 옛 화물터미널 부지로 현재 식품기업 하림이 물류단지 개발을 추진하고 있는 땅이다. 하림은 땅을 산 이후 7년간 우여곡절을 겪으며 어렵게 사업을 이어가고 있다. 하림이 땅 주인이 되기 34년 전부터 이 부지는 끊임없이 개발 시도가 있었지만, 번번이 무산됐다. 사업 관련자들이 비리를 저질러 줄줄이 감옥에 가고, 시행사 대표들이 해외나 옥중에서 숨을 거두면서 부동산 업계에서는 ‘화물터미널의 저주’라는 말까지 나왔다.
■ 진로그룹→파이시티→하림…시행사만 세 차례 바뀐 ‘오욕의 땅’
서울 서초구 양재동에 화물터미널이 들어선 것은 1989년이다. 서울시는 도심 주차난을 해소하기 위해 용산에 있던 시외버스터미널을 서초동 한국트럭터미널 자리(현 반포 고속버스터미널)로 옮기기로 했다. 한국트럭터미널의 모회사이던 진로그룹은 트럭터미널을 양재동으로 이전하기로 하고 1987년 하반기부터 양재동에 9만6000㎡의 부지를 확보해 터미널을 신축했다. 1989년 9월에 트럭터미널 이전이 마무리됐고 1991년 한국트럭터미널은 진로유통과 합병, 진로종합유통으로 출범했다.
진로그룹은 주류회사에서 유통, 백화점, 건설 등의 분야로 사업을 확대해 나갔다. 그러던 중 1997년 IMF 외환위기가 찾아왔다. 진로그룹 전체가 위기에 빠졌고 2004년 1월 법원 경매를 통해 양재동 부지는 시행사 파이시티에 넘어갔다.
파이시티는 터미널 부지 용도를 변경해 유통타운으로 바꿀 계획을 세우고, 2004년부터 복합유통센터 건설을 추진했다. 지하 6층~지상 35층, 연면적 75만8606㎡ 규모로, 단일 복합유통센터로는 국내 최대 규모 시설을 계획했다.
이 시기는 이명박 전 대통령과 오세훈 시장이 전임 서울시장이었던 시기와 맞물리는데, 개발 과정이 정권 관계자들의 각종 로비 의혹으로 얼룩지게 됐다. 파이시티의 계획은 기존 화물터미널 부지를 업무·판매시설을 짓는 것이 가능하도록 부지의 용도를 변경해야 가능한 사업이다. 용도변경을 하면 기존 화물터미널 운영으로만 수익을 내는 구조에서 벗어나 땅값이 오르고, 수익도 확대된다. 이 과정에서 비리가 발생한 것이다.
이명박 정권 실세로 알려진 최시중 전 방송통신위원장, 박영준 전 지식경제부 차관, 오 시장 최측근으로 알려진 강철원 전 서울시 정무조정실장 등이 파이시티 인허가를 위해 거액의 금품을 받았다는 의혹이 불거졌다. 이 관련자들은 모두 실형 선고를 받았다.
오세훈 서울 시장과도 악연이 있다. 오 시장은 보궐선거 과정에서 파이시티 인허가 문제로 공격을 받았다. 오 시장은 선거 과정에서 “파이시티는 내 임기 중에 인허가한 사안이 아니다”고 밝혔는데, 한 시민단체가 공직선거법상 허위사실 공포에 해당한다고 경찰에 고발하기도 했다.
사업주들의 말로도 좋지 않았다. 1980년대 후반 진로그룹 제2대 회장으로 취임한 장진호 회장은 진로그룹 부도 이후 분식회계, 비자금 횡령 등으로 구속기소 돼 2004년 징역 2년6개월, 집행유예 5년을 선고받았다. 장 회장은 집행 유예기간 중 캄보디아, 중국 등에 도피 생활을 하다 2015년 4월 베이징에서 심장마비 증세로 사망했다. 파이시티 이정배 대표도 개발사업 추진 과정에서 횡령과 배임 혐의로 2017년 대법원에서 징역 8년형이 확정됐으며 2021년 2월 복역 중 숨을 거뒀다. 강철원 실장은 오 시장이 서울시장에 다시 취임한 2021년 이후 서울시 정무부시장에 임명됐다.
■ 서울시-하림 용적률 갈등 벌이며 사업 다시 표류
2016년 하림이 4525억원에 이 땅을 매수하면서 멈췄던 물류 사업이 재개됐다. 2015년 국토교통부가 이 부지를 도시첨단물류산업단지 시범사업지로 선정했는데, 이후 하림은 이 땅을 매입해 물류센터 복합단지 개발을 본격화했다. 하림은 “도심 내 식품 라스트마일(주문한 물품이 고객에게 배송되는 마지막 단계)물류에 대한 비전을 갖고 사업을 시작했다”고 밝혔다.
하림산업에 따르면 2029년까지 서울 서초구 양재동 225번지 일대 8만6000여㎡(2만6000평) 부지에 총 6조3000억원을 투입해 지하 8층~지상 49층짜리 물류·업무시설과 공동주택(998가구)·오피스텔(342실) 및 숙박시설을 포함한 복합단지를 지을 예정이다. 용적률 800%, 연면적이 147만5245㎡짜리인 초대형 개발 사업이다.
하지만 하림도 난관에 부딪혔다. 용적률을 놓고 서울시가 사업 초기부터 제동을 걸었다. 2016년부터 2021년 6월까지 서울시와 하림이 근거 법에 대한 입장 차로 갈등을 벌이면서 사업이 또 표류했다. 결국 2021년 하림이 “서울시가 위법·부당하게 업무를 처리했다”며 감사원에 공익감사 청구를 신청했고, 감사원이 하림의 손을 들어주면서 다시 사업 추진 발판을 마련할 수 있었다.
■ 양재동 물류단지 개발, 오세훈 시장이 또 결정권 쥐어
시와의 갈등이 일단락된 이후인 2021년, 공교롭게도 오세훈 서울 시장이 다시 돌아오면서 오 시장이 양재동 하림부지 인허가 전반에 대한 결정권을 쥐게 됐다. 도시 개발에 대한 의지가 높은 오 시장은 양재동 하림부지 개발이 진척될 수 있도록 물류 관련 부서를 신설해 하림부지 개발을 전담하도록 했다. 다만 논란이 많은 만큼, 오 시장도 신중한 결정을 할 것으로 보인다.
하지만 여전히 개발 규모와 용도에 대한 문제가 이슈로 남았다. 업계에선 서울시가 또다시 불필요한 특혜 시비에 휘말릴 수 있다고 우려한다. 한 건설업계 관계자는 “터미널은 도심 알짜 부지에 있는 경우가 많고, 기존 용적률이 낮거나 개발에 제한이 걸린 경우가 대부분이기 때문에 용도변경 과정에서 사업자에 대한 특혜 시비가 불거질 수밖에 없다”며 “상습 정체 지역인 양재IC 옆에 물류·업무시설 외 대규모 주택을 짓는 것이 과연 타당한지 논란의 여지가 있다”고 했다."
https://www.chosun.com/economy/real_estate/2021/10/24/NO2JIJY3UFELNP5ZKKAZ5UZ6VE/,"전남 무안군의 한 아파트가 지난달 법원 경매시장에서 16억원이 넘는 액수에 낙찰됐다. 이 부동산 감정평가액은 1억6400만원인데 10배가 넘는 가격에 팔린 것이다. 경매업계에서는 낙찰자가 입찰표에 실수로 ‘0′자를 하나 더 적은 것으로 추정하고 있다.
24일 지지옥션과 법원경매정보에 따르면, 무안 삼향읍 근화베아채 전용면적 59㎡(4층) 아파트 한 채가 지난달 18일 16억4580만원에 낙찰됐다. 최저 입찰가인 감정가 1억6400만원의 10배가 넘는 금액이다. 이 경매 낙찰 매각결정기일은 25일이다.
한국부동산원 자료에 따르면, 이달 기준으로 이 단지 같은 면적의 아파트는 1억6400만원에서 2억원 사이에서 거래됐다. 현재 부동산에 올라온 호가(呼價)도 1억7000만원에서 2억원 사이다. 낙찰가만으로 보면 서울 강남의 소형 아파트 수준이다. 네이버 부동산을 보면 이달 18일 기준으로 논현동 아이파크(47㎡)가 15억원에 나와 있다.
업계에서는 낙찰자가 입찰가를 잘못 써낸 것이라는 판단이 나온다. 경매 절차는 수기로 진행되는데, 실수로 응찰 가격에 0을 하나 더 붙이는 일이 종종 발생한다는 것이다. 지난 5월에도 강남구 청담동의 한 아파트가 감정가 12억6000만원의 10배인 126억원에 낙찰된 바 있다.
실수가 명백하더라도 매각을 취소하긴 어렵다. 낙찰자가 법원에 매각 불허가를 요청해야 하는데, 법원이 받아들이는 경우가 많지 않다. 잘못 기입한 가격으로 사거나, ‘입찰보증금(최저입찰가의 10%)’을 물고 매수를 포기해야 한다."
https://www.chosun.com/economy/real_estate/2021/11/21/BQHUTCRQABH5TAHZPHUYZZJ344/,"올해 서울 아파트 월세 거래량이 통계 집계 후 사상 최고치를 기록했다. 문재인 정부 출범 직후인 2018년과 비교하면 3년 만에 30% 가까이 급증했다. 같은 기간 전세 거래는 10% 줄었다. 정부가 지난해 7월 말 전세 계약 1회 갱신 의무화, 전셋값 인상률 5% 제한 등 ‘임대차 3법’을 시행한 뒤 전세 매물이 급감하면서 월세나 반전세가 크게 늘어난 영향으로 해석된다. 종합부동산세 등 아파트 보유세가 급증하면서 집주인이 세금 낼 돈을 마련하고자 전세를 월세로 전환하는 사례도 늘고 있다. 전문가들은 “사람들이 선호하는 아파트가 부족한 상황에서 지금과 같은 임대차 규제나 보유세 강화 정책이 계속되면 ‘전세의 월세화’가 가속화될 것”이라고 우려한다.
◇서울 아파트 월세 거래, 역대 최다
21일 서울시에 따르면, 올해 1~11월 아파트 월세 거래량은 5만6173건으로 지난 2011년 관련 통계를 집계하기 시작한 이후 11월 누적치로는 역대 최다를 기록했다. 4년 전(4만3743건)보다 28.4% 많다. 그 사이 전세 거래 건수는 10만9165건에서 9만8229건으로 1만건 넘게 줄었다. 전체 임대차 거래에서 월세 거래가 차지하는 비율도 36.4%로 역대 최고치다.
최근 월세 거래가 늘어나는 주요 이유로 전세를 주던 집주인들이 보유세 등 늘어나는 부담을 월세로 돌리는 ‘세 부담 전가’ 현상이 꼽힌다. 부동산 정보 플랫폼 ‘아실’에 따르면, 송파구 잠실동 리센츠 전용면적 84㎡는 지난달 보증금 12억원, 월세 60만원에 거래됐다. 같은 면적 전세 시세가 14억~15억원 수준이라는 점을 감안하면, 보증금 증액분 일부를 월세로 돌린 것으로 추정된다. 인근 공인중개사무소 관계자는 “마땅한 소득이 없는 집주인들이 세금을 내기 위해 월세나 반전세를 내놓는 경우가 많다”며 “전셋값이 너무 비싼 데다 대출도 어려워 어쩔 수 없이 월세를 구하는 세입자도 있다”고 말했다.
이르면 다음 달부터 시행하는 12억~15억원 이상 고가 전세 주택에 대한 대출 금지 조치도 전세의 월세화를 부추길 요인으로 꼽힌다. 대출 규제를 초과하는 보증금이 월세로 전환될 가능성이 높기 때문이다. 전세 대출 규제 기준이 12억원으로 정해진다고 가정하면, 시세 15억원짜리 전셋집을 계약하는 과정에서 보증금은 12억원만 설정해 대출을 실행하고 나머지 3억원은 월세로 돌리는 식의 협의가 활발하게 이뤄질 것으로 부동산 전문가들은 전망한다.
◇월세 부담도 덩달아 늘어
월세 거래량이 늘어남과 동시에, 월세 가격도 가파르게 오르고 있어 세입자들의 부담이 커지고 있다. 한국부동산원이 집계하는 서울 아파트 평균 월세는 지난달 123만4000원으로 1년 전(112만원)에 비해 10% 올랐다. 강남 등 일부 인기 지역에서는 30평대 아파트의 월세가 400만~500만원에 달하는 사례도 적지 않다. 고종완 한국자산관리연구원장은 “평균 통계가 10% 올랐다면 일부 지역에서는 월세가 50% 넘게 급등한 사례도 있다는 의미”라며 “전세 매물 부족과 종부세 인상 기조가 이어진다면 세입자의 월세 부담은 앞으로 더 커질 것”이라고 말했다.
전문가들은 과도한 부동산 규제가 결과적으로 서민들만 힘들게 만들고 있다고 지적한다. 심교언 건국대 부동산학과 교수는 “자기 집을 다른 사람에게 임대하고 직장이나 자녀 학교 근처에서 전세를 살던 사람들은 본인이 월세를 내야 할 상황이 되면 전세 주던 집도 월세로 바꿀 수밖에 없다”며 “종부세나 임대차보호법, 대출 규제까지 결과적으로 서민에게 더 많은 고통을 주게 될 것”이라고 말했다"
https://www.chosun.com/economy/real_estate/2025/01/16/KS7RKC4K4NFPLGIKFNZRCNKT7M/,"대출 규제와 정치적 불확실성으로 아파트 거래가 침체하면서 주택 사업자들의 체감 경기가 2년 만에 가장 부정적인 것으로 나타났다.
주택산업연구원이 주택 사업자들을 대상으로 경기 상황에 대한 전망을 조사한 결과, 1월 전국 주택사업 경기전망지수는 61.6으로 전달보다 14.1포인트 떨어졌다고 16일 밝혔다. 이는 2023년 1월(55.8) 이후 2년 만에 최저치다. 지수가 기준선인 100을 웃돌면 경기를 낙관적으로 보는 응답이 더 많다는 의미이고, 100을 밑돌면 그 반대를 뜻한다.
수도권은 서울, 경기, 인천이 모두 내려 전체적으로 12.5포인트 하락한 65.9로 나타났다. 서울(76.7)이 전월보다 16.3포인트 하락해 수도권에서 가장 큰 낙폭을 보였다. 경기(77.5)는 12.5포인트, 인천(56.2)은 8.5포인트씩 하락했다. 비수도권은 14.6포인트 내린 60.6으로 전망됐다. 대구가 88.4에서 48.1로 40.3포인트 하락하며 전국에서 가장 큰 하락폭을 보였다.
연구원은 “정부의 대출 규제와 탄핵 정국에 따른 정치적 불확실성 확대로 매수심리 위축이 지속되면서 사업자들의 전망이 부정적으로 나타난 것으로 보인다”며 “전국의 준공 후 미분양 물량이 지속 증가하면서 시장 침체 장기화에 대한 우려가 커지고 있다”고 했다.
전국 자금조달지수(68.1)와 자재수급지수(87.8)도 전월 대비 각각 2.9포인트, 6.0포인트 하락했다. 금융권의 신규 대출이 제한돼 자금 조달이 쉽지 않고, 내수경기 악화와 원달러 환율 상승으로 자재 수급에 어려움이 예상되기 때문으로 풀이된다."
https://www.chosun.com/economy/real_estate/2021/05/04/UJK66PJEIRAOFIEKRTA7K4BE6A/,"모듈러 주택 등 OSC(Off-site Construction·공장 생산 건설) 방식에도 프리콘을 적용하는 방법을 제시하는 세미나가 열려 눈길을 끌었다.
한국건설관리학회는 지난달 29일 ‘프리콘을 통한 OSC 활성화 모색’이란 주제로 온라인 웨비나를 개최했다. 프리콘이란 ‘프리-콘스트럭션(Pre-Construction)’의 줄임말로 건설 프로젝트 초기 단계인 기획·설계 과정에서 원가와 공기, 품질 등을 사전 검증하고 관리하는 것을 말한다.
OSC는 현장 생산(On-site) 중심의 공법과 기술을 공장 생산(Off-site) 중심으로 전환하고, ICT(정보기술)와 제조업을 접목해 건설 자동화를 통한 생산성 혁신을 이뤄내는 방식이다.
한미글로벌, 유창, 동서 PCC, GS건설이 후원한 이번 세미나에서는 OSC에 대한 사회적 공감대 형성 방안을 논의하고, OSC 활성화를 위한 기술‧경제‧정책적 제약 조건은 무엇인지, 이를 극복할 대안은 없는지도 논의했다."
https://www.chosun.com/economy/real_estate/2022/04/30/VEXMFDRKMRC2FOWBARVGL62OFQ/,"‘임대차 3법’ 도입 2년이 되는 7월 말을 전후해 아파트 입주가 급감하는 서울을 중심으로 전세대란이 발생할 수 있다는 우려가 나온다. 문재인 정부의 부동산 정책 실패를 비판하면서 집권한 윤석열 정부의 주택 정책이 첫 시험대에 오른다는 평가이다. 인수위는 재건축 규제완화 방안 등은 마련하고 있지만, 서민 생활과 밀접한 임대차 문제에 대해서는 별다른 대책을 내놓지 않고 있다.
◇2년 추가 연장한 세입자들은 30% 이상 전세금 올려야
2020년 7월말 ‘더불어 민주당’이 주도한 새임대차법에 따라 계약기간이 ‘2년+2년’에 5%로 인상이 제한됐는데, 당시 2년 거주자가 행사한 갱신청구 임대기간이 오는 7월말부터 순차적으로 만료된다. 전문가들의 반대에도 서민 주거안정이라는 명분으로 강행처리 된 임대차 3법은 무주택자에게 ‘전세금 폭탄’ 재앙이 됐다.
서울 아파트 전세가격은 2020년 7월 대비 3월 말까지 평균 23.23%가 올랐다. 갱신청구가 완료된 경우, 한꺼번에 30% 가까이 전세금을 올려줘야 한다. 일부 아파트 단지는 거의 2배 폭등하기도 했다. 전국적으로는 2020년 7월이후 19.23% 올랐다.
더군다나 올해 서울 아파트 입주 물량이 급감, 전세대란 가능성을 높이고 있다. ‘부동산R114′에 따르면 올해 서울의 아파트 입주물량은 2만520가구로, 작년(3만2012가구)에 비해 35.9% 줄어든다. 입주 물량이 급감하면 전세가격이 치솟고 입주 물량이 늘면 전세가격이 급락하는 것이 일반적이다.
벌써 전월세 매물이 감소하는 현상이 발생하고 있다. 부동산 정보 제공업체 ‘아실’에 따르면 서울 전월세 매물이 최근 4만1523개로, 3달전( 5만204개)보다 17% 줄었다.
전월세 매물이 줄고 있다는 것은 그만큼 전세대란 가능성이 커지고 있다는 의미이다. 3월 서울 아파트 전세가격 변동률이 3년여 만에 하락세로 돌아섰지만 다시 반등했다. 서울 전세가 변동률이 3월 -0.02%에서 4월 0.06%로 상승세로 돌아섰다.
◇서울 아파트 입주물량 30% 급감, 월세화 급속도로 진전
임대차 3법은 전세의 월세화 현상도 가속화시켰다. 서울시 부동산정보 광장에 따르면 서울의 임대차 거래중 월세가 차지하는 비중이 2019년 28%에서 2020년 31.1%, 2021년 37.6%까지 치솟았다.
다만 경기도와 인천의 전월세 매물은 늘어나고 있다. 인천은 1만387건으로, 3달 전(9481건)보다 9.5% 늘었다. 인천의 아파트 입주물량도 작년 1만5868가구에서 올해 3만8991가구로 2배 이상 급증한다.
경기도의 전월세 매물은 4만3398개로, 3달 전(4만2353개)보다 2.4% 늘어났다. 입주물량은 작년 9만3000가구에서 올해 8만7000가구로 소폭 줄어든다. 서울은 전세난이 발생할 가능성이 높지만, 인천과 경기도에서 어느 정도 완충작용을 할 가능성이 있다.
금리인상도 변수이다. 지난 2년간 전세금이 급등한 것은 저금리로 전세금 대출이 용이했던 것이 원인이라고 주장하는 전문가들도 있다. 금리 인상이 전세금 상승을 가로막을 것이라는 분석이다. 작년 하반기 전세시장이 안정된 것은 금리인상과 함께 전세자금 대출을 규제했기 때문이라는 주장도 나온다.
◇임대차 3법 보완대책 서둘러야
전문가들의 전망도 엇갈린다. 권대중 명지대 교수는 “신규계약은 인상폭의 제한이 없기 때문에 가격이 크게 오를 가능성 높다”면서 “집주인들이 늘어나는 보유세 부담 탓에 전월세를 올릴 것”이라고 말했다.
지역에 따라 국지적으로 전세대란과 같은 혼란도 벌어질 수 있다고 우려했다. 권 교수는 “전월세 안정을 위해서는 전월세 유통물량을 확대해야 하지만, 시간적으로 불가능하다”면서 “임대차 계약기간을 ‘2년+2년’에서 중고교 학제에 맞춰 3년으로 단일화하고 인상폭을 5%에서 10%로 확대할 필요가 있다”고 말했다.
전월세 인상률을 자진해서 낮추는 집주인들에게 종부세 등 보유세를 낮춰주는 인센티브 제도를 도입해야 한다고 했다.
◇인상률 낮추는 집주인에 인센티브 강화해야
박원갑 KB 국민은행 부동산 수석전문위원은 “이미 전세가격이 큰폭으로 뛰었기 때문에 7월말이후에도 전세 가격은 큰 변동이 없을 것”이라고 말했다. 다만 박 수석 전문위원은 “2년 전에 계약갱신을 청구한 세입자들은 지역에 따라 최고 2배 가량 전세금이 올라 있는 경우도 있어 부담이 굉장히 크다”면서 “같은 지역에서 살기 위해서는 반전세로 계약을 하는 수 밖에 없을 것”이라고 말했다.
박 위원은 정부 대책으로 “상생임대 주택 인센티브를 확대하고 집주인들의 의무 거주 기간을 폐지해야 한다”고 주장했다. 상생임대제도란 집주인이 임대료를 5% 이내로 올려 전월세 계약을 맺으면 양도소득세 비과세 특례 적용을 위한 실거주 요건 2년 중 1년을 인정해주는 제도이다. 상생임대인 대책은 다주택자를 배제하는 데다 공시지가 9억원 이하 주택에만 적용돼 효과가 떨어진다는 비판을 받아왔다. 박 전문위원은 “분양가 상한제 아파트의 집주인 실거주 의무제한 등을 풀어야 전월세 유통 물량이 늘어나 임대시장 안정에 도움이 될 것”이라고 말했다."
https://www.chosun.com/economy/real_estate/2024/03/18/HT3UF2USU5EAZG7H2D2FBJJHEY/,"제주 서귀포시 안덕면에 있는 120가구 규모의 한 아파트 단지는 준공 2년이 다 되어가지만, 절반 가까이 비어 있다. 미분양 때문에 시행사가 파산하면서 공매에 넘어갔고, 애초 분양가보다 2억원가량 싸게 공급하고 있는데도 여전히 상당수 가구가 주인을 찾지 못하고 있다. 이 지역은 제주영어교육도시와 자동차로 10분 거리에 있고, 산방산 등 관광지와도 가까워 최근 2~3년간 외지인 수요를 겨냥한 타운하우스와 아파트가 우후죽순 들어섰다. 제주도는 최근 안덕면을 비롯해 애월읍과 대정읍, 조천읍, 한경면 등 미분양이 집중된 5개 읍·면 지역의 신규 주택 사업 승인을 제한하고, 5년 넘게 착공하지 않은 사업장은 건설 승인 취소 처분을 내리기로 했다.
한때 ‘제주살이’ 열풍으로 연간 1만명 이상 인구가 늘면서 활기가 넘치던 제주 부동산 시장이 침체의 늪에 빠졌다. 해외여행이 본격적으로 재개돼 관광 및 세컨드 하우스 수요가 급감했고, 고금리와 경기 침체로 외지인 투자도 줄었기 때문이다. 읍·면 지역에서 높은 분양가를 책정한 주택들은 외지인 투자가 급감하자 줄줄이 미분양 사태를 맞고 있다.
◇1년 새 미분양 주택 40% 급증
17일 국토교통부에 따르면, 올해 1월 말 기준 제주도의 미분양 주택은 2486가구로 1년 전(1780가구)보다 39.7% 증가했다. 전체 미분양 물량의 44%(1089가구)가 ‘악성 미분양’이라 불리는 준공 후 미분양이다. 지난해 한국부동산원 청약홈을 통해 분양한 제주 9개 아파트 단지는 모두 미달 사태를 맞았다. 작년 12월 공급된 제주시 외도일동 ‘제이시티팰리스 3차’ 는 1순위 청약에서 36가구 모집에 단 3명이 신청하는 데 그쳤다. 제주시 연동 ‘더샵 연동애비뉴’ 역시 204가구가 분양에 나섰지만, 작년 8월 1순위 청약 신청자가 64명에 그쳤다. 인근 ‘e편한세상 연동 센트럴파크’가 2021년 분양 때 102가구 모집에 2117명이 몰린 것과 대조적이다.
이처럼 제주 지역에서 미분양이 심각해지자 PF(프로젝트 파이낸싱) 대출에 실패한 사업자가 아파트 지을 땅을 반납하는 사례까지 나왔다. 제주시가 개발 중인 화북동 ‘화북상업지역’ 내 844가구 규모 주상복합용지 매각 계약이 지난달 해지됐다. 땅을 산 시행사가 잔금 532억원을 2년 가까이 내지 못했기 때문이다. 이 땅은 2021년 공매 당시 감정평가액(691억원)의 네 배에 달하는 2660억원에 팔릴 정도로 인기가 높았다. 그러나 2022년부터 부동산 경기가 꺾이고, 제주 지역 미분양이 급증하면서 시행사가 PF 대출에 실패해 땅을 포기하게 된 것이다. 제주시는 이달 재입찰에 나설 계획이지만, 화북상업지역 개발사업은 차질이 불가피해졌다.
◇전국 2위 고분양가에 실수요자만 ‘시름’
제주 지역 주택시장이 얼어붙은 이유로는 수도권 수준으로 치솟은 비싼 분양가가 꼽힌다. 지난 2월 제주 민간 아파트의 3.3㎡당 평균 분양가는 2481만7000원으로 17개 시·도 중 서울(3787만4000원)에 이어 전국 2위를 차지했다. 제주는 섬이라는 특성상 물류 비용이 많이 들어 건축비가 다른 지역보다 높은 영향도 있지만, 외지인 투자 수요를 겨냥해 사업자들이 분양가를 높게 책정한 이유도 크다. 제주도청 관계자는 “외지인은 물론 해외 투자 수요에 맞춘 고분양가 책정으로 지역 주민은 사기 어려운 가격대가 형성되면서 미분양이 급증했다”고 했다.
제주는 한때 중국인 관광객 유입과 유명 연예인의 제주 살기 유행으로 내국인까지 몰리며 부동산 시장에 훈풍이 불었다. 2014년 순유입 인구가 연간 1만명을 돌파했고, 2016년에는 1만5000명 가깝게 늘었다. 그러나 2017년부터 사드(THAAD) 여파로 중국인 투자 수요와 관광객이 줄면서 인구 유입이 줄기 시작했고, 지난해에는 2009년 이후 14년 만에 처음으로 인구 순유출(-1678명)을 기록했다,
외지인의 제주 주택 투자도 큰 폭으로 감소했다. 한국부동산원에 따르면, 지난해 외지인의 제주 주택 매매 거래는 1542건으로 1년 전(2286건)보다 32.5% 줄었다. 2021년(3497건)과 비교하면 56% 급감한 수치다. 전체 주택 거래 중 외지인이 차지하는 비율도 2021년 31.4%에서 2022년 27.1%, 지난해에는 23.0%로 쪼그라들었다. 한국은행 제주본부 박으뜸 과장은 “부동산 시장 부진은 재무 여건이 취약한 제주 지역 건설사의 부실 위험을 증대시키고, 지역 경제 회복세에 부정적인 영향을 미친다”며 “분양가 합리화를 통한 미분양 해소 방안을 고려해야 한다”고 했다."
https://www.chosun.com/economy/real_estate/2022/08/26/FRIOVHD53ZGTDBU7VYS42WE2VE/,"[땅집고] 땅집고는 꼬마빌딩 투자 노하우를 알려주는 ‘땅집고 꼬마빌딩 실전투자스쿨 7기’ 수강생을 모집한다.
꼬마빌딩은 규제가 덜해 자산가와 투자 자금이 계속 몰려들고 있다. 하지만 빌딩 가격이 단기 급등했고 최근 상권 위축으로 공실 위험도 무시할 수 없어 ‘묻지마 투자’에 나섰다간 실패할 확률이 높다.
꼬마빌딩 실전투자스쿨에선 현직 유명 빌딩중개법인 중개사, 세무사 등이 투자 결정에 앞서 반드시 알아야 할 빌딩 트렌드, 지역별 시장·매물 분석, 공실 없는 빌딩 운영 노하우, 공간 기획 등을 알려준다.
강의는 총 9회다. 유정수 글로우서울 대표가 ‘상업용 부동산 시장 상권과 가치 투자’를 강의하고 종로구 창신동 상권을 분석한다. 권기성 ERA코리아 전무가 서초권 상권, 전하나 에이트빌딩 이사가 성동구 성수권 상권, 노창희 리맥스코리아 부사장이 강남구 역삼·삼성권 상권을 각각 분석한다. 꼬마빌딩 절세 노하우는 방범권 세무사가 알려준다.
현장스터디는 4회 진행한다. 사전 이론 강의에서 배운 서초·성수·창신·역삼삼성권 등 4개 지역을 직접 찾아가 투자 사례와 매물을 답사하는 필드 스터디 방식이다. 이론 강의 교육장소는 서울시 중구 세종대로21길 22, 태성빌딩 2층 땅집고 아카데미 교육장이다. 다음 달 30일 개강하며 수강료는 140만원이다. 다음 달 16일까지 사전 등록하면 10만원 할인한다. 홈페이지(https://zipgobiz.com/)에서 신청하면 된다. (02)6949-6190."
https://www.chosun.com/economy/real_estate/2024/01/31/KEIABVECMNG5TOPWLZWKC756JM/,"도로·교량·댐 등 전국 38만여 인프라 시설의 4분의 1이 건설된 지 30년을 넘긴 노후 시설물인 것으로 조사됐다. 특히 저수지는 대부분이 30년이 넘어 노후화가 심각한 것으로 나타났다.
국토교통부가 30일 공개한 ‘인프라 총조사’에 따르면, 전국 인프라 시설 38만3281개 중 건설한 지 30년 넘은 노후 시설물은 9만6753개로 25.2%를 차지했다. 이번 인프라 총조사는 도로 꺼짐(싱크홀)과 송수관 파열 등이 잇따라 발생하자, 인프라 안전성을 체계적으로 관리하기 위해 처음으로 진행됐다. 도로, 철도, 항만, 공항, 수도, 전기, 가스 등 기반시설 15종을 대상으로 2020년부터 작년까지 3년간 이뤄졌다. 지금까지 이런 인프라 시설에 대한 점검은 지자체·공공기관 등이 담당해 정부 차원에서 종합적으로 관리되지는 않았다.
가장 노후화가 심각한 시설물은 저수지였다. 총 1만7313개 중 1만6708개(96.5%)가 건설된 지 30년이 넘었다. 이어 통신설비(64.4%), 댐(44.9%) 등의 노후시설 비율이 높은 편이었다.
각 지방자치단체는 중요도가 높거나 국민 안전과 직결되는 시설물 9만3770개에 대해 정기적인 현장 조사를 통해 안전 등급을 매기고 있다. 2022년 말 기준으로 전체의 99.2%(9만3007개)는 안전 등급이 보통 이상을 의미하는 A~C등급으로 분류됐다. D등급(미흡)은 694개(0.7%)였으며, 최하 등급인 E등급(불량)도 69개(0.1%) 있었다. D등급 이하 시설물은 지자체 등 관리 주체가 보수·보강 공사를 해야 하며, E등급은 즉각 사용을 중단해야 한다. 국토부는 시설물이 위험한 상태로 방치되는 사례가 없는지 실태 조사 등을 통해 점검할 예정이다."
https://www.chosun.com/economy/real_estate/2021/04/05/6MGU6WFYNBHAFHIOELQ3VEO2VA/,"대구 적십자병원 부지에 주상복합
반도건설이 대구 중구 남산동 대한적십자병원 부지 일원에 지하 5층~지상 29층, 2개 동, 전용면적 84㎡ 아파트 147가구와 상업시설로 구성되는 주상복합을 짓는다. 대구지하철 1·2호선 환승역인 반월당역 출구가 가깝고, 현대백화점, 서문시장, 염매시장 등 백화점과 전통시장도 걸어서 이용 가능하다. 주변에 학교와 병원, 금융기관도 잘 갖춰져 있다.
서울 역삼동 ‘원에디션 강남’
현대엔지니어링은 서울 강남구 역삼동 653-4번지 A1블록 일원에 짓는 ‘원에디션 강남’을 분양 중이다. 지하 5층~지상 20층, 3개 동 규모에 도시형 생활주택 전용면적 26~49㎡ 234가구와 오피스텔, 근린생활시설, 스포츠시설 등이 들어선다. 강남 정중앙에 있어 교통이 편리하고 신사동 가로수길, 압구정 로데오거리 등 주요 상권도 가깝다. 견본주택은 서울 강남구 신사동 622-5번지에 마련돼 있다.
대구 신암동'동대구역 엘크루 에비뉴원'
대우조선해양건설이 대구 동구 신암동 259-5번지 일대에서 ‘동대구역 엘크루 에비뉴원’을 분양한다. 지하 6층~지상 17층, 2개 동(棟)에 전용면적 71~131㎡ 아파트 191가구와 상업시설이 들어선다. 단지 바로 앞에 KTX·SRT·고속버스 이용이 가능한 동대구 복합환승센터와 대구 지하철 1호선 동대구역이 있다. 13일 특별공급을 시작으로 14일 1순위, 16일 2순위 청약을 받는다."
https://www.chosun.com/economy/real_estate/2020/11/27/JI7Y7VWGABDTBNYEWMUGRVJY7M/,"올해 들어 아파트 무순위 청약, 이른바 ‘줍줍(줍고 또 줍는다는 뜻의 신조어)’ 경쟁률이 크게 높아진 것으로 조사됐다.
무순위 청약은 당첨 부적격자 등이 발생하면 이에 대해 추후 다시 청약을 진행하는 방식이다. 일반 청약과 달리 추첨으로 당첨자를 뽑고, 청약통장도 필요하지 않다. 일반 공급 당시의 분양가와 같은 가격이라 주변 시세 대비 수억원 저렴한 경우도 적지 않다. 이 때문에 가점이 낮아 일반 청약에는 당첨되기 어렵거나 집값 급등으로 기존 주택을 사기 부담스러워진 사람들이 대거 무순위 청약에 몰린 것으로 보인다.
27일 부동산 정보업체 리얼투데이에 따르면 올해 한국감정원 청약홈에서 무순위 청약을 진행한 단지는 이날까지 총 37곳, 4538가구였다. 올해 무순위 청약 평균 경쟁률은 44대 1로, 지난해 평균 경쟁률(21.6대 1)의 두 배 수준이었다. 올해 신청자는 19만9736명으로, 지난해(4만2975명)의 4.6배에 달했다.
올해 가장 경쟁률이 높았던 곳은 지난 23일에 나온 공공분양 단지인 ‘수원역 푸르지오 자이’(1만6505대 1)였다. 공공분양이라 수원에 2년 이상 거주한 무주택 세대주만 청약이 가능했지만 1만명 넘는 사람이 몰렸다.
지난 6월 경기도 수원 ‘더샵 광교산 퍼스트파크’(1만3466대 1)와 9월 서울 중랑구 ‘용마산 모아엘가 파크포레’(1만3880대 1)도 모두 다섯 자리 경쟁률을 기록했다. 작년에는 ‘성남 e편한세상 금빛 그랑메종’(257대1) 경쟁률이 가장 높았다.
건설사 등 공급 주체가 자체 홈페이지를 통해 진행한 무순위 청약까지 포함하면 경쟁률은 더 높아진다. 세종에서 이달 무순위 청약 물량으로 나온 ‘세종 리더스포레 나릿재마을 2단지’는 1가구 모집에 24만9000여명이 몰렸다.
서울 성동구 ‘아크로 서울 포레스트’(8만8208대 1), 경기 수원시 영통구 ‘영통 자이’(3만3863대 1), 인천 연수구 ‘힐스테이트 송도 더 스카이’(2만8008대 1), 대구 중구 ‘청라 힐스 자이’(2만1823대 1) 등도 높은 경쟁률을 기록했다.
김웅식 리얼투데이 연구원은 “새 아파트 공급이 줄어들 것이란 불안 심리가 계속되고 있는 만큼, 주변 시세보다 저렴한 인기 지역 아파트를 중심으로 무순위 청약 경쟁률은 더 높아질 것”이라고 했다."
https://www.chosun.com/economy/real_estate/2022/09/24/FMZG36LUY5HINMKES37D4GQH7E/,"서울 집값이 가파르게 하락하면서 아파트 매수 심리가 갈수록 위축되고 있다.
23일 한국부동산원에 따르면 이번 주 서울 아파트 매매수급지수는 지난주(80.2)보다 낮은 79.5를 기록하며 지수 80선이 무너졌다. 이는 20주 연속 하락으로, 2019년 6월 넷째 주(78.7) 이후 3년 3개월 만에 가장 낮다. 매매수급지수는 기준점인 100보다 지수가 낮을수록 시장에 집을 팔려는 사람이 사려는 사람보다 많다는 뜻이다.
권역별로는 중·저가 아파트가 밀집한 노원·도봉·강북구 지역이 있는 동북권이 지난주 73.8에서 73.2로 떨어지며 5대 권역 중 가장 낮았다. 마포·은평·서대문구가 포함된 서북권도 74.1에 그쳤다. 강남·서초·송파·강동구가 있는 동남권도 85.9에서 84.9로 내렸다.
매수 심리가 급격히 위축되면서 올 들어 서울 아파트 매매시장은 월별 거래량 역대 최저 행진을 이어가고 있다. 지난 7월 642건에 그쳤던 매매 건수는 8월에도 거래 신고 기한이 일주일 남은 이날 현재까지 602건에 그쳤다. 이는 1년 전 거래량(4064건)의 15%에도 못 미치는 것이다.
경기도(83.9)와 인천(82.2) 역시 지난주보다 지수가 하락해 수도권 전체 매매수급지수는 지난주(83.1)보다 낮은 82.3을 기록했다."
https://www.chosun.com/economy/real_estate/2024/04/02/JNJIIPAOSBH3HI57N7DXK2N6HE/,"DL이앤씨가 선박 기자재 중소기업 탱크테크와 세계 최초로 ‘건물용 전기차 화재진압 시스템’을 개발했다고 2일 밝혔다. 화재가 발생하면 차량 위치로 진압 장비를 이동시킨 뒤, 배터리팩에 구멍을 뚫고 물을 분사해 빠르게 진화하는 시스템이다.
전기차는 기존 내연기관 차량과 달리 화재가 발생하면 배터리 온도가 1000도 이상으로 급상승하는 ‘열 폭주’ 현상이 나타난다. 특히 전기차에 탑재된 배터리는 보호팩으로 덮여 있어 일반적인 소화 약제로는 진압이 매우 까다로워 화재 진압에 짧게는 1시간, 길게는 8시간까지 소요된다. DL이앤씨가 개발한 건물용 전기차 화재진압 시스템은 기존 방식과 달리 전기차 하부 천공(穿孔) 후 배터리팩에 직접 물을 분사해 화재를 진압하는 차별화한 방식이다.
이 시스템은 화재를 자동으로 인지하고 진압을 지시하는 ‘중앙 관제 시스템’과 직접 화재를 진화하는 ‘진압 장비’로 구성된다. 아파트와 같은 건축물 주차장에서 전기차 화재 시 중앙 관제 시스템은 이를 감지하고 화재가 발생한 차량 위치로 진압 장비를 이동시킨다. 이어 진압 장비는 강력한 수압을 통해 터빈을 돌려 드릴을 작동시킨다. 이 드릴은 별도의 전원공급 없이 수압만으로 2분 안에 차체 하부와 배터리팩에 구멍을 뚫고 물을 분사해 화재를 신속하게 진화한다.
건물용 전기차 화재진압 시스템은 현대자동차 성능테스트 및 방재시험연구원 ‘전기차 실물차량 화재시험’을 통해 성능 검증을 완료했다. 리튬이온과 리튬인산철 등 전기차 배터리 종류에 관계 없이 10분이면 화재를 완전 진압할 수 있는 성능을 입증했다.
DL이앤씨는 ‘e편한세상’ 아파트 현장에 시스템 시범 적용을 검토 중이다. 탱크테크는 앞서 현대차 생산공장과 일부 지역 소방서 등에 제품을 납품했다. 향후에는 국내외 아파트 및 일반 건축물, 관공서 등으로 판매를 확대할 계획이다."
https://www.chosun.com/economy/real_estate/2020/11/20/KBJ5F7XQ6FDDJGLVLGHMBH6VMA/,"정부가 전세시장 안정화 대책을 낸 날, 지난주 전국 아파트 매매 가격과 전세 가격이 역대 최대 폭으로 급등했다는 통계가 나왔다. 수도권, 지방 가리지 않고 전방위적으로 올랐으며, 부산·김포 등 비(非)규제 반사이익을 누리는 지역의 매매 가격 상승세가 특히 두드러졌다. 지금껏 “시장 상황을 좀 더 지켜봐야 한다”는 입장을 유지하던 정부는 이날 부랴부랴 이들을 조정대상지역으로 지정하는 방안을 발표했다.
19일 한국감정원이 발표한 ‘전국주택가격동향조사’에 따르면 이번 주(16일 기준) 전국 아파트 매매 가격은 전주(前週) 대비 0.25% 상승했다. 감정원이 주간 통계를 작성하기 시작한 2012년 5월 이후 역대 최고 상승 폭이다.
수도권(0.18)도 많이 올랐지만 지방(0.32%) 아파트값의 상승세가 특히 두드러졌다. 부산(0.72%), 울산(0.58%) 등 비규제지역이 급등한 영향이다. 수도권에서도 비규제지역인 김포(2.73%)와 파주(0.78%)가 집값 상승을 견인했다.
이처럼 비규제지역 집값이 급등하자 정부는 김포, 부산 해운대‧수영‧동래‧연제‧남구, 대구 수성구 등 7곳을 이날 조정대상지역으로 신규 지정했다. 전세 대책을 발표하던 오전만 해도 “관련 절차가 진행 중이며 언제 어디가 지정될지는 아직 미정”이라는 입장이었지만, 오후 3시쯤 기습적으로 지정 사실을 공개했다.
부산 해운대구 등은 2017년 조정대상지역으로 지정되면서 부동산 시장이 침체를 겪었지만 작년 11월 조정대상지역에서 해제된 후 가격 상승세가 급격히 빨라졌다. 당시 규제를 해제한 것을 두고 ‘4·15 총선을 염두에 둔 것'이라는 뒷말이 무성했다.
규제 완화 효과로 부산 집값은 고공행진을 이어가고 있다. 수영구 남천동 삼익비치타운은 1년 사이 집값이 11억원 가까이 올랐고, 다른 아파트들도 몇 달 사이 수억원씩 올랐다. 그러자 지난 10월부터 부산을 다시 규제지역으로 지정해야 한다는 의견이 고조됐지만 정부는 지금껏 미온적인 태도를 보였다. 다른 곳은 발 빠르게 규제하면서 부산 지역만 계속 풀어놓자 ‘내년 부산시장 보궐선거 때문'이라는 얘기까지 나왔다. 그랬던 정부가 갑작스레 규제 카드를 꺼낸 것을 두고 한 부동산 전문가는 “계속 손 놓고 있다가는 집값이 더 폭등하면서 오히려 민심을 잃을 수 있겠다는 정치적 판단이 작용한 것 같다”고 했다.
전국 아파트 전셋값은 지난주 0.3% 올라, 2013년 10월 14일(0.29%)을 뛰어넘는 역대 최고 상승률을 보였다. 수도권은 0.26%, 지방은 0.33% 올랐다.
전문가들은 전셋값 상승이 지속되면 매매 가격도 다시 상승 압력을 받는 악순환이 계속될 수 있다고 우려하고 있다. 양지영 R&C연구소장은 “이번 전세 대책은 사람들이 원하는 아파트 전세 공급을 늘리는 방안이 포함되지 않아 효과를 보기 어려울 것”이라며 “전셋값 상승이 지속되면서 매매 가격까지 밀어올리는 악순환이 나타날 수 있다”고 말했다."
https://www.chosun.com/economy/real_estate/2021/03/30/7PJPCRQ44VFHTOH7KGXDRXOHLY/,"“보유세 부담을 피하기 위한 절세 전략은 증여 또는 가족 간 매매뿐인데, 이마저도 어려울 땐 주택의 용도를 바꿔보세요.”
국세청에서 17년간 근무한 부동산 세무 베테랑 유찬영 세무사(땅집고 택스클럽 센터장)는 “주택 용도를 변경하거나 아예 부수면 손쉽게 주택 수를 줄일 수 있다”고 했다. 그는 오는 4월 2일과 6일 보유세 폭탄으로 고민하는 다주택자, 상속과 증여를 검토하는 부동산 소유주 대상으로 땅집고가 진행하는 ‘다주택자 절세 전략과 성공적인 증여 방안’을 주제로 강연한다.
유 세무사는 “오피스텔을 사무실로 쓰는 세입자를 받으면 다주택자 입장에서 오피스텔을 주택 수에서 제외할 수 있다”고 했다. 전입 신고가 불가능하기 때문에 반드시 업무용으로 쓸 세입자를 찾아야 한다. 지방에 처분하기 어려운 주택을 보유한 다주택자라면 지방 주택을 별장으로 등록하면 주택 수를 줄일 수 있다. 별장은 취득세(12%)와 재산세(4%) 부담이 있지만 2주택자로 보유세를 내는 것보다 세 부담이 적다. 서울에 20억원짜리 아파트 1채, 지방에 3억원짜리 아파트 1채를 가진 2주택자라면 연간 보유세로 816만원을 내야 하는데, 지방 아파트를 별장으로 돌리면 재산세는 645만원이 나온다. 활용도가 떨어지는 단독주택을 보유했다면 아예 멸실시키는 것도 방법이다.
다주택자 절세 전략 특강 1차(4월 2일)는 조기 마감했고, 오는 4월 6일 오후 2~6시에 2차 특강이 열린다. ▲다주택자 출구 전략 ▲가족 간 거래를 활용한 절세 전략 ▲부동산의 전략적 증여 방법 ▲자금을 이용한 증여 전략 등 총 4개 강의다. 참가비는 15만원이고, 땅집고멤버 홈페이지에서 신청하면 된다."
https://www.chosun.com/economy/real_estate/2021/09/03/BVFWHPPKNJBGDP65ZPXJZKXA7M/,"부동산 수수료를 기존의 절반까지 내린다고 발표했던 정부가 뒤늦게 수수료율을 0.1%포인트 올릴 수 있는 내용을 추가해 논란을 빚고 있다. 공인중개사업계가 수수료 인하안에 강력 반발하자, 이를 달래기 위한 조치로 관측된다. 부동산 수수료를 절반으로 인하한다고 생색은 다 내고 뒤늦게 한발짝 물러서는 것이다.
국토교통부는 거래금액에 따라 상한 수수료율을 최대 0.4%포인트 내리는 ‘공인중개사법 시행규칙’ 개정안을 이달 16일까지 입법예고한다고 2일 밝혔다. 개정안에는 정부가 지난달 20일 발표한 ‘부동산 중개보수 및 중개서비스 개선방안’에 없었던 문구가 추가됐다. 지자체가 조례를 정할 때 수수료 상한요율을 0.1%포인트 가감(加減)할 수 있다는 내용이다.
◇슬그머니 추가된 ‘0.1% 가감’ 조항
부동산 중개수수료는 국토부가 시행 규칙을 정하면 각 지자체가 조례를 정해 확정된다. 현행 공인중개사법 시행 규칙은 중개수수료의 ‘상한선’을 규정하고 있어 지자체 조례가 정부의 가이드라인을 넘을 수 없다. 하지만 개정안에 ‘0.1%포인트 가감 조항’이 새로 만들어지면서 지자체가 정부 개편안보다 더 높은 부동산 수수료율을 정할 수 있게 된 것이다. 예를 들어 정부는 9억~12억원 주택의 매매 거래 수수료율을 최고 0.5%로 정했지만, 지자체가 이를 0.6%로 올려서 시행할 수 있다. 10억원짜리 집을 살 때 중개수수료를 정부는 최고 500만원이라고 했지만, 일부 지역에선 600만원을 내는 사람이 생기는 것이다.
국토부는 “지자체 사정에 맞게 수수료를 정할 수 있도록 자율성을 부여한 것”이라고 설명했다. 그러나 심교언 건국대 교수는 “중개수수료를 대폭 내렸다고 자랑하던 정부가 재량권을 준다는 명분으로 중개사 업계의 반발을 지자체에 떠넘긴 모양새”라고 말했다.
이번 수수료 개편안을 논의하는 과정에서 국토부와 공인중개사협회는 전체 주택 거래의 90%가 넘는 9억원 미만의 수수료율 조정을 놓고 첨예하게 대립했다. 중개사들은 고가 주택의 수수료율은 양보하더라도 거래량이 절대적으로 많은 중저가 주택의 수수료율 인하를 방어하려고 했다. 결국 정부는 6억원 미만 매매 거래는 기존 수수료율(0.4~0.6%)을 유지하고, 6억~9억원 구간만 0.5%에서 0.4%로 낮췄다. 그런데 최종 개편안은 이 구간마저도 0.1%포인트를 올릴 수 있는 여지를 만들어준 것이다.
◇중저가 주택은 ‘복비’ 더 오를 수도
지자체가 0.1%포인트 가감 조항을 적용할 경우, 같은 가격의 주택을 사고팔 때 지역에 따라 수수료가 0.2%포인트 넘게 벌어질 수 있다. 6억원 미만의 집을 매매 거래할 때는 오히려 지금보다 더 많은 수수료를 낼 가능성도 있다. 집값 상승으로 눈덩이처럼 불어난 중개수수료 부담을 덜어주겠다는 정부의 애초 취지가 무색해지는 것이다.
국토부는 “대부분 지자체가 정부 개편안을 따를 것으로 예상한다”고 했지만, 향후 주택 경기가 위축되면 공인중개사들이 가감 조항을 근거로 지자체에 수수료 인상을 압박할 가능성도 있다. 실제로 서울 송파구의 한 공인중개사는 “집값이 많이 올라 수수료를 내리겠다고 하니, 집값이 떨어지면 수수료율을 인상해야 한다”고 말했다.
한편 일부 부동산업체는 정부 개편안과 별개로 중개수수료 인하 경쟁에 나서고 있다. 수도권을 중심으로 ‘반값 수수료’ 서비스를 제공하는 부동산 중개 플랫폼 ‘다윈중개’는 15억원 이상 주택 거래 때 정부 상한(0.7%)의 절반인 0.35%의 고정 수수료를 받는다고 밝혔다."
https://www.chosun.com/economy/real_estate/2024/06/07/X6X4PTTPPRCDZKIC5NGGX33W3U/,"최근 지방을 중심으로 미분양이 늘어나는 가운데, 대구 남구와 울산 울주군, 경북 포항 등 9곳이 미분양 관리지역으로 재지정되면서 1년 넘게 특별 관리를 받게 됐다. 7일 주택도시보증공사(HUG)에 따르면, 기존 미분양 관리지역 9곳의 적용 기간이 이달 9일에서 다음 달 9일로 1개월 연장됐다.
현재 미분양 관리지역은 수도권에선 경기 안성 1곳이고 나머지 8곳은 모두 지방이다. 대구 남구, 울산 울주군, 강원 강릉시, 충북 음성군, 전북 군산시, 전남 광양시, 경북 포항·경주시인데, 이들 모두 2023년 2~3월 미분양 관리지역으로 지정됐다. 1년이 훌쩍 넘도록 미분양 적체 상황이 해소되지 않고 있다는 의미다. 안성은 올해 4월 미분양 관리지역으로 지정됐다.
미분양 관리지역은 미분양 주택이 1000가구 이상인 시·군·구 가운데 미분양 증가 속도가 빠르거나, 미분양 해소 속도가 늦거나, 향후 미분양이 늘어날 가능성이 높은 경우 지정된다.
미분양 관리지역에서 주택을 공급하려는 사업 예정자는 분양보증을 발급받기 위해 예비심사나 사전심사를 받아야 하기 때문에 주택 신규 공급이 억제되는 효과가 있다.
한동안 주춤하던 미분양은 최근 다시 늘어나는 추세다. 국토교통부에 따르면 4월 기준 전국 미분양 주택은 7만1997가구로 전월 대비 10.8% 늘었다. 미분양이 7만가구를 넘은 것은 작년 4월 이후 1년 만이다. 미분양 증가세가 이어지면 미분양 관리지역도 늘어날 것으로 전망된다."
