URL,content
https://www.hankyung.com/article/2025070487147,"사진=게티이미지뱅크
가업으로 운영하던 기업 주식 59%를 아들에게 증여하고 가업승계 과세특례를 적용받은 중소 제조기업 대표 A씨는 최근 고민에 빠졌다. 재무 건전성을 높이기 위해 유상증자가 필요한 상황이지만 증자로 아들의 지분이 희석되면 5년간 자산과 지분, 종업원 수 등을 유지해야 하는 사후관리를 위반한 것이 돼 세제 혜택이 취소될 우려가 있기 때문이다.

상속재산 최대 600억원 공제
A 사장의 고민을 단번에 해결해 준 게 국세청의 ‘가업승계 세무 컨설팅’이었다. “유상증자로 인해 아들의 지분이 감소하더라도 최대 주주 지위만 유지하면 추징 사유에서 제외된다”는 해석에 따라 A씨는 자녀의 지분율을 50.1%로 낮추는 수준에서 유상증자를 실시해 자금을 마련할 수 있었다.

ADVERTISEMENT
가업승계를 고민 중이거나 A 사장처럼 사후관리 요건을 위반할지도 모른다는 우려 때문에 경영활동에 제약받는 중소기업 경영인을 위해 국세청은 7월부터 한 달간 ‘제4기 가업승계 세무 컨설팅’ 신청받는다.

가업을 물려주는 중소 기업인을 대상으로, 각종 세제 혜택을 받을 수 있는지 사전 진단하고, 맞춤형 절세 전략을 제시하는 프로그램이다. 국세청이 직접 현장을 답사해 기업 상황을 살펴보고, 세법 해석이 필요한 부분은 서면질의로 신속히 회신한다.

가업승계 세제 혜택은 크게 가업상속공제와 가업승계 증여세 과세특례로 나뉜다. 우선 가업상속공제는 10년 이상 경영한 가업을 부모의 사망으로 자녀가 물려받을 대 경영 기간에 따라 최대 600억 원까지 상속재산에서 공제해주는 제도다. 가업 운영 기간이 10~20년이면 300억원, 20~30년은 400억원, 30년 이상이면 600억원을 공제해 준다.

ADVERTISEMENT
피상속인(사망자)이 대표이사로 재직하면서 지분을 40%(상장사 20%) 이상 보유한 기업이 혜택을 받을 수 있다. 상속인(가업을 물려받는 자녀)은 상속받기 전 2년 이상 가업에 종사해야 한다. 상속세 신고 기한까지 임원으로 취임하고, 신고기한부터 2년 이내 대표에 취임하는 조건도 붙는다.

승계 이후 사후관리도 중요하다. 5년간 가업용 자산을 40% 이상 처분하면 안 되고, 상속받은 가업 지분을 일정 수준 이상 유지해야 한다. 대표이사 등을 맡아서 가업을 경영해야 하는 것은 물론이고, 5년간 정규직 근로자 수 평균과 총급여액이 상속받은 해를 포함해 직전 2년 평균의 90% 이상으로 유지해야 한다. 이 요건을 지키지 못하면 공제받았던 상속세에 이자까지 물어내야 한다.

“10년 뒤 세금 고지서 바꿀 기회”
두 번째는 가업승계 증여세 과세특례다. 부모가 자녀에게 가업으로 운영하던 법인의 주식을 증여할 때 적용된다. 일반적인 증여는 공제가 10년간 5000만원이고, 세율은 최대 50%다. 증여세 과세특례를 받으면 공제가 10억원으로 늘고, 세율은 최대 20%로 낮아진다.

ADVERTISEMENT
증여세 과세특례를 받으려면 가업상속공제 요건에 가업 경영 기간의 50% 이상 또는 증여일로부터 소급해 10년 중 5년 이상 대표이사에 재직해야 한다는 조건이 추가된다. 이런 요건들은 실무적인 해석이 복잡하고, 기업별로 사정이 달라 단순히 법 조항만 보고 판단하기 쉽지 않다. 자금 여력이 충분치 않은 소규모 중소기업은 고가의 외부 전문가 컨설팅을 받기도 어렵다. 국세청이 소규모 중소기업을 집중 지원하는 이유다.

가업승계 대상 업종에 해당하고, 최근 3년 평균 수입금액이 120억원 이하면서 △대표이사가 5년 이상 재직했거나 △가업승계 이후 사후관리가 진행 중인 기업이면 국세청 컨설팅을 신청할 수 있다. 미국 관세정책 등으로 인해 피해를 받은 업체와 관세청과 코트라가 선정한 세정 지원 대상 업체를 우선 지원한다. 매출의 50% 이상이 수출이면서 1년 전보다 매출이 감소한 중소기업이 미국 관세정책 피해 기업으로 인정된다.

세무 전문가는 “가업승계는 막판에 몰아치는 이벤트가 아니라 요건을 준비하는 데만 최소 수년, 사후관리를 합치면 10년 이상의 장기 계획이 필요하다”며 “컨설팅을 통해 10년 후의 세금 고지서를 바꿀 기회”라고 말했다.

정영효 기자"
https://www.hankyung.com/article/202506209143i,"코스피가 3년 6개월 여 만에 장중 3000선을 돌파한 20일 오후 서울 중구 하나은행 본점 딜링룸 전광판에 코스피 지수가 표시되고 있다. 코스피가 장중 3000선을 돌파한 것은 코로나19 사태로 촉발된 유동성 장세가 펼쳐진 지난 2022년 1월 3일 이후 약 3년 6개월 만에 처음이다. /사진=이솔 기자
코스피지수가 3000을 돌파하는 등 강세가 나타나면서 원·달러 환율이 큰 폭으로 하락(원화 가치는 상승)했다. 외국인 투자자의 순매수가 늘어난 영향이다. 미국의 중동 개입 유보 소식도 위험자산 선호를 부추겨 원화 강세 요인으로 작용했다.

20일 서울 외환시장에서 원·달러 환율(오후 3시30분 기준)은 전날보다 14원60전 내린 1365원60전에 주간 거래를 마쳤다. 전날 1380원대 위로 올라섰던 환율은 하루만에 1360원대로 수준을 낮췄다.

ADVERTISEMENT
이날 환율은 전날보다 4원80전 내린 1375원40전에 거래를 시작했다. 코스피가 장중 3000선을 넘어선 오전 11시께부터 하락폭이 두드려졌다.

도널드 트럼프 미국 대통령이 이란 공격 여부를 2주 안에 결정하겠다는 뜻을 밝힌 것을 두고 미국의 즉각적인 군사 개입 가능성이 줄었다는 해석에 힘이 실렸다. 주요 6개국 통화 대비 달러 가치를 보여주는 달러인덱스는 전날보다 0.48% 내린 98.636을 나타냈다.

안전 자산인 달러를 선호하는 위험 회피 심리가 완화하는 가운데 코스피가 마감가 기준 3년 6개월 만에 3000선을 돌파하면서 외국인 투자자의 순매수세도 강해졌다. 코스피는 전장보다 44.10포인트(1.48%) 오른 3,021.84에 장을 마쳤다. 이날 외국인 투자자는 유가증권시장에서 약 5619억원어치를 순매수했다.

ADVERTISEMENT
오후 3시 30분 기준 원·엔 재정환율은 100엔당 939원30전이다. 전날 오후 3시 30분 기준가보다 10원96전 내렸다. 엔·달러 환율은 0.12% 오른 145.4엔을 기록했다.

강진규 기자 josep@hankyung.com"
https://www.hankyung.com/article/2025072857557,"'민생회복 소비쿠폰' 사용이 시작된 첫 주말인 지난 27일 서울 동대문구 청량리종합시장에 사용처 안내문이 붙어있다. /사진=강은구기자
행정안전부는 '민생회복 소비쿠폰' 지급 개시 후 첫 주간(7월21~27일) 전체 지급 대상자의 78.4%에 해당하는 약 3967만명이 신청을 완료했고 약 7조1200억원을 지급했다고 28일 밝혔다.

2020년 지급된 긴급재난지원금(54.4%)과 2021년 국민지원금(68.2%)에 비하면 같은 기간 신청률이 각각 24.0%포인트, 10.2%포인트 상승해 과거보다 신청 속도가 빠르다고 행안부는 설명했다.

ADVERTISEMENT
지역별 신청률은 인천이 83.7%(252만6630명)로 전국에서 가장 높았다. 신청자가 가장 적은 곳은 전남(70.4%·124만8487명)이었다. 서울은 대상자의 79.2%인 723만1588명이 신청을 마쳤다.

지급방식별로 신청자는 신용·체크카드 2972만7451명, 선불카드 322만3629명, 지역사랑상품권(모바일·카드) 611만5879명, 지류 60만6462명이다.

소비쿠폰 신청이 안정적으로 진행됨에 따라 온라인 신청은 지난 26일부터 출생 연도 별 '요일제' 신청이 해제됐다.

ADVERTISEMENT
오프라인 신청은 이날부터 요일제가 해제돼 신청 마감 기한인 9월12일 오후 6시까지 출생연도와 관계없이 누구나 신청할 수 있다.

온라인 신청은 카드사·지역사랑상품권 홈페이지나 애플리케이션(앱), 콜센터, 자동응답시스템(ARS)에서 할 수 있다.

오프라인 신청은 각 카드사 제휴 은행 영업점이나 읍면동 주민센터에서 하면 된다.

ADVERTISEMENT
정부는 사각지대 없이 모든 국민이 소비쿠폰을 지급받을 수 있도록 고령자, 장애인 등 거동이 불편한 국민을 대상으로 '찾아가는 신청' 서비스도 추진하고 있다.

'찾아가는 신청' 서비스는 홀몸 노인, 장애인 등 거동이 불편한 국민이 읍면동 주민센터에 요청하면, 담당 지자체 공무원이 가정이나 마을회관, 경로당 등으로 찾아가 소비쿠폰 신청을 받고 지급하는 방식으로 운영된다.

특히 호우피해 이재민, 고령자·장애인 거주시설에 거주하는 국민을 대상으로 '찾아가는 신청' 서비스를 선제적으로 제공할 예정이다.

ADVERTISEMENT
소비쿠폰은 신청 다음 날부터 11월30일까지 사용할 수 있다.

지역사랑상품권은 상품권 가맹점에서, 신용·체크·선불카드는 연 매출 30억원 매장에서 사용할 수 있다.

정부는 국민이 소비쿠폰 사용처를 쉽게 알아볼 수 있도록 지자체와 협력해 사용 가능 업종에 해당하는 매장에 '소비쿠폰 사용처 스티커'를 부착하도록 했다.

일부 카드사 앱, 지자체 홈페이지에서도 사용 가능 매장을 안내하고 있으니 참고하면 된다.

노정동 한경닷컴 기자 dong2@hankyung.com"
https://www.hankyung.com/article/202506196744i,"사진=연합뉴스
미국의 이란 공격 가능성이 나오면서 외환시장 불안이 심화하고 있다. 안전자산 선호현상이 나타나면서 원·달러 환율이 한달만에 최대 수준까지 올랐다.

19일 서울 외환시장에서 원·달러 환율(오후 3시30분 기준)은 전날보다 10원80전 오른 1380원20전에 주간 거래를 마쳤다. 최근 안정세가 나타나던 환율이 1380원 위로 올라간 것은 지난달 30일(1380원10전) 이후 처음이다. 지난달 22일(1381원30전) 이후 약 한 달 만에 가장 높은 수준까지 올랐다.

ADVERTISEMENT
이날 환율은 전날보다 5원60전 오른 1375원에 개장했다. 이르면 주말 미국이 이란의 핵시설을 공격할 것이라는 보도가 나오자 1386원30전까지 뛰기도 했다.

주요 6개국 통화 대비 달러 가치를 보여주는 달러인덱스는 전날보다 0.55% 오른 99.103을 나타냈다. 달러인덱스는 지난 6월 11일(99.104) 이후 98대를 유지하다가 다시 99대로 올라섰다. 중동 정세 불안에 따른 안전자산 선호 현상이 달러 가치를 올린 것이란 분석이 나온다.

오후 3시 30분 기준 원·엔 재정환율은 100엔당 950원26전이다. 전날 오후 3시 30분 기준가보다 5원49전 올랐다. 엔·달러 환율은 0.2% 오른 145.24엔을 기록했다.

ADVERTISEMENT
국고채 금리는 대체로 소폭 상승했다. 서울 채권시장에서 3년 만기 국고채 금리는 전 거래일보다 0.003%포인트 오른 연 2.475%에 장을 마쳤다. 5년물과 2년물은 각각 0.003%포인트, 0.018%포인트 상승해 연 2.640%, 연 2.483%에 마감했다. 반면 10년물 금리는 연 2.874%로 0.002%포인트 하락했다.

이날 채권 시장은 정부의 2차 추경안에 주목했다. 정부 추경안에 따르면 적자 국채 발행 규모는 19조8000억원으로 시장 예상 수준에 부합했다. 대부분 선반영된 만큼 이날 시장은 대체로 보합 수준에서 움직였다고 전문가들은 설명했다.

강진규 기자 josep@hankyung.com"
https://www.hankyung.com/article/2025072497547,"사진=연합뉴스
졸업하고 1년 넘게 일자리를 찾지 못하는 청년 비중이 작년보다 더 커졌다.

통계청은 24일 이런 내용을 담은 '2025년 5월 경제활동인구조사 청년층 부가조사 결과'를 발표했다. 올해 5월 기준 청년층 취업자는 1년 전보다 15만명 줄어든 368만2000명으로 집계됐다. 청년층 취업자는 인구 감소, 제조업·건설업 부진 등 영향으로 최근 줄어드는 추세다. 경제활동참가율은 전년 동월 대비 0.8%포인트 하락한 49.5%였다.

ADVERTISEMENT
최종학교 졸업자 중 일자리가 없는 청년의 미취업 기간은 작년보다 더 길어진 것으로 나타났다. 1년 이상 미취업 청년은 56만5000명으로 1년 전보다 2만3000명 줄었으나, 비중은 46.6%로 1%포인트 올랐다. 특히 이 중 3년 이상 미취업 청년은 23만명에 달했다. 같은 기간 비중은 18.5%에서 18.9%로 더 커졌다.

미취업자는 직업교육·취업시험 준비(40.5%)를 하는 경우가 많았다. 그러나 4명 중 1명은 '그냥 시간을 보낸다'(25.1%)고 답변했다. 작년과 비교하면 답변 비중은 각각 2.7%포인트, 0.4%포인트 상승한 수준이다.

대학졸업자의 평균 졸업 소요 기간은 4년 4.4개월로 1년 전보다 0.6개월 길어졌다. 휴학경험자 비율은 46.4%로 0.4%포인트 하락했다.

ADVERTISEMENT
최종학교 졸업자 중 취업 경험자 중에선 최근 일자리와 전공 관련성에 관해 매우 불일치(37.0%) 한다는 답변이 가장 많았다.

첫 일자리가 임금 근로자인 경우 취업까지 걸리는 시간은 11.3개월로 1년 전보다 0.2개월 줄었다. 첫 일자리 임금은 월 200만~300만원이 39.7%로 가장 많았고 150만~200만원(28.3%), 100만~150만원(11.1%) 등이 뒤를 이었다.

작년과 비교하면 200만~300만원(4.5%포인트), 300만원 이상(1.7%포인트) 등 고임금 구간 비중이 상승했다.

ADVERTISEMENT
하지만 첫 직장에서 일한 기간은 평균 1년 6.4개월로 0.8개월 짧아졌다. 첫 일자리를 그만둔 사유는 보수·노동시간 등 근로여건 불만족이 46.4%로 가장 많았는데, 작년(45.5%)과 비교하면 비중이 0.9%포인트 더 커졌다.

임시적·계절적인 일의 완료·계약기간 끝남(15.5%), 건강·육아·결혼 등 개인·가족적 이유(13.7%) 등도 주요 퇴직 사유였다.

구직시장을 떠나 취업자·실업자도 아닌 비경제활동인구 중 1주간 취업시험을 준비한 청년은 58만5000명으로 2만명 늘었다.

ADVERTISEMENT
비경제활동인구 중 취업시험 준비자 비율은 14.5%로 3년 연속 하락하다가 올해 상승했다.

최근 고용시장 부진, 장기간 하락세에 따른 기저효과 등 영향이라는 것이 통계청의 설명이다.

신현보 한경닷컴 기자 greaterfool@hankyung.com"
https://www.hankyung.com/article/2025052318277,"사진=게티이미지뱅크
직장인 A씨는 아파트를 팔기 위해 매매계약을 체결하고 매수자로부터 계약금을 받았다. 하지만 매수자가 개인 사정으로 매매계약을 파기했다. A씨는 뜻하지 않게 계약금만큼의 매매 위약금 수입을 챙기게 됐다. 300만원이 넘는 돈이었다. 그는 이듬해 종합소득세 신고 때 매매 위약금을 까맣게 잊고 기타소득에 넣지 않았다.

국세청은 A씨에게 위약금을 기타소득으로 신고하지 않은 배경을 해명하라고 안내문을 보냈다. A씨는 뒤늦게 위약금을 기타소득으로 수정 신고하는 동시에 가산세도 물어야 했다. 종합소득세 신고 때 A씨 같은 사례가 종종 발생하고 있다.

ADVERTISEMENT
내달 2일까지 신고해야
24일 국세청에 따르면 올해 종합소득세 신고 대상자 1285만명이다. 국세청은 지난달 25일부터 순차적으로 이들에게 카카오톡, 네이버 전자문서, 문자메시지 등으로 신고 안내문을 보내고 있다. 모바일 안내문을 수령하지 못한 납세자에게는 서면 안내문을 송부하고 있다.

이들은 오는 6월 2일까지 종합소득세를 신고·납부해야 한다. 국세청은 633만명의 종합소득세를 미리 계산해 제공한다. 이 가운데 환급액이 발생하는 443만명에게는 환급 서비스도 지원한다. 이들은 세무서를 방문하지 않고 홈택스(PC) 또는 손택스(모바일)를 통해 종합소득세를 신고할 수 있다.

종합소득세 신고 대상자는 1년 동안 경제활동을 통해 근로소득, 이자·배당소득, 사업소득(임대소득), 연금소득, 기타소득 등의 소득이 있는 사람이다. 자영업자는 물론 부업을 하는 직장인, 부동산 임대사업자, 프리랜서, 연금 생활자까지 다양한 생활자가 내는 세금이다. 하지만 연말정산을 진행한 근로소득만 있는 직장인은 제외된다.

ADVERTISEMENT
부업 직장인의 경우 기타소득은 필요소득을 제외하고 연간 300만원을 초과했을 때 종합소득세를 반드시 신고해야 한다. 반면 사업소득은 발생하는 즉시 신고 의무가 생긴다. 사업소득과 기타소득을 구분하는 기준은 ‘소득의 지속성’ 여부다. 꾸준히 생기는 소득이라면 사업소득, 일시적으로 얻은 소득은 기타소득이다. 예컨대 유튜버로 활동하는 가운데 꾸준히 광고·후원 소득이 생기면 사업자등록을 하고 사업소득을 신고해야 한다. 반면에 일회성 강연료, 자문료, 책을 집필해 받은 인세는 대표적 기타소득이다.

종합소득세 세율은 과세표준 구간에 따라 6%(1400만원 이하)~45%(10억원 초과)로 결정된다. 과세표준은 종합소득금액에서 소득공제액을 빼 산출한다. 종합소득세를 제때 신고하지 않으면 가산세를 물어야 한다. 과세표준 및 세액을 신고하지 않는 무신고의 경우 무신고 납부세액의 20%를 가산세로 물어야 한다. 과세표준 등을 적게 신고하는 과소신고라면 과소신고 납부세액의 10%를 가산세로 낸다.

300만원 초과 ‘일회성 소득’도 신고
국세청은 종합소득세 신고 직후 신고내용을 꼼꼼하게 점검한다. 일부 내용을 잘못 신고하는 경우 가산세 등을 물어야 하는 만큼 주의가 필요하다.

ADVERTISEMENT
가령 사업소득을 기타소득으로 잘못 신고하는 사례가 발생하고 있다. 강사인 B씨는 여러 업체에 강의하고 강의료를 받았다. 그는 이듬해 종합신고세 신고 때 강의료를 기타소득으로 신고했다. 하지만 B씨의 강의료는 계속적·반복적으로 용역을 제공하고 지급받는 대가로 사업소득으로 분류된다. 국세청은 업체들이 B씨에게 제공한 강의료 지급명세서를 분석한 결과 지속성을 띠는 사업소득으로 판단했다. 이에 따라 B씨에게 지난해 강의료에 대한 해명 자료를 제출하라는 안내문을 송부했다. B씨는 사업소득이라는 점을 시인하고, 강의료를 기타소득에서 사업소득으로 변경해 가산세와 함께 종합소득세를 수정 신고했다.

\필요경비를 부풀려 종합소득세를 축소 신고하는 경우도 늘고 있다. 작은 회사를 운영하는 C씨는 직원 없이 혼자서 업무를 보고 있다. 그는 직원이 없지만 교통비·복리후생비 등을 부풀려 필요경비로 처리해 종합소득세를 신고했다. C씨의 사업소득은 통상 수입금액에서 이 같은 필요경비 등을 제외하고 산출한다. 하지만 국세청은 C씨의 금융거래 등을 바탕으로 그가 필요경비를 허위로 올린 것을 파악했다. C씨는 결국 관련 경비를 제외하는 것과 함께 종합소득세를 수정 신고하는 동시에 가산세도 물어야 했다.

김익환 기자"
https://www.hankyung.com/article/202506262317i,"26일 오전 서울 중구 하나은행 본점 딜링룸 현황판. /사진=연합뉴스
달러 약세가 나타나면서 원·달러 환율이 1350원대로 하락(원화 가치는 상승)했다. 국제금융센터는 이날 하반기 전망 세미나를 열고 미국 예외주의가 약화하면서 약달러 흐름이 당분간 지속될 것으로 내다봤다.

26일 서울 외환시장에서 미국 달러화 대비 원화 환율(오후 3시30분 기준)은 전날보다 5원50전 내린 1356원90전에 주간 거래를 마쳤다. 이날 환율은 전날보다 4원40전 내린 1358원으로 출발한 뒤 낙폭이 확대됐다.

ADVERTISEMENT
환율 하락을 이끈 것은 달러 약세였다. 주요 6개국 통화 대비 달러 가치를 나타내는 달러인덱스는 전날보다 0.25% 내린 97.440 수준을 기록했다. 장중에는 97.270까지 하락해 지난 2022년 3월 2일(97.261) 이후 3년 3개월여 만에 최저치를 기록했다.

달러 약세는 미국 정책금리 인하 기대에 따른 것이다. 제롬 파월 미국 중앙은행(Fed) 의장은 상원 청문회에서 미국 상호관세가 물가에 미치는 영향을 추정하기 어렵다고 말했다. 전날 하원에서 다음 달 금리 인하 여부에 관한 질문에 인플레이션 압력이 계속 억제된다면 금리를 조기 인하할 수 있다고 답변한 데 이어 나온 언급이었다. 파월 의장의 발언은 비교적 원론적인 수준이었지만, 시장에서 비둘기파(통화완화 선호)에 가까운 것으로 해석됐다.

금리 인하를 압박해온 도널드 트럼프 미국 대통령이 파월 의장 후임으로 3~4명을 염두에 두고 있다고 언급한 점도 파장을 낳았다. 이민혁 KB국민은행 연구원은 ""Fed 금리 인하 기대에 따른 달러 약세가 환율 하락 압력으로 작용하고 있다""고 분석했다.

ADVERTISEMENT
같은 시각 원·엔 재정환율은 100엔당 938원28전에 거래됐다. 전날 오후 3시30분 기준가(938원58전)보다 30전 하락했다. 엔·달러 환율은 0.84엔 내린 144.35엔이다.
국제금융센터가 26일 개최한 하반기 전망 세미나. 국금센터 제공.
이날 국금센터는 하반기 국제금융시장 전망 세미나를 열고 달러 약세가 지속될 것으로 내다봤다. 국금센터는 ""올해 하반기 미국 예외주의 약화와 글로벌 탈달러화 모색에 의한 약(弱)달러 여건이 유지될 것""이라며 ""장기 선행지표 부진 조짐, 통상환경 불확실성 장기화 등으로 미국 경제 활력 위축이 불가피해 달러인덱스도 완만한 약세 흐름이 나타날 것""이라고 밝혔다.

강진규 기자 josep@hankyung.com"
https://www.hankyung.com/article/202507124016i,"사진=게티이미지뱅크
거짓 업무 보고를 하고 수당까지 챙겨간 직원에 격분해 욕설을 한 사업주가 형사 책임은 없더라도 위자료를 배상해야 한다는 판결을 받았다. 다만 직원이 청구한 1000만원의 위자료를 가운데 50만원만 인정됐다. 전문가들은 “직원이 명백한 잘못을 해도 폭언이나 물리적 행위로 대응했다간 법적 책임을 면할 수 없다”며 “특히 사업주의 폭력은 일반 폭행보다 더 무겁게 처벌된다”고 경고했다.

20일 법조계에 따르면 부산지방법원 제1민사부는 금속탱크 제조업체에서 근무하던 A씨가 회사 운영자 B를 상대로 제기한 손해배상 청구 항소심(2024나48824)에서 ""B는 A에게 50만 원의 위자료만 지급하라""며 A씨의 항소를 기각했다.

ADVERTISEMENT
원고 A씨는 2019년부터 2022년까지 B씨가 운영하는 금속탱크 제조업체에서 영업·현장관리 업무를 맡았다. 둘의 갈등은 2022년 3월 회사 사무실에서 폭발했다. A씨는 전날 B사장에게 ""현장 업무를 마쳤다""고 보고하고 잔업비 명목으로 10만 원을 받았다. 하지만 B씨는 다음 날 발주처로부터 “현장 정리가 되지 않았다”는 항의를 받았다.

알고 보니 A씨는 실제로는 해당 업무를 마치지 않고 오후에 퇴근한 것. 이에 사장은 “업무상 거짓말을 하고, 잔업비를 과다 청구해 회사 자금을 횡령했다”며 직원들이 있는 사무실에서 A씨를 추궁했다. 이 과정에서 언성이 높아지면서 B 사장은 “X같은 X아”, “(항의를) 왜 들어야 하는데 XX년아” 등의 욕설을 퍼부은 것으로 확인됐다.

A씨는 이날 있던 일들을 전부 녹취했고 이를 바탕으로 사장을 모욕 및 폭행(생수병 물을 뿌린 행위)으로 형사 고소했지만 '혐의없음' 불기소 처분을 받았다. 고용노동청에도 욕설과 폭행을 이유로 직장 내 괴롭힘 진정을 냈지만 괴롭힘이 아니라는 이유로 행정종결됐다. 분이 안풀린 A씨는 사장을 상대로 자신에게 폭행과 모욕을 한 것에 대해 1000만원의 위자료를 달라는 손해배상을 청구했다.

ADVERTISEMENT
법정에서 A씨는 생수병의 물을 얼굴에 뿌린 것도 폭행이라고 주장했지만 법원은 일축했다. 재판부는 ""B사장이 감정이 격해진 상태에서 손에 들고 있던 생수병의 물이 일부 튄 정도로, 고의로 물을 뿌렸다고 보기 어렵다""며 ""녹취록의 내용을 보더라도 (물을 뿌렸다고) A가 항의하거나 다른 직원들이 언급한 바가 없다""고 지적했다. 이어 ""폭언이나 욕설만으로는 폭행에 해당하지 않는다""고 지적했다.

다만 법원은 사장의 '욕설'은 “다른 직원들이 있는 자리에서 공연히 원고를 모욕한 행위”라며 인격권 침해에 해당한다고 판단했다. 다만 △업무 태만과 거짓말, 횡령을 확인하는 과정에서 욕설한 점 △실제로 A가 조기 퇴근한 점 △욕설이 장시간 반복되거나 집요하게 이어지지 않은 점을 들어 위자료는 50만원으로 제한했다.

전문가들은 사업주의 폭행은 법적으로 일반 폭행보다 강력하게 처벌한다고 경고한다. 근로 조건에 대한 내용만 규율할 것 같은 근로기준법도 의외로 8조에서 '사용자는 어떠한 이유로도 근로자에게 폭행하지 못한다'고 별도 규정으로 명시하고 있다. 이를 위반하면 5년 이하 징역이나 5000만원 이하의 벌금인데, 이는 형법상 폭행(2년 이하 징역, 500만원 이하 벌금)보다 형량이 무겁고, 심지어 단체폭력이나 위험한 물건을 사용한 특수폭행(5년 이하 징역 또는 1000만원 이하 벌금)보다 높은 수준으로 처벌된다.

ADVERTISEMENT
정상태 법무법인 바른 변호사는 ""근로기준법 8조는 직장 내 위력 관계에서 발생하는 폭력의 심각성과 그로 인한 근로자의 인격 침해를 엄중히 본 입법적 메시지""라며 ""'실수였다', '감정이 격해져서 그랬다', '교육 차원이었다' 등의 변명은 법적으로 통하지 않는 만큼 어떠한 상황에서도 신체적 접촉이나 위협적 언행을 해선 안 된다""고 강조했다.

곽용희 기자 kyh@hankyung.com"
https://www.hankyung.com/article/2025072528661,"사진=게티이미지뱅크
정부가 내수 진작을 위해 발행하는 ‘민생회복 소비쿠폰’을 활용해 담배나 전자기기, 쌀을 사들인 뒤 재판매해 현금화하려는 사례가 속속 나오고 있다.

25일 유통업계에 따르면 지난 21일 소비쿠폰 발행 이후 온라인 중고거래 사이트에서 담배를 판매한다는 게시글이 속속 올라오고 있다. 사이트 관리자의 단속을 피하기 위해 ‘ㅁㅂㄹ’(말보로) 또는 ‘보루 거래’ 같은 식의 키워드를 활용했다. 편의점 등에서 소비쿠폰으로 담배를 구매한 뒤 중고로 판매해 현금화하려는 시도로 추정된다. 이른바 ‘담배깡’이다. 담배사업법상 국내에서는 모든 종류 담배의 개인 간 거래가 불법이다.

ADVERTISEMENT
소비쿠폰 발행 이후 담배 수요는 크게 늘고 있다. 국내 주요 편의점에선 소비쿠폰 발행 이후 담배 매출이 전월 동기 대비 10%가량 증가한 것으로 파악됐다. 특히 주거 인구가 많은 지역 편의점은 담배를 대량으로 사재기하려는 수요가 늘고 있다는 전언이다. 서울 화곡동에서 편의점을 운영하는 A씨는 “소비쿠폰이 발행된 뒤 담배를 보루로 사는 사람이 확 늘었다”고 했다. 담배 외에도 중고거래 사이트에선 쌀, 전자기기 등을 사들인 뒤 중고 거래하는 방법이 공유되고 있다.

정부는 소비쿠폰 발행에 따른 ‘부작용’ 차단에 나섰다. 행정안전부는 지난 17일 한국편의점산업협회 및 주요 편의점 업체와 간담회를 열고 스마트워치, 고가 전자제품, 외국산 주류 등을 소비쿠폰과 연계해 판촉하는 행사를 자제해달라고 요청했다. 주요 편의점은 이 요청에 따라 고가 전자기기 판매를 중단했다.

소비쿠폰 품목을 제한해 현금화 시도를 최소화해야 한다는 주장도 나온다. 다만 구매를 제한하기 위해선 사회적 합의로 기준을 정해야 하고, 이 과정에서 사회적 혼란이 예상돼 현실화할 가능성은 높지 않다.

ADVERTISEMENT
소비쿠폰은 전날 기준 대상자의 57.1%가 신청을 마친 것으로 집계됐다. 신청자는 2889만8749명이고, 지급금액은 5조2186억원이다.

배태웅/김영리 기자 btu104@hankyung.com"
https://www.hankyung.com/article/2025072998881,"사진=뉴스1
한국 경제가 올 3분기부터 본격적인 반등 국면에 진입할 것이라고 국제통화기금(IMF)이 전망했다. 정부가 두 차례 편성한 추가경정예산의 효과가 하반기부터 서서히 반영되고, 도널드 트럼프 미국 행정부의 관세 정책도 당초 우려보다는 완화될 것으로 보인다고 분석했다.

IMF는 29일 ‘7월 세계경제전망(WEO)’에서 올해 한국의 성장률을 0.8%로 전망했다. 올 4월 전망치(1.0%)와 비교하면 3개월여 만에 0.2%포인트 낮아졌다. 이는 2~3개월 전 발표한 한국은행, 한국개발연구원(KDI), 아시아개발은행(ADB) 전망치(0.8%)와 같지만 경제협력개발기구(OECD·1.0%)보다는 낮은 수준이다.

ADVERTISEMENT
IMF의 이번 경제 전망은 다른 기관과 달리 올해 두 차례 편성한 추경 효과를 모두 반영했다. 그럼에도 올해 성장률을 하향 조정한 이유는 추경 효과가 단계적으로 반영된다고 봤기 때문이다.

IMF는 내년 한국 성장률 전망치를 1.4%에서 1.8%로 0.4%포인트 상향했다. 이런 성장률 상승폭은 주요 선진국 중 가장 컸다. 개발도상국까지 포함하면 전체 30개국 중 나이지리아(0.5%포인트 상향 조정)에 이어 두 번째로 높았다. 라훌 아난드 IMF 한국미션단장은 “두 차례 추경을 비롯한 완화적 정책 기조와 정치 불확실성 해소로 올 2분기부터 소비·투자 심리가 개선되고 있다”고 설명했다.

세계 각국에 부과하는 미국 정부의 관세율이 당초 예상보다 낮아진 것도 우리 경제에 긍정적 영향을 미친 요인으로 분석됐다. IMF는 올해 세계 경제 성장률을 종전 2.8%에서 3.0%로 올렸다. 내년 세계 성장률은 0.1%포인트 상향 조정된 3.1%로 내다봤다. IMF는 미국의 실효 관세율 하향, 고(高)관세 우려에 따른 조기 선적 증가, 달러 약세 등 금융 여건 완화, 주요국 재정 확대 등을 주요인으로 거론했다. 올해 미국의 성장률은 종전 1.8%에서 1.9%로 0.1%포인트 높아졌다. 내년 성장률도 1.7%에서 2.0%로 높아졌다.

김익환 기자 lovepen@hankyung.com"
https://www.hankyung.com/article/2025072252301,"정년을 넘긴 뒤 촉탁직이나 계약직으로 재고용된 고령 근로자가 근로계약의 자동 연장을 주장하며 소송을 제기하는 사례가 잇따르고 있다. 대법원이 정년 이후 재고용된 근로자에게도 일정 요건을 충족하면 ‘계약 갱신에 대한 기대권’(갱신기대권)이 인정된다고 판단하면서다. 최근 법조계에서는 이를 사실상 ‘셀프 정년연장’ 수단으로 활용하는 고령 근로자가 늘고 있다는 분석이 나온다.

22일 리걸테크기업 엘박스의 판결문 데이터를 한국경제신문이 분석한 결과 갱신기대권을 쟁점으로 선고된 판결은 2022년 92건에서 2023년 112건, 지난해엔 160건으로 빠르게 늘고 있다. 주로 아파트 경비원 등 계약직 근로자가 원고인 사례가 대다수다.

ADVERTISEMENT
근로계약 갱신기대권은 계약직 근로자의 고용 안정성을 보장하기 위해 등장한 법리다. 대법원은 2011년 “계약직도 회사와 신뢰 관계가 형성되고, 특별한 결격사유 없이 반복 갱신된 경우에는 당연히 재계약될 것이라는 기대권이 인정된다”고 판결했다. 이후 2017년에는 고령자고용법에 따라 재고용된 55세 이상 고령자에게도 갱신기대권을 적용할 수 있다고 판시했다. 이 판례를 근거로 고령 근로자들은 계약이 종료된 뒤에도 재계약을 요구할 권리가 있다고 주장하고 있다.

아파트 관리단이 경비 용역업체를 매년 바꿨는데 소속 경비원들은 수차례 고용이 승계된 경우가 전형적이다. 특히 다른 동료들과는 재계약하면서 자신과 계약을 갱신하지 않으면 이를 부당 해고로 간주하고 법적 대응에 나서는 사례가 많다.

김상민 법무법인 태평양 변호사는 “재고용도 혜택이 아니라 권리라는 인식이 퍼지고 있다”며 “절박한 고령 근로자들 사이에서 이 같은 소송은 앞으로 더 늘어날 것”이라고 말했다. 기업은 정년 이후 한시적 고용조차 소송 리스크로 이어질 수 있다는 점에서 부담이 크다. 한 대기업 인사담당자는 “촉탁직이나 한시적 재고용은 고용 유연성과 기업의 재량권을 확보하려는 장치였는데 자칫 ‘종신고용’처럼 변질될까 우려된다”고 말했다.

곽용희 기자 kyh@hankyung.com"
https://www.hankyung.com/article/2025072404391,"올해 2분기 한국 국내총생산(GDP)이 0.6% 증가한 것으로 조사됐다. 반도체 수출과 민간 소비가 회복세를 보이면서 한국은행의 당초 전망치(0.5%)를 웃돌았다. 한·미 상호관세 협상이 원활히 타결되면 올해 연간 1% 이상 성장도 가능하다는 전망이 나온다.

◇소비·수출은 호조, 투자는 부진
이미지 크게보기
24일 한은이 발표한 ‘2025년 2분기 실질 국내총생산(속보)’에 따르면 실질 GDP는 전 분기 대비 0.6% 증가했다. 1분기 -0.2% 역성장에서 플러스로 전환됐다. 2023년 1분기(1.2%) 이후 1년3개월 만에 가장 높은 분기 성장률이다.

ADVERTISEMENT
지출 항목별로는 민간 소비와 정부 소비가 모두 증가했다. 민간 소비는 전 분기 -0.1%에서 0.5% 증가로 추세가 전환됐다. 이동원 한은 경제통계2국장은 “정치적 불확실성이 해소되며 소비 심리가 개선됐다”며 “4월보다 5월, 5월보다 6월 소비가 점차 나아지는 흐름이었다”고 말했다.

품목별로는 재화 소비 중 승용차 판매가 증가했고, 서비스 소비에서는 공연·문화 부문 소비가 크게 늘었다. 정부 소비는 건강보험 급여 지출 확대를 중심으로 1.2% 늘었다. 2022년 4분기(2.3%) 이후 2년 반 만의 최대 증가 폭이다.

수출도 예상보다 큰 폭으로 증가했다. 반도체와 석유화학 제품 중심으로 4.2% 증가하며 1분기 -0.6%에서 반등했다. 수입은 에너지류 중심으로 3.8% 늘었다. 이 국장은 “반도체 수출이 기대보다 호조였고, 일부 품목은 미국의 상호관세 부과를 앞두고 선수요가 발생했을 가능성도 있다”고 말했다.

ADVERTISEMENT
투자는 여전히 부진한 흐름을 보였다. 건설투자는 전 분기 -3.1%에서 2분기 -1.5%로 감소했으며, 5개 분기 연속 마이너스를 기록했다. 설비투자는 -0.4%에서 -1.5%로 감소 폭이 확대됐다.

성장률 기여도를 보면 민간 부문이 0.5%포인트를 차지했다. 민간 소비가 0.2%포인트, 순수출이 0.3%포인트를 끌어올렸다. 반면 민간 투자는 -0.2%포인트로 기여도가 마이너스였다. 재고 증가는 0.2%포인트, 정부 소비는 0.2%포인트를 기여했다.

◇한·미 관세 협상이 올 성장률 좌우
정부 안팎에선 올해 ‘연간 성장률 1% 달성’ 가능성도 고개를 들고 있다. 통계적으로는 3, 4분기에 각각 0.8% 성장하면 연 1% 성장률 달성이 가능하다. 이는 한은이 지난 5월 발표한 3분기 0.7%, 4분기 0.6% 전망보다 높은 수치지만, 당시엔 2차 추가경정예산 효과가 반영되지 않았다. 이 국장은 “1차 추경은 정부 소비를, 2차 추경은 민간 소비 확대를 중심으로 설계돼 3분기엔 내수가 더 좋아질 수 있다”고 말했다.

ADVERTISEMENT
한은은 다음달 28일 수정 경제전망을 발표하는데, 연간 성장률 전망치를 기존 0.8%에서 상향 조정할 가능성이 거론된다. 해외 투자은행들도 지난달부터 미국과 중국의 무역 갈등 완화, 이재명 정부의 확장 재정 정책 등을 근거로 한국 성장률 전망치를 조금씩 높이고 있다.

변수는 한·미 간에 진행되고 있는 관세 협상이다. 다음달 1일부터 미국이 예고한 25% 상호관세가 그대로 시행되면 수출이 큰 타격을 받을 수 있다. 이 국장은 “관세가 확정되면 수출 둔화가 시작될 것”이라며 “2분기엔 영향이 미미했지만, 3분기부터 본격 반영될 수 있다”고 전망했다. 한국의 대미 상호관세가 일본 수준(15%)으로 낮아지면 성장률에 부정적 영향을 미치지 않을 것으로 예상된다. 한은이 성장률 전망을 추정하면서 평균 15% 수준의 관세를 전제로 삼았기 때문이다.

강진규 기자 josep@hankyung.com"
https://www.hankyung.com/article/2025072403751,"이재명 정부의 민생회복 소비쿠폰이 풀리자 편의점에서 고기류와 간편식, 생필품 관련 매출이 늘어난 것으로 나타났다.

24일 편의점업계에 따르면 GS25는 소비쿠폰이 지급된 지난 22∼23일 이틀간 국·탕·찌개 등 간편식 매출이 전월 대비 326.6%, 한우는 199.9%, 돈육은 72.6% 증가했다. CU도 같은 기간 도시락·김밥·샌드위치 등 간편식 매출이 22.7%, 즉석밥이 28.3%, 음료가 44.5% 늘었다. 편의점에서 자주 팔리지 않는 쌀·잡곡류도 매출이 증가했다. GS25는 이 기간 쌀 매출이 12.9% 늘었고, CU와 세븐일레븐도 각각 25%, 50% 불어났다고 밝혔다.

ADVERTISEMENT
비식품 제품도 소비쿠폰 지급으로 매출이 일부 늘었다. GS25에서는 롤티슈 매출이 42.9% 늘었다. 세븐일레븐에선 기저귀 매출이 70%, 티슈 등 위생용품은 30% 증가했다.

편의점업계 관계자는 “소비쿠폰이 본격적으로 풀리며 먹거리 중심 소비가 크게 늘어났다”며 “쌀과 여성용품, 세제 등 소비기한이 긴 생필품도 소비자들이 함께 사고 있다”고 말했다.

배태웅 기자 btu104@hankyung.com"
https://www.hankyung.com/article/2025062968851,"국세청은 성실하게 세금을 내는 납세자들에게 ‘세금포인트’를 지급한다. 세금포인트를 활용하면 영화 티켓, 휴양림 입장료, 여객선 승선권 등에서 다양한 할인 혜택을 누릴 수 있지만, 실제 세금포인트를 사용하는 사람은 많지 않다. 5년간 사용하지 않은 포인트는 소멸한다. 국세행정 홈페이지(홈택스)나 모바일 앱(손택스)에서 남아 있는 포인트를 확인해 보자.
이미지 크게보기


◇세금포인트 사용률 1% 밑돌아
29일 국세청에 따르면 세금포인트는 자발적인 세금 납부를 촉진하기 위해 2004년 도입됐다. 개인 또는 법인(중소기업)이 내는 세금(소득세·법인세)에 따라 부여된다.

ADVERTISEMENT
세금포인트는 개인이 종합소득세와 양도소득세, 원천징수되는 근로소득세를 자진 납세했을 때 받을 수 있다. 중소기업은 법인세와 법인세 감면분에 대한 농어촌특별세를 낼 때 포인트를 받는다.

국세청은 자진 납부한 세액 10만원당 1점의 세금포인트를 나눠준다. 근로소득세를 100만원 냈다면, 10점이 적립된다. 올해부터 개인과 법인 모두 1년에 최대 50포인트까지 모을 수 있다. 매년 3월 전년도 납부세액을 대상으로 받는다.

세금포인트 제도는 시행된 지 20년이 넘었는데도 활용하는 납세자가 많지 않다. 국세청에 따르면 지난해 개인 납세자 78만 명이 9억9300만 점의 세금포인트를 받았지만, 실제 사용된 포인트는 800만 점에 그쳤다. 사용률이 0.81%에 불과하다.

ADVERTISEMENT
올해부터는 5년간 사용하지 않은 포인트는 사라진다. 포인트 사용 촉진을 위해 지난해 제도를 바꿨다. 2024년 이전에 쌓아둔 세금포인트는 사라지지 않는다는 의미다. 국세청은 올해 세금포인트 홍보 예산으로 전년(2억원) 대비 두 배 넘게 늘어난 4억2500만원을 배정해 포인트 사용을 활성화한다는 계획이다.

◇1포인트 쓰면 1000원 할인
세금포인트는 1점당 1000원으로 환산된다. 세금포인트를 사용하면 일상에서 쏠쏠한 혜택을 누릴 수 있다. 전국 193개 CGV 영화관에서 2포인트를 쓰면 영화 티켓을 최대 2000원 할인받는다. 국립자연휴양림 46곳에서도 1포인트를 써서 입장료 1000원을 할인받을 수 있다.

중소기업 유통센터의 행복한 백화점에서도 세금포인트를 쓸 수 있다. 우수 중소기업 제품 구매 시 5~25포인트를 사용하면 가격의 5% 상당을 할인받을 수 있다. 우수 중소기업 제품을 판매하는 ‘동반성장몰’에서도 세금포인트로 5% 할인 구매가 가능하다.

ADVERTISEMENT
해외로 떠날 때는 5포인트로 인천국제공항 내 모범납세자 전용 비즈니스센터를 이용할 수 있다. PC와 복사기, 팩스가 설치돼 있어 업무적 편의를 받을 수 있고, 소파에서 음료와 다과를 즐기며 휴식할 수 있다.

세금을 낼 때도 세금포인트를 활용할 수 있다. 일시적으로 현금 흐름이 좋지 않다면 세금 납부 기한을 연장하면서 세금포인트를 활용해 납세담보를 면제받을 수 있다. 담보 면제 금액은 1포인트당 10만원으로 계산한다. 세금포인트가 10점 있다면 100만원의 세금을 나중에 낼 수 있다는 의미다. 1000만원 이하 소액 체납자는 세금포인트를 재산 매각 유예 때 쓸 수 있다. 1포인트에 10만원을 곱한 금액만큼 매각 유예가 된다.

세금포인트 활용처는 갈수록 늘어나고 있다. 국세청은 지난달 28일 7개 기관과 업무협약을 맺고 세금포인트 사용처를 확대했다. 서대문자연사박물관에 입장할 때 관람료를 2000원 할인받을 수 있다. 기념품점에서 물건을 구입할 때도 최대 1만원까지 할인된다.

ADVERTISEMENT
세금포인트는 손택스 앱에서 모바일 쿠폰을 받아 쓸 수 있다. 쿠폰은 사용처 한 곳당 하루 최대 5장까지 발급받을 수 있다. 세금포인트는 1000원 할인받을 때마다 1포인트 차감된다.

이광식 기자 bumeran@hankyung.com"
https://www.hankyung.com/article/2025060807591,"국세청은 매년 5월 종합소득세 신고 시즌을 맞아 전국의 고소득 자영업자에게 ‘성실신고 확인제도’를 안내한다. 신고 대상자는 이달 말까지 세무 대리인을 통해 종합소득세가 적정한지 여부를 신고해야 한다.
이미지 크게보기


◇세무조사 위험 낮춘다
8일 국세청에 따르면 성실신고 확인제도는 일정 규모 이상의 개인사업자가 세금 신고를 할 때 세무 대리인(세무사, 공인회계사 등)을 거쳐 종합소득세 신고 내용이 적정한지를 한 번 더 점검받도록 하는 제도다. 이 확인서를 종합소득세 신고서와 함께 제출해야 신고가 완료된다. 세무 대리인은 세금 계산이 정확했는지, 누락된 수입은 없는지, 비용을 과다하게 계산하지 않았는지 등을 확인해야 한다.

ADVERTISEMENT
국세청은 고소득 자영업자의 소득 탈루를 막기 위해 제도를 도입했다. 사업소득은 근로소득과 달리 원천징수제도가 없기 때문에 탈루 가능성이 상대적으로 크다. 세무 대리인 역할을 빌려 신고의 정확성을 높이는 취지로 성실신고 확인제도가 도입된 것이다. 국세청 관계자는 “고소득 자영업자의 소득 탈루를 방지하기 위해 만든 일종의 ‘간접 세무조사 장치’”라고 설명했다.

2011년 성실신고 확인제도 시행 초기에는 일부 업종만이 대상이었다. 지금은 도소매·제조·건설·서비스업 전반으로 확대됐다. 신고 기준은 업종별로 다르다. 연간 수입금액이 도소매업은 15억원 이상, 제조업과 건설업은 7억5000만원 이상, 서비스업은 5억원 이상이면 신고 대상자다. 대상 여부는 국세청 홈택스나 세무 대리인을 통해 확인할 수 있다.

◇성실신고 유도하는 인센티브도 마련
성실신고 확인제도는 일반 납세자보다 신고 기한이 한 달 더 주어진다. 일반 종합소득세 신고 기한은 5월 31일이지만 성실신고 확인 대상자는 6월 30일까지다. 예를 들어 2024년 귀속 소득에 대한 신고는 올해 6월 30일까지 해야 한다. 6월 30일이 공휴일이면 그다음 평일인 7월 1일까지로 자동 연장된다.

ADVERTISEMENT
기한 내 확인서를 제출하지 않으면 불이익도 따른다. 가장 대표적인 것이 ‘미제출 가산세’다. 산출세액의 5% 또는 수입금액의 0.02% 중 큰 금액이 부과된다. 예컨대 종합소득세가 1억원이면 최대 500만원의 가산세가 붙을 수 있다. 신고서를 누락하면 세무조사를 받을 가능성도 커진다.

세무 대리인은 신고서의 ‘두 번째 눈’ 역할을 맡는다. 단순히 수치를 대입하는 것이 아니라 실제 매출이 누락되진 않았는지, 경비로 처리된 비용이 과도하진 않은지를 전문가 시각에서 판단해 ‘성실신고 확인서’를 작성한다.

예를 들어 카드 매출과 현금영수증 발행 비율, 감가상각 처리, 인건비 지급내역 등을 세세히 들여다보게 된다. 이 과정에서 과도한 비용 처리나 누락된 수입이 있다면 납세자가 먼저 내역을 수정할 수 있다. 국세청 입장에선 향후 세무조사 대상자를 줄일 수 있다.

ADVERTISEMENT
성실신고 확인을 유도하는 인센티브도 있다. 의료비·교육비·월세 세액공제를 받을 수 있다. 성실신고 확인에 직접 사용한 비용은 필요경비로 인정한다. 비용의 60%를 사업소득에 대한 소득세에서 세액공제를 받을 수 있다.

성실신고 확인제도는 사업 신뢰도도 높여준다. 금융기관, 정부 기관, 대기업 등이 협력 업체나 프리랜서와 계약을 맺을 때 성실신고 확인서를 요구하는 사례가 있어서다. 기술서비스업·컨설팅업 등에선 이 확인서가 일종의 ‘세무 신용서’로 통용된다고 세무당국은 강조했다. 국세청 관계자는 “성실신고 확인서를 제출하면 납세자도 안심하고 사업에 전념할 수 있고, 세무 행정 측면에서도 행정력을 절감할 수 있다”고 설명했다.

정영효 기자 hugh@hankyung.com"
https://www.hankyung.com/article/2025072854921,"경북 포항시에 위치한 알뜰 장성우리주유소의 전경. /한국석유공사 제공
유류세 인하율이 축소된 지난 5월 1일, 수도권의 한 자영 알뜰주유소에는 아침부터 차량이 길게 줄을 섰다. 주유를 기다리던 한 시민은 “기름값이 오를까봐 일부러 알뜰주유소를 찾았다”며 “평소에도 가격이 저렴해 꾸준히 이용한다”고 말했다.

알뜰주유소는 정부가 2011년 12월 도입한 석유 유통 채널이다. 국내 석유 유통시장은 SK에너지, GS칼텍스, 에쓰오일, HD현대오일뱅크 등 정유 4사의 과점 구조로 운영돼 오면서 가격 경쟁이 제한적이라는 평가를 받았다. 이에 정부는 소비자에게 상대적으로 저렴한 가격의 유류를 안정적으로 공급하고, 시장 내 경쟁을 유도하기 위해 알뜰주유소를 도입했다.

ADVERTISEMENT
한국석유공사, 한국도로공사, 농협중앙회 등 공공기관이 정유사로부터 유류를 공동 구매한 후, 이를 알뜰주유소에 시중 가격보다 싸게 공급하는 구조다. 통상 판매 가격이 일반 주유소와 비교해 리터당 평균 30~40원가량 저렴하다.

한국석유공사에 따르면 알뜰주유소는 인근 주유소의 가격 인상도 억제한다. 일부 지역에서는 알뜰주유소 개소 이후 인근 일반 주유소들이 가격을 내리는 움직임을 보였다. 국내 석유 유통시장의 가격 전반에 안정 효과를 유도했다는 평가도 나온다.

에너지경제연구원 분석에 따르면 2012년부터 2024년까지 최근 13년간 알뜰주유소 사업으로 인한 국민 편익은 약 3조4000억원에 달했다. 다른 주유소보다 저렴하게 판매해 소비자에게 돌아간 직접적인 편익뿐 아니라 ‘주변 효과’로 발생한 간접 편익까지 더해 산출한 수치다.

ADVERTISEMENT
고객 평가도 개선되고 있다. 석유공사는 기획재정부 주관 ‘2024년 공공기관 고객만족도 평가’에서 전년 ‘미흡’ 등급에서 무려 두 단계 오른 ‘우수’ 등급을 획득했다. 평가 대상인 182개 공공기관 중 두 단계 상승을 보인 건 석유공사가 유일하다. 석유공사의 알뜰주유소 사업, 페트로넷 및 오피넷 서비스 등 전반에 걸친 고객 접점의 실질적 개선이 반영된 결과로 분석됐다.

국내 석유 유통시장의 경쟁 구도에도 긍정적인 변화를 가져왔다. 도입 이전에는 4개 정유사의 시장 점유율 격차가 컸지만 공동 구매 유통 방식이 도입되며, 정유 4사의 공급 비중이 보다 균형 있게 조정됐다. 이들 기업의 점유율은 대체로 20%대로 고른 편이다. 석유공사는 “국내 석유 유통시장의 과점적 구조 개선을 위해 도입된 알뜰주유소 정책이 시장에 안착한 결과”라고 평가했다.

다만 알뜰주유소에 대한 시장 경쟁 왜곡 논란도 제기되고 있다. 일부 민간 주유소 업계에서는 정부 지원을 받는 알뜰주유소가 가격 경쟁에서 지나치게 유리한 위치에 있다고 지적해왔다. 이에 한국석유공사는 2023년부터 입찰 제도 개선에 착수했다. 공급 계약에서 대량 구매에 따른 할인 혜택을 없애고 일정 규모 이상의 공급 물량에 상한선을 도입하는 방식으로 제도를 개선해 민간 주유소와의 공정한 경쟁 환경 조성을 도모하고 있다.

ADVERTISEMENT
알뜰주유소는 특히 품질 관리 측면에서도 철저한 관리 시스템을 갖추고 있다. 한국석유공사는 자영알뜰주유소 관리사업의 주관 기관으로서 정유사 공급 품질 검사 외에도 자체 검사 체계를 운영하고 있다. 특히 한국석유관리원과 ‘석유품질관리지원 협약’을 체결해 정기적인 품질 검사를 실시하고 있다. 그 결과 자영알뜰주유소 3사는 최근 3년간 ‘가짜 석유 적발 0건’을 기록했다.

현재 전국의 알뜰주유소는 1300여곳에 이른다. 전체 주유소 중 약 10% 수준의 점유율을 차지하고 있다. 국제 유가 급등기나 유류세 조정 시기 등 주요 가격 변동 국면에서도 알뜰주유소는 소비자 부담을 줄이고 가격 상승을 억제하는 역할을 해 왔다는 평가다. 한국석유공사 관계자는 “도입 14년을 맞은 알뜰주유소는 민생경제 안정과 물가안정 정책의 전파자 역할을 톡톡히 하고 있다”며 “시행 전후로도 유류 판매가격의 급격한 인상을 억제하고 가격의 안정화를 유도해 국민의 유류비 절감에 앞장서고 있다”고 말했다.

하지은 기자 hazzys@hankyung.com"
https://www.hankyung.com/article/202507035259i,"사진=연합뉴스
한국의 외환보유액 규모가 지난달 말 4100억달러 선에 복귀했다. 미국 달러화 약세로 50억달러 넘게 보유액이 늘어난 영향이다.

한국은행이 3일 발표한 외환보유액 통계에 따르면 6월 말 기준 우리나라 외환보유액은 4102억달러(약 557조원)로, 전월보다 56억1000만달러 증가했다. 지난 5월 말(4046억달러) 약 5년 만에 최소 수준까지 줄었다가 반등했다.

ADVERTISEMENT
한은 관계자는 ""달러화 약세로 기타 통화 외화자산의 달러 환산액이 늘어난 데다, 운용수익도 증가했기 때문""이라고 설명했다.

미국 달러화는 6월 중 약 1.9%(미국 달러화 지수 기준) 평가 절하됐다. 이 영향으로 달러로 환산한 유로·엔 등 기타 통화 외화자산 금액이 증가하면서 외환보유액 증가로 이어졌다.

외환보유액을 자산별로 나눠보면 국채·회사채 등 유가증권(3585억달러)이 14억7000만달러 줄었지만, 예치금(265억4000만달러)과 IMF(국제통화기금)에 대한 특별인출권(SDR·158억9000만달러)은 각 68억6000만달러, 2억1000만달러 늘었다.

ADVERTISEMENT
금의 경우 시세를 반영하지 않고 매입 당시 가격으로 표시하기 때문에 전월과 같은 47억9000만달러를 유지했다. 보유량은 약 104톤이다.

한국의 외환보유액 규모는 5월 말 기준(4046억달러)으로 세계 10위 수준이다. 지난 3월말 9위에서 10위로 하락한 후 순위가 유지됐다. 하지만 9위 홍콩(4310억달러)의 외환보유액이 223억달러 불어나면서 격차는 벌어졌다. 한은 관계자는 ""홍콩은 고정환율제를 운영하고 있기 때문에 달러 가치가 하락할 때 달러를 매입해 환율을 유지한다""며 ""5월에도 이런 개입이 많아 외환보유액이 크게 늘어났다""고 설명했다.

1위는 중국(3조2853억달러)이었고, 일본(1조2981억달러), 스위스(9808억달러), 인도(6913억달러), 러시아(6804억달러), 대만(5929억달러), 사우디아라비아(4587억달러), 독일(4564억달러) 등이 뒤를 이었다.

강진규 기자 josep@hankyung.com"
https://www.hankyung.com/article/202506233929i,"사진=연합뉴스
중동지역 불안이 고조되면서 환율이 20원 가까이 급등했다. 도날드 트럼프 미국 대통령의 상호관세 부과와 윤석열 전 대통령 파면 여파로 환율이 요동치던 지난 4월초 이후 약 80일만에 가장 큰 상승폭을 기록했다.

23일 서울 외환시장에서 원·달러 환율(오후 3시30분 기준)은 전거래일보다 18원70전 오른 1384원30전에 주간 거래를 마쳤다. 이는 지난달 21일 기록한 1387원20전 이후 가장 높은 수준이다. 이날 환율은 9원40전 오른 1375원으로 출발한 뒤 장 초반부터 큰 폭 상승했다. 오전 10시30분께 1385원20전까지 뛰기도 했다.

ADVERTISEMENT
이날 상승폭(18원70전)은 지난 4월 7일 33원70전 상승 이후 약 80일만에 가장 컸다. 지난 주말 고조된 중동 지역의 지정학적 위기가 환율 상승의 주된 원인으로 보인다.

미국은 21일(현지시간) 이란의 핵심 핵 시설 세 곳을 전격 공습함으로써 이스라엘과 이란의 분쟁에 직접 개입했다. 애초 트럼프 미국 대통령은 19일 ""향후 2주 이내에 이란 공격 여부를 결정하겠다""며 협상 시한을 제시했으나, 이틀 만에 공습을 단행했다. 이란 의회가 맞불로 주요 원유와 가스 수송로인 호르무즈 해협의 봉쇄를 의결하면서 국제 유가가 크게 상승한 상황이다.

유가 상승은 물가 부담을 확대할 수 있고, 결과적으로 미국 중앙은행(Fed)의 기준금리 인하 시점을 늦추면서 달러 강세를 지지할 수 있다는 전망이 나온다. 단기 불확실성 확대에 따른 위험 회피와 안전자산 선호 심리도 강달러 요인으로 꼽힌다. 주요 6개국 통화 대비 달러 가치를 나타내는 달러인덱스는 이날 장중 99.212까지 상승했다. 오후 3시30분 기준 전 거래일보다 0.26% 오른 99.003 수준이다.

ADVERTISEMENT
이민혁 KB국민은행 연구원은 ""미국의 이란 공격으로 중동 확전 우려가 커진 가운데 안전자산 선호에 따른 달러 강세가 환율 상승을 자극하고 있다""며 ""미국의 공격에 대한 이란 대응과 국제 유가 추이를 주시하며 환율이 등락할 것""이라고 예상했다. 다만 일각에서는 미국의 강경한 대응이 조기 종전으로 이어지면서 불확실성을 오히려 해소하는 요인이라는 의견도 나온다.

외환당국은 이날 오전 시장상황점검 회의를 열고 구두개입성 발언을 잇따라 내놨다. 이형일 기획재정부 장관 직무대행 1차관은 ""시장 동향을 밀착 점검하고 과도한 변동성이 나타날 경우 관계기관과 협업해 필요한 조치를 즉각 시행할 것""이라고 밝혔다. 유상대 한국은행 부총재는 ""금융·외환시장의 변동성이 과도하게 확대될 경우 필요한 시장안정화 조치를 적기에 시행해 나갈 것""이라고 했다.

이날 오후 3시30분 기준 원·엔 재정환율은 100엔당 939원43전으로 집계됐다. 전 거래일 오후 3시30분 기준가인 939원30전보다 13전 상승했다. 엔·달러 환율은 1.29엔 오른 달러당 147.39엔이다.

강진규 기자 josep@hankyung.com"
https://www.hankyung.com/article/2025072855041,"통계청은 올해로 100년을 맞는 인구주택총조사에 착수했다. 사진은 이번 조사를 총괄하는 통계청 김진혁 사무관(왼쪽부터), 정은숙 서기관, 김승규 사무관, 박미숙 사무관, 임찬수 사무관. /최혁 기자
정부대전청사 3동 통계청 빌딩 16층은 야밤에도 훤하다. 16층 인구총조사과를 지키는 정은숙 통계청 서기관의 야근이 잦아졌다. 오후 6시 무렵부터는 청사 에어컨 가동이 중단된다. 열대야로 달궈진 ‘찜통 사무실’에서 초과근무를 마다하지 않는 것은 5년마다 돌아오는 인구주택총조사 준비를 위해서다. 국민 1000만명을 대상으로 조사하는 사상 초유의 작업이다.

인구주택총조사(센서스)는 대한민국의 현재를 진단하고 미래를 설계하는 가장 기본적인 국가 통계조사다. 우리나라의 생활상을 분석한 자료로 주요 정책의 근간 자료로 쓰인다.

ADVERTISEMENT
통계청에서는 이번 조사를 총괄 기획한 정은숙 서기관을 비롯해 김승규 사무관(조사 지도 및 조사구 구축), 임찬수 사무관(조사 표본 설계), 박미숙 사무관(조사 시스템 구축), 김진혁 사무관(조사 홍보) 등이 5인이 구슬땀을 흘리며 인구주택총조사 작업을 진행 중이다.

◇인구의 20% 표본설계
이번 조사는 전체인구의 20%인 1000만명을 대상으로 진행한다. 정 서기관은 “통계청은 2015년부터 인구총조사의 표본을 10%에서 20%로 늘렸다”며 “약 500만 가구, 1000만 명을 대상으로 읍면동 단위까지 파고들어 우리나라 사람들의 혼인 상태, 교육정도 등을 조사할 계획”이라고 말했다. 그러면서 “5000만 인구 가운데 1000만명 정도까지 조사해야 전체 통계를 추산할 때 오차가 낮고 신뢰도가 높다”며 “우리나라 전체 표본 조사 가운데 가장 많은 인원을 조사하는 것”이라고 덧붙였다.

전체인구의 20%를 산출하는 작업은 통계학 박사인 임 사무관이 담당했다. 그는 “20%의 표본이지만 대한민국 전체를 대표할 수 있도록 과학적이고 객관적인 표본 설계를 했다”며 “읍면동별로 아파트, 일반주택 등 거주 형태와 외국인 비중 등의 특성이 고르게 반영되도록 무작위 추출했다”고 설명했다. 그러면서 “지리적으로 특정 지역에 몰리지 않도록 일정한 간격으로 조사 대상을 추출해 대표성을 높였다”고 덧붙였다.

ADVERTISEMENT
‘왜 옆집은 조사하지 않고 우리 집만 조사하냐’는 현장의 목소리도 있다. 임 사무관은 이에 대해 “조사대상지역(조사구)에서는 모든 거처가 조사 대상“이라며 ”무작위로 고른 조사구에서는 특정 집만 조사하고 다른 집은 제외하는 방식이 아니다“고 말했다.

이번 조사에서는 변화하는 사회상을 반영한 질문들도 눈에 띈다. 정 서기관은 “급속한 고령화로 정책 수요가 많은 ‘가족 돌봄 시간’ 항목을 포함했다”며 “질병, 노령, 장애, 건강 문제 등으로 이유로 대가 없이 지속해서 돌보는 가족이 있는지, 돌보는 시간은 얼마나 되는지를 질문한다”고 말했다. 그러면서 ”임대 주체가 민간인지 공공인지 묻는 질문도 반영해 공공임대 가구의 특성 파악에도 나섰다“고 덧붙였다.

통계청의 인구총조사 방식은 꾸준히 진화했다. 박미숙 사무관은 “2005년부터 인터넷 조사가 본격 도입되기 시작했고, 2020년에는 모바일 조사 기능도 추가됐다”며 “인구총조사에 대한 모바일 응답률을 높이기 위해 화면 구성과 기능을 모바일에 최적화했다”고 말했다. 그러면서“디자인을 단순히 시각적인 요소만 바꾸는 것을 넘어, 실제 응답자들이 편하게 사용할 수 있도록 개편했다”고 설명했다.

ADVERTISEMENT
이번 조사의 50% 내외는 조사원들이 직접 가구를 방문하는 대면 조사로 진행될 것으로 예상된다. 이들은 태블릿에 설문 내용을 입력하는 형태로 조사를 진행한다. 박 사무관은 “조사원이 현장에서 태블릿을 활용해 조사를 진행하는 만큼, 속도와 저장 안정성이 중요하다”라며 “통신이 불안정한 지역에서도 오프라인 조사가 가능하도록 태블릿 기능을 강화했다”고 말했다.

◇조사요원 3만명 투입
조사를 위해서 전자지도도 구축했다. 조사원들이 조사구의 위치와 경계를 시각적으로 확인하고, 정확하고 효율적인 조사를 수행하기 위해 제작된 지도다. 전자지도를 설계한 김승규 사무관은 “2015년 이전까지만 해도 조사원들은 종이지도를 들고 현장을 누볐다”며 “2020년부터는 태블릿을 통한 전자조사 시스템이 본격 도입되면서 전자지도만으로도 조사구를 확정하고 조사할 수 있게 됐다”고 말했다. 김승규 사무관은 이어 “행정안전부의 도로명주소, 국토교통부의 지적도, 한국부동산원의 아파트 정보 등 다양한 공간정보 등을 바탕으로 전자지도를 구축했다”며 “올해는 최신 공간정보를 추가로 반영해 경계 구역의 정밀도는 더욱 높아졌고, 조사원의 이동 경로도 최적화했다”고 말했다.

인구주택총조사는 1000만명을 대상으로 하는 만큼 정확성과 참여율이 중요하다. 그만큼 이번 조사의 홍보 업무도 상당한 비중을 차지하고 있다. 홍보업무를 맡은 김진혁 사무관은 “전 주기(2020년) 조사의 응답률 약 97%는 얼핏 상당히 높아 보일 수 있다”면서도 “조사 대상이 1000만 인구라는 점을 고려하면 3%만 응답하지 않더라도 약 30만 명에 이르는 인구의 데이터가 수집되지 않는 셈”이라고 말했다. 그러면서 “응답률 100%를 목표로 국민들의 참여를 유도하기 위한 홍보가 중요하다”며 “서울을 중심으로 지역 세 곳을 포함해 총 4개 권역에서 팝업스토어형 전시를 운영할 예정이며 서울 한강공원에서 드론쇼 행사도 준비 중”이라고 말했다. 그는 이어 “전시와 체험을 결합해 국민들이 센서스를 직접 보고 느끼며, 통계가 삶에 어떤 영향을 미치는지를 자연스럽게 알 수 있도록 기획하고 있다”고 밝혔다.

ADVERTISEMENT
이밖에 이번 조사에는 약 3만 명의 조사요원도 투입된다. 이들은 시군구에서 채용된 18세 이상 책임감을 가진 인력이다. 정은숙 서기관은 “조사원의 방문에 협조하시면 우리 사회의 미래 정책에 참여하는 길”이라고 말했다.

김익환 기자 lovepen@hankyung.com"
https://www.hankyung.com/article/2025042276967,"사진=연합뉴스
테슬라 실적 발표를 앞두고 '테슬라 낙관론자'로 잘 알려진 웨드부시 증권의 분석가 댄 아이브스가 “테슬라가 비상 상황”이라며 “머스크가 빨리 복귀해야 한다”고 강조했다. 그러면서 테슬라 목표주가를 42% 하향 조정했다.

21일(현지시간) 아이브스는 보고서를 내고 “테슬라는 지금 코드 레드 상황”이라며 “머스크는 하루빨리 테슬라로 돌아와야 한다”고 말했다. 이어 ""머스크가 테슬라에 입힌 브랜드 손상은 심각하다""며 ""정부의 일을 그만두는 것만이 이를 만회할 수 있다""고 지적했다.

ADVERTISEMENT
그는 그러면서 투자 등급은 시장수익률 상회를 유지한 채 목표가를 기존의 550달러에서 315달러로 약 42% 낮춰 잡았다. 21일(현지시간) 현재 테슬라의 주가는 227달러다.

일론 머스크는 테슬라 최고경영자(CEO)는 트럼프 2기 행정부에서 정부효율부(DOGE) 수장을 맡아 연방정부 인력 감축 등 대대적 개혁을 주도해 왔다. 이에 대한 반감이 커지면서 미국과 유럽을 중심으로 테슬라 불매 운동도 확산하고 있다.

또 공식 석상에서 극우 정당인 '독일을 위한 대안'(AfD) 를 지지하는 행동 등으로 테슬라 불매 운동에 기름을 부었다. 일례로 이탈리아 로마 외곽의 한 테슬라 매장에서는 방화로 추정되는 화재가 발생해 차량 17대가 전소됐다. 미국에서는 테슬라 매장을 겨냥한 방화 사건이 잇따르자 미국 연방수사국(FBI)은 관련 태스크포스(TF)를 구성해 수사에 나선 상황이다.

ADVERTISEMENT
22일(현지시간) 예정돼 있는 테슬라의 실적 발표에서 머스크가 앞으로의 행보에 대해 밝힐지도 주목된다. CNN은 이날 ""테슬라의 실적 발표 및 일론 머스크와 투자자의 질의응답을 앞두고 머스크가 오도 가도 못하는 진퇴양난에 처했다""고 보도하기도 했다.


박수림 한경닷컴 기자 paksr365@hankyung.com"
https://www.hankyung.com/article/2025062215631,"‘부가가치세의 달’ 7월이 다가왔다. 자영업자 중 일반과세자는 올해 1월부터 6월까지 소비자에게 받은 부가세를 다음달 신고한 뒤 납부해야 한다. 고물가, 고환율 등으로 경영상 어려움을 겪고 있다면 부가세 납부 기한을 연기할 수도 있다.
이미지 크게보기


◇일반과세자 500여 만 명 대상
22일 국세청에 따르면 법인사업자와 일반과세자는 다음달 1일부터 25일까지 부가세를 신고·납부해야 한다. 법인사업자, 일반과세자가 아닌 간이과세자라도 직전연도 매출 4800만원 이상이면 세금계산서를 발급해야 하며, 이에 따라 올 상반기 받은 부가세를 신고·납부해야 한다. 세금계산서를 발급하지 않은 예정부과대상 간이과세자도 고지된 예정부과세액을 같은 날까지 내야 한다.

ADVERTISEMENT
일반과세자는 매년 7월(1기)과 이듬해 1월(2기) 두 차례 부가세를 신고 및 납부한다. 일반과세자는 10%의 부가세를 납부해야 한다. 사업과 관련된 물건 등을 구입하면서 받은 매입세금계산서상 세액은 전액 공제받을 수 있다. 일반과세자는 연매출이 1억400만원을 넘거나 간이과세가 배제된 업종 등에서 사업을 하는 사업자다. 국세청에 따르면 상반기 기준 부가세 신고 대상자인 일반과세자는 2021년 484만 명, 2022년 496만 명, 2023년 522만 명, 2024년 543만 명 등으로 해마다 증가하고 있다.

간이과세는 영세 자영업자와 소상공인의 부가세 부담을 덜어주기 위해 도입된 제도다. 연매출 1억400만원 미만인 개인 사업자에게 적용된다. 업종별로 1.5~4%의 낮은 부가세율 혜택을 받는 대신 매입액의 0.5%만 공제받을 수 있다. 일반과세자는 세금계산서상 매입세액이 전액 공제된다. 신규 사업자거나 직전 연도 매출이 4800만원 미만인 사업자는 세금계산서를 발급할 수 없다.

◇판매 대금 받지 못해도 부가세 납부해야
일부 사업자 중에서는 부가세가 과세되는 상품 및 서비스를 판매하고 세금계산서를 발행했지만, 그 대가를 받지 못했다는 이유로 부가세를 신고하지 않거나 적게 신고하는 사례가 있다. 이런 경우에도 부가세는 정상적으로 신고·납부해야 한다. 판매 대금을 받지 못한 대손세액공제 사유에 해당하면 그 이후 과세기간에 대손세액공제(환급)를 받아야 한다. 국세청 관계자는 “손실이 확정된 후 과세기간에 환급 신청을 할 수 있다”고 설명했다.

ADVERTISEMENT
부가세 신고는 직접 국세청을 찾아갈 필요 없이 컴퓨터와 휴대폰으로 할 수 있다. 컴퓨터로 부가세 신고를 하려면 국세청 홈택스 홈페이지에서 회원으로 접속해 ‘부가가치세 신고’ 메뉴를 선택한 뒤 신고서를 작성하면 된다. 모바일로 부가세를 신고하려면 휴대폰에서 ‘손택스’(국세청 홈택스 앱)를 내려받아 회원 접속한 뒤 ‘세금 신고’ 메뉴에서 ‘부가가치세 신고’ 항목을 선택하면 된다. 세금 납부도 국세청 홈택스와 손택스에 접속해 할 수 있다. 세무서의 무인수납창구를 이용할 수도 있다.

◇부가세 납부기한 최대 9개월 연장
국세청은 고금리, 고물가 등으로 경영상 어려움을 겪는 사업자의 부담을 덜기 위한 지원 제도도 운용한다. 경영상 어려움을 겪는 사업자는 부가세 납부 기한을 최대 9개월 연장할 수 있다. 납부 기한 연장을 희망하는 사업자도 세무서를 별도 방문할 필요 없이 홈택스 및 손택스에서 ‘신고분 납부 기한 연장 신청’을 이용하면 된다.

국세청은 경영 부담을 덜어주기 위해 부가세 환급금도 빠르게 지급한다. 조기 환급금은 직전 연도 매출이 1500억원 이하로 3년 이상 계속 사업한 중소기업, 매출이 10억원 이하인 영세사업자, 수출기업 세정 지원 대상 사업자, 특별재난지역 사업자 등 기준에 해당하면 신청할 수 있다. 국세청 관계자는 “부가세 부당 환급 등이 적발되면 가산세를 내야 하는 등 불이익이 크다”며 “성실 신고가 최선의 절세 방안”이라고 강조했다.

남정민 기자 peux@hankyung.com"
https://www.hankyung.com/article/2025072405121,"국내 증권사의 채용문이 좁아지고 있다. 주식시장 활황으로 실적이 좋아지고 있지만 비대면 거래 활성화 등으로 인력 수요가 줄어들면서다.

금융투자업계에 따르면 주요 10대 증권사 가운데 올해 상반기 대졸 신입사원 공개채용을 진행한 곳은 삼성·NH·한국투자증권 등 세 곳에 불과했다. 작년 상·하반기 두 차례에 걸쳐 신입사원을 뽑은 키움증권은 올해 채용 계획을 잡지 못하고 있다.

ADVERTISEMENT
하반기 들어서도 분위기는 비슷하다. 채용 계획을 확정한 곳은 역시 삼성·NH·한국투자증권뿐이다. 모두 상반기 공채를 실시한 대형사다. 삼성증권은 매년 두 자릿수 규모로 상·하반기 대졸 공채를 해왔다. NH투자증권은 하반기에 해외대학 전형, 한국투자증권은 오는 9월 신입사원 채용에 나선다. 대형사 중 미래에셋증권은 일찌감치 수시 채용으로 전환한 상태다.

나머지 중소형사는 아예 채용문을 걸어 잠그고 있다. 대신증권은 2019년을 마지막으로 대졸 공채를 중단했다. 일부 전문직에 한해서만 소규모 신입 직원을 뽑았을 뿐이다. 대신증권 관계자는 “필요한 인력을 경력직 형태로 채용하고 있다”고 말했다.

증권업계 인력은 꾸준히 감소세다. 국내 등록된 61개 증권사 임직원은 증시가 활황이던 2022년 3분기 3만9644명으로 정점을 찍은 뒤 2023년 1분기 3만9217명, 작년 1분기 3만8820명 등으로 줄었다. 올해 1분기에도 3만8892명으로 정체돼 있다.

ADVERTISEMENT
인력 감소와 달리 대형 증권사 실적은 올해 역대 최대를 찍을 전망이다. 에프앤가이드에 따르면 미래에셋·한국·NH·삼성·키움 등 5개 증권사의 올해 순이익 전망치는 5조913억원으로, 작년보다 15% 이상 늘어날 것으로 예상된다. 2년 전인 2023년과 비교하면 두 배가량 증가하는 수치다.

조아라 기자 rrang123@hankyung.com"
https://www.hankyung.com/article/2025071502061,"직업계고(특성화고·마이스터고) 선호도가 눈에 띄게 높아지고 있다. 과거에는 정원 채우기도 어렵던 직업계고였지만, 최근엔 일부 지역에서 일반고보다 경쟁률이 더 높은 ‘역전 현상’까지 나타났다.

15일 각 시·도교육청에 따르면 2025학년도 광주광역시 직업계고(정원 1815명)에는 총 2271명이 지원해 456명이 탈락했다. 직업계고 지원자 수가 모집정원을 크게 넘어선 것이다. 대구도 올해 직업계고 정원(3618명)에 4840명이 지원해 충원율이 134%에 달했다. 직업계고 지원자가 쏠리면서 일반고는 정원(1만3893명) 대비 527명이 부족해 미달 사태가 발생했다.

ADVERTISEMENT
인천 역시 2025학년도 직업계고 신입생 모집(정원 4524명)에 5271명이 지원했다. 서울도 비슷한 흐름이다. 서울시의 67개 직업계고(정원 9676명)에는 9121명이 합격해 충원율 94.2%를 기록했다. 전년도보다 2.5% 상승한 수치다.

일부 지역 직업계고에는 외국인 유학생이 몰려와 기술을 배우기도 한다. 영암 구림공고는 올해 처음으로 베트남 유학생 28명을 신입생으로 받았다. 전남교육청은 지난해부터 해외 입학 설명회를 통해 유학생을 모집했고, 구림공고를 비롯해 목포여상 완도수산고 전남생명과학고 등 5개 직업계고에 총 77명의 외국인 학생이 입학했다.

직업계고에 대한 수요가 이처럼 급증하는 배경에는 ‘빨리 자격증을 따서 실무에 투입돼 돈을 벌겠다’는 실용적 진로 인식 변화가 자리하고 있다는 분석이 나온다. 특히 고등학교 재학 중 국가기술자격증을 취득해 졸업과 동시에 현장에 진출하는 사례가 늘면서 대학 진학보다 직업교육을 선호하는 흐름이 Z세대(1995~2010년생) 중심으로 퍼지고 있다는 평가다.

권용훈 기자 fact@hankyung.com"
https://www.hankyung.com/article/2025072516237,"사진=뉴스1
내수 진작 등을 위해 전 국민에게 지급된 '민생 회복 소비쿠폰'이 어떤 경제 효과를 나타낼지를 두고 관심이 쏠린다. 일각에서는 내수 활성화를 기대하는 한편, 다른 한쪽에서는 재정 부담 등 부작용을 우려하는 목소리도 적지 않다.

각국에서는 엔데믹 후 좀처럼 내수 활성화가 난항을 겪자 경기 부양책을 내놓고 있다. 일본은 지난 2023년 저소득층 등 취약 계층을 중심으로 소비 쿠폰을 발행한 바 있고, 태국도 지난해 하반기 디지털 지갑을 발행해 경기를 부양하고자 했다.

ADVERTISEMENT
특히 중국의 사례를 보면 한국의 재정 정책에 대한 효능과 대비책을 미리 짐작해볼 수 있다는 진단이 나온다. 그나마 한국과 유사하게, 전 국민 중 신청자에 한해 소비 쿠폰이 발행했다는 점에서 유사하고, 태국 등 사례의 경우 아직 효과를 평가하기엔 이르기 때문이다.

중국 정부는 지난 2024년 3월 '이구환신' 정책을 통해 내수 침체에 활력을 불어넣고자 했다. 이를 위해 소비재 교체 보조금과 디지털 쿠폰을 대규모로 투입했다. 로이터 통신은 지난 1월 ""쿠폰 프로그램은 2024년 소비 성장률을 약 1%포인트 끌어올렸다""고 보도했다. 중국 당국이 3000억 위안(한화 약 58조) 규모의 재정을 투입한 결과였다.

통신은 ""이 프로그램을 통해 397만명 이상의 소비자가 가전제품을 구입하고, 2671만명 이상이 휴대폰, 태블릿 PC, 스마트워치 등 구매를 위해 보조금 등록을 했다""고 밝혔다. 중국은 제도를 통해 구매할 수 있는 품목을 확대하고, 올해 보조금 지원도 확대할 방침이다.

ADVERTISEMENT
중국의 소비 쿠폰 효과를 한마디로 정리하면 근본적인 구조 변화, 고용 창출 등이 이뤄지지 않으면 '일시적 효과'에 그친다는 점이다.

중국 담당의 팅 루(Ting Lu) 노무라 수석 이코노미스트는 지난 11일 로이터통신에 ""하반기 수요 절벽을 보게 될 것""이라고 경고했다. 월스트리트저널(WSJ)은 지난 6월 ""이러한 조치들이 특정 소매 부문에서 단기적 이익을 촉발하긴 했지만 낮은 소득, 취약한 사회 보장 등을 포함한 근본적인 구조적 문제가 계속해서 소비를 제한하고 있다""라고도 지적했다.

또한 앞당겨진 소비가 비보조 품목에 대한 소비를 잠식할 가능성이 거론됐다. 통신은 ""트레이드인은 즉각적인 지출을 장려할 수 있지만, 보조금을 받지 않는 상품에 대한 미래 지출을 줄일 수 있다""고 지적했다.

ADVERTISEMENT
이번 한국의 소비쿠폰은 연 매출 30억 이하 자영업에 국한해 사용이 제한됐다. 문재인 정부 당시 재난지원금이 상당수 편의점에 집중됐는데, 당시 고가의 스마트워치, 무선 이어폰 구매 등에 사용된 것으로 나타나 적절성 논란이 되기도 했다. 이처럼 정부 취지와 달리 전반적인 영세한 자영업자들에게 고루 쓰이는 게 아니라 일부 상권과 업종에 제한적으로 쓸 가능성이 있다. 특히 최근에는 폭염이 장기화 될 수 있어 전통시장 등에는 효능이 미미할 우려도 고개를 든다.

아울러 중국 사례에서는 경기 부양 후 지역 간 불균형을 더 자극될 수 있다는 점도 언급됐다. 대규모 경기 부양책 후에도 지방 정부의 수입은 급감하는데 복지 등 지출은 계속해서 늘어나고 있기 때문이다. 정부의 재정 투입에도 경제 문제가 해결되지는 않고 별다른 대안이 떠오르지 않으면서, 또 대대적인 재정 투입을 수반하는 경기 부양책이 중국 내에서 고려되고 있다. 중국 정부의 싱크탱크 격인 칭화대 소속 연구소는 국채 추가 발행을 제안한 것으로 알려졌다.

한국도 가뜩이나 재정자립도가 낮은 지자체들은 이번 소비 쿠폰 발행이 재정 부담을 더 지울 수도 있다. 또 소비쿠폰 신청에 어려움을 겪을 수 있는 고령층이 많은 지역의 경우, 도시에 비해 소비 진작 효과가 작어 지역 간 불균형이 더 심화할 가능성도 적지 않다.

ADVERTISEMENT
24일까지 행정안전부가 공개한 민생회복 소비쿠폰 신청 현황에 따르면 전국 지급 대상자 대비 신청자 비율은 57.1%였다. 인천(60.95%), 세종(60.01%), 광주(58.59%)가 신청 비율이 가장 높은 것으로 나타났다. 반면 전남(53.19%), 제주(53.24%), 강원(54.74%) 등이 하위권에 이름을 올리며 지역별 편차가 확인됐다.

신현보 한경닷컴 기자 greaterfool@hankyung.com"
https://www.hankyung.com/article/2025072854991,"한국남동발전 강기윤 사장이 지난달 30일 경남 진주 본사에서 ‘남동 에너지 신작로(고속도로) 2040 비전’을 발표하고 있다. /한국남동발전 제공
한국남동발전(사장 강기윤)이 전 세계 20여 개국에서 글로벌 에너지 공급망 구축을 목표로 하는 해외사업 중장기 전략인 ‘남동 에너지 글로벌 신항로(뉴-실크로드) 2040’ 비전을 발표했다. ‘남동 에너지 신작로(고속도로) 2040’ 비전의 후속 전략으로 2040년까지 5GW의 해외 설비를 확보하고 국내외 10만 개의 일자리를 창출한다는 중장기 계획을 담고 있다.

남동발전은 정부의 ‘한반도 에너지 고속도로’ 구상에 발맞춰 ‘남동 에너지 신작로’ 비전을 제시하고, 재생에너지 대전환과 RE100 실현, 국가 에너지 안보, 농어촌 자립 강화 등 주요 정책을 실질적으로 뒷받침할 전략을 발 빠르게 구체화했다. ‘남동 에너지 신작로’는 2040년까지 석탄 화력을 폐쇄하고, 한반도 서남 동해안을 잇는 U자형 ‘한반도 에너지 고속도로’를 건설하겠다는 정부 발표를 뒷받침하는 사업이다. 남동발전은 신재생, 수소 등 저탄소, 무탄소 전원을 중심으로 사업구조를 재편하여 총 설비용량 2만4000MW를 달성할 계획이다. 또 20대부터 40대까지 신규 청년 일자리를 50만개 만들고 3800억원 규모 햇빛·바람연금도 추진한다.

ADVERTISEMENT
남동발전은 특히 해상풍력 중심의 재생에너지 10GW와 청정수소 혼소 7GW를 구축해 전체 발전설비 비중 70% 이상을 신재생 에너지로 구축한다는 목표를 세우고 있다. 수소 혼소는 수소를 기존 화력발전 연료에 일부 섞어 태워 온실가스 배출을 줄이는 신재생 에너지 발전이다. 남동발전은 이런 목표를 위해 경기권, 충청권, 전라권, 경상권, 강원권을 잇는 ‘해상풍력 신작로’와 ‘수소 신작로’를 건설해 대한민국 국토 전역을 아우르는 신재생에너지 발전 인프라를 만든다는 구상도 세우고 있다.

이번에 발표된 ‘남동 에너지 글로벌 신항로’ 비전은 이를 글로벌로 확장하는 출발점이자, 국가 에너지산업의 미래 경쟁력을 높이는 이정표가 될 것으로 기대된다. 강기윤 남동발전 사장은 “6만km에 이르는 글로벌 신항로를 통해 한국형 에너지 전환 모델인 ‘남동 에너지 신작로’를 전 세계로 확장해 나가겠다”고 강조했다.

이번 비전을 시작으로 남동발전은 칠레, 파키스탄, 네팔, 인도네시아, 불가리아 등 기존 진출국을 거점으로, 남미에서 아프리카까지 6만km에 이르는 글로벌 신항로를 개척한다. 국내 신재생 1위 기업으로서의 기술력과 운영 경험을 해외사업에 적극 활용하는 한편 국내외 기업과 전략적 협업을 강화해 신규 해외시장 진출과 사업개발 속도를 높인다는 전략이다. 이런 비전이 실현되면 누계 4조원 규모 국내기업의 해외 수주와 10만명 이상의 국내외 일자리를 창출할 수 있을 것으로 기대된다.

ADVERTISEMENT
강 사장은 “해상풍력을 중심으로 재생에너지를 확대하고, 수소를 중심으로 신에너지를 확대해 창의와 도전 정신으로 무장한 글로벌 기업이라는 목표를 달성하겠다”고 강조했다. 한국남동발전의 ‘남동 에너지 글로벌 신항로 2040’ 비전은 국내를 넘어 전 세계 에너지 시장에서 한국형 에너지 전환 모델을 확산하고 글로벌 에너지 선도 기업으로 도약하기 위한 중요한 발걸음이 될 것으로 주목된다.

곽용희 기자 kyh@hankyung.com"
https://www.hankyung.com/article/202505153638i,"지난달 25일 서울 명동 환전소에 원달러 환율 등 시세가 안내된 모습. / 뉴스1
한미 양국협상단이 지난주 환율협의를 진행했다고 보도가 발표되자 원화가 강세 흐름을 보이고 있습니다.

시장 참가자들 사이에서는 트럼프 정부가 궁극적으로 달러를 약화시키는 방향의 정책을 쓸 것이라는 전망이 지배적입니다.

ADVERTISEMENT
앞서 스티브 미란 백악관 경제자문위원장의 리포트에서 제2의 플라자합의와 같은 마러라고 합의를 추진할 수 있다는 내용이 많은 관심을 받기도 했는데요. 달러 강세가 과도한 게 미국 제조업이 잘 안 되는 원인이라고 지적한 것이다 보니, 이를 해결하려면 달러를 약세로 만드는 정책을 실시 하지 않겠느냐는 전망이 나오고 있는 겁니다.

이런 맥락이 있기 때문에 미국 정부가 각국과 통화 관련 논의를 하겠다는 얘기가 나올 때마다 달러가치가 떨어지고 상대국 가치가 절상되는 흐름이 반복되고 있습니다. 얼마 전에는 대만달러가 먼저 상승하고 우리 원화가 올랐고, 어제 오늘 사이에는 원화가치가 상승하는 현상이 나타나고 있습니다.
한미가 통화정책 협의를 진행했다는 소식에 달러대비 원화가치는 한때 달러당 1375원까지 높아졌다가 현재 1400원대 초반에서 거래되고 있다. / 트레이딩이코노믹스 캡처
백악관의 공식적인 입장은 현재 약달러정책을 추진하지는 않고 있다는 것입니다. 블룸버그통신에 따르면 미국 관료들은 전세계 무역협상에서 통화정책 약속을 다루지 않겠다는 지침을 갖고 있다고 합니다.

다만 스콧 베선트 재무장관만이 통화 문제를 다룰 수 있도록 되어 있는데요, 베선트 장관은 대외적으로는 강달러 정책이 “온전하다”, “그대로다”라는 입장을 유지하고 있습니다. 관세로 인한 인플레 효과를 억누르기 위해서는 강달러가 당장은 조금 더 필요한 부분도 있다고 생각됩니다.

ADVERTISEMENT
하지만 시장은 베선트 장관의 말을 액면 그대로 받아들이지 않고 있습니다. 언제라도 동맹국에 통화 절상을 요구할 수 있다는 긴장감이 시장에 많이 퍼져 있고, 전문가들의 시각도 그런 쪽에 많이 기울어 있습니다.

지난달 24일 한국과의 첫 통상 협상에서 베선트 장관은 우리 정부에 환율 문제를 따로 논의하자고 얘기를 했습니다. 실제로 최지영 기획재정부 차관보와 로버트 캐프로스 미국 재무부 차관보가 지난 5일 이탈리아 밀라노에서 만났다고 블룸버그통신이 보도했습니다. 일본이나 대만과도 논의가 있을 것으로 예상됩니다. 지난 주말 중국과의 무역협상에서는 통화정책까지는 논의가 없었다고 했지만 앞으로는 중국과도 이런 논의가 있을 가능성이 있습니다.

우리 정부와 미국이 지난 5일 밀라노에서 구체적으로 어떤 내용을 논의했는지가 공개되진 않았습니다. 다만 현재 상황은 미국이 일방적으로 우리 정부에게 절상을 요구하기에는 맞지 않습니다. 정부가 일방적으로 환율을 결정하는 게 아니기 때문에, 절상을 시도한다 해도 시장에서 금세 소화가 되어서 결국 환율이 크게 바뀌지도 않고 비용만 쓰게 될 가능성이 높습니다.

ADVERTISEMENT
한 통화정책 관련 전문가는 ""양국 정부가 모두 원화가치 절상을 하기로 합의를 한다 해도 그런 포지션이 외부에 공개적으로 노출되면 더욱 더 효과가 없어진다""고 말했습니다. ""반대 포지션을 잡아서 공격을 하면 돈을 벌 수 있다는 게 확실해지기 때문""이라는 겁니다. 베선트 장관 본인이 1992년 조지 소로스와 함께 시장에서 영국 중앙은행의 파운드화 가치 수호 계획에 맞서 파운드화에 대규모 하락 베팅을 거는 방식으로 공격해 '검은 수요일'을 만들어낸 장본인 중 하나입니다. 이런 위험을 그가 모를 수는 없다는 뜻입니다.

따라서 일단 미국 정부가 환율 협상을 한다 해도 그 안에는 환시장 개입을 줄이고 놔두라는 요구 정도가 포함될 가능성을 좀 더 높게 보는 견해가 많습니다. 다만 트럼프 대통령은 베선트 장관에 비해서 공격적인 시장 개입이나 왜곡을 크게 개의치 않는 편인 만큼, 실제 어떤 요구가 나올 지는 지켜봐야 할 듯 합니다.

워싱턴=이상은 특파원 selee@hankyung.com"
https://www.hankyung.com/article/2025053066687,"사진=게티이미지뱅크
해외금융계좌 신고의 달이 돌아왔다. 우리나라에 주소를 두고 살고 있는 거주자, 혹은 국내지점이 있는 내국법인이 갖고 있는 해외금융계좌의 모든 금융자산이 신고대상이다. 모든 계좌 합산금액이 한번이라도 5억원을 넘겼다면 현금, 주식뿐 아니라 코인까지 모두 신고해야 한다.

매월 말일, 총합 ‘5억원’이 핵심
31일 국세청에 따르면 2024년 12월 31일 기준 거주자 및 내국법인은 해외 금융회사에 개설한 모든 해외금융계좌 내 현금, 주식, 채권, 집합투자증권, 보험상품, 파생상품, 가상자산 등을 오는 6월 30일까지 신고해야 한다. 여기서 해외 금융회사란 국외에 소재하는 금융회사나 가상자산사업자 등을 뜻한다. 우리나라 은행이나 증권회사, 가상자산 거래소의 해외 지점은 포함되지만 외국 금융회사가 설립한 국내 지점은 대상이 아니다.

ADVERTISEMENT
거주자란 국내에 주소를 두거나 183일 이상 거주한 개인을 말한다. 내국법인은 국내에 본점, 주사무소 또는 사업의 실질적 관리장소를 둔 법인이다. 이때 내국법인의 해외지점도 내국법인의 일부로 보기 때문에 해외지점의 계좌도 신고해야된다는 점을 주의해야 된다. 만약 이러한 거주자와 내국법인이 보유한 해외금융계좌 잔액이 2024년 매월 말일 중 어느 하루라도 5억원을 넘겼다면 신고 대상이 된다.

예컨대 A계좌(예금), B계좌(가상자산), C계좌(보험), D계좌(채권)를 보유한 거주자 혹은 내국법인이 있다고 가정하자. 원래 해당 계좌에는 각각 1억원씩만 잔액이 있어 1~4월까지 총 잔액이 4억원이었다. 그러다 지난해 5월 31일 가상자산 잔액이 1억 더 늘어 A계좌 1억원, B계좌 2억원, C계좌 1억원, D계좌 1억원으로 총 잔액이 5억원이 됐다면 각각의 계좌가 모두 신고대상이 된다. 9월에 들어 C나 D계좌를 해지했다 하더라도 일단 매월 말일 중 하루라도 5억원을 넘겼기 때문에 A~D 계좌 모두 이달 신고해야 한다.

지난해 신고실적 64조9000억원
미국이나 프랑스, 일본 등 주요 선진국은 해외로 유출된 자본을 회수하고, 해외탈루세원을 회복하겠다는 취지 하에 해외금융계좌 등의 신고제도를 시행 중이다. 우리나라도 국내 자본의 불법적인 해외유출과 역외 소득탈루를 사전에 막기 위해 2011년부터 해외금융계좌 신고제도를 도입 중이다. 2019년 신고 기준금액이 원래 10억원에서 5억원으로 인하됐고, 2023년부터는 가상자산계좌도 포함시켰다.

ADVERTISEMENT
지난해 기준 해외금융계좌 신고 결과 총 64조9000억원이 신고됐다. 이중 주식이 23조6000억원으로 가장 많았고 그 뒤를 예·적금(20조6000억원), 가상자산(10조4000억원) 등이 이었다. 국세청에 따르면 올해는 5억원 초과 해외금융계좌 보유 가능성이 있는 납세자들 1만5000명을 대상으로 신고 안내문이 모바일과 우편으로 발송된다.

외국인, 재외국민은 제외
신고의무 면제자도 있다. 해외금융계좌를 보유한 거주자 및 내국법인이라 하더라도 외국인 거주자나 재외국민으로 분류되는 경우 신고의무에서 제외된다. 외국인 거주자란 신고대상연도(이번 신고의 경우 2024년) 종료일 10년 전인 2015년 1월 1일부터 2024년 12월 31일까지 국내에 주소를 두고 산 기간이 5년 이하인 경우 해당된다. 재외국민은 신고대상연도 종료일 1년 전인 2024년 1월 1일부터 2024년 12월 31일까지 국내에 거주한 기간이 183일 이하인 경우를 뜻한다. 미국 영주권자는 어떻게 될까? 미국 영주권자라 하더라도 기본적으로 우리나라 거주자에 해당하면 신고의무가 있다. 단 미국 영주권자이면서 앞서 말한 재외국민의 요건을 갖춘 경우 신고의무가 면제된다.

이외 국제기관 근무자도 신고의무 면제자다. 외국정부나 국제연합, 우리나라와 다른 국가 간 국제적 합의로 설립된 기관에 근무하는 사람 중에서 대한민국 국민이 아니고, 소득세법에 따라 비과세 적용을 받는 사람이라면 해외금융계좌 신고를 할 필요가 없다.

남정민 기자"
https://www.hankyung.com/article/2025072486201,"한국가스공사 태권도단이 대구에서 재능기부 프로그램을 통해 학생들에게 태권도를 가르친 뒤 기념 촬영을 하고 있다. /한국가스공사 제공
한국가스공사(사장 최연혜) 태권도단이 국내외 대회에서 눈부신 성과를 이어가고 있다. 지역사회를 위한 따뜻한 나눔 활동도 동시에 펼치며 진정한 스포츠 정신을 보여주고 있다는 평가를 받는다.

가스공사 태권도단은 지난 4월 중국 타이안에서 열린 2025년도 아시아 프레지던츠컵 국제대회에서 장준 선수(-63kg급), 양희찬 선수(-58kg급), 김가현 선수(-57kg급)가 각각 금메달을 획득했다. 지난 6월 9일부터 11일까지 울산에서 개최된 ‘2025년도 대통령기 전국 단체대항 태권도대회’에서도 양희찬, 김가현, 이기범 선수가 각각 금메달을 차지했다. 남자부 종합우승 2연패라는 쾌거를 이뤘다.

ADVERTISEMENT
특히 장준 선수는 2023년 공사 입단 이후 항저우 아시안게임 금메달, 2024 아시아선수권대회 1위 등 연이은 국제대회 우승으로 가스공사를 대표하는 간판 선수다. 지난 3월 국가대표선발전에서도 장준 선수 1위, 김가현 선수가 3위를 각각 차지하며 국가대표로 선발됐다.

가스공사 태권도단은 1997년 창단 이후 1998년 방콕아시안게임 금메달을 시작으로 2006년 도하아시안게임, 2014년 인천아시안게임, 2016년 리우올림픽, 2023년 항저우 아시안게임에서 연이어 금메달을 획득했다.

가스공사 태권도단은 가스공사가 2014년 대구로 본사를 이전한 이후 꾸준히 지역사회와 함께 나눔 활동을 해오고 있다.

ADVERTISEMENT
지난해 6월부터 12월까지 진행한 ‘황금빛 발차기 태권도 교실’ 재능기부 프로그램을 통해 대구 지역 태권도 꿈나무들에게 꿈과 희망을 전했다.

지난해 총 1500만 원의 예산을 투입해 대곡중학교, 아양초등학교 등 지역 내 태권도부 학생 75명에게 전문 기술 지도와 운동복을 지원했다. 최정상급 실력을 갖춘 선수들의 직접 지도는 참여 학생들에게 특별한 경험이 되고 있다. 프로그램에 참여한 한 학부모는 “올림픽, 아시안게임 메달을 수상한 세계적 선수들이 직접 지도해주니 아이들의 눈이 반짝반짝 빛났다”고 말했다.

또한 가스공사 태권도단은 지난해 11월 대구태권도협회 주최 ‘왕중왕 태권도대회’에서 1000여 명을 대상으로 팬 사인회를 개최했다. 대회 수상자들에 기념품을 지원하는 등 지역 태권도인들과 따뜻한 소통의 시간을 가졌다.

ADVERTISEMENT
가스공사의 이러한 활동은 스포츠를 통한 ESG 경영의 모범 사례로 평가받고 있다. 가스공사 관계자는 “앞으로도 태권도 매트 위에서의 도전과 일상에서의 나눔을 통해 지역사회와 함께 성장하는 ESG 경영을 실천해나가겠다”고 밝혔다.

김리안 기자 knra@hankyung.com"
https://www.hankyung.com/article/202507161708i,"사진=연합뉴스
김영훈 고용노동부 장관 후보자가 인사청문회에서 ""북한은 주적이 아니다""라고 발언하면서 국민의힘 의원들이 집단퇴장했다. 앞서 정동영 통일부 장관 후보자가 같은 질문에 ""동의하지 않는다""고 밝힌 데 이어, 청문회장에서 연이어 '주적 논란'이 터지면서 정치권 공방이 가열되는 모습이다.

김 후보자는 16일 오전 서울 여의도 국회에서 열린 고용부 장관 인사청문회에서 대한민국의 주적이 누구냐는 질문에 ""대한민국을 위태롭게 하는 세력""이라며 ""전날 통일부 장관(후보자)이 '북한은 주적이 아니다'라고 한 말에 동의한다""고 말했다. ""북한은 주적이 아니냐""는 질의가 반복되자 ""북한은 주적이 아니다""라고 재차 발언했다.

ADVERTISEMENT
이에 국민의힘 의원들은 강하게 반발했다. 김형동 국민의힘 간사는 ""(주적 개념에 대한) 본인의 의견을 명확히 정리해야 한다""며 정회를 요청했다. 하지만 더불어민주당 의원들이 ""색깔론""이라며 정회 반대 의사를 밝혔고 이에 국힘 의원들이 ""국무위원 후보자 인사청문회에서 충분히 물어볼 수 있는 내용""이라고 맞서면서 양측 사이에 고성이 오갔다.

논란이 확산되자 김 후보자는 ""주적과 관련해선 제 전문이 아니라서 통일부 장관이 말씀하신 것에 동의한다고 말씀드린 것""이라며 ""국방부 장관께서 '북한군'이 주적이라고 말씀하신 것에도 동의한다""고 해명했다.

이날 청문회 시작부터 김 후보자의 대북관에 대한 질문이 집중적으로 쏟아졌다. 김 후보자는 2011년 방북 신청 이유를 묻는 질의에 ""김정일 당시 국방위원장의 조문을 위해서 신청했다""며 ""조문을 하는 것이 남북관계 긴장 완화에 도움이 된다고 판단했다""고 답했다. 2010년 천안함 피격 사건의 책임 소재에 대해서는 ""북한의 소행이라는 정부 발표를 신뢰한다""고 말했다.

곽용희 기자 kyh@hankyung.com"
https://www.hankyung.com/article/2025072871571,"정부가 이재명 대통령의 핵심 공약인 ‘국민성장펀드’ 규모를 당초 100조원에서 150조원 이상으로 키우기로 했다. 정부와 금융회사, 연기금, 일반 국민이 참여하는 대규모 펀드를 조성해 인공지능(AI)과 바이오 등 첨단전략산업을 지원한다는 취지다.

28일 국정기획위원회와 금융당국 등에 따르면 정부는 AI, 바이오, 방위산업, 항공우주 등 첨단전략산업에 총 ‘150조원+α’를 투자하는 국민성장펀드를 조성하는 방안을 국정과제에 담기로 했다. 국민성장펀드는 이 대통령의 정책 비전인 ‘3·3·5’(AI 3대 강국, 잠재성장률 3%, 국력 세계 5강 도약) 실현을 위한 핵심 공약이다. 정부는 산업은행에 설치하는 50조원 규모의 ‘첨단전략산업기금’에 더해 금융회사, 연기금, 일반 국민 등 민간 자금을 최대 100조원가량 끌어모아 펀드를 조성한다는 방침이다.

ADVERTISEMENT
정부와 국책은행 자금으로 구성된 모펀드가 자펀드에 10% 이상 후순위로 출자해 손실을 우선 분담한다. 이어 민간 금융회사도 벤처기업 투자 펀드 등에 차순위로 10%가량 출자하는 방안도 검토된다. 정부와 금융회사가 투자 손실을 흡수해 민간 투자를 유도하겠다는 구상이다.

국민성장펀드 150조+α 조성…AI·방산 등에 지원
정부, 첨단산업 투자재원 마련…'관제 펀드' 흑역사 지울까
정부가 ‘국민성장펀드’ 규모를 당초 100조원에서 150조원 이상으로 키우려는 것은 첨단 산업 경쟁이 국가 간 패권 경쟁 양상으로 확전하고 있어서다. 정부는 국민성장펀드를 ‘인공지능(AI) 3대 강국’으로 도약한다는 국정 비전을 달성하기 위한 핵심 재원으로 사용하면서 투자 이익의 과실은 일반 국민, 연기금, 민간 기업 등과 공유하는 구조로 펀드를 설계하고 있다. 하지만 정부가 주도하는 ‘관제(官製) 펀드’는 자원을 효율적으로 배분하기 쉽지 않고 정권이 바뀌면 동력을 잃을 수 있다는 우려도 제기된다.
이미지 크게보기


◇ 정부·금융회사 손실 분담
28일 기획재정부, 금융위원회 등에 따르면 국민성장펀드는 산업은행에 설치될 50조원 규모의 첨단전략산업기금과 100조원 이상 규모의 민간 투자금 등 총 150조원 이상으로 조성하는 방안이 검토되고 있다. 민간 자금은 시중은행, 대형 증권사, 연기금, 민간기업, 일반 국민 등으로부터 조달할 계획인 것으로 알려졌다.

ADVERTISEMENT
정부는 모(母)펀드인 첨단전략산업기금이 투자 목적과 기간에 맞춰 설립되는 여러 개의 자(子)펀드에 후순위 자금으로 출자하는 구조를 유력하게 논의하고 있다. 정부는 자펀드의 투자 실패로 발생할 수 있는 펀드 손실의 10%를 정부가 먼저 부담할 경우 민간 투자를 끌어올 인센티브가 될 수 있다고 기대한다.

자펀드는 첨단산업, 혁신기술기업, 에너지·인프라 등 분야의 중소·중견·대기업에 지분 투자하거나, 국고채 금리 수준의 초저리 대출을 지원하는 방안이 검토되고 있다. 첨단산업에 투자하는 자펀드는 △기술 자산(특허·알고리즘 등 무형자산) △기술 인프라 △벤처기업 및 딥테크 투자 △스케일업(스타트업 성장 지원) 등 투자 전략별로 세분화하는 방안이 논의되고 있다. 정부는 유망 스타트업과 벤처기업 장기 투자를 통해 한국판 TSMC와 엔비디아 등 ‘빅테크’를 키워낸다는 구상을 하고 있다.

◇ 투자 수익 분리과세 검토
벤처, 스케일업 펀드 등에 대해선 은행, 증권사와 같은 민간 금융사들이 정부에 이은 후순위 투자자로 전체 펀드의 10%가량을 출자하는 방식도 다뤄지고 있다. 민간 금융사 입장에선 손실 가능성이 더 높지만 성공할 경우 더 많은 수익을 가져갈 수 있다. 일반 국민의 투자 손실을 줄이는 효과도 기대된다. 이재명 대통령이 지난 24일 수석보좌관 회의에서 “금융회사가 손쉬운 주택담보대출 같은 이자놀이에 매달릴 것이 아니라 투자 확대에도 신경 써달라”고 한 발언과도 궤를 같이한다.

ADVERTISEMENT
정부는 국민성장펀드의 투자 수익에 대해 저율로 분리과세를 하는 등 파격적인 세제 혜택도 유력하게 검토하고 있다. 국정기획위원회는 “싱가포르의 국민 펀드인 테마섹 수익으로 국민과 기업들은 2024년 기준 17.8%의 세 부담 경감 효과를 누렸다”고 설명했다.

정부는 국민성장펀드가 부동산 시장 등 비생산적인 분야에 고여 있는 시중 자금을 첨단전략산업으로 흘러가게 하는 마중물 역할을 할 수 있다고 기대한다. 금융지주 한 관계자는 “세계 각국이 AI 등 첨단산업 주도권을 확보하기 위해 천문학적인 돈을 쏟아붓고 있는데 국내 벤처와 스타트업 업계는 자금이 말라붙고 있다”며 “첨단 산업 지원 효과가 큰 분야에 자금을 지원할 필요가 있다”고 설명했다.

◇ ‘관제 펀드’ 극복할 수 있을까
금융권 일각에선 과거 관제 펀드 실패를 답습할 수 있다는 우려도 제기한다. 과거 정부가 주도했던 녹색성장펀드(이명박 정부), 통일펀드(박근혜 정부), 뉴딜펀드(문재인 정부) 등은 대부분 성과가 부진했기 때문이다. 민간 영역에서 100조원 이상의 자금을 끌어모을 수 있을지도 불확실하다는 관측이 나온다. 국내 대형 자산운용사의 한 펀드매니저는 “문재인 정부 당시 ‘BBIG’(배터리·바이오·인터넷·게임)를 테마로 만들어진 뉴딜펀드와 상장지수펀드(ETF)는 정권이 바뀌자 펀드명과 운용 전략이 모두 바뀌었다”며 “정부가 주도하는 펀드는 설립 목적과 취지대로 유망한 기업에 장기 투자하기가 쉽지 않다”고 지적했다.

서형교/배성수/정영효/최형창/하지은 기자 seogyo@hankyung.com"
https://www.hankyung.com/article/202507263639i,"사진=게티이미지뱅크
취업 3일 만에 퇴사한 중국집 배달원이 ""부당 해고로 정신적 충격을 받아 일을 못 하는 상태가 됐다""며 거액의 손해배상 소송을 제기했지만 1심에 이어 항소심에서도 기각됐다. 구인공고에 없던 '전단지 배포'를 요구한 게 발단이 됐다.

27일 법조계에 따르면 서울고등법원은 최근 중국집 배달원이었던 A씨가 중국집 사장과 지배인, 홀매니저를 상대로 청구한 해고무효확인 및 임금 등 청구의 소 항소심에서 1심와 마찬가지로 A의 청구를 기각했다. 전문가들은 ""업무범위가 구체적이지 않은 상태에서 채용이 이뤄질 경우 불필요한 분쟁이 발생할 수 있으므로, 반드시 근로계약서에 주요 업무를 명확히 명시해야 한다""고 조언한다.

ADVERTISEMENT
○ 3일 일하곤 ""부당해고 당했다 ""…거액 소송
A씨는 2022년 9월 일당 14만원을 제시한 서울 서초구 소재 중국집 배달 직원 구인광고를 보고 취업했다. 입사한지 3일째 되는 날 저녁 9시경 지배인의 아들인 홀매니저는 A씨에 ""배달이나 그릇을 수거하는 과정에서 주택이나 건물에 들어가 전단지 배포 등 홍보 업무도 수행해 달라""고 요구했지만 A씨가 이를 거부했다. 퇴근 시간 이후 2시간 넘게 이어진 대화 끝에 홀 매니저는 감정이 상해 “홍보 업무 안할거면 출근하지 말라”고 말했다.

다음날 A씨가 출근하지 않자 지배인은 A씨에게 ""내일 출근하세요~""라는 문자메시지를 발송했다. 하지만 A는 ""아드님(홀매니저)이 출근하지 말라고 해서 내 의사에 반해 근로관계가 종료됐다""고 답장하고 사업장에 출근하지 않았다. 이후 지배인은 전화로 ""그럼 일이 종료됐으니 (3일 치) 임금을 계산해주겠다""고 말했다.

하지만 곧이어 중국집에는 '소송 지옥'이 펼쳐졌다. A씨는 ""부당해고 당했다""며 홀 매니저와 지배인, 사장 등 3명을 소송을 제기한 것. A씨는 “부당해고로 심각한 정신적 고통을 겪었고 복직도 불가능한 상태”라며 근로를 제공하지 못하는 732일간의 임금, 연차휴가미사용수당, 퇴직금 등 총 1억8700만원을 달라고 청구했다. 홀 매니저와 전단지 업무와 관련해 늦게까지 얘기를 나눈 것에 대해선 '야간근로수당'도 청구했다.

ADVERTISEMENT
여기서 끝이 아니었다. A씨는 '불법행위'에 대한 위자료 1억9500만원도 별도로 청구했다. A는 ""배달 업무 외에 홍보업무를 시키면서도 구인 공고에는 배달업무만 담당하는 것처럼 냈다""며 위자료 2000만원을 청구했고, 홀매니저가 자신과 전단지 업무와 관련해 늦게까지 얘기한 것도 '우월한 지위를 이용한 위력으로 감금한 것""이라며 3000만원을, 또 감금을 통해 '강제근로'를 시킨 것이라며 3000만원을 별도로 청구했다.

그밖에 휴게시간을 부여하지 않았다며 800만원, 근로계약서 미작성 이유로 200만원, 직장 내 괴롭힘을 이유로 300만원, 직장 내 괴롭힘 발생시 조치의무 미이행을 이유로 1200만원, 모멸감을 줬다는 이유로 2000만원, 부당해고와 관련된 위자료로 7000만원을 요구했다. 거기에 A의 부인 역시 정신적 고통을 겪고 있다며 3000만원을 청구했다. 결국 A와 A의 부인이 1심에서 함께 청구한 금액은 총 3억8200만원에 달했다.

○ 법원 ""전단지 배포 업무, 배달과 무관하지 않아"" 청구 기각
1심 법원은 ""해고 사실을 인정할 수 없다""고 판단했다. 재판부는 ""홀매니저에게는 해고 권한이 있다고 인정할 수 없다""며 ""되레 지배인이 내일 출근하라고 문자메시지를 보내 원한다면 근로관계를 유지하겠다는 의사를 표시한 것만 봐도 (해고가 아니라) 근로관계를 '합의'로 종료한 것""이라고 꼬집었다. 이를 바탕으로 해고무효 확인청구, 임금청구도 모두 기각했다.

ADVERTISEMENT
법원은 A씨가 홀매니저와 늦게까지 얘기를 나눈 것도 ""홀 매니저와 홍보 업무에 대한 얘기를 나눈 게 '사용자'의 지휘·감독이라고 할 수 없다""며 연장야간근로가 아니라고 봤다. 근로계약서 미작성에 대해서도 “배달 직종의 특성상 구두 합의로 근로가 시작되는 경우가 많고, 단기간 근로가 종료하는 사례도 흔하다”며 불법행위 요건에 미치지 못한다고 판단했다. 공고에 홍보 업무를 미기재한 것도 ""배달이나 그릇 수거 과정에서 전단지 배포 등 홍보 업무가 배달 업무와 전혀 무관하다고 보기 어렵다""며 허위로 볼수 없다고 봤다.

1심에서 완패한 A씨는 2심 법원에 항소하면서 부인을 원고에서 제외하고, 부당해고 기간 동안의 임금 청구액 등을 대폭 삭감해 전체 청구액을 7500여만원까지 줄였다. 하지만 항소심 재판부는 ""제1심판결은 정당하다""며 항소를 모두 기각했다.

김동욱 법무법인 세종 변호사는 ""해당 사건은 다소 극단적 사례지만 실제 현장에선 영세 사업주들이 노동법에 어두운 점을 악용하는 경우가 적지 않다""며 “감정적인 언사보다는 계약서 작성 등 근로기준법에 충실한 대응이 중요하다”고 조언했다.

곽용희 기자 kyh@hankyung.com"
https://www.hankyung.com/article/2025072871241,"사진=게티이미지뱅크
수입 콩을 쓰는 경기 고양시의 한 두부 제조업체는 조만간 공장 가동을 멈춰야 할 상황에 놓였다. 정부가 국산 콩 사용을 장려한다며 올해 콩 수입량을 줄여 원료를 조달하기 힘들어졌기 때문이다. 이 회사 대표는 “국산 콩은 수입 콩보다 세 배 정도 비싸 두부 원료로 쓰기 어렵다”며 “수입 콩 쿼터를 작년 수준으로 유지해야 공장을 돌릴 수 있다”고 했다.

◇수입 콩 공급량 13% 줄어
두부와 된장 등의 원료로 쓰이는 수입 콩(대두) 공급량이 대폭 줄면서 ‘두부 대란’이 일 것이라는 우려가 나온다. 28일 농림축산식품부 등에 따르면 올해 초 고시한 수입 콩 공급량은 지난해와 비슷한 28만1360t이었으나 최근 정부 계획이 변경돼 올해 콩 수입량이 전년보다 13%(3만5179t) 줄었다.

ADVERTISEMENT
정부는 부족분을 국산 콩으로 채울 방침이다. 농식품부가 한국농수산식품유통공사(aT)를 통해 수매한 국산 콩 물량은 최근 3개년간 8만6000여t이다. 수입 콩을 원료로 쓰는 식품 제조사에는 비상이 걸렸다. 국산 콩 가격이 세 배 이상 비싸 수입 콩을 대체하는 게 사실상 불가능해서다. 박원태 한국연식품협동조합연합회 전무는 “콩 수입량이 감소한 만큼 9~10월부터 두부나 장류 제조에 어려움을 겪게 될 것”이라고 우려했다.
경기도 고양시의 한 콩가공식품 제조업체에서 직원이 두부를 생산하고 있다. 이정선 선임기자
올해 들어 정부가 수입 콩 공급량을 줄이겠다는 방침을 처음 밝힌 때는 지난 3월이다. 농식품부와 aT가 마련한 간담회 자리에서다. 정부는 당시 간담회에 참석한 한국장류협동조합, 한국연식품협동조합연합회, 한국콩가공식품협회 등에 “수입 콩 대신 남아도는 국산 콩을 매입해 달라”고 요청했다. 이후 일부 콩 가공업체가 aT가 비축한 국산 콩을 매입했으나 가격이 훨씬 낮은 수입 콩 수요가 워낙 많아 전체 수급에 차질이 빚어지고 있다.

올해 초 고시된 수입 콩 물량은 원래 28만1360t으로 예년과 비슷했지만 정부가 수입량을 축소하면서 올해 수입 콩 공급량은 24만6181t에 그칠 가능성이 크다. 미국 캐나다 호주 중국 등에서 들어오는 수입 콩은 저율할당관세(TRQ) 방식이 약 80%, 자유무역협정(FTA)을 통해 무관세로 들어오는 물량이 20% 정도다.

두부 제조업계는 정부의 수입 대두 운영 물량 감축에 따라 올해 콩 수요량에 비해 공급량이 평균 2~3개월어치 부족할 것으로 추산한다. 충북 음성 콩 제조업체 맑은물에 김석원 대표는 “10월부터는 공장을 돌리기 어려워질 것으로 예상된다”며 “정부가 조속히 콩 수입량을 늘려줘야 한다”고 강조했다.

ADVERTISEMENT
◇“비싼 국산 콩 재고 떠넘기기”
정부가 올해 수입 콩 쿼터를 대폭 줄이는 것은 국산 콩이 남아돌기 때문이다. 농식품부 등에 따르면 2022~2024년 aT가 비축한 국산 콩 재고량은 8만6210t이다. 정부는 쌀 소비량이 줄어드는 상황을 고려해 논에 콩을 심도록 장려하고 ‘전략 작물 직불제’를 통해 이를 수매하고 있다. 국산 콩 수매에 들어간 예산은 4000억원에 이른다.

농식품부와 aT는 이 중 올해 3만3000t 소진을 목표로 삼고 있다. aT는 수매가보다 낮은 가격에 국산 콩 매수를 권유하고 있으나 역부족이다. 국산 콩과 수입 콩 시장이 이원화돼 있어서다. 수입 콩은 ㎏당 1400원 정도지만 국산은 5000원 선으로 3.5배 비싸다. 정부 요청에 따라 그동안 소진된 국산 콩은 6000t에 그친 것으로 알려졌다. 한 두부 제조사 관계자는 “정부가 국산 콩을 장려한다는 명분으로 수입 콩 공급량을 줄이겠다는데, 비싼 국산 콩 재고량을 민간 업체에 떠넘기면 결국 콩 제조업체와 소비자들이 피해를 본다”고 비판했다.

콩 가공업계는 국산 콩이 비싸 두부와 된장 등의 판매 가격을 올려야 하지만 소비자들이 외면해 판로가 막힌다고 호소한다. 연식품조합, 장류조합 등 콩 가공 단체 10여 곳은 이달 18일 농식품부에 수입 콩 쿼터를 늘려달라고 요청하는 건의문을 보냈다. 박 전무는 “전국에 있는 1400여 개 중소 두부 제조업체 가운데 연 매출이 10억원도 안 되는 영세업체가 대다수여서 국산 콩으로 대응하기 어렵다”며 “공급난이 본격화하는 10월부터 공장 가동을 멈추거나 폐업하는 곳이 속출할 것”이라고 우려했다.

ADVERTISEMENT
정부가 콩 수급 계획을 세밀하게 짜지 못한 채 국산 콩 재배를 늘려 시장 혼란을 자초했다는 지적도 나온다. 농식품부 관계자는 “업계 의견을 충분히 수렴해 운영 계획을 재검토하는 방안을 고민 중”이라고 말했다.

이정선 중기선임기자 leeway@hankyung.com"
https://www.hankyung.com/article/2025072403531,대한항공은 유니세프 한국위원회와 함께 기부 캠페인 ‘플라이트 포 베터 투모로’(더 나은 내일을 위한 비행)를 시행한다고 24일 밝혔다. 기금 전액은 유니세프의 세계 어린이 지원 사업에 쓰일 예정이다.
https://www.hankyung.com/article/2025072850417,"도널드 트럼프 미 대통령(오른쪽)과 우르줄라 폰데어라이엔 EU 집행위원장이 27일(현지시간) 영국 스코틀랜드 턴베리에서 15％ 관세율에 합의했다고 발표한 뒤 악수하고 있다. 사진=REUTERS
유럽연합(EU)과 미국이 27일(현지시간) EU산 상품에 15％ 관세를 부과하는 내용의 무역협정을 타결했다.

양측은 항공기·반도체 장비 등 일부 전략적 품목에 대해 상호 무관세에 합의했다. EU는 관세율을 기존 30％에서 15％로 낮추는 대신 미국에 대규모 에너지 구매와 추가 투자를 약속했다.

ADVERTISEMENT
도널드 트럼프 미 대통령과 우르줄라 폰데어라이엔 EU 집행위원장은 이날 영국 스코틀랜드 턴베리에서 약 한 시간 회동한 뒤 15％ 관세율에 합의했다고 발표했다.

트럼프 대통령은 미국으로 수출되는 EU산 자동차도 15％ 관세율이 적용될 것이라고 말했다.

EU산 자동차 제품에는 현재 기존 2.5％에 트럼프 대통령이 모든 수입 자동차에 도입한 25％ 품목관세를 더해 총 27.5％ 관세가 부과되고 있다.

ADVERTISEMENT
다만 15％ 관세의 적용 범위를 두고는 두 정상의 말이 달랐다.

트럼프 대통령은 이날 회동에 앞서 의약품은 어떤 합의에도 포함되지 않을 것이라고 선을 그었다. 회동이 끝난 뒤에도 의약품에는 15％ 관세율이 적용되지 않는다고 말했다고 블룸버그 통신은 전했다.

미국 정부는 현재 진행 중인 무역확장법 232조 조사에 근거해 향후 의약품과 반도체에 품목관세를 부과하겠다고 예고한 상태다.

ADVERTISEMENT
반면 폰데어라이엔 집행위원장은 15％ 관세율이 ""자동차, 반도체, 의약품을 포함한 대부분 분야에 적용될 것""이라며 ""이것은 분명한 상한선(ceiling)이라고 말했다.

그는 '의약품은 포함되지 않는다'는 트럼프 대통령 발언에 대한 추가 질의에도 ""EU와 관련해서는 의약품 관세 15％에 합의했다""며 ""향후 전 세계 의약품에 관한 전반적인 미국 대통령의 (관세) 결정이 무엇이건 간에 그것은 별개의 이야기(on a different sheet of paper)""라고 답했다.

미국이 철강·알루미늄 품목에 적용 중인 50％ 관세는 계속 부과된다.

ADVERTISEMENT
양 정상은 이날 '전략적 품목'에 대해서는 상호 무관세에 합의했다. 상호 무관세 조치는 EU가 미국 측에 요구해온 협상 조건 중 하나다.

폰데어라이엔 집행위원장은 ""모든 항공기 및 관련 부품과 특정 화학 제품, 특정 복제약(generics), 반도체 장비, 특정 농산물 및 천연자원과 핵심 원자재가 (상호 무관세) 적용 대상""이라고 말했다.

대신 EU는 대규모 투자를 약속했다. 특히 연간 2500억달러씩 향후 3년간 총 7500억 달러(약 1038조원) 규모의 미국산 에너지를 구매한다는 방침이다.

트럼프 대통령은 여기에 EU가 6000억달러(약 830조7000억원)를 추가 투자하기로 했으며 ""막대한 규모""의 미국산 군사장비를 구매하기로 했다고 말했다.

트럼프 대통령은 애초 내달 1일부터 EU에 30％ 관세를 부과하겠다고 예고했다. EU 역시 협상이 불발되면 내달 초부터 미국산 주요 상품에 보복관세를 부과할 계획이었다.

노정동 한경닷컴 기자 dong2@hankyung.com"
https://www.hankyung.com/article/2025072854911,"한국해양진흥공사의 중소선사 특별지원 프로그램 지원으로 건조돼 지난 4월 취항한 ‘팬스타 미라클호’. /한국해양진흥공사 제공
한국해양진흥공사(이하 해진공)는 올해로 창립 7주년을 맞았다. 2018년 한진해운 파산 여파로 위기를 맞은 해운업 재건을 위해 출범한 후 7년간 총 143개 해양기업에 13조6382억원을 지원했다. 대한민국 해양산업의 후견인 역할을 수행하고 있다는 평가를 받고 있다.

해진공은 선박금융 사업 뿐 아니라 항만·물류 인프라 투자까지 영역을 넓히고 글로벌 공급망 강화를 지원하고 있다. 고효율 선박 확보(5조5000억원), 항만·물류시설 투자(1조2000억원), 경영안정자금(6조3000억원), 친환경 설비 개선(295건 지원) 등 다양한 해양사업을 지원하고 있다.

ADVERTISEMENT
해운기업 진단과 선박가치평가, 전문인력 양성에도 힘쓰고 있다. 지난 7년간 총 252개 기업을 대상으로 735회 진단 및 컨설팅을 제공했고, 해양금융·물류 인재 428명을 양성했다. 사회공헌 사업도 성과를 내고 있다. 해진공은 ‘희망더(+)海’라는 슬로건을 기반으로 지역사회 나눔, 기부활동을 확대하고 있고 그 공로를 인정받아 지난해 대한상공회의소-포브스 사회공헌대상을 수상했다. 공공기관 최초로는 한국경영인증원 상생경영인증을 획득하기도 했다.

코로나19 팬데믹 이후 해운업계의 재정 건전성이 개선된 후엔 중소·연안선사 지원을 확대하고 있다. 대표 사례는 지난 4월 취항한 크루즈 페리 ‘팬스타 미라클호’다. 부산-오사카를 연결하는 이 선박은 국내 조선소에서 건조됐으며, 한국발 국제 크루즈 관광 시대의 시작을 알렸다는 평가를 받는다.

팬스타 미라클호는 해진공의 중소선사 특별지원프로그램을 통한 5300만 달러(약 750억원)의 금융보증을 통해 건조할 수 있었다. 해진공 관계자는 “최고 등급의 신용 보증을 바탕으로 금융기관들이 경쟁력 있는 금리를 제공하며 선사의 자금 부담을 덜어줬다”고 말했다.

ADVERTISEMENT
해진공은 2022년부터 중소선사 특별지원프로그램을 운영하며 중소선사의 안정적인 선박 도입과 유동성 공급을 돕고 있다. 2024년 말 기준 2651억원 규모의 자금을 지원했고, 연간 1000억원의 예산을 배정해 해운산업의 균형 발전을 이끌고 있다.

안병길 해진공 사장은 “부산을 중심으로 선사와 조선소가 상생하는 구조를 만드는 데 해진공이 앞장섰다는 데 의미가 있다”며 “국내 크루즈 산업과 지역경제 활성화를 위해 지속적으로 지원하겠다”고 말했다.

올해 1월 개정된 한국해양진흥공사법 시행으로 해진공은 국내외 항만 터미널 및 배후단지의 신규 개발 사업, 이른바 ‘그린필드 사업’에 대한 투자 및 보증이 가능해졌다. 또 해운사뿐만 아니라 항만운영사, 하역사, 물류사 및 건설사 등 다양한 기업에 대해서도 금융지원을 할 수 있게 됐다.

ADVERTISEMENT
해진공은 해외 항만물류 인프라 분야에 총 4254억원을 투자했다. 특히 미국에만 조지아·일리노이·뉴저지주 등 핵심 물류거점 5곳에 투자했으며, CJ대한통운과의 공동투자로 확보한 뉴저지주 시카커스 물류센터는 올해 7월, 일리노이주 엘우드 센터는 내년 1분기 완공을 앞두고 있다. LX판토스와 함께한 조지아주 물류센터 2개동(약 3만3000평)도 중소·중견 수출기업의 북미시장 진출 교두보 역할을 해주고 있다고 해진공은 설명했다.

국내에선 ‘부산신항 양곡부두 민간투자사업’ 프로젝트파이낸싱(PF) 금융약정에 참여해 국내 항만 인프라 확장에 기여하고 있다. 2028년 준공 예정인 부산신항 양곡 부두는 5만t급 선석 1개와 약 18만5000t 규모의 사일로(저장시설) 70기, 신식 진공식·기계식 하역기 등이 갖춰질 예정이다. 이 부두를 통해 연간 하역능력이 기존 약 135만t에서 최대 190만t으로 약 40% 이상 향상될 것으로 기대된다.

안병길 사장은 “양곡부두 개발은 영남권 식량 공급망 안정화와 국내 항만 경쟁력 강화라는 두 목표를 동시에 실현할 것”이라며 “앞으로도 민간 협력 기반의 인프라 개발과 해운물류 산업의 지속가능한 성장을 위해 최선을 다하겠다”고 밝혔다.

남정민 기자 peux@hankyung.com"
https://www.hankyung.com/article/2025071010001,"서울시의 7월분 재산세가 전년보다 약 9% 증가한 것으로 나타났다. 공동·개별주택 공시가격이 일제히 상승해 고가 주택 비중이 늘어난 것이 주요 원인으로 분석된다.

서울시는 올해 7월 주택·건축물·선박·항공기 소유자에게 부과할 재산세를 2조3624억원으로 확정했다고 10일 밝혔다. 이는 지난해(2조1763억원)보다 1861억원(8.6%) 증가한 수치다. 납세자에게 발송될 고지서는 493만 건에 달한다.

ADVERTISEMENT
과세 대상별로는 주택분이 1조6989억원으로 가장 큰 비중을 차지했다. 이어 건축물이 6529억원, 선박과 항공기는 106억원으로 집계됐다. 주택분 재산세는 지난해 1조5339억원에서 올해 1조6989억원으로 10.8% 급증했다. 서울시 관계자는 “공동주택 공시가격이 7.86%, 개별주택은 2.91% 상승한 것이 주택분 재산세가 늘어난 원인”이라고 설명했다.

공시가격 6억원을 초과하는 고가 주택도 전년보다 12만 건 증가했다. 지난해 118만 건에서 올해는 130만 건으로 10.1% 늘었다. 건축물 재산세는 신축 건축물이 많아진 영향으로 전년 대비 3.5%(218억원) 증가했다.

자치구별로는 강남구가 4119억원으로 서울 재산세 징수 1위에 올랐다. 서초구(2566억원)와 송파구(2370억원) 등 강남3구가 서울시 전체 건축물 재산세의 38.3%를 차지했다.

ADVERTISEMENT
서울시는 외국인 납세자 현황도 함께 공개했다. 언어별로는 영어 사용자가 1만5148명으로 가장 많았고 중국어(9464명) 일본어(305명) 독일어(117명) 사용자 등이 그 뒤를 이었다.

재산세는 매년 6월 1일을 기준으로 7월과 9월 두 차례에 걸쳐 부과된다. 7월에는 주택(50%) 건축물 항공기 선박에, 9월에는 주택(잔여 50%)과 토지에 부과된다. 재산세 납부기한은 이달 31일까지다. 기한 내 내지 않으면 가산세 3%가 추가된다.

권용훈 기자 fact@hankyung.com"
https://www.hankyung.com/article/202507209115i,"퇴직연금 상품을 다른 금융사로 옮기기 전, 이전 가능 여부를 미리 확인할 수 있는 ‘실물 이전 사전 조회 서비스’가 21일부터 시작된다. 기존에는 연금 계좌를 새로 개설한 뒤에야 이전 가능 여부를 알 수 있어 불편이 컸지만, 앞으로는 사전 조회만으로 상품 이전 가능성을 한눈에 파악할 수 있게 된다.

20일 고용노동부와 금융감독원은 “이번 서비스 도입으로 가입자의 편의성과 선택권이 대폭 강화될 것”이라며 이같이 밝혔다.

ADVERTISEMENT
퇴직연금 실물 이전 서비스는 2024년 10월 도입된 이후 8개월 만에 누적 8만7000건, 5조1000억원 규모의 실적을 기록하며 연금 가입자들 사이에서 안정적으로 정착했다는 평가다.

하지만 기존 시스템은 실물 이전 신청을 위해 먼저 계좌를 개설해야만 가능 여부를 확인할 수 있었다. 이 과정에서 실물 이전이 불가능한 상품이라는 점이 뒤늦게 확인되면, 가입자는 이전을 취소하거나 상품을 해지(현금화)해야 하는 불편을 겪었다. 특히 수익률이 높은 상품을 보유 중인 경우 현금화로 인한 기회비용 손실도 적지 않았다.

새롭게 도입되는 사전 조회 서비스는 이 같은 문제를 해소하는 차원에서 마련됐다. 사전 조회 서비스 신청과 결과 조회는 계좌를 이미 개설하고 있는 퇴직연금 사업자를 통해서만 가능하며 옮기기를 원하는 회사에서는 조회가 불가능하다. 서비스는 이관회사에서 온라인(홈페이지·모바일 앱)으로만 신청할 수 있으며, 영업점 방문 등 오프라인으로는 신청이 불가능하다.

ADVERTISEMENT
가입자는 보유한 연금 계좌를 선택하고, 이전을 희망하는 퇴직연금사업자 중 원하는 회사를 조회 대상으로 지정하면 된다. 총 46개 퇴직연금사업자 중 31개 사를 대상으로 조회가 가능하다. 조회 신청은 평일 오후 3시 30분 이전에 접수하면 다음 영업일에 결과를 확인할 수 있다. 오후 3시 30분 이후 신청 건은 이틀 뒤 조회된다.

곽용희 기자 kyh@hankyung.com"
https://www.hankyung.com/article/2025050295056,"사진=REUTERS
우리은행은 2일 원·달러 환율 예상 범위로 1433~1440원을 제시했다. 직전 야간장 종가는 1426.9원이다. 글로벌 강달러, 국내 정치적 불확실성에 따라 위험 자산 회피 심리가 강해질 것으로 보면서다.

민경원 우리은행 이코노미스트는 ""무역협상 진전과 기술주 실적 안도감이 4월 이후 고전을 면치 못하던 뉴욕증시 반등으로 연결됐고, 이에 달러 지수가 반등하면서 환율 상승에 필요한 조건이 충족됐다""고 설명했다.

ADVERTISEMENT
이어 ""대통령 대행 1, 2순위가 연이어 사임하면서 6월 초 대선전까지 컨트롤 타워 부재가 발생했다. 정치적 불확실성이 주목을 받으며 원화 약세 우려를 부추길 것""이라며 ""수급적으로는 역내 결제, 역외 롱플레이가 직접적인 상승 동인""이라고 분석했다.

전날 한덕수 대통령 권한대행이 최상목 경제부총리 겸 기획재정부 장관의 사표를 수리했다. 앞서 한덕수 권한대행도 사의를 밝혔기 때문에 2일 0시를 기점으로 이주호 사회부총리 겸 교육부 장관이 대통령 권한대행을 맡게 됐다.

다만 수출업체 고점매도, 중공업 수주 환헤지는 상단을 제한할 것으로 봤다. 민 이코노미스트는 ""다수의 제조업체가 징검다리 연휴로 휴무에 들어가면서 거래량 자체는 많지 않을 가능성이 크지만, 1430원 위쪽에서는 수출업체와 중공업 환 헤지 수요가 추가 상승을 억제하는 요인""이라고 했다. 그러면서 ""오늘 10원 이상 갭업 출발 후 증시 외국인 순매도, 역내외 저가매수 우위에 1430원 중후반 중심 등락을 전망한다""고 분석했다.

진영기 한경닷컴 기자 young71@hankyung.com"
https://www.hankyung.com/article/2025051152511,"해외 주식과 채권에 투자하는 서학개미는 다음달 2일까지 양도소득세를 납부해야 한다. 국내 주식을 사고팔 땐 양도소득세를 전혀 내지 않는 투자자들은 헷갈리거나 생소하게 느껴질 수 있다. 납부 기준은 지난해 주식 매매 차익이 연간 250만원을 초과한 경우다. 대상자가 12만 명에 달한다.
이미지 크게보기


◇매매 이익에서 손실 제외한 후 과세
11일 국세청에 따르면 2024년 양도소득세 확정신고 대상자 약 14만 명에게 신고 안내문이 발송됐다. 이 중 12만 명이 주식 양도소득세 납부 대상자다.

ADVERTISEMENT
양도소득세는 개인이 토지 건물 등 부동산이나 분양권 같은 부동산에 관한 권리, 주식·파생상품 등을 양도할 때 발생한 이익(소득)에 과세하는 세금이다. 양도세는 과세 대상 부동산, 주식을 등을 취득 날짜부터 양도한 날짜까지 보유 기간에 발생한 이익(소득)에 대해 일시 과세한다. 양도 과정에서 소득이 발생하지 않았거나 손해를 봤다면 과세하지 않는다. 서학개미의 경우 손실이 난 주식이 있으면 양도세가 줄어든다.

김모씨가 지난해 해외 A주식 투자로 1000만원을 벌고, B주식으로 600만원 손실을 봤다고 가정하자. 양도차익(1000만원)에서 양도차손(600만원)을 뺀 400만원이 과세 대상이다.(단, 과세대상 국내주식일 경우에만 해외주식과 손익통산가능) 여기서 기본 공제 250만원을 뺀 150만원에 양도세가 매겨진다.

국외 주식의 경우 중소기업 주식 등은 10%, 그 밖의 주식은 20%로 정해져 있다. 부동산 양도세 세율은 △1400만원 이하 6% △1400만원 초과~5000만원 이하 15% △5000만원 초과~8800만원 이하 24% △8800만원 초과~1억5000만원 이하 35% 등으로 과세 금액별로 다르다.

ADVERTISEMENT
◇세금 1000만원 넘으면 두 차례 분납할 수도
이번에 양도세 확정신고 안내문을 받은 서학개미는 11만6000명에 달한다. 전체 주식 양도세 납부 대상자의 97%를 차지한다. 나머지 4000명은 한 종목당 50억원 이상을 보유하거나 지분율이 1%(유가증권시장 기준)를 넘는 대주주가 내는 양도세다. 해외 주식 양도세 납부 대상자는 2022년 7만1000명, 2023년 8만6000명 등으로 가파르게 증가하고 있다. 국세청 관계자는 “개인의 해외 주식 거래가 늘어난 영향으로 국외 주식에 대한 확정신고 안내 인원이 예년에 비해 증가했다”고 설명했다.

양도세 확정신고 안내문은 국세청이 휴대폰 메시지를 통해 알려준다. 5월 첫째 주부터 안내문을 순차적으로 발송한다. 국내 증권사를 통해 해외 주식을 거래한다면 대부분 안내문을 받을 수 있다. 해외 증권사를 이용하고 있다면 자진 신고해야 한다. 60세 이상 납세자에겐 우편으로 안내문을 함께 보내준다.

납부 대상자는 홈택스(PC)나 손택스(모바일)를 이용해 납부 세액을 신고할 수 있다. 신고서를 서면으로 작성해 주소지 관할 세무서에 제출해도 된다. 신고 기간에는 여러 번 전자신고를 할 수 있고, 최종 제출된 신고서만 유효한 것으로 인정한다.

ADVERTISEMENT
납부 세액이 1000만원을 초과하면 6월 2일과 8월 4일 두 차례 나눠 낼 수 있다. 세액 2000만원 이하는 1000만원 초과분, 세액 2000만원 초과는 전체 세액의 50%를 분납할 수 있다.

◇양도세 미신고시 가산세 20%
양도세 확정신고 대상자가 신고 기한인 다음달 2일까지 신고하지 않으면 무신고 납부세액에 20%의 가산세가 붙는다. 세금을 미납하면 미납세액에 0.022%(1일)의 납부 지연 가산세도 부과한다. 국세청 관계자는 “신고 기한이 종료된 뒤에는 무신고자와 불성실 신고 혐의자의 성실 신고 여부를 엄정하게 검증할 예정”이라고 했다.

확정신고했는데도 국세청으로부터 세금 납부 안내문을 받을 수 있다. 국세청 관계자는 “확정신고 안내 대상자 선정 시기와 안내문 발송 시기가 일치하지 않아 발생하는 일”이라며 “신고했다면 이후 수령한 신고 안내문은 참고만 하면 된다”고 말했다.

남정민 기자 peux@hankyung.com"
https://www.hankyung.com/article/2025050931807,"사진=게티이미지뱅크
이달 12만 ‘서학개미’들에게 중요한 세무 일정이 돌아온다. 바로 양도소득세 확정신고다. 국내주식과 달리 해외주식은 연간 250만원이 넘는 차익에 대해서는 양도세를 내야 한다. 서학개미뿐 아니라 지난해 부동산·주식 등을 양도하고 예정신고를 하지 않은 납세자 등 14만명이 모두 확정신고 대상자다.

손실 주식 같이팔면 양도세 내려간다
10일 국세청에 따르면 양도소득세 확정신고 대상자 약 14만명에게 신고 안내문이 발생됐다. 2024년 귀속 확정신고 대상자는 다음달 2일까지 양도소득세를 신고, 납부해야 한다.

ADVERTISEMENT
양도소득세란 개인이 토지 건물 등 부동산이나 주식, 파생상품 양도 또는 분양권과 같은 부동산에 관한 권리를 양도함으로 인해 발생하는 이익(소득)을 과세대상으로 부과하는 세금을 뜻한다. 양도소득세는 과세대상 부동산 등을 취득한 날짜부터 양도한 날짜까지 보유기간 동안 발생된 이익(소득)에 대해 일시에 과세하게 된다. 따라서 부동산 등을 양도하는 과정에서 소득이 발생하지 않았거나 오히려 손해를 본 경우에는 양도소득세가 과세되지 않는다. 다시 말해 서학개미의 경우, 손실이 난 주식을 같이 팔면 양도세를 줄일 수 있다.
사진=게티이미지뱅크
예를 들어 한 서학개미가 A 주식으로 1000만원을 벌었지만 B 주식으로는 600만원이 손실 났다고 가정하자. 이때 A 주식과 B 주식을 같은 해 팔면 양도차익(1000만원)에서 양도차손(600만원)을 뺀 400만원이 세금을 매기는 출발점이 된다. 여기서 250만원을 공제한 150만원에만 양도세가 매겨지는 것이다.

세금 1000만원 넘으면 두차례 분납 가능
국세청에 따르면 이번에 신고 안내문을 받은 서학개미는 11만6000명에 달한다. 2022년 7만1000명이었던 국외주식 양도소득세 납부 대상자는 2023년 8만6000명, 지난해 11만6000명으로 늘어났다. 국세청 관계자는 “개인의 해외주식 거래가 늘어난 영향으로 국외주식에 대한 확정신고 안내 인원이 예년에 비해 증가했다”며 “안내문은 모바일로 5월 첫째주부터 순차적으로 발송된다”고 말했다. 부동산을 양도한 60세 이상의 납세자에게는 우편 안내문도 함께 보내준다.

납부 대상자는 홈택스(PC)나 손택스(모바일)를 이용해 전자 신고하거나 신고서를 서면으로 작성해 주소지 관할 세무서에 제출하면 된다. 신고기간 동안에는 여러번 전자신고를 할 수 있으며 최종 제출된 신고서만 유효한 것으로 인정된다.

ADVERTISEMENT
만약 납부할 세액이 1000만원을 초과하는 경우에는 6월 2일과 8월 4일까지 두번 나눠 낼 수 있다. 세액 2000만원 이하는 1000만원 초과분, 세액 2000만원 초과는 전체세액의 50%를 분납할 수 있다.

다만 확정신고 안내문을 받지 않았더라도 국외주식 등을 양도해 신고 대상 양도소득이 있는 경우에는 자진신고를 해야 한다. 국외주식의 경우 증권사 등 금융기관으로부터 안내받은 계산 보조자료 등을 활용해 신고하면 된다. 부동산의 경우 계약서, 등기자료 등을 활용해 신고할 수 있다.

만약 확정신고 대상자가 신고 기한인 다음달 2일까지 신고하지 않을 경우 무신고 납부세액에 20%의 무신고 가산세, 미납할 경우 미납세액에 0.022%(1일)의 납부 지연 가산세가 부과된다. 국세청 관계자는 “신고 기한이 종료된 후에는 무신고자와 불성실 신고 혐의자의 성실신고 여부를 엄정하게 검증할 예정”이라고 말했다.

ADVERTISEMENT
확정신고를 했는데도 안내문을 받을 수도 있다. 이에 대해 국세청 관계자는 “확정신고 안내 대상자 선정 시기와 안내문 발송 시기가 일치하지 않아 발생하는 일”이라며 “신고를 했다면 이후 수령한 신고 안내문은 참고만 하면 된다”고 말했다.

남정민 기자"
https://www.hankyung.com/article/202507011843i,"사진=연합뉴스
원·달러 환율이 달러 흐름에 연동해 출렁였다. 달러 가치를 나타내는 달러화지수는 오전 중 3년 4개월만에 가장 낮은 수준까지 내렸다가 오후 반등했다. 상반기 중 달러화지수 하락폭은 10%를 넘어 1973년 변동환율제 도입 이후 가장 저조한 흐름을 보인 것으로 나타났다.

1일 서울 외환시장에서 원·달러 환율(오후 3시30분 기준)은 전날보다 5원90전 오른 1355원90전에 주간 거래를 마쳤다. 이날 환율은 1351원으로 출발한 뒤 오전 달러 약세 영향을 받아 1348원50전까지 하락했다.

ADVERTISEMENT
주요 6개국 통화 대비 달러 가치를 보여주는 달러화지수는 이날 오전 10시 20분께 96.607까지 떨어졌다. 지난 2022년 2월 28일(96.508) 이후 3년 4개월 만에 가장 낮은 수준을 나타냈다.

그러나 글로벌 달러 가치가 소폭 반등하면서 오후 들어 상승 압력을 받았다. 달러화지수는 오후 3시 30분 기준으로 96.742까지 반등했다. 수출업체 네고 물량이 전날 반기 말을 맞아 쏟아졌다가 이날 줄어든 점도 환율 상승에 일조한 것으로 풀이된다.

이날은 달러화지수 반등에 연동해 원·달러 환율이 올랐지만 달러화 가치는 올들어 큰 폭으로 하락하고 있다. 지난달 30일(현지시간) 블룸버그 통신에 따르면 달러화지수는 올해 상반기 10.8% 하락했다. 이는 상반기 기준, 브레턴우즈 체제하의 금본위제가 무너지고 변동환율제가 도입됐던 1973년 상반기(-14.8%) 이후 최대 하락률이다. 6개월 기준으로는 금융위기 당시인 2009년 이후 가장 낙폭이 크다.

ADVERTISEMENT
올해 상반기 달러 가치는 스위스프랑 대비 14.4%, 유로화 대비 13.8%, 영국 파운드화 대비 9.7% 떨어졌다. 원화에 비해선 8.3% 하락했다.

달러화지수는 도널드 트럼프 대통령 취임 직전이던 1월 중순 한때 110.176으로 고점을 찍기도 했지만, 이후 미국의 관세 정책 불확실성, 국가 신용등급 강등, 대규모 감세 법안 및 재정 적자 확대 우려, 미 중앙은행(Fed)의 독립성 약화 가능성 등이 한꺼번에 불거지면서 달러의 안전자산 지위가 흔들리고 있다.

달러 약세는 미국 제품의 수출 경쟁력을 높이지만 수입 물가가 오르고 미국 자산의 투자 매력을 감소시키는 요인도 된다.

ADVERTISEMENT
채권운용사 핌코의 앤드루 볼스 글로벌채권 최고투자책임자(CIO)는 사실상 기축통화인 달러 지위에 중대한 위협은 없지만, 그러한 상황에서도 달러 약세가 나타날 수 있다고 했다. 블랙록의 글로벌 채권 CIO인 릭 라이더는 ""전면적인 탈달러화가 설사 온다해도 아직 멀었다""면서도 정부 부채 증가가 그러한 위험을 키울 수 있다고 지적했다. ING의 프란체스코 페솔 외환 전략가는 ""외국인 투자자들이 달러 표시 자산에 대한 헤지 확대를 요구하고 있다""면서 미국 증시 반등에도 불구하고 달러가 약세인 이유 중 하나라고 말했다.

블룸버그는 미국의 정책 변동성 등을 근거로 하반기에도 달러 약세가 심해질 것으로 봤다. 반면, 스위스 보험업체 취리히의 가이 밀러 수석전략가는 약달러에 베팅하는 투자가 이미 인기인 만큼 달러 약세 속도가 느려질 것으로 전망했다.

강진규 기자 josep@hankyung.com"
https://www.hankyung.com/article/2025070610831,"정부와 여당이 다자녀 가구의 신용카드 소득공제율과 공제 한도를 높이는 세제 개편을 검토하고 있다. 이 제도가 시행되면 다자녀 직장인은 연간 15만원 이상의 세금 감면 혜택을 받을 것으로 전망된다.

6일 정치권 등에 따르면 기획재정부는 최근 국정기획위원회 업무보고에서 이 같은 방향의 세제 개편 방안을 보고한 것으로 알려졌다. 이재명 대통령이 대선 후보 시절 내놓은 ‘자녀 수에 비례한 신용카드 소득공제율·공제 한도 확대’ 공약과 맞물린다.

ADVERTISEMENT
한정애 더불어민주당 의원은 자녀 수에 따라 신용카드 소득공제율을 지금보다 5~20%포인트 높이고 공제 한도도 50만~200만원 상향하는 내용을 담은 ‘조세특례제한법 일부개정법률안’을 지난달 5일 발의했다. 개정안에 따르면 자녀가 한 명일 때 공제율은 5%포인트, 한도는 50만원 늘어난다. 세 명이면 각각 20%포인트, 200만원 확대된다.

국회예산정책처는 한 의원 발의안이 국회를 통과하면 총소득 4000만~8000만원 직장인은 연평균 15만~17만원의 세금을 감면받을 것으로 추산했다. 이에 따른 세수 감소는 내년부터 4년 동안 총 5조9992억원, 연평균 1조4998억원에 달할 것으로 예상했다.

김익환 기자 lovepen@hankyung.com"
https://www.hankyung.com/article/2025072996461,"상장 과정에서 부당 이득을 챙긴 혐의(자본시장법상 사기적 부정거래)로 경찰 수사를 받는 하이브가 국세청 세무조사 대상에도 올랐다.

29일 관련 업계에 따르면 국세청은 이날 서울 한강로 하이브 본사에 직원들을 파견해 세무조사에 필요한 서류 등을 확보했다. 이번 조사는 비정기(특별) 세무조사를 담당하는 서울지방국세청 조사4국이 주도한 것으로 알려졌다.

ADVERTISEMENT
국세청은 이날 허위 공시를 이용한 시세조종·기업 사냥꾼 등과 관련해 기업 27곳을 대상으로 대대적인 세무조사에 나선다고 밝혔다. 이 가운데 하이브도 포함된 것으로 파악됐다.

방시혁 하이브 의장은 2019년 당시 기존 하이브 투자자들에게 기업공개(IPO) 계획이 없다고 속여 자신과 연관된 사모펀드(PEF)에 지분을 팔도록 한 뒤 물밑에서 IPO를 추진해 2000억여원의 부당 이득을 챙긴 혐의를 받고 있다.

국세청의 이날 발표는 새 정부 첫 세무조사다. 하이브 외에도 주식시장 교란 및 불공정 행위 탈세 혐의를 받는 26개 기업이 포함됐다. 24곳은 유가증권·코스닥시장 상장사이며, 매출이 1500억원을 넘는 중견기업 이상도 5곳 포함됐다. 사건 관련자들의 탈루 혐의 금액은 1조원 수준으로, 조사 과정에서 확대될 수 있다.

정영효 기자 hugh@hankyung.com"
https://www.hankyung.com/article/2025072528911,"미국 정부가 한·미 관세협상 테이블에서 5500억달러에 달하는 일본의 ‘대미 투자펀드’를 한국 정부에도 요구하면서 정부의 고민이 깊어지고 있다. 협상 타결을 위해선 대규모 펀드를 조성해야 하지만 자금 확보가 어려운 데다 국내 금융회사가 현지 미국 기업에 직접 대출·투자하기가 쉽지 않아서다.

25일 금융권에 따르면 정부는 일본의 대미 투자펀드(재팬인베스트먼트아메리카이니셔티브)와 비슷한 투자 펀드를 조성하기 위해 국내 정책금융기관 등과 협의하고 있다. 특히 도널드 트럼프 미국 대통령이 일본과 관세협상을 타결한 직후 일본 펀드에 대해 “미국과의 무역을 위한 선불금” “다른 국가도 돈을 내고 관세를 낮출 수 있다” 등 공개 발언을 내놓자 대미 펀드 조성안이 관세협상의 주요 이슈로 부상한 것으로 전해졌다.

ADVERTISEMENT
정부는 공급망기금, 첨단산업전략기금 등 국내 전략기금과 비슷한 기금을 설립하는 방안을 검토하는 것으로 알려졌다. 수출입은행과 산업은행이 대출·투자를 맡고, 무역보험공사가 보증하는 방식이다. 다만 정부는 일본과 달리 펀드의 투자 대상은 ‘한·미 제조업 협력 프로젝트’로 제한하는 방안을 검토하고 있다. 현행법상 수출입은행 등 국내 정책금융기관이 해외 기업이나 외국 정부의 사업에 직접 대출 또는 보증하기가 쉽지 않아서다. 무역보험공사는 ‘국내 기업의 수출입 위험을 보증해주고, 수출입은행은 국내 기업의 수출이나 해외 자원 개발과 관련이 있을 때만 ‘해외 법인이나 외국 정부에 대한 보증을 할 수 있다.

국내 정책금융기관의 해외 투자 경험과 자산 규모상 펀드 규모가 미국 측 기대(최대 4000억달러)에 미치지 못할 것으로 예상된다. 김용범 대통령실 정책실장은 이날 긴급통상회의 브리핑에서 “회의에서 보완할 수 있는 내용을 논의했고 미국 측 반응을 보고 결정할 것”이라며 정부 차원의 준비가 이뤄지고 있음을 시사했다.

하지은/신연수 기자 hazzys@hankyung.com"
https://www.hankyung.com/article/2025072996931,"< “국익 지키고 오겠다” > 구윤철 부총리 겸 기획재정부 장관이 29일 인천국제공항을 통해 미국으로 출국하고 있다. 구 부총리는 31일 미국 워싱턴DC에서 스콧 베선트 재무장관과 ﻿통상 현안을 협의할 계획이다. 이솔 기자
도널드 트럼프 미국 행정부와의 관세 협상 시한을 이틀 앞두고 경제 통상 외교 수장들이 미국 워싱턴DC에 총집결했다. 구윤철 부총리 겸 기획재정부 장관과 조현 외교부 장관이 29일 미국행 비행기에 올랐다. 김정관 산업통상자원부 장관과 여한구 통상교섭본부장은 하워드 러트닉 미국 상무장관을 따라 대서양을 횡단하는 ‘출장 협상’을 벌였다. 지난 28일 김동관 한화그룹 부회장에 이어 이날은 이재용 삼성전자 회장이 미국으로 이동하는 등 민관이 힘을 합쳐 막바지 협상에 총력을 기울이고 있다.

◇경제·외교 수장, D-1 워싱턴DC 집결
김정관 산업부 장관
구 부총리와 조 장관은 31일 워싱턴DC에서 각각 스콧 베선트 미국 재무장관, 마코 루비오 국무장관 등과 양자회담을 할 예정이다. 구 부총리는 인천국제공항 출국장에서 기자들과 만나 “한국이 준비 중인 프로그램과 한국의 상황을 잘 설명하고 조선업과 한·미 간 중장기적으로 협력할 수 있는 분야도 잘 협의하도록 하겠다”고 말했다. 이어 “현지에서 협상 중인 김 장관, 여 본부장과 협력해 현장 상황을 면밀히 파악하고 총력 대응에 나서겠다”고 밝혔다.

ADVERTISEMENT
정부가 목표로 하는 관세 인하 수준에 대해서는 “국익에 도움이 되는 방향으로 협상하겠다”고 답했다.

31일로 예정된 베선트 장관과의 회담은 상호관세 부과를 하루 앞두고 열리는 만큼 ‘최종 담판’ 성격을 띤다. 트럼프 대통령의 최종 재가 직전 단계의 조율이 이뤄질 것이란 전망이 나온다. 이날 회담 형식이 김 장관까지 참여한 ‘2+2(재무·통상) 협의체’로 이뤄질지는 미정인 것으로 알려졌다.

◇러트닉 장관 따라다녀
여한구 통상교섭본부장
지난 6일간 한국 협상단은 러트닉 장관과 세 차례 회담을 진행했다. 23일 워싱턴DC에 도착한 김 장관과 여 본부장이 미국 협상단이 가는 곳마다 따라다니며 협상한 결과다. 김 장관은 24일 워싱턴DC 상무부 청사에서 러트닉 장관과 상견례 회동을 하고, 25일에는 뉴욕에 있는 러트닉 장관 자택에서 두 번째 회담을 했다.

ADVERTISEMENT
이후 러트닉 장관이 트럼프 대통령을 수행해 스코틀랜드로 출장을 떠나자 김 장관을 비롯한 우리 협상단도 유럽으로 날아가 세 번째 회담을 성사시켰다. 러트닉 장관은 28일 폭스뉴스 인터뷰에서 “한국 측 인사들이 저녁 식사 후 나와 제이미슨 그리어 미국무역대표부(USTR) 대표를 만나기 위해 스코틀랜드까지 비행기를 타고 왔다”고 말했다.

러트닉 장관이 미국으로 복귀하면서 협상단도 다시 워싱턴DC로 이동해 추가 협상을 시도 중이다. 이르면 29일 네 번째 회담이 이뤄질 가능성이 제기된다.

미국은 8월 1일까지 협상이 타결되지 않으면 25%의 상호관세를 부과하겠다는 입장을 고수하고 있다. 이에 정부는 수십조원 규모의 조선업 협력 프로젝트 ‘MASGA’와 1000억달러 이상의 대미 투자 등을 포함한 패키지 제안을 미국 측에 전달했다. 농축산물 시장 개방, 디지털 규제 등 비관세 장벽 완화, 국방비 증액 등의 방안도 협상 카드로 활용할 가능성이 있다.

하지은/김리안 기자 hazzys@hankyung.com"
https://www.hankyung.com/article/2025072403911,"미취업 청년 5명 중 1명은 최종 학력을 마친 뒤 3년이 지나도록 취업하지 못한 것으로 나타났다. 이들은 4명 중 1명꼴로 별다른 취업 준비를 하지 않았다. 청년층은 첫 일자리를 얻기까지 평균 1년 가까운 시간이 걸리지만, 첫 직장에서 근속한 기간은 2년 미만이었다.

24일 통계청이 발표한 ‘2025년 5월 경제활동인구조사 청년층 부가 조사’에 따르면 최종 학교를 졸업한 뒤 아직 취업하지 못한 청년은 총 121만2000명으로 집계됐다. 이 중 미취업 기간이 1년 미만인 청년이 64만7000명(53.4%)으로 가장 많았다. 이어 1년 이상 2년 미만은 23만9000명(19.7%), 2년 이상 3년 미만은 9만7000명(8%)이었다. 3년 이상 미취업 상태인 청년은 23만 명(18.9%)에 달했다.

ADVERTISEMENT
미취업 청년의 주된 활동은 직업교육·취업 시험 준비(40.5%)였다. ‘그냥 시간 보냄’이라는 응답은 25.1%로 나타났다.

졸업 후 첫 일자리가 임금 근로자인 청년은 취업까지 걸린 평균 기간이 11.3개월이었다. 3년 이상 걸린 비중도 9.9%에 이르렀다. 최종 학력별로 보면 고졸 이하 청년이 평균 1년4.5개월 걸렸고 대졸 이상은 8.8개월이 소요됐다.

졸업 후 취업까지 긴 시간이 걸린 이유로는 전공과 일자리 간 ‘미스매치’라는 답변이 많았다. 최근 일자리와 전공의 관련성에 대해 청년 취업자의 37%가 ‘매우 불일치’, 12.1%가 ‘약간 불일치’라고 답했다. ‘매우 일치’(27.3%)와 ‘그런대로 일치’(23.6%)는 절반 수준이었다.

ADVERTISEMENT
첫 직장에 들어간 뒤에도 오래 버티지 못한 사례가 많았다. 첫 직장 평균 근속 기간은 1년6.4개월로 집계됐다. 퇴사 사유는 ‘보수와 근로 시간 등 근로 여건 불만족’이 46.4%로 가장 많았고, ‘계약 종료·일시적 업무 완료’가 15.5%로 뒤를 이었다.

첫 직장에서 받는 월평균 수입은 200만~300만원이 39.7%로 가장 많았다. 이어 150만~200만원(28.3%), 100만~150만원(11.1%) 순이었다. 첫 직장부터 300만원 이상을 받는 비중은 6.8%에 불과했다.

공무원 선호도는 낮아지고 민간 기업 취업 선호는 높아졌다. 비경제활동 청년 가운데 지난 1주일간 취업 시험을 준비한 사람은 58만5000명으로 전년 동월 대비 2만 명 늘었지만, 이 중 일반직 공무원을 준비하는 인원은 13만1000명에서 10만7000명으로 18.3% 감소했다.

이광식 기자 bumeran@hankyung.com"
https://www.hankyung.com/article/2025072404721,"<경총 회장 만난 김영훈 고용부 장관> 김영훈 고용노동부 장관(오른쪽)이 24일 서울 대흥동 한국경영자총협회를 찾아가 손경식 경총 회장에게 인사하고 있다. ﻿ /연합뉴스
고용노동부가 노동조합법 2·3조 개정안(노란봉투법)의 정부안을 확정했다. 노조법상 ‘사용자’의 정의를 ‘실질적·구체적으로 근로조건을 지배·결정할 수 있는 자’로 넓혀 직접 계약 관계가 없는 하청 노동자도 원청을 상대로 교섭할 수 있도록 하고, 쟁의행위(파업) 대상을 ‘근로조건’에서 ‘경영상 결정’으로 확대하는 내용이 핵심이다.

24일 국회에 따르면 고용부는 ‘노조법 2·3조 개정 정부안’을 전날 국회 환경노동위원회 의원들에게 설명했다. 지난주 노동법률 전문가들의 의견을 긴급 수렴해 정부안을 확정한 것으로 전해졌다. 더불어민주당은 국회 차원의 논의를 거쳐 다음달 4일 본회의에서 법안을 처리하겠다는 방침이다.

ADVERTISEMENT
특히 정부안에는 핵심 쟁점인 사용자 정의(제2조 2호) 확대뿐 아니라 노동쟁의의 정의(제2조 5호) 확대도 포함돼 경영계의 우려가 더 크다. 현행법상 쟁의행위 대상은 ‘근로조건’에 한정되는데, 개정안은 이를 ‘근로조건에 영향을 미치는 사업 경영상의 결정’까지 포함했다. 이 조항이 원안대로 통과하면 임금 인상뿐 아니라 회사의 구조조정, 생산공정 해외 이전, 해외 생산시설 투자 등도 노동쟁의 대상이 될 수 있다.

경영계 ""사업상 판단, 노조 허락받으란 건가""
혼란 줄이려 1년 유예한다지만 추가 개정 예고에 경제계 '한숨'
고용노동부가 최근 국회 환경노동위원회 의원들에게 설명한 ‘노동조합법 2·3조 개정 정부안’에는 경영계가 우려한 독소 조항이 모두 포함됐다. 국내 산업 생태계의 붕괴를 초래할 것으로 우려되는 제2조 2호(사용자 정의 확대)와 불법 파업을 조장할 것이란 지적을 받는 제3조(불법 쟁의 손해배상 책임 제한)가 대표적이다. 여기에 구조조정 등 경영상 의사 결정도 사실상 노조 허락을 받도록 하는 제2조 5호(노동쟁의 정의 확대)까지 들어가자 경영계는 “최악의 결과”라며 강하게 반발하고 있다.

◇“경영상 판단도 파업 사유”
이미지 크게보기
정부가 마련한 노조법 개정안 제2조 제2호(사용자 정의)에는 “근로계약의 당사자가 아니더라도 근로조건에 대해 실질적·구체적으로 지배·결정할 수 있는 자는 사용자로 본다”는 내용이 추가됐다. 경영계는 이 조항이 그대로 통과되면 국내 자동차·조선업체 등은 수백, 수천 개 하청 업체 노조의 교섭 요청에 응하느라 정상적인 경영이 불가능할 것으로 우려하고 있다. ‘실질적인 지배력’을 갖는지도 사안에 따라 달라 기업이 과도한 형사 처벌 리스크에 노출되는 것도 문제로 지적된다.

ADVERTISEMENT
정부안은 또 노조법 제2조 5호(노동쟁의 정의)도 개정해 쟁의 대상 범위를 기존 ‘근로조건 결정’에서 ‘근로조건에 영향을 미치는 경영상 판단’으로 넓혔다. 임금 등 근로조건 외에도 공장 해외 이전, 외주화, 정리해고 등 기업의 경영상 판단까지 파업 사유가 된다는 의미다. 경영계 관계자는 “경영상 판단 하나하나 노조 허락을 받으라는 뜻”이라며 “산업 현장에서 파업과 법적 분쟁이 급증할 것”이라고 우려했다.

노조법 3조 개정안은 ‘대법원 판결’을 준용해 개정한다. 대법원은 지난해 현대차 불법 점거 사건에서 손해배상 책임을 노조원별로 달리 봐야 한다고 판시했다. 다만 대법원은 판결 직후 “판결 이후에도 기업은 위법한 쟁의행위에 가담한 피고들을 상대로 전체 손해를 입증해 배상을 청구할 수 있으며 책임 비율은 법원이 정한다”고 설명했다. 입증 책임을 기업에 지우지 않겠다는 뜻이다. 하지만 실무적으로 기업들이 각 조합원의 책임 비율을 입증해야 할 것으로 경영계는 보고 있다.

◇후속 노조법 개정 추진
정부는 기업 혼란을 최소화하기 위해 개정안 공포 후 3개월 뒤 법을 시행한다. 다만 핵심 조항인 2조 2호(사용자 확대)와 5호(쟁의 범위 확대)는 1년의 유예 기간을 두기로 했다. 이 기간 고용부 장관이 단체교섭 대상, 방법 및 절차, 기타 세부 사항을 시행령에서 정하고 개정 법안과 충돌하는 다른 노조법 조항도 추가 개정한다.

ADVERTISEMENT
예를 들어 현행 노조법에 따르면 한 사업장에 노조가 여러 개 존재(복수노조)할 경우 사용자는 ‘교섭창구 단일화’ 절차를 거친 대표 노조와 교섭해야 한다. 그러나 사용자 개념이 원청까지 확대되면 원청 노조와 하청 노조가 교섭 창구 단일화 절차를 거쳐야 할지, 원청과 원·하청 노조가 공동 교섭을 할지 등이 명확하지 않다.

한 노동법 전문가는 “2조, 3조 개정만으로는 입법의 완결성이 떨어진다”며 “추가 노조법 개정과 시행령 입안 등 후속 조치가 필수”라고 말했다. 정부는 ‘실질적 지배력’ ‘경영상 결정’ 등 불분명한 사항의 판단 기준은 시행령이나 지침(가이드라인)으로 마련한다는 계획이다.

곽용희/강현우 기자 kyh@hankyung.com"
https://www.hankyung.com/article/202507240651i,"민주노총 금속노조가 24일 노동조합 및 노동관계조정법(이하 노조법) 2·3조 개정안(노란봉투법)에 대한 국회 논의가 후퇴하고 있다며 국회 환경노동위원회 위원장실을 기습 점거하고 농성에 들어갔다. 민주노총도 민주당 서울·인천·대전시당 등 12곳 당사 안에서 농성 중이며, 민주당 경기·충남도당 등 2곳에서는 당사 밖에서 농성 중이다.

이들은 더불어민주당을 중심으로 발의된 ‘노란봉투법’ 개정안 중 핵심 내용인 △노동자성 추정 조항 △사내하청에 대한 원청 사용자 책임 △개인 손해배상 청구 금지 조항 등이 사실상 누락될 위기에 처했다고 주장하고 있다.

ADVERTISEMENT
금속노조는 이날 오후 3시 50분 안호영 환노위원장(더불어민주당)과의 면담에서 “노조법 개정운동본부가 제시한 원안을 수용하라”고 요구했으나 받아들여지지 않자, 20여 분 후인 오후 4시 15분께 위원장실에 진입해 농성에 돌입했다. 이번 농성에는 금속노조 이상섭 수석부위원장을 비롯해 하청노동자 당사자인 이김춘택 조선하청지회 사무장, 특수고용직 자동차판매연대지회 김선영 지회장 등 6명이 참여 중이다. 이들은 “당사자 의견이 관철될 때까지 농성을 멈추지 않겠다”는 입장을 밝혔다.

노조법 2조 개정은 ‘사용자’ 개념을 확대해 사내하청 노동자도 원청을 상대로 교섭·쟁의행위를 할 수 있도록 하고, 3조는 정당한 쟁의행위에 따른 손해배상 청구를 제한하는 것이 골자다.

고용노동부는 ‘정부안’에서 핵심 조항인 2조 2호(사용자 확대)와 5호(쟁의 범위 확대)를 개정해 노조의 요구에 따라 실질적인 지배력이 있는 원청에 대한 하청노조의 교섭권을 인정하고, 쟁의행위의 대상 범위도 확대하기로 했다. 쟁의행위와 관련한 손해배상 책임은 법원이 각 당사자의 귀책사유와 기여도를 고려해 판단할 수 있도록 하자는 입장을 밝혔다. 기존 대법원 판례의 법리를 법제화하는 내용이다.

ADVERTISEMENT
다만 노조가 주장해온 ‘노동자성 추정 조항’이나 사내하청에 대한 원청 책임 '간주' 조항, 개인 손배청구를 아예 금지하는 조항은 담기지 않았다. 시행 시기는 보통 법안의 관례에 따라 1년 뒤로 정하는 내용이 담겼다.

이에 민주노총은 “핵심 내용이 빠졌다""며 반발하고 나선 것이다. 이상섭 수석부위원장은 “비정규직, 특수고용노동자 등의 노동3권을 보장하려면 원안 수준의 입법이 필요하다”며 “노동자 개인에 대한 손배 폭탄도 명확히 금지해야 한다”고 주장했다. 노조 측은 특히 국회와 정부가 “숙의 과정을 빙자해 당사자들을 사실상 패싱하고 있다”며 “당사자들과의 공개 토론회를 통해 개정안을 조율해야 한다”고 불만을 터뜨렸다.

다만 국회 관계자는 ""노란봉투법 관련 법안이 다양하게 발의됐는데 '원안'이라는 표현이 적절한지 모르겠다""며 ""국회 안에서 정부안을 포함해 다양한 안을 종합적으로 검토할 것""이라고 했다.

곽용희 기자 kyh@hankyung.com"
https://www.hankyung.com/article/2025061687231,"원화가 최근 중국 위안화에 다시 강하게 연동되고 있다는 한국은행 분석이 나왔다. 미국의 관세정책으로 나타난 글로벌 무역 충격을 원화와 위안화가 동시에 받은 영향으로 파악됐다. 해외 투자자가 원화를 위안화의 대리(프록시) 통화로 여기는 구조적 문제도 동조화를 부추기는 요인으로 거론됐다.

16일 한은 국제국이 내놓은 ‘최근 원화와 위안화의 동조화 배경 및 특징’ 보고서에 따르면 원화는 기축통화를 제외한 33개국 통화 중 위안화와 가장 많이 동조되는 통화인 것으로 분석됐다. 원화의 동조화계수는 0.31로 칠레(0.22), 말레이시아(0.21), 호주(0.19) 등에 비해 크게 높았다. 원화는 가치가 하락하는 절하 국면에서 주로 위안화와의 동조화가 강화되고, 절상 국면에서 동조화가 약화하는 것으로 나타났다. 원화가 절하되는 상황에선 위안화가 1% 변동할 때 원화가 0.66% 변동했고, 절상 국면에서는 유의미한 관계가 확인되지 않았다.

ADVERTISEMENT
원화가 위안화와 같은 방향으로 움직이는 것은 한국의 중국 경제 의존도가 높기 때문이다. 한국은 수출입 거래액의 약 20%가 중국과의 거래다. 중국 외환시장이 폐쇄적이라는 특성도 동조화 요인으로 거론된다. 위안화에 접근하기 어려운 투자자 중 일부가 중국에 투자하면서 원화로 환헤지하고 있어서다. 외환시장 관계자는 “글로벌 투자업계에선 원화를 위안화의 대리 통화로 여기는 투자자가 꽤 많다”고 말했다.

한은에 따르면 코로나19 시기 대중국 수출입 비중이 감소하면서 두 통화의 동조화 경향은 다소 약해지는 모습을 보였지만 지난해 10월부터 다시 강해졌다. 미국 도널드 트럼프 2기 행정부 출범 이후 보호무역주의 강화 움직임이 한·중 경제에 모두 부정적인 영향을 미칠 것으로 예상되면서 양국 통화가치가 함께 절하됐기 때문으로 분석됐다.

한은 관계자는 “한국과 중국의 대미국 수출 비중은 각각 18.7%, 14.6%로 높은 편”이라며 “미국의 보호무역 조치 강화 및 무역정책 불확실성 등이 원화와 위안화에 동시에 영향을 주면서 동조화 경향을 높인 것”이라고 설명했다. 그러면서 “당분간 위안화 향방에 따라 원화가 영향을 받을 가능성이 있다”며 “위안화 추이를 주시할 필요가 있다”고 덧붙였다. 이날 외환시장에선 원화와 위안화의 동조화 흐름은 나타나지 않았다. 원·달러 환율(오후 3시30분 기준)은 5원80전 하락한 1363원80전에 주간 거래를 마쳤다.

ADVERTISEMENT
지난 13일 이스라엘의 이란 공습 소식이 전해진 후 안전자산 선호를 반영해 급등한 환율이 이날 기술적 반락한 것으로 시장에선 평가하고 있다. 위안화는 오전 중 중국 인민은행이 위안·달러 환율을 전날보다 0.0017위안(0.02%) 상승(위안화 가치는 하락)한 달러당 7.1789위안에 고시한 후 큰 변동이 없었다.

강진규 기자 josep@hankyung.com"
https://www.hankyung.com/article/2025072870641,"한국의 법인세율은 최고세율을 기준으로 했을 때 세계적으로 높은 수준에 속한다. 기본 세율에 지방세 10%를 더한 한국의 법인세 최고세율은 현재 26.4%로 경제협력개발기구(OECD) 회원국 38개국 중 열한 번째다. OECD 평균 23.6%보다 2.8%포인트 높다. 주요 7개국(G7) 평균(27.2%)보다는 낮지만, 경제 규모가 한국보다 크고 1인당 국민소득도 높은 나라들이라는 점에서 단순 비교 대상으로 삼기엔 무리가 있다. 국내총생산(GDP) 대비 법인세 비율은 세계 최고 수준이다. 2022년 기준 5.4%로 OECD 회원국 중 네 번째로 높다. 미국은 1.8%, 독일은 2.4%다.

복잡한 누진 구조도 한국 법인세제의 문제점으로 지적된다. 한국은 기업의 순이익 규모에 따라 4단계 세율을 적용한다. 과세 표준 2억원 이하는 9%, 2억원 초과~200억원 이하는 19%, 200억원 초과~3000억원 이하는 21%, 3000억원 초과는 24%다. 2011년까지만 해도 과세 표준 2억원 이하(10%)와 2억원 초과(22%) 2단계뿐이었으나, 2012년 200억원 초과 구간, 2018년 3000억원 초과 구간을 신설해 지금과 같은 4단계 구조가 됐다.

ADVERTISEMENT
OECD 회원국 중 미국, 독일, 스웨덴 등 23개국은 법인세에 단일 세율을 적용한다. 기업의 이익 규모와 상관없이 세율이 같다. 영국, 일본, 네덜란드 등 12개국은 2단계의 단순한 누진 구조를 채택하고 있다. 한국보다 과표 구간이 많은 나라는 5단계를 적용하는 코스타리카뿐이다. 전문가들은 법인세 부담이 궁극적으로 근로자와 소비자에게 귀착하는 만큼 기업이 이익을 많이 냈다고 해서 높은 세율을 적용할 이유는 없다고 지적한다. 소수의 대기업이 법인세 대부분을 납부하고 있다. 2023년 기준 법인 소득 상위 1%에 해당하는 1만309곳이 낸 법인세(신고액 기준)가 전체의 84.5%를 차지했다.

유승호 경제교육연구소 기자 usho@hankyung.com"
https://www.hankyung.com/article/202506309179i,"서울 중구 하나은행 위변조센터에서 직원이 미 달러를 정리하고 있는 모습. 사진=연합뉴스
달러 약세가 나타나면서 원·달러 환율이 8개월만에 최저 수준까지 하락(원화 가치는 상승)했다. 장중에는 1350원 밑으로 내려가기도 했다.

30일 서울 외환시장에서 원·달러 환율(오후 3시30분 기준)은 전 거래일보다 7원40전 내린 1350원에 주간 거래를 마쳤다. 주간 종가 기준으로 작년 10월11일(1349원50전) 이후 약 8개월만에 가장 낮은 수준이다.

ADVERTISEMENT
이날 환율은 전 거래일보다 3원60전 오른 1361원으로 개장한 뒤 장중 줄곧 내림세를 나타냈다. 장중 한때 1347원10전까지 내리기도 했다.

환율이 내린 것은 약달러 흐름이 강해져서다. 도널드 트럼프 미국 대통령이 캐나다와의 무역 협상을 중단한다고 선언한 데 이어 다음 달 8일 종료되는 상호관세 유예 기간을 연장하지 않겠다고 언급하면서 통상정책 불확실성이 대두됐지만 장중 달러 가치는 약세를 보였다.

주요 6개국 통화 대비 달러 가치를 나타내는 달러 인덱스는 전 거래일보다 0.17% 내린 97.060을 기록 중이다. 달러 인덱스는 지난 26일과 27일에는 97선 밑으로 떨어지기도 했다.

ADVERTISEMENT
상반기 말 수출업체들의 네고(달러 매도) 물량도 영향을 끼친 것으로 보인다.

같은 시각 원·엔 재정환율은 100엔당 937원47전이다. 전 거래일 오후 3시30분 기준가인 940원45전보다 2원98전 내렸다.

한국은행이 이날 공개한 1분기 외환당국 순거래 규모를 보면 당국은 지난 1분기 29억6000만달러를 순매도한 것으로 나타났다. 환율을 낮추기 위해 달러를 시장에 푸는 방식의 시장개입을 한 것이다.

강진규 기자 josep@hankyung.com"
https://www.hankyung.com/article/202507300659i,"미국의 달러 스테이블코인이 제도권 내에 진입하면서 8000억달러 규모의 미국 단기국채(T-bill) 수요가 생겨날 것으로 국제금융센터가 전망했다. 시장은 국채 수요 유입으로 단기금리가 하향 안정화될 것으로 기대하고 있지만 반대로 '코인 런' 발생에 따른 국채 투매 가능성도 높아질 것으로 전망된다.

30일 국금센터가 발표한 '스테이블코인 성장에 따른 미 국채 수요 점검' 보고서에 따르면 시장에선 지니어스법 통과로 스테이블코인 발행 규모가 1조~2조 달러까지 늘어날 것으로 전망하고 있다.미국 재무부와 스탠다드 차타드 은행은 2조 달러, 씨티는 1조6000억~3조7000억 달러, ARK는 1조4000억달러 규모를 제시했다. 현재 스테이블코인 발행잔액 규모는 2500억달러 수준인데, 여기에서 4배 이상 늘어날 것이란 예측이다.
지난 15일 서울 서초동 빗썸라운지 강남 본점 현황판에 테더(USDT) 시세가 표시되고 있다. 사진=최혁 한국경제신문 기자
다만 JP모간은 스테이블코인 발행액이 현재의 두배인 5000억달러까지 증가하는 데 그칠 것으로 전망했다. JP모간은 ""스테이블코인 수요가 암호화폐 트레이딩에 집중돼있다""며 ""일반 결제 비중은 6%에 그친다""고 지적했다.

ADVERTISEMENT
스테이블코인 발행량이 늘면 미국 국채 수요도 크게 늘어날 것으로 예측됐다. 스테이블코인 발행사들이 준비자산으로 미국 국채를 보유하기 때문이다. 현재 스테이블코인 발행사들은 발행잔액의 80%인 2000억달러 규모의 단기국채를 보유하고 있다. 스테이블코인 발행액이 2028년 1조달러로 성장할 경우 단기국채 수요도 8000억달러까지 증가할 것이란 전망이다. 이는 미국 국채를 가장 많이 보유한 중국(7563억달러)보다 많은 규모다.

이같은 미국 국채 수요는 단기금리에 하향 압력을 주는 재료다. 스테이블코인 발행이 금리를 안정화하고, 유동성을 개선하는 효과를 낼 수 있다는 것이다. 모건스탠리는 ""스테이블코인의 성장이 단기물 중심의 미 국채 수요를 점진적으로 지지할 것""이라며 ""미 재무부의 발행 전략에 유연성을 부여하고 재정 적자 대응 여력을 확대하는 데 기여할 수 있다""고 분석했다.

문제는 스테이블코인 발행사의 국채 보유량이 늘어난만큼 대규모 국채 투매 가능성도 높아졌다는 점이다. 미국 재무부와 국제결제은행(BIS)는 국채의 '폭탄세일 리스크'를 위험 요인으로 지적했다.

ADVERTISEMENT
발행사의 문제로 코인을 다시 현금으로 전환하려는 수요가 몰리는 '코인런'이 발생한다면 발행사가 환매금 확보를 위해 국채를 대량으로 시장에 내놓으면서 단기금리가 크게 뛸 수 있다는 것이다. BIS는 스테이블코인 매도로 인해 국채 자금 순유출이 발생할 경우, 자금이 순유입될 때 나타난 금리 하락 효과보다 순유출에 따른 금리 상승효과가 최대 3배 가량 더 크게 나타날 것으로 분석했다.

강진규 기자 josep@hankyung.com"
https://www.hankyung.com/article/2025071455157,"/사진=게티이미지뱅크
일부 유튜버가 억대 수익을 올리고도 제대로 세금을 내지 않는다는 지적이 잇따르면서, 과세당국이 지난해 21명을 세무조사한 것으로 나타났다.

14일 국회 기획재정위원회 소속 정태호 더불어민주당 의원이 국세청으로부터 제출받은 자료에 따르면 2019년부터 지난해까지 지방국세청이 유튜버 67명을 세무조사 한 것으로 드러났다.

ADVERTISEMENT
지난 6년 동안 이들에게 부과된 세액은 총 236억원으로 집계됐다. 유튜버 한 명당 평균 3억5000만원 수준이다.

이는 유튜버 수입에 부과한 금액뿐 아니라 해당 사업자가 영위하는 모든 사업에서 발생한 소득에 부과한 세액을 포함한다.

연도별로 보면 세무조사 대상은 2019∼2022년 4년간 총 22명에서 2023년 한 해에만 24명으로 크게 늘었고 지난해도 21명을 기록했다.

ADVERTISEMENT
부과 세액도 2019∼2022년 총 56억원에서 2023년 91억원, 지난해 89억원으로 증가했다. 지난해 한 명당 부과 세액은 평균 4억2000만원이 넘는다.

국세청은 ""유튜버 수입의 신고 적정성을 검증해서 탈루 혐의 확인 시 엄정하게 대응하고 있다""고 밝혔다. 다만 후원금 등 개별 수익금과 관련해선 추징 건수와 금액을 세부적으로 관리하지 않는다고 부연했다.

이번 유튜버 세무조사 결과는 지방국세청 단위 조사를 집계한 내역이라 개별 세무서 조사까지 합하면 더 많을 것으로 추정된다.

ADVERTISEMENT
올해도 국세청은 엑셀방송 운영 인터넷 방송 등 9개, 딥페이크 악용 도박사이트 5개, 사이버 레커 유튜브 채널 3개 등 관련자 총 17개를 대상으로 세무조사를 벌였다.

엑셀방송이란 시청자 후원에 따라 출연 인터넷 방송 진행자(BJ)가 선정적 댄스, 포즈 등을 하고 출연 BJ별 후원금 순위를 엑셀(Excel) 문서처럼 정리해 보여주면서 후원 경쟁을 유도하는 방송이다. 일부 BJ들은 연 100억원이 넘는 수익을 올린다.

사이버 레커는 타인의 사건·사고 등을 자극적으로 왜곡해 수익을 올리는 유튜버를 뜻한다.

ADVERTISEMENT
유튜버나 BJ, 크리에이터 등 1인 방송 콘텐츠 창작자가 일회성이 아니라 계속·반복적으로 영상 콘텐츠를 생산하고 이에 따른 수익이 발생한다면 사업자 등록을 하고 종합소득세를 신고해야 한다. 슈퍼챗 등 후원금도 과세 대상이다.

방송 화면에 후원 계좌번호를 노출하고 계좌 이체를 통해 금전 등을 받으면 모두 해당한다.

그런데도 일부 유튜버가 허위 정보와 자극적인 방송으로 막대한 수익을 창출하고도 세금을 제대로 신고하고 있지 않다는 탈루 의혹이 국회 등에서 꾸준히 제기돼왔다.

정태호 의원은 ""최근 유튜버 등 1인 미디어 창작자들을 점검한 결과 후원금 같은 개별 수익에 세금 신고가 제대로 이뤄지지 않은 경우가 확인되고 있다""며 ""과세 사각지대를 방지하기 위해 성실신고를 유도하고, 제도 보완 방안을 마련할 필요가 있다""고 말했다.

신민경 한경닷컴 기자 radio@hankyung.com"
https://www.hankyung.com/article/2025072854981,"발전 3사(한국중부발전, 한국동서발전, 한국서부발전)와 충남경제진흥원, 한국발전인재개발 관계자가 석탄발전소 협력사 근로자를 지원하는데 협력하자는 내용의 양해각서를 맺었다. /한국서부발전 제공
한국서부발전(사장 이정복)은 석탄화력발전소의 단계적 폐쇄를 앞두고 지역 협력사 근로자들의 고용안정과 일자리 전환을 위한 교육 지원에 팔을 걷어붙이고 있다. 정부는 ‘제10차 전력수급기본계획’에 따라 2036년까지 전국 28기의 석탄화력발전소가 순차적으로 폐지할 계획이다. 서부발전을 비롯한 발전 3사는 협력사 근로자의 고용 충격을 완화하고 에너지전환 시대에 대응할 수 있도록 다양한 전환 지원 프로그램을 공동 추진하고 있다.

서부발전은 지난 6월 30일 대전 한국발전인재개발원에서 한국동서발전, 한국중부발전, 한국발전인재개발원, 충남경제진흥원과 함께 ‘석탄화력발전소 협력사 업의 전환 지원 협력 양해각서(MOU)’를 체결했다. 이번 협약으로 각 발전사가 개별적으로 운영하던 근로자 전환 지원 프로그램이 통합됐다. 충남지역 석탄화력발전 협력사 근로자들에게 보다 체계적이고 실효성 있는 일자리 전환 맞춤형 교육을 제공할 수 있게 됐다는 평가가 나온다.

ADVERTISEMENT
주요 교육 프로그램은 신재생에너지, 복합발전 등 미래 에너지 분야로의 이직을 돕는 실무 중심의 커리큘럼으로 만든다. 실제 직무를 바꿔야 하는 협력사 근로자의 요구를 반영할 수 있도록 사전 수요조사를 통해 세부 교육 내용을 만들었다.

서부발전 관계자는 “발전 3사가 힘을 모아 에너지전환 환경에 맞춘 실질적인 지원책을 마련했다는 데 의미가 있다”며 “앞으로도 협력사 근로자들의 안전한 직무 전환과 고용안정을 위해 적극 힘쓸 예정”이라고 말했다.

서부발전은 올 연말 태안화력 1호기 폐쇄를 시작으로 2032년까지 총 6기의 석탄화력발전소를 순차적으로 폐쇄한다. 이에 앞서 서부발전은 발전공기업 최초로 ‘에너지전환지원단’을 신설, 전문기관과 연계한 직무 전환 교육을 정례적으로 만들었다. 에너지전환지원단은 에너지전환 이행 전략 수립, 대외 협력, 이해관계자와의 소통 및 대응 등 전환 정책의 컨트롤타워 역할을 수행한다.

ADVERTISEMENT
미래사업을 위한 대비도 하고 있다. 서부발전은 지난 21일 충남 태안 본사에서 이정복 사장 주재로 사내 미래성장위원회 출범식을 열었다. 미래성장위는 발전 공기업인 서부발전이 새 정부 정책을 선도 이행한다는 목표로 출범한 실행조직이다. 올 초 설립한 혁신성장위를 확대 재편했다. 이 사장이 직접 위원장을 맡고 서부발전 본사와 지역별 사업소 임직원뿐 아니라 외부 전문가, 이해 관계자도 자문단으로 참여해 새 정부 정책 변화에 발맞출 계획이다.

서부발전은 지난 3월 이정복 서부발전 사장과 가세로 태안군수, 협력사 대표, 지역주민, 고용노동부, 한국환경연구원 관계자 등이 참석한 가운데 ‘에너지전환 공동 대응 다짐’ 행사도 열었다.

하반기에는 현장 밀착 지원체계를 강화하는 차원에서 유관 기관과 협력하는 ‘에너지전환지원센터’를 새로 설립할 계획이다. 서부발전 관계자는 “앞으로도 협력사의 고용 위기에 선제적으로 대응하는 동반자 역할을 해나갈 예정”이라며 “친환경 에너지기업으로 전환을 선도하면서 지역경제와 동반 상생을 이어가겠다”고 밝혔다.

김대훈 기자 daepun@hankyung.com"
https://www.hankyung.com/article/2025072252531,"정년퇴직한 직원을 재고용하는 사업장 수와 비중이 지난해 사상 최고치를 기록했다. 저출생·고령화로 청년층의 노동시장 유입이 줄자 정년을 넘긴 근로자를 다시 채용하는 기업이 급증한 것이다. 정부는 연내 법정 정년 연장 입법을 마무리한다는 방침이지만, 기업들이 이미 ‘퇴직 후 재고용’ 제도를 활발하게 이용하고 있는 만큼 일률적으로 정년 연장을 강제하는 것은 적절치 않다는 지적이 나온다.

22일 김위상 국민의힘 의원이 고용노동부에서 받은 자료에 따르면 지난해 말 기준 정년제도를 운용 중인 사업장 38만9349개 가운데 ‘재고용 제도’를 도입한 사업장은 14만7402개(37.9%)에 달했다. 1년 전보다 1만6000여 개(1.9%포인트) 증가했다. 4년 전인 2020년(24.1%)과 비교하면 무려 13.8%포인트 늘어났다. 재고용 제도란 정년이 도래한 근로자를 퇴직시키지 않거나 퇴직 후 1년 이내에 다시 고용하는 방식이다. 60세 이후 노동력 활용의 대표적 수단으로 꼽힌다.

ADVERTISEMENT
재고용 제도 도입 사업장은 전반적으로 늘었지만, 업종과 기업 규모별로는 도입률이 크게 달랐다. 부동산업(78.0%), 제조업(57.7%), 운수·창고업(57.6%), 숙박·음식점업(55.1%) 등 인건비가 상대적으로 낮고 청년 유입이 어려운 업종이 재고용 제도 도입을 주도하는 모양새다. 반면 은행, 증권사 등이 포함된 금융·보험업(20.0%), 정보기술(IT) 기업이 속한 정보통신업(24.2%) 등 청년층 유입이 이어지는 분야는 상대적으로 재고용 제도 도입이 더딘 편이었다.

기업 규모별로도 격차가 있었다. 300인 이상 중대형 사업장의 재고용 제도 운용 비율은 56.6%로, 100인 미만 중소기업(37.2%)에 비해 19.4%포인트 높았다. 인건비 지급 여력이 있는 대기업 위주로 재고용 제도가 안착하는 모양새다.

이런 상황에서 모든 기업에 정년 연장을 강제하면 청년 고용이 줄고 한계기업의 인건비 부담이 가중될 것이라는 우려가 나온다. 김희성 강원대 법학전문대학원 교수는 “고령자 고용정책의 목적은 단순히 고령자를 특별 보호하는 방법을 모색하는 것이 아니다”며 “자율적인 계속 고용을 유도하는 게 중요하다”고 말했다.

곽용희 기자 kyh@hankyung.com"
https://www.hankyung.com/article/202507236557i,"사진=게티이미지뱅크
경력 단절 후 재취업을 준비하던 30대 여성 ㄱ씨는 고용24의 'AI 일자리 매칭' 서비스를 통해 예상치 못한 ‘안전 컨설팅’ 직무를 추천받아 성공적으로 재취업했다. ㄱ씨는 ""제 전공을 살려 제2의 커리어를 시작할 수 있게 된 계기였다""며 만족감을 표했다.

중소기업 또한 AI 매칭 서비스의 효과를 톡톡히 보고 있다. IT 보안 분야의 중소기업 ㄴ사는 ""우리 회사처럼 인지도가 낮은 곳도 AI를 통해 적합한 인재를 연결받아 채용에 성공할 수 있었다""며 무료 서비스라는 점을 큰 장점으로 꼽았다.

고용노동부는 올해 상반기 인공지능(AI) 기술을 활용한 디지털 고용서비스를 통해 취업에 성공한 인원은 올 상반기에만 8만7212명으로 지난해 같은 기간(4만7409명) 대비 84% 증가했다고 23일 밝혔다. 'AI 일자리 매칭' 서비스는 구직자의 이력서, 경력, 입사지원서 등을 AI가 분석해 적합한 일자리를 자동으로 추천하는 '고용24' 제공 서비스다. 수많은 공고를 일일이 확인해야 했던 불편함을 해소하며 구직 편의성과 효율을 크게 높였다는 평가다.
사진=게티이미지뱅크
AI 서비스를 활용한 구직자들은 경영·사무·금융직과 연구·공학 기술직 분야에서 높은 이용 비중을 보였다.

또 AI가 추천한 일자리에 취업한 구직자들은 혼자 입사 지원해 취업한 경우보다 고용보험 기준 월평균 임금(취득임금)이 12만 원 더 높은 것으로 나타나, 질 좋은 일자리 연계에도 기여하고 있는 것으로 분석된다.

ADVERTISEMENT
이와 함께 진로 탐색, 직업 선택, 취업 준비를 지원하는 '잡케어 서비스' 이용자도 크게 늘었다. 잡케어는 구직자의 이력서·자기소개서 등을 AI가 분석해 진로 로드맵, 적합 직무, 훈련 추천 등을 제공하는 진로 상담 도우미 역할을 하며, 특히 청년층의 호응이 컸다. 올 상반기 잡케어 보고서 생성 건수는 27만4316건으로 지난해 동기(18만1934건) 대비 50% 증가했으며, 20대 이하 이용자가 90%에 달했다.

고용노동부는 오는 9월부터 구인·구직자를 위한 4종의 신규 AI 기반 서비스를 고용24에 추가할 예정이다. △개인의 흥미와 적성에 맞는 직업을 추천하는 '지능형 직업심리검사', △구직자의 취업 가능성을 분석해 주는 '취업확률모델' △역량 개발에 필요한 훈련 과정을 제시하는 'AI 직업훈련 추천' △간단한 조건만 입력하면 기업의 채용 공고를 자동 생성해 주는 '구인공고 AI 작성지원' 등이다.

조정숙 고용지원정책관은 ""구직자와 기업은 적합한 일자리와 인재를 찾는데 많은 시간과 비용을 지불하고 있다""며, ""신속한 일자리 매칭을 위해 AI, 빅데이터 기술을 활용하여 쉽고, 편리한, 맞춤형 고용지원 서비스를 지속 확대해 나가겠다""고 밝혔다.

곽용희 기자 kyh@hankyung.com"
https://www.hankyung.com/article/202507187457i,"사진=연합뉴스
미국의 경기지표가 양호한 것으로 나타나면서 원·달러 환율이 추가 상승(원화 가치는 하락)했다. 미국 중앙은행(Fed)의 기준금리 인하 가능성이 제시되면서 상승 폭은 제한됐다.

18일 서울 외환시장에서 원·달러 환율(오후 3시30분 기준)은 전날보다 40전 오른 1393원에 주간 거래를 마쳤다. 전날 약 두달 만에 최고치까지 올라 1400원대에 육박한 환율이 소폭이나마 연속으로 올랐다. 이날 환율은 전날보다 2원내린 1390원60전에 개장했다. 오후 2시께 상승세로 전환해 1394원50전까지 올랐다.

ADVERTISEMENT
환율이 오른 것은 미국 경제가 견조하다는 신호가 발신된 영향으로 파악된다. 간밤 미국 상무부는 미국의 6월 소매판매가 7201억달러로 전월보다 0.6% 증가했다고 발표했다. 이는 시장 전망치인 0.2%를 웃도는 수치였다. 미국의 소매판매는 4월(-0.2%)과 5월(-0.9%) 연달아 감소했다가 증가세로 돌아섰다.

미국 기준금리 인하 기대가 높아진 점은 환율 상승 폭을 제한했다. 크리스토퍼 월러 Fed 이사는 ""7월에 기준금리를 0.25%포인트 인하하는 것이 타당하다""고 밝혔다. 주요 6개국 통화 대비 달러 가치를 나타내는 달러인덱스는 전날보다 0.11% 내린 98.526 수준이다.

같은 시각 원·엔 재정환율은 100엔당 936원38전으로, 전날 오후 3시30분 기준가인 936원39전보다 2전 상승했다. 엔·달러 환율은 0.17엔 오른 148.76엔이다.

강진규 기자 josep@hankyung.com"
https://www.hankyung.com/article/2025072870691,"법인세가 또 논란이다. 법인세 최고세율은 현재 24%다. 문재인 정부 때 22%에서 25%로 올린 것을 윤석열 정부에서 1%포인트 낮췄다. 그것을 다시 25%로 올리자는 주장이 나온다. 법인세율을 낮춰 봤자 기업들이 투자와 고용을 늘리지 않고, 세금 수입만 줄었다는 것이 이유다. 구윤철 부총리 겸 기획재정부 장관은 “윤석열 정부는 세금을 깎아 주면 기업이 투자할 것으로 예상했지만 법인세 수입이 줄어들고 소비도 투자도 줄었다”고 말했다. 그러나 이 같은 주장은 경제 원리와 맞지 않는다. 실제 현실과도 다르다.
이미지 크게보기


◇법인세 인상은 서민 증세
법인세는 누가 내는 세금인지부터 따져보자. 가상의 아이스크림 시장이 있다. 아이스크림의 시장 균형 가격은 1500원이라고 하자. 정부가 공공사업 재원을 마련하기 위해 아이스크림을 생산하는 기업에 개당 500원의 세금을 부과하기로 했다.

ADVERTISEMENT
세금이 부과된 만큼 기업의 비용 부담이 늘었다. 따라서 아이스크림 공급이 감소한다. 공급이 줄었으니 가격은 오른다. 다만 세금 500원을 모두 판매가에 반영하기는 어렵다. 그렇게 하면 수요가 확 줄어 아이스크림 기업이 손해를 볼 것이기 때문이다. 세금 부과 후 아이스크림 가격은 1800원이 됐다.

세금 부과 전과 비교하면 소비자 부담은 300원 늘었고, 아이스크림 기업이 가져가는 돈은 200원 줄었다. 결국 소비자가 300원, 기업이 200원의 세금을 부담했다. 정부는 분명 기업에 세금을 부과했지만, 실제로는 소비자가 세금 500원 중 300원을 부담했다. 이렇게 세금 부담이 여러 경제주체에 분배되는 현상을 조세 귀착이라고 한다. 법인세는 조세 귀착이 일어나는 대표적인 세금이다. 법인세 부담은 배당 감소, 급여 인하, 가격 인상을 통해 주주, 근로자, 소비자에게 돌아간다.

영국 옥스퍼드대 기업조세센터가 2012년 발표한 ‘법인세가 임금에 미치는 귀착 효과’ 논문에 따르면 법인세의 50~75%를 근로자가 부담했다. 2018년 아메리칸 이코노믹 리뷰에 실린 ‘높은 법인세가 임금을 줄이는가’ 논문에선 독일 지방정부의 법인세 인상이 해당 지역 근로자 임금을 유의미하게 낮추는 것으로 분석됐다.

ADVERTISEMENT
◇세율과 세수의 관계
법인세율을 올리면 법인세 수입이 늘어날까. 그럴 것 같지만 그렇지 않다. 세율 인상이 세수 증가로 연결된다는 생각은 과세 대상이 고정돼 있을 경우에만 유효하다. 기업 이익이 고정불변이라면 법인세율 인상은 세수 증가로 이어진다. 그러나 기업 이익은 고정돼 있지 않다.

법인세 수입은 세율보다는 기업 실적의 영향을 받는다. 지난 몇 년간 법인세 수입이 감소한 것은 세율 인하보다는 기업 실적이 악화한 탓이 크다. 작년 3월 삼성전자와 SK하이닉스는 법인세를 각각 0원으로 신고했다. 전년도 반도체산업 불황 여파로 삼성전자가 11조5300억원, SK하이닉스가 4조6700억원 적자를 냈기 때문이다.

일정 범위에서는 세율이 높아지는 데 따라 세수가 증가할 수 있다. 하지만 세율이 지나치게 높으면 경제 활동에 대한 인센티브가 약해져 세수가 오히려 감소할 수 있다. 극단적인 예로 세율이 100%라면 아무도 일하려 하지 않아 세금 수입은 0이 될지도 모른다. 세율과 세수의 이 같은 관계를 나타낸 것이 미국 경제학자 아서 래퍼가 창안한 래퍼 곡선이다. 래퍼는 역 U자 형태의 그래프를 통해 세율이 적정 수준을 넘어서면 세수가 감소한다고 설명했다.

ADVERTISEMENT
◇법인세 낮춰 부자 된 아일랜드
법인세율을 내려 경제에 활력을 불어넣고 세수도 늘릴 수 있다는 점을 보여주는 좋은 사례가 아일랜드다. 지난해 아일랜드의 1인당 국내총생산(GDP)은 10만7000달러로 룩셈부르크에 이어 세계 2위였다. 아일랜드는 2003년 법인세율을 다른 유럽 국가의 절반 수준인 12.5%로 낮추고 다국적 기업의 투자를 끌어들였다. 애플, 마이크로소프트, 구글, 화이자, 바이엘 등이 아일랜드에 자회사를 두고 있다. 이 기업들이 낸 법인세 수입 덕분에 아일랜드 정부는 작년까지 3년 연속 재정 흑자를 기록했다.

단순 세율보다 더 중요한 것은 정책의 예측 가능성과 일관성이다. 초저출생과 초고령화, 이중 삼중의 규제와 극단적 노사 대립으로 한국은 그러잖아도 투자 환경이 좋지 않은 나라다. 그런 나라에서 법인세율마저 정권이 바뀔 때마다 오르락내리락한다면 투자에 선뜻 나설 기업은 많지 않을 것이다.

유승호 경제교육연구소 기자 usho@hankyung.com"
https://www.hankyung.com/article/202507285788i,"/사진=연합뉴스
K팝과 K뷰티 등 한국 상품의 인기가 세계적으로 확산하고 있지만 외국인들이 한국 쇼핑몰에서 직접 물건을 사는 '역직구' 시장은 충분히 커지지 못한 것으로 분석됐다. 회원가입부터 결제 단계까지 외국인의 구매를 막는 장애물이 여전히 치워지지 않고 있어서다.

28일 한국은행은 '외국인의 국내 상품 인터넷 직접 구매(역직구) 활성화 방안' 보고서를 통해 이같이 지적했다. 한은이 통계청 자료를 분석한 결과 한국의 온라인쇼핑 거래액은 2017년 94조2000억원에서 2024년 254조4000억원으로 큰 폭 증가했다. 하지만 같은 기간 외국인의 역직구는 6000억원에서 1조6000억원으로 늘어나는 데 그쳤다.

ADVERTISEMENT
이와 달리 한국인의 해외 직접구매는 큰 폭으로 증가했다. 2017년 2조2000억원이던 직구 금액은 지난해 8조1000억원으로 늘었다. 역직구액(1조6000억원)의 5배에 달한다.

한은은 직구 시장이 크게 성장한 것과 달리 역직구 증가세가 저조한 이유로 국내 이커머스 플랫폼의 이용 편의성 문제가 크다고 지적했다.

외국인의 경우 한국 쇼핑몰에 가입하는 것조차 쉽지 않다. 많은 국내 쇼핑몰은 회원 가입시 본인인증 절차를 엄격하게 요구한다. 국내에서 개통된 휴대폰을 통해 인증하거나, 신용카드 또는 아이핀 인증을 해야 회원으로 가입할 수 있다. 반면 해외 플랫폼은 이메일 주소 등만 있어도 가입이 되는 경우가 많아 접근성이 높다.

ADVERTISEMENT
결제 대금을 지급하는 방식도 제한적이다. 한국은 해외에서 발급한 카드를 사용하지 못하는 경우가 많다. 온라인몰을 대상으로 설문조사한 결과 국내 온라인 가맹점 중 비자, 마스터카드, 유니온페이 등 해외에서 발급된 글로벌 브랜드 카드를 사용 가능한 가맹점은 약 3~4%에 불과한 것으로 나타났다. 페이팔, 알리페이, 애플페이 등 해외 간편결제도 이용이 어렵다. 반면 해외 주요 이커머스 플랫폼은 다양한 대금 지급 수단을 허용하고 있다. 알리익스프레스와 테무 등에서 네이버페이, 카카오페이를 쓸 수 있는 것이 대표적이다.

추승우 한은 차장은 ""회원가입시 인증 방식이나, 지급수단 수용과 관련한 법적 제약이 없음에도 국내 플랫폼들이 관행을 유지하고 있다""며 ""실익과 기회비용에 대해 고민할 필요가 있다""고 말했다. 다만 이와 관련해 '원화 스테이블 코인 도입이 지급 편의성을 높이는 데 도움이 될 것으로 보느냐'는 질문에 대해 추 차장은 ""특정 지급수단에 대해선 이 보고서에 담고 있지 않다""며 말을 아꼈다.

강진규 기자 josep@hankyung.com"
https://www.hankyung.com/article/202507298474i,"사진=연합뉴스
지난 2분기 외환 거래액이 역대 최대치를 경신한 것으로 나타났다. 원·달러 환율 변동성이 커지면서 거래가 활발하게 이뤄졌다. 외국인의 국내 주식투자가 늘어난 것도 영향을 줬다.

29일 한국은행이 발표한 2분기 중 외국환은행의 외환거래 동향을 보면 지난 4~6월 일평균 외환거래 규모는 821억6000만달러로 집계됐다. 지난 1분기 727억6000만달러보다 94억달러 증가(12.9%)하면서 전분기에 기록했던 역대 최대치를 바로 경신했다.

ADVERTISEMENT
외환거래량 증가는 지난해 7월 거래시간을 새벽 두시까지로 연장하면서 나타나기 시작했다. 지난 2분기엔 여기에 환율 변동성이 커진 것이 거래량 확대로 이어졌다. 2분기 원·달러 환율변동률은 평균 0.61%로 1분기 0.36%에 비해 두배 가까이 증가했다. 평균 환율은 달러당 1453원에서 1401원으로 내려왔다. 외국인의 국내증권 거래도 1분기 월평균 223조원에서 2분기(4~5월 기준) 233조원으로 늘었다.

상품별로 보면 현물환 거래규모가 327억7000만달러로 전분기 대비 48억2000만달러 증가했다. 외환파생상품 거래규모는 493억9000만달러로 전분기 대비 45억8000만달러 늘었다. 외환스왑 거래규모는 322억9000만달러를 기록했다. 외환스왑 거래 규모가 현물환 거래 규모를 밑돈 것은 2017년 이후 처음이다.

강진규 기자 josep@hankyung.com"
https://www.hankyung.com/article/2025071627221,"미국발 통상 리스크와 내수 부진이 맞물리며 ‘고용 한파’가 1년 넘게 지속되고 있다. 청년 고용률은 1년 넘게 하락했고, 제조업과 건설업 일자리는 1년 전에 비해 총 18만 개 감소했다.

통계청이 16일 발표한 ‘6월 고용동향’에 따르면 지난달 15세 이상 취업자는 2909만1000명으로 전년 동월 대비 18만3000명 늘었다. 정부의 직접 일자리 정책 등으로 보건업 및 사회복지서비스업 일자리와 공공행정 사회보장 일자리가 전체 취업자 수를 늘렸다.

ADVERTISEMENT
반면 민생과 직결된 건설업, ‘질 좋은 일자리’로 분류되는 제조업 취업자는 각각 9만7000명, 8만3000명 감소했다. 건설업과 제조업 일자리는 전년 동월 대비 각각 14개월, 12개월째 줄었다. 내수 관련 제조업 부진이 지속되는 가운데 미국 관세정책 영향으로 자동차 제조업 고용도 위축된 것으로 분석됐다.

내수 한파와 제조업 부진 여파로 청년층과 50대 고용도 위축됐다. 15~29세 청년층 고용률은 45.6%로 전년 동월 대비 0.1%포인트 하락했다. 취업자는 청년층이 전년 동월 대비 17만3000명 줄었고, 50대는 5만3000명 감소했다.

기획재정부 관계자는 “청년 취업 비중이 높은 제조업 등의 일자리 감소가 주요한 고용률 하락 원인으로 보인다”며 “50대는 건설업, 도소매업 취업자 감소 영향을 받았다”고 설명했다.

남정민 기자 peux@hankyung.com"
https://www.hankyung.com/article/202505294153i,"게티이미지뱅크
해외여행을 떠나려는 개인부터, 수출입 대금을 결제해야 하는 중소업체 사장님까지 지금 환율 비교를 어떻게 하고 계신가요? 일일이 은행을 찾아보며 ‘어디가 통화 가격을 좋게 쳐주나’ 비교하고 계시진 않나요?

올 하반기부턴 그럴 필요 없습니다. 여러 은행의 환율을 모아 한꺼번에 비교해주고 거래 체결까지 해주는, ‘대(對)고객외국환중개업’이 우리나라도 허용되면서 외환중개 인프라 자체가 새롭게 바뀔 것이기 때문입니다.

ADVERTISEMENT
중소기업 환율 가격비교 길 열린다
대한민국 전자관보
지난 29일 정부 관보에 기획재정부 입법예고안이 하나 올라왔습니다. 제목은 ‘외국환거래법 시행령 일부개정령안 입법예고’. 금융회사와 비(非)금융회사 사이의 외환거래 중개를 담당하는 대고객 외환중개 업체 설립 허가를 골자로 하는 내용입니다.
대고객 외환중개업체는 우리나라에 기존에 없던 개념의 회사입니다. 기존 외환중개는 한국은행이나 금융기관 사이에서 일반 외국환중개회사를 매개로 이뤄지곤 했습니다. 하지만 대고객 외환중개업체는 말 그대로 다른 ‘고객’을 대상으로 외환거래를 중개합니다. 고객이란 개인이 될 수도 있고, 일반 회사도 될 수 있습니다. 주기적으로 해외에 송금할 일이 있거나, 미국 회사에 물건을 수출하고 대금을 달러로 받아야 하는 사람 등등 비(非)금융권 모두가 고객이 될 수 있습니다.

대고객 외환중개업체가 생기면 수요자들은 그 회사가 여러 은행에서 모아 온 환율을 한 번에 조회할 수 있습니다. 마음에 드는 호가를 찾으면 다시 은행과 접촉할 필요 없이 업체 플랫폼에서 바로 체결도 가능합니다.

대기업들은 통상 주거래은행에서 우대금리를 받아가며 외환거래를 하죠. 하지만 그런 네트워크가 있는 기업이 아니고서야 환율 호가를 매번 비교해가며 계약을 체결하기란 한계가 있습니다. 어쩔 수 없이 제한된 호가로 외환거래를 해왔죠.

ADVERTISEMENT
하지만 대고객 외환중개업체가 들어오면 이야기가 달라집니다. 자유경쟁이 시작되기 때문입니다. 정부에서도 금융기관끼리 자유경쟁을 시켜서 소비자들이 최대한 좋은 가격을 받게 하자는 취지에서 이번 입법예고를 띄웠습니다.

자유경쟁으로 소비자가 좋은 호가 받게하는 것이 핵심
게티이미지뱅크
그렇다면 어떤 회사가 대고객 외환중개업체가 될 수 있을까요? 실시간 환율 비교가 가능한 망도 있어야 할 것이고, 은행과의 네트워크도 필요할 것이며, 고객보호를 위해 어느정도 재정 상황도 안정돼야겠죠.

해외에서는 대고객 외환중개업이 ‘어그리게이터(aggregator)’ 라는 말로 일반화돼있습니다. 블룸버그, 로이터, 360t(독일계) 등이 대표적으로 어그리게이터 업을 하고 있는 회사들입니다.

ADVERTISEMENT
우리나라는 과거 외환위기를 겪은 경험이 있고, 환율에 민감한 나라인 만큼 그동한 외환중개 시장 개방에 대해 보수적이었습니다. 하지만 중개 인프라 선진화 차원에서 이번에 법 개정이 이뤄지게 됐습니다.

입법예고안에 따르면 대고객 외환중개업은 인가제로 진행됩니다. 하고 싶다고 아무나 다 할 수 있는 업은 아니라는 뜻입니다. 기본적으로 기재부가 대고객 외환중개업을 하고 싶은 회사의 자본, 시설, 인력 등을 검토한 뒤 자격을 부여하게 됩니다.

만약 블룸버그와 같은 글로벌 네트워크를 가진 기업이 우리나라 대고객 외환중개업 시장에 진출한다면 ‘블룸버그어그리게이터코리아’(가명) 등을 세울 수 있겠죠. 이 회사를 통해 해외 기업, 투자자에게 국내 은행의 원·해외 통화 가격을 제시하는 겁니다. 국내 은행 입장에서도 해외로 고객층을 넓힐 기회가 될 수 있습니다.

ADVERTISEMENT
어그리게이터의 사업 모델은 구독료를 받거나, 환율 호가를 비교해주고 계약을 체결할 때마다 수수료를 받을 수도 있습니다. 아무래도 사용료를 내고 서비스를 이용하다 보니 너무 작은 규모를 환전하는 개인보다는, 중소기업 등 사업체가 수혜를 볼 것으로 기대됩니다.

해당 개정안에 대해 의견이 있는 단체 혹은 개인은 오는 7월 8일까지 통합입법예고시스템을 통해 의견을 제출할 수 있습니다. 법은 오는 9월 19일 시행됩니다.

남정민 기자 peux@hankyung.com"
https://www.hankyung.com/article/2025052651326,"사진=연합뉴스
원·달러 환율이 1369원에 거래를 시작했다. 약 7개월 만에 가장 낮은 수준이다.

26일 서울 외환시장에서 원·달러 환율은 전 거래일 주간거래종가(1375.6원) 대비 6.6원 내린 1369원에 개장했다. 개장 기준 지난해 10월 17일(1364.5원) 이후 약 7개월 만에 가장 낮은 수치를 기록했다. 오전 9시45분 현재 환율은 1369.8원을 가리키고 있다.

ADVERTISEMENT
환율은 지난주 크게 떨어졌다. 달러 대비 원화 가치는 지난 23일 야간거래종가를 기준으로 한 주 새 2.45% 올라 절상폭이 주요국 중 두 번째로 컸다. 원화보다 더 절상된 통화는 스웨덴 크로나(2.51%) 뿐이다.

관세 불확실성에 약달러 흐름이 당분간 이어질 것으로 예상된다. 위재현 NH선물 이코노미스트는 ""직전 거래일 미국의 EU 관세 부과 소식에 달러가 약세를 보였다""며 ""도널드 트럼프 미국 대통령은 EU와 협상 기간은 7월 9일로 연기한다고 밝혔다. 되돌림이 이어질 수 있지만, 최근 외환시장에 만연한 약달러 심리에 반등 여력이 제한될 수 있다""고 짚었다.

이어 ""최근 달러화는 채권·주식 시장과 괴리됐음에도 약달러 심리가 여전하다""며 ""특히 원·달러 시장의 경우 국내 수급이 끝난 오후 3시 45분~4시 사이 외국계 은행과 대형 기관들의 포지션 조정에 따라 환율 하방 변동성이 확대되는 모습""이라고 설명했다.

ADVERTISEMENT
박상현 iM증권 연구원은 ""트럼프 대통령의 감세안이 하원을 통과하면서 감세안을 둘러싼 불확실성 해소됐다. 미국 국채 금리 안정화 여부가 달러화 움직임의 주요 변수""라며 ""미국 국채 금리와 더불어 초장기물을 중심으로 급등세가 이어지고 있는 일본 국채 금리의 추이도 주목해야 한다""고 말했다.

박 연구원은 이번 주 개최되는 한국은행 금융통화위원회에서 기준금리가 인하될 것으로 봤다. 다만 금리 인하가 원·달러 환율에 미치는 영향은 제한적일 것으로 예상됐다.

그는 ""엔화 추가 강세와 더불어 각종 관세 협상 뉴스 흐름이 원·달러 환율에 더욱 큰 영향을 미칠 것""이라며 ""이번 주 원·달러 환율 밴드는 1340~1400원으로 전망한다""고 말했다.

진영기 한경닷컴 기자 young71@hankyung.com"
https://www.hankyung.com/article/2025072126541,"사진=게티이미지뱅크
“회식이요? 10여 년 전엔 1주일에 한 번 했는데 요즘은 반기에 한 번 있을까 말까예요.”(서울 종로구 직장인 A씨)

바뀐 회식 문화에 경기 둔화가 겹치며 서울 지역 상권 지형이 빠르게 바뀌고 있다. 호프집, 치킨집처럼 ‘모임’ 중심 소비에 기반하던 업종은 줄줄이 폐업하는데 1인 가구와 개인 취향에 맞춘 업종은 늘어나고 있다.

ADVERTISEMENT
21일 서울시 상권분석서비스에 따르면 ‘호프·간이주점’은 작년 1분기 1만6292개에서 올해 1분기 1만4938개로 1300여 개(8.3%) 줄었다. 호프·간이주점은 술과 안주를 전문적으로 파는 주점을 뜻한다. 이 기간 폐업률은 3.7%에서 4.1%로 높아진 반면 개업률은 2.4%에서 1.7%로 떨어졌다. 특히 대학가 상권인 마포구에선 호프·간이주점이 148개 줄어 감소폭이 가장 컸다.

‘치맥’(치킨+맥주) 수요에 힘입어 한때 호황을 누린 치킨 전문점도 예외는 아니다. 같은 기간 4739개에서 4336개로 줄어들며 1년 만에 400곳 넘게 문을 닫았다.

주류 유통업계도 직격탄을 맞았다. 국세청에 따르면 2024년 국내 주류 출고량은 315만1371kL로 전년 대비 2.6% 줄었다. 지난해 참이슬·처음처럼·새로 등 희석식 소주 출고량은 81만5712kL로 전년에 비해 3.4% 감소했다. 같은 기간 맥주는 163만7210kL로 3%, 위스키는 39kL로 39.1% 줄었다. 코로나19 직후 2030세대 사이에 불어닥친 위스키 바람이 급격히 식은 결과로 해석된다.

ADVERTISEMENT
1인 가구 증가, 비대면 문화 확산 속에 조용한 개인 취미 활동과 생활밀착형 소비에 기반한 업종은 늘어났다. 애완동물 관련 점포는 1644개에서 1786개로 불어났고, 화초·원예 관련 업종도 4275개에서 4328개로 증가했다. 반찬가게 역시 7420개에서 7552개로 늘며 꾸준히 성장 중이다. 업계 관계자는 “상권 전반이 ‘모임 중심’에서 ‘개인 중심’으로 바뀌는 추세”라며 “자영업자도 업종 전환이나 고객층 재설정이 필요한 시점”이라고 말했다.

권용훈/곽용희/김익환 기자 fact@hankyung.com"
https://www.hankyung.com/article/2025072528061,"중국 자본의 국내 투자가 급증하고 있다. 중국 정부의 자본시장 개방 정책 이후 국내 주식 투자 규모가 사상 최대를 기록한 가운데 한국 부동산 규제를 틈타 중국인의 ‘부동산 쇼핑’이 늘어난 것으로 분석됐다.

25일 국제금융센터의 ‘최근 차이나머니의 국내 투자 급증 및 시사점’ 보고서에 따르면 지난달 말 중국인의 국내 주식 투자 잔액은 35조1000억원으로 집계됐다. 2022년 말 21조1000억원에서 2년6개월 만에 66.4% 늘었다. 전체 외국인의 주식 보유 잔액 중 중국인 비중은 같은 기간 3.7%에서 4.1%로 높아졌다.

ADVERTISEMENT
직접투자도 큰 폭으로 늘었다. 지난해 중국의 국내 직접투자액은 124억2000만달러로 2023년보다 94.4% 증가했다. 최근 5년 새 최대 규모다. 국내 제조업 투자가 가장 많았고 알리바바와 텐센트 등 빅테크 기업의 지분투자도 활발했다.

국제금융센터는 최근 중국의 자본시장 규제 완화가 이런 투자 증가의 주요인이라고 분석했다. 중국은 해외 투자가 가능한 적격금융기관을 2019년 말 304개에서 올해 6월 382개로 늘리고 투자 허용 한도를 1040억달러에서 1709억달러로 높였다. 외국계 자본이 중국 자본을 모집해 해외로 투자하는 국내적격유한책임투자자 제도도 도입했다.

중국 인민은행의 완화적 통화정책도 영향을 줬다. 채권 금리가 내려가자 낮은 금리로 위안화를 빌려 외국에 투자하는 캐리 트레이드 압력이 커졌다.

ADVERTISEMENT
부동산 시장에선 중국인의 주택 구매가 계속되고 있다. 법원 등기정보광장에 따르면 2020~2025년 6월 중국인의 연평균 등기 건수는 1만2368건으로 미국인(7454건)의 두 배에 육박했다. 아파트는 전체 외국인 중 중국인 비중이 64%에 달했다.

특히 지난달 말 부동산 대책 발표 이후 지난달 30일부터 이달 24일까지 중국인의 소유권 이전 등기 건수는 총 80건으로 대출 규제 전 4주간 71건에서 12.7% 증가했다. 같은 기간 내국인을 포함한 전체 등기 건수는 1만8063건에서 1만4453건으로 약 20% 감소했다. 국제금융센터는 국내 부동산 시장에서 중국계 투기 자금을 막을 적절한 규제 방안이 필요하다고 조언했다.

강진규 기자 josep@hankyung.com"
https://www.hankyung.com/article/2025072001911,"정부가 상장 주식 양도소득세를 부과하는 대주주 기준을 종전 수준으로 강화하는 방안을 검토 중이다. 증권거래세율 인상 카드도 만지작거리고 있다. 배당소득 분리과세 등 증시 활성화를 위한 감세 논의가 진행되는 가운데, 지난 정부에서 이뤄진 감세 조치를 되돌려 세수를 확보하려는 움직임이라는 분석이 나온다.

20일 관계 부처에 따르면 기획재정부는 2023년 10억원에서 50억원 이상으로 상향 조정된 상장 주식 양도소득세 부과 대주주 기준을 다시 낮추는 방안을 검토하고 있다. 증권거래세율도 인상할 가능성이 크다. 증권거래세율은 금융투자소득세 도입을 전제로 2021년부터 꾸준히 낮아져 올해 코스닥시장은 0.15%, 유가증권시장은 0% 세율을 적용한다. 정부의 증권거래세 수입은 2020년 8조8000억원에서 지난해 4조8000억원으로 절반 가까이 줄었다.

ADVERTISEMENT
정부가 주식 양도소득세와 증권거래세에 손을 대려는 것은 이재명 대통령이 언급한 배당소득 분리과세까지 현실화하면 주식시장에서 거둬들이는 세수가 너무 적다는 판단에서다. 올해부터 부과할 예정이던 금융투자소득세도 폐지됐다. 하지만 증시 활성화 공약과 배치되는 데다 개미투자자의 반발이 클 것으로 예상된다.

이광식/김익환 기자 bumeran@hankyung.com"
https://www.hankyung.com/article/2025072854971,"aT가 중국 칭다오에서 열린 국제맥주축제에서 운영하고 있는 ‘K푸드 편의점’에서 관람객들이 한국 과자와 라면, 주류 등을 고르고 있다. /aT 제공
농림축산식품부와 한국농수산식품유통공사가 중국 칭다오에 ‘K푸드 편의점’을 열었다. 지난 18일부터 다음달 16일까지 열리는 ‘칭다오 국제맥주축제’ 현장에서다. 맥주와 어울리는 한국 과자와 라면은 물론 소주 등 주류외 숙취해소제까지 다양한 제품이 관람객의 발걸음을 붙잡고 있다.

올해로 35회를 맞은 칭다오 국제 맥주축제는 독일의 옥토버페스트, 영국의 그레이트 브리티시 비어 페스티벌과 함께 세계 3대 맥주축제로 꼽힌다. 아시아 지역의 맥주 축제 중에선 최대 규모다. 지난해 3주간 636만 명이 방문했는데, 올해는 개최 기간이 4주로 확대되며 700만 명 이상이 찾을 것으로 예상된다. 전 세계 40여 개국, 400여 개 기업이 참가해 각국의 대표 맥주와 어울리는 다양한 식음료를 선보인다.

ADVERTISEMENT
공공기관이 칭다오 국제맥주축제에 직접 참여한 것은 이번이 처음이다. aT는 “국내 식품기업 제품으로 현장 부스를 직접 구성하고 운영에 나선 점에서 의미가 크다”고 설명했다.

aT가 운영하는 K푸드 편의점에선 국내 식품기업 24개 회사의 제품을 맛볼 수 있다. 국내 업체들은 △맥주와 함께 즐기기 좋은 라면·과자·견과류 등 ‘K안주’ △맥주에 소주를 혼합해 마시는 일반·과일소주 중심의 ‘K소맥’ △음주 후 섭취하는 숙취해소식품 등 ‘K숙취해소제’ 등을 테마로 총 130개 제품을 선보였다.

aT는 K푸드 편의점을 며칠 간 운영하는 팝업스토어가 아니라 축제가 진행되는 약 한 달간 상설 매장 형태로 운영할 방침이다. 현장을 찾은 관람객들이 자유롭게 제품을 둘러보고 직접 구매할 수 있게 설계됐다. 부스 곳곳에는 온라인몰과 연계한 QR코드를 비치했다. QR코드를 통해 할인 쿠폰을 제공해 온라인 소비까지 연계하는 O2O 전략을 적용했다. 현재 aT는 중국 주요 이커머스 플랫폼인 △티몰(Tmall) △징동(JD. com) △더우인(TikTok) 등에서 약 500여 종의 한국 식품을 연중 상설 판매하고 있다. 소비자들은 언제든지 온라인 한국식품관을 통해 다양한 K-푸드를 손쉽게 접할 수 있다.

ADVERTISEMENT
축제 개막일인 지난 18일엔 중국 대표 라이브커머스 플랫폼인 더우인(TikTok)에서 팔로워 50만 명 이상을 보유한 유명 인플루언서 ‘칭다오 CiCi 탐정’이 K푸드 편의점에서 현장 라이브커머스를 진행했다. 한국 식품을 직접 소개하는 방송이 생중계되며 현장엔 많은 인파가 몰렸고, 실시간 온라인 시청자들의 반응도 뜨거웠다. 류창수 주칭다오대한민국총영사도 라이브 방송에 직접 출연해 현지 시청자들과 소통했다.

축제 현장을 찾은 왕양(35세) 씨는 “한국 드라마에서 보던 다양한 식품을 K소맥과 함께 맛볼 수 있어 즐거웠다”며 “여행을 마치고 상하이로 돌아가면 축제에서 접한 K푸드를 온라인에서 구매할 생각”이라고 말했다.

전기찬 aT 수출식품이사는 “세계적 축제인 칭다오 국제 맥주축제에서 현지 소비자를 대상으로 K푸드를 소개할 수 있어 뜻깊다”며 “행사 이후에도 다양한 온·오프라인 홍보 활동을 지속해 한국 식품의 중국 수출 확대에 힘쓰겠다”라고 말했다.

강진규 기자 josep@hankyung.com"
https://www.hankyung.com/article/202507274749i,"배추값이 5000원을 넘어선 지난 27일 서울 시내 한 대형마트에 가격표가 붙어 있다. 강은구 기자
10년 전 타임머신을 타고 오늘로 넘어온 사람이 있다면 아마 배추 가격을 보고 깜짝 놀랄 것이다. 2000원대 후반이던 가격이 두 배 가까이 비싸져서다. 28일 한국농수산식품유통공사(aT) 농산물유통정보(KAMIS)에 따르면 2015년 7월 24일 배추(상품) 소매가격은 포기당 2812원이었다. 올해는 지난 24일 기준 포기당 5436원으로 5000원을 넘겼다. 올 여름 배추 한 포기 값이면 10년전에 두 포기를 살수 있었던 셈이다.

배춧값, 한달새 3000원대에서 5000원대로
물론 10년전과 지금 가격과 단순 비교하는 것은 문제가 있다. 시간이 흐를수록 물가는 상승하기 마련이다. 그 동안 인건비부터 경영비까지 줄줄이 오른 것도 사실이다. 해마다 심해지는 폭염도 고려해야 한다. 배추는 18~20도에서 잘 자라는 호냉성 작물이기 때문에 여름철 무더위에 더 취약하다.

ADVERTISEMENT
하지만 굳이 10년 전까지 거슬러 올라가지 않더라도, 소비자들 중엔 “요 며칠간 배추값이 너무 급격하게 올랐다”는 반응이 많다. KAMIS에 따르면 7월 배추 가격은 3639원(초순)에서 4642원(중순), 5284원(하순·27일 기준)으로 올랐다. 한달 새 가격표 앞자리가 두 번이나 바뀌었다.

최근 배추가격 흐름을 이해하려면 배추에도 ‘사계절’이 있다는 점부터 알아야 한다. 배추는 크게 봄배추와 여름배추, 가을배추, 월동배추로 나뉜다. 7월은 봄배추 출하가 끝나고 여름배추로 전환되는 시기다. 한국농촌경제연구원(KREI) 관계자는 “두 배추는 단가와 출하량에 변화가 있다”며 “이 때엔 가격도 다소 오르는 것이 일반적”이라고 했다.
지난달 30일 강원 평창군 대관령의 한 고랭지 채소밭에서 외국인 노동자들이 계속되는 폭염에 병충해 확산이 우려되자 방제작업을 하는 모습. 연합뉴스
국립원예특작과학원에 따르면 봄배추와 여름배추는 생태형은 같지만, 재배지역은 다르다. 원칙적으로 봄배추는 ‘땅끝마을’ 전남 해남부터 충청, 경기까지 모두 재배할 수 있지만, 6월부터는 배추 수확지가 경북 봉화와 문경에서 강원 영월과 평창 등으로 계속 위도가 올라간다. 7월부터는 강원에서도 고도가 높은 쪽으로 수확지가 좁아진다. 고도가 100ｍ 높아질 때마다 기온이 0.65도씩 내려간다는 설명이다. 봄배추에서 여름배추로 완전히 넘어가는 7월말~8월초가 되면 강원도에서도 고도가 600ｍ는 넘어야 배추를 키울 수 있다고 한다. 여름배추는 봄배추에 비해 동시 출하가 가능한 재배지도 적고, 생산지대도 높아 소비자 가격이 더 높을 수밖에 없다는 분석이다.


""더위를 버텨라"" 여름배추, 가을작형보다 크기 작아

여름 배추는 봄배추보다 상대적으로 크기도 작다. 고온을 견디려면 사이즈가 작을수록 유리해서다. KREI 농업관측센터가 이달 초 발표한 보고서에 자료에 따르면 올해 노지봄배추는 3621㏊에서 27만3000t 생산됐다. 그러나 여름배추는 3697㏊에서 24만9000t 수확될 것으로 예측됐다. 여름배추가 봄배추보다 재배면적은 넓어도 무게는 덜한 셈이다.

ADVERTISEMENT
국립원예특작과학원 채소기초기반과의 위승환 농업연구사는 “여름배추의 핵심은 크기나 품질보다 ‘병해충 저항성’”이라며 “반대로 가을로 넘어갈수록 실속있는 배추가 나온다”고 설명했다. 그는 “여름 배추는 11월에 나오는 가을배추와 비교하면 포기당 무게가 최대 1,5배까지 차이나기도 한다”며 “봄·여름배추는 생육 기간이 60~70일이지만, 가을배추는 80~90일정도까지 키우는게 일반적”이라고 했다.
사진=게티이미지뱅크
앞으로 배추가격은 어떻게될까. 업계에선 올해 ‘역대급’으로 늦은 추석이 배춧값엔 ‘축복’이 될 것이란 관측이 많다. 올해 추석 날짜는 10월 6일로, 2006년(10월 6일) 이후 19년만에 가장 늦다.

과거 가격 데이터를 보면, 추석이 빠를수록 배추가격은 크게 오른다. 추석이 9월 17일이었던 작년엔 배춧값이 포기당 9963원(9월 27일)까지 뛰면서 1만원에 육박했다. 최근 10년중 추석이 가장 빨랐던 2022년(추석 9월 10일)엔 배춧값이 포기당 1만955원(9월 13일)을 기록하며 1만원을 돌파했다.


2006년 이후 가장 늦은 추석...배춧값엔 도움될 듯
우선 추석이 되면 수요가 급증한다. 명절을 맞아 김치를 담그려는 가정 수요가 늘면서다. 농림축산식품부에 따르면 여름배추는 추석 성수기에 수요량이 정점을 찍고, 그 다음 가을 김장배추가 본격 출하되는 11월 초까지는 급감한다.

ADVERTISEMENT
문제는 9월에 배추 물량 자체가 부족하다는 점이다. 농업계에선 배추를 안정적으로 저장할 수 있는 기간을 약 60일 정도로 본다. 환경에 예민한 채소류다보니 사과처럼 연중 보관은 어렵다는 설명이다. 그런데 6월 초~중순에 주로 저장한 봄배추는 아무리 보관을 잘 해도 8월부터는 바닥을 보이기 시작한다. 추석이 다가오면 농가도 출하량을 늘리지만 한계가 있다.

추석이 10월인 올해는 사정이 다를 것이란 기대가 나온다. 농진청 관계자는 “10월엔 늦은 여름배추에 더해 이른 가을배추도 출하되기 때문에 상대적으로 수급에 여유가 있을 것”이라고 했다.


이광식 기자 bumeran@hankyung.com"
https://www.hankyung.com/article/2025072871951,"일본에 이어 유럽연합(EU)도 미국과의 통상 협상에서 수천억달러의 대미 투자와 자국 시장 개방을 조건으로 상호·자동차 관세를 15%로 낮추는 데 합의했다. ‘천문학적 규모의 대미 투자+시장 개방’ 조합이 사실상 관세 감축의 표준 패키지로 자리 잡으면서 한국도 이 틀 안에서 해법을 찾아야 하는 상황이다.

정부는 ‘MASGA’(미국 조선업을 다시 위대하게) 프로젝트를 중심으로 제조업 협력, 1000억달러 이상 대미 투자, 농산물 또는 데이터 시장 개방을 포함한 패키지를 앞세워 막판 협상에 나섰다. MASGA 프로젝트를 지원하기 위해 김동관 한화그룹 부회장도 미국을 찾았다.
이미지 크게보기
한화의 미국 필리조선소 한경DB


ADVERTISEMENT
◇‘MASGA’로 설득 나선 韓
일본과 EU는 관세를 낮추기 위해 각각 5500억달러와 6000억달러를 미국에 투자하겠다고 약속했다. 우리 정부도 대미 투자액 산정을 고심 중인 가운데 제조업 협력 카드를 통해 ‘양보다는 협력의 질’로 미국 측을 설득하는 전략을 쓰고 있다. MASGA 프로젝트가 핵심이다. 한국 조선사들의 미국 현지 투자와 금융·보증 지원 등을 담은 협력 패키지다. 김정관 산업통상자원부 장관이 지난 25일 뉴욕에서 하워드 러트닉 미국 상무장관 자택을 찾아 직접 설명해 긍정적 반응을 이끌어낸 것으로 전해졌다.

한화그룹은 MASGA 프로젝트의 핵심축이다. 한국 조선 3사 중 트럼프 행정부가 원하는 미국 내 직접 투자를 진행 중인 유일한 조선사기 때문이다. HD현대중공업과 삼성중공업은 미국 조선사와의 기술 이전과 인력 양성 등 소프트웨어 협력에 집중하고 있다. 한화그룹은 지난해 12월 미국 필리조선소를 1억달러(약 1380억원)에 인수해 미국 내 생산 거점을 가장 먼저 확보했다. 한화그룹 측은 정부에 최소 수천억원의 미국 필라델피아 조선소 추가 투자 방안을 제안한 것으로 알려졌다.

정부에 따르면 김 부회장은 이번주 내내 미국에 머물면서 정부 협상 상황에 따라 추가 투자 여부 등을 빠르게 결정할 것으로 보인다. 구윤철 부총리 겸 기획재정부 장관도 스콧 베선트 미국 재무장관과 통상협상을 하기 위해 29일 미국 워싱턴DC로 출국한다. 김정관 산업통상자원부 장관은 28일 미국 협상단 일정에 맞춰 영국 스코틀랜드를 찾는 등 막판 총력전을 벌였다.

ADVERTISEMENT
◇“車 관세 ‘12.5%’가 마지노선”
산업계는 15% 상호관세가 협상의 마지노선으로 굳어진 가운데 자동차 관세만큼은 일본·EU보다 낮은 수준을 확보해야 한다고 보고 있다. 일본과 EU산 자동차는 기존에 2.5% 관세를 적용받았지만, 한국산 자동차는 한·미 자유무역협정(FTA)으로 미국 시장에서 무관세 혜택을 받아왔다. 한국이 15%의 자동차 관세를 수용하면 사실상 역차별이 된다는 지적이다. 최석영 법무법인 광장 고문은 “FTA 체결국인 한국은 자동차 품목만큼은 최소 12.5% 선을 지켜야 한다”고 강조했다.

일본에 이어 EU도 15% 자동차 관세에 합의하자 국내 완성차 업계는 비상이 걸렸다. 한국 차는 동급 유럽·일본 차보다 평균 5% 안팎 싼 가격 경쟁력을 무기로 삼아왔지만, 관세가 역전되면 경쟁력이 빠르게 약화할 수 있어서다. 지난해 미국 수입차 시장은 한국(143만 대), 일본(137만 대), EU(75만8000대)가 3강 체제를 형성했다.

현대차 아반떼(미국명 엘란트라)는 미국 현지 판매가가 2만2125달러로 경쟁 모델인 폭스바겐 제타(2만2995달러)보다 3.9% 저렴하다. 그러나 EU산 차량의 관세가 더 낮아지면 가격 경쟁력이 흔들릴 수 있다. 고급 차 시장도 마찬가지다. 허정 국제통상학회장은 “EU는 동유럽 제조 기반을 앞세워 대미 수출을 빠르게 늘리고 있다”며 “관세 구조가 고착되면 ‘차이나 쇼크’에 준하는 ‘EU 쇼크’가 현실화할 수 있다”고 우려했다.

하지은/김우섭/김리안/김보형 기자 hazzys@hankyung.com"
https://www.hankyung.com/article/2025071627021,"“제가 10대 여공일 때 밤새워 일하던 시절과 다를 게 없었습니다.”

정귀순 파랑 이사장(64·사진)은 16일 ‘2025 한국노동대상’을 수상하면서 “이주 노동자의 근로조건과 삶이 과거 열악했던 우리 근로자들과 다르지 않은 현장을 보고 노동운동을 본격 시작했다”고 소감을 밝혔다. 고려대 노동대학원은 이날 한국프레스센터에서 부산의 인권플랫폼 파랑의 정 이사장에게 한국노동대상을 수여했다. 고려대 측은 “이주와 노동, 인권과 민주주의를 잇는 실천적 인물”이라며 “30년 넘게 이주민과 사회적 약자의 권리 보장에 힘써온 점이 높은 평가를 받았다”고 선정 이유를 설명했다.

ADVERTISEMENT
1980년대 민주화운동에 투신한 정 이사장은 ‘부림사건’으로 옥고를 치르고 사면된 뒤 노동운동가로 활동했다. 1996년 부산에서 한 필리핀 외국인 근로자 임금체불 사건을 돕는 과정에서 이주 노동자의 열악한 현실을 목격했다. 이후 ‘외국인 노동자 인권을 위한 모임’(현 이주민과 함께)을 설립하고 한글 교실, 법률상담, 무료 진료소를 운영하는 등 30년 가까이 이주민의 노동권과 권리 보호에 앞장섰다. 정 이사장은 “민주주의와 인권, 존엄의 가치를 소중하게 여기는 이들이 마음껏 일하고 새로운 세상을 만들어갈 수 있는 기반을 마련하고 싶다”고 밝혔다.

곽용희 기자 kyh@hankyung.com"
https://www.hankyung.com/article/202507174308i,"하나은행이 지난 1년 간(2024년 7~2025년 6월) 서울 외환시장에서 가장 많은 외환 거래를 한 것으로 집계됐다. 현물환 거래와 외환스왑 거래 모두 하나은행이 가장 많았다. 외국계중에선 크레디아그리콜은행이 1위였고, 농협은행은 연장시간대 거래 비중이 가장 높았다.

17일 서울외환시장운영협의회는 이같은 내용을 담은 2025년도 외환시장 리그테이블(거래량 순위)을 발표했다. 현물환은 하나은행이 1위를 기록한 가운데 프랑스의 크레디아그리콜은행이 2위를 나타냈다. 농협, 우리, 신한, 국민, 산업은행이 뒤를 이었다. 연장시간대 거래비중이 가장 높은 기관은 농협은행(39%)이었다.

ADVERTISEMENT
외환스왑에선 제이피모간체이스은행(2위), 홍콩상하이은행(3위), 한국스탠다드차타드은행(4위), BNP파리바은행(5위), 스테이트스트리트은행(7위) 등 외국계 은행의 거래가 많았다. 국내은행 중에선 7위권 내에 하나은행(1위)과 신한은행(6위)만 자리했다.

두 지표를 합산한 전체 1위는 하나은행이었다. 2위는 신한은행, 3위는 크레디아그리콜은행이다. 비은행 중에선 메리츠증권의 거래량이 가장 많았지만 은행 거래량에 비해선 적은 수준이었다. 구체적인 거래량은 발표하지 않았다. 외환당국은 거래량 상위 3개 은행에 기관·개인 표창을 수여할 예정이다.

외환당국이 외환거래량 순위를 발표한 것은 이번이 처음이다. 작년 7월 외환시장 거래시간을 새벽 2시까지로 연장한 뒤 거래 참여도를 높이기 위해 표창 등 인센티브를 줄 목적으로 이같은 제도를 신설했다.

강진규 기자 josep@hankyung.com"
https://www.hankyung.com/article/2025072854871,"Getty Images Bank
정부가 할당한 영역에서 맡은 일만 하던 공기업의 시대는 끝났다. 공기업의 보폭이 소비자와 지역사회, 세계로 넓어지고 있다. 한국석유공사는 알뜰주유소로 물가상승률 완화에 기여하고 있다. 한국해양진흥공사는 국제 크루즈 관광 시대를 준비하고 있다. 한국남동발전과 한국서부발전은 저탄소 에너지로의 전환에 돌입했고, 한국농수산식품유통공사(aT)는 맥주 축제에서 ‘K안주’를 홍보하고 있다. 통계청은 ‘인구주택총조사’를 앞두고 조사원들에게 ‘전자지도’를 배포, 동선을 최소화하고 있다.

◇기름값 인상 억제하는 알뜰주유소
석유공사는 알뜰주유소를 통해 서민들의 기름값 부담을 줄여주고 있다. 알뜰주유소는 석유공사가 한국도로공사, 농협중앙회 등과 정유사에서 유류를 공동구매하고 시중에 저렴한 가격으로 공급하는 주유소다. 일반 주유소보다 리터당 30원 이상 저렴해 소비자들의 만족도가 크다. 알뜰주유소가 있는 구역은 주변 주유소의 가격 인상도 덩달아 완화하는 ‘주변 효과’도 있다.

ADVERTISEMENT
알뜰주유소는 서민 부담을 줄여줄 뿐만 아니라 국가 경제 측면에서도 긍정적인 측면이 크다. 에너지경제연구원에 따르면 2012년부터 작년까지 알뜰주유소가 창출한 국민 편익은 3조4000억원 수준이다. 알뜰주유소는 한국석유관리원과 ‘석유 품질 관리 지원 협약’을 맺어 철저하게 품질관리를 하고 있다.

해진공은 코로나19 이후 해운업계 건전성이 개선되면서 중소·연안 선사에 대한 지원도 늘리고 있다. 지난 4월 13일 국내 조선소에서 건조된 크루즈 페리인 ‘팬스타 미라클 호’가 성공적으로 취항한 것을 계기로 국제 크루즈 관광 시대를 선도한다는 계획이다. 해진공은 2022년부터 중소선사 특별지원 프로그램을 시행·운영하고 있다. 지난해 말까지 누적 2651억원을 선박 확보에 지원했고, 매년 예산 1000억원을 배정해 중소선사의 경쟁력 강화를 돕고 있다.

해외항만 물류사업도 해진공의 주요 업무다. 해진공은 지금까지 해외 항만물류 인프라 분야에 총 4254억원의 금융 지원을 해왔다. 해진공은 미국에만 총 5개 물류 시설에 대한 투자를 지원했는데, 2023년엔 CJ대한통운과 민·관 공동투자 방식으로 뉴저지주에 물류센터 3개소를 확보하는 성과를 거뒀다.

ADVERTISEMENT
남동발전은 지난달 중장기 에너지 전략으로 ‘남동 에너지 신작로(고속도로) 2040’ 비전을 선포했다. 남동발전은 2040년까지 신재생에너지나 수소에너지 같은 저탄소 전원을 중심으로 사업구조를 재편한다는 계획이다. 에너지 전환뿐만 아니라, 남동발전은 20~40대까지 신규 청년 일자리를 50만개 만들고, 3800억원 규모의 햇빛·바람 연금으로 주민소득을 증대한다는 방침이다.

◇ 맥주 세계화 지원
서부발전은 협력사 근로자의 직무 전환 교육을 본격화하고 있다. 정부의 ‘제10차 전력수급기본계획’에 따라 2036년까지 석탄 화력발전소 28기가 단계적으로 폐지되기 때문이다. 서부발전은 지난달 30일 대전 한국발전인재개발원에서 충남지역 석탄화력발전소를 운영하는 한국동서발전, 한국중부발전, 한국발전인재개발원 등과 양해각서(MOU)를 맺은 상태다. 서부발전은 이를 통해 협력사 근로자들이 직무 전환에 어려움이 없도록 교육지원에 힘쓴다는 계획이다.

서부발전은 지역 사회와의 협력도 늘리고 있다. 올해 말부터 태안화력 1호기가 폐쇄되는 등 석탄화력발전기 폐지가 줄줄이 이어지는 상황을 감안해 서부발전은 지난 3월 가세로 태안군수, 태안화력 1·2호기 주요 협력사와 지역주민들이 모여 ‘체계적이고 질서 있는 에너지전환 공동 대응 다짐’ 행사를 열기도 했다.

ADVERTISEMENT
aT는 대표적인 ‘K브랜드’인 K푸드를 세계에 알리기 위해 노력하고 있다. 최근엔 농림축산식품부와 함께 중국 칭다오에서 열리고 있는 ‘칭다오 국제 맥주 축제’에 한국식품을 주제로 한 ‘K푸드 편의점’을 운영하고 있다. 이 축제는 작년에 3주 동안 636만명이 방문했는데, 올해엔 행사 기간이 4주로 늘어났다. 이번 행사의 유일한 한국 참가사인 aT는 국내 식품기업 24개 사와 협업해, 라면·과자·견과류 등 ‘K안주’, 일반·과일소주와 맥주를 합친 ‘K소맥’, 음주 후 숙취 해소에 좋은 ‘K 숙취해소제’ 등 130개 제품을 선보이고 있다.

aT는 온라인 홍보도 박차를 가하고 있다. 중국 주요 이커머스 플랫폼인 티몰과 징동 등에서 500종이 넘는 한국 식품을 연중 상설 판매하고 있다. 중국 대표 라이브커머스 플랫폼인 더우인에서는 유명 인플루언서를 통해 K푸드 편의점을 현장 중계하는 형식으로 세계 소비자들의 관심을 끌고 있다.

◇100년 맞는 인구주택조사
통계청은 오는 11월 1일부터 ‘인구주택총조사’에 돌입한다. 5년마다 한 번씩 시행되는 인구주택총조사는 1925년 처음 시작해 이번에 100년을 맞이했다. 올해는 전체인구의 20%인 1000만명을 대상으로 진행된다. 조사요원만 3만명에 달한다. 조사 대상은 인구의 20%지만 결괏값이 한국 전체를 대표할 수 있도록 표본 추출에 신중을 거듭했다는 것이 통계청의 설명이다.

ADVERTISEMENT
인구주택총조사는 시대의 변화에 따라 조사 내용과 방식도 바뀌어왔다. 올해엔 ‘고령화’와 ‘모바일’이 키워드다. 급속한 고령화로 노인 돌봄 문제가 부각하는 상황을 고려해 질문 항목에 ‘가족 돌봄’이 추가됐다. 2005년 인터넷 조사, 2020년 모바일 조사 기능이 추가된 데 이어 이번엔 조사원들이 조사구의 위치와 경계를 쉽게 확인할 수 있도록 ‘전자지도’도 구축됐다. 응답자만큼이나 조사원들의 불편도 줄일 수 있도록 촘촘하게 신경 썼다는 것이 통계청의 설명이다.

이광식 기자 bumeran@hankyung.com"
https://www.hankyung.com/article/2025072871831,"사진=게티이미지뱅크
최근 5년간 우리나라 국민의 수면 시간은 줄어든 반면 혼자 식사(혼밥)하는 비율은 늘어난 것으로 조사됐다.

28일 통계청이 발표한 ‘2024년 생활시간조사 결과’에 따르면 우리나라 10세 이상 국민의 하루평균 수면 시간은 8시간4분, 식사·간식 시간은 1시간54분으로 집계됐다. 5년 전과 비교하면 수면은 8분, 식사·간식은 1분 줄었다. 수면 시간이 줄어든 것은 1999년 조사가 시작된 후 처음이다.

ADVERTISEMENT
잠을 못 이룬 사람 비율도 11.9%로 5년 전(7.3%)보다 큰 폭으로 상승했다. 모든 연령대에서 1.9~6.1%포인트 올라갔다. 평균 취침 시각은 오후 11시28분으로 5년 전보다 4분 늦어졌다. 기상 시각은 오전 6시59분으로 9분 빨라졌다.
사진=게티이미지뱅크
아침·점심·저녁 식사를 한 비율은 각각 63.7%, 85.6%, 78.3%로 5년 전과 비교해 모두 하락했다. 하락 폭은 점심(-0.8%포인트) 저녁(-0.6%포인트)보다 아침(-4.0%포인트)에서 더 컸다.

혼밥 비율은 아침(38.8%→41.7%) 점심(25.5%→26.9%) 저녁(23.2%→25.7%) 모두에서 증가세를 보였다. 젊은 층의 혼밥 비율이 상대적으로 더 높았다. 30대의 아침 혼밥 비율은 36.7%에서 45.5%로 10%포인트 가까이 늘었다. 20대의 점심 혼밥 비율도 26%에서 32.1%로 6.1%포인트 뛰었다. 저녁은 30대의 혼밥 비율이 17.3%에서 25%로 높아졌다.

구직활동을 포함한 일 시간은 3시간7분, 학습 시간은 49분이었다. 가사노동에는 1시간52분, 이동에는 1시간32분을 사용했다. 일, 학습, 이동을 포함한 ‘의무 시간’은 7시간20분으로 5년 전보다 19분 줄었다.

이광식 기자 bumeran@hankyung.com"
https://www.hankyung.com/article/202507175718i,"사진=게티이미지뱅크
보행자를 치어 사망케한 버스 운전기사가 형사판결에서 무죄를 받았어도 그를 해고한 게 정당하다는 법원 판결이 나왔다. 법원은 A씨가 과거 18건에 달하는 교통사고를 유발한 점 등을 들어 “고용관계를 계속할 수 없을 정도로 책임 있는 사유가 있다”고 판단했다. 또 형사판결에서 받은 무죄가 해고 징계 사유를 부정하지 않는다고 봤다.

17일 법조계에 따르면 대전고법 제1행정부는 최근 A씨가 중앙노동위원회를 상대로 제기한 ‘부당해고구제재심판정 취소’ 소송 항소심에서 1심 판결을 취소하고 원고 청구를 기각했다.

ADVERTISEMENT
A씨는 2022년 10월 광주의 한 사거리에서 시내버스를 몰던 중 횡단보도를 건너던 보행자를 들이받는 사고를 냈다. 보행신호가 들어오자 횡단보도 전의 차도를 통해서 무리하게 건너려 한 피해자와, 적색신호에도 속도를 줄이지 않은 A씨의 운행이 겹친 사고였다. 피해자는 현장에서 사망했고, 차량 내 승객 2명도 다쳤다.

A씨의 사고는 이번이 처음이 아니었다. A씨는 입사한 2001년부터 2022년까지 총 18건의 교통사고를 저질렀고 근무정지, 3개월 정직 등 징계를 여러번 받았다. 이는 이 회사 운전기사 중 가장 많은 사고 건수였고 피해액만 1억7500만원에 달했다. 심지어 이 사고 직전에도 시내버스를 급출발하여 차내 승객이 넘어져 전치 12주의 척추압박골절상을 입게 한 적이 있다.

A씨는 사고를 낼 때 마다 반성문과 경위서를 제출했고 안전교육도 받았지만 그때 뿐이었고 안전불감증은 바뀌지 않았다. 되레 이번 사고 전 한국교통안전공단 운전행동 조사 결과에 따르면 A씨의 안전운전 수준은 다른 기사들과 다르게 '매우 위험' 수준이었다.

ADVERTISEMENT
A씨는 징계위원회에 회부돼 결국 해고 처분을 받았다. 이에 A씨가 노동위원회에 부당해고 구제신청을 했지만 중앙노동위원회가 해고가 정당하다고 판단하자 A가 중노위를 상대로 소송을 제기한 것.

재판과정에서 A씨가 이 사고와 관련한 형사재판에서 무죄를 선고받은게 쟁점이 됐다. ATlsms 교통사고처리특례법위반(치사) 혐의로 기소됐지만 형사 법원은 “전방 좌우를 제대로 살피지 못했다는 점이 합리적 의심 없이 증명됐다고 보기 어렵다”고 판단하고 무죄를 선했다. A씨는 ""회사 취업규칙에 ‘고의 또는 부주의로 중대한 사고를 발생하거나 재산상 손해를 끼친 자'를 해고할 수 있다고 규정하고 있었는데, 형사판결서 무죄를 받았으므로 징계 요건에 해당하지 않는다""는 취지로 주장했다.

하지만 항소심 재판부는 1심을 뒤집었다. 법원은 ""무죄판결이 곧 징계사유의 부정을 의미하지는 않는다”며 ""형사판결과 무관하게 회사 징계사유인 ‘부주의로 중대한 사고를 발생한 자’에 해당한다""고 지적했다.

ADVERTISEMENT
법원은 A씨의 운전이 사고의 주요 원인이라는 점에 주목했다. 당시 사고지점은 ‘사고 다발 지역’으로 분류돼 있었지만, 속도를 줄이지 않고 주행한 사실이 밝혀졌다. 재판부는 “운전자가 전방의 횡단보도 보행자 신호를 인지하고 감속했더라면 사고를 회피하거나 충격 강도를 줄일 수 있었다”며 “사고는 보행자의 무단횡단과 운전자의 과실이 복합적으로 작용한 것으로 '부주의로 중대한 사고를 발생시킨 자'에 해당한다”고 밝혔다.

징계도 과하지 않아고 봤다. 재판부는 “수차례 교육과 징계를 통해 개선 기회를 부여했으나 A씨는 여전히 위험운전 습관을 유지했고, 개선의지가 있다고 보기 어렵다""며 해고가 적법하다고 판단했다.

곽용희 기자 kyh@hankyung.com"
https://www.hankyung.com/article/2025072872091,"4월 30일 존 펠란 미국 해군성 장관(왼쪽 세 번째)과 김동관 한화그룹 부회장(왼쪽 네 번째) 등 관계자들이 한화오션 거제사업장에서 정비 중인 '유콘'함을 배경으로 기념 촬영하고 있다. 사진=한화오션
김동관 한화그룹 부회장이 한·미 통상 협상의 한국 측 대표단에 합류했다. ‘한·미 조선 협력 카드’의 지렛대 효과를 극대화하는 데 힘을 보태기 위해서다. 일본에 이어 유럽연합(EU)이 미국과의 통상 협상을 마무리하면서 한국은 제조업 협력 패키지, 미국산 무기 구매, 농축산물 시장 추가 개방 등 가능한 모든 카드를 테이블에 올리고 총력전을 펼치고 있다.

28일 정부에 따르면 김 부회장은 이날 정부의 대미 관세 협상을 지원하기 위해 미국행 비행기에 올랐다. 협상 시한인 다음달 1일까지 미국 현지에 머물며 구윤철 부총리 겸 기획재정부 장관, 김정관 산업통상자원부 장관 등의 통상 협의에 힘을 보탤 예정이다.

ADVERTISEMENT
김 장관은 지난 25일 하워드 러트닉 미국 상무장관의 뉴욕 자택에서 이뤄진 협상에서 ‘MASGA’(미국 조선업을 다시 위대하게) 프로젝트라고 이름 붙인 한·미 조선산업 협력 구상을 설명했다. 한국 민간 조선사의 대규모 현지 투자와 이를 뒷받침할 대출, 보증 등 금융 지원이 포함됐다.

한화그룹은 MASGA 프로젝트의 핵심축이다. 지난해 12월 인수한 미국 필리조선소 추가 투자와 기술 이전, 인력 양성 등 조선업 협력 방안을 정부 측에 제안한 것으로 알려졌다. 김 부회장이 막판 협상 과정에서 조선소 추가 인수나 투자 규모 확대 등 새로운 제안을 할 가능성도 있다.
< EU도 관세 15% 타결, 트럼프 또 즉석 수정 > 도널드 트럼프 미국 대통령(오른쪽)과 우르줄라 폰데어라이엔 유럽연합(EU) 집행위원장이 27일(현지시간) 영국 스코틀랜드 턴베리 회담장에서 미·EU 무역 합의를 발표한 뒤 악수하고 있다.
앞서 도널드 트럼프 미국 대통령과 우르줄라 폰데어라이엔 EU 집행위원장은 27일(현지시간) 영국 스코틀랜드 턴베리에서 회동한 뒤 자동차를 포함한 모든 EU산 제품에 15% 관세율을 적용하기로 합의했다고 밝혔다. 항공기·반도체 장비 등 일부 전략 품목에는 상호 무관세가 유지되며, 철강·알루미늄 품목관세 50%는 계속 부과된다. EU는 관세 인하 대가로 미국산 에너지·군수물자 구매에 7500억달러, 대미 추가 직접 투자에 6000억달러를 쓰기로 약속했다.

< EU도 관세 15% 타결, 트럼프 또 즉석 수정 > 트럼프 대통령은 EU가 10%로 제안한 문서상 상호관세율을 15%로, 대미 투자 규모는 5000억달러에서 6000억달러로, 미국산 에너지 구매 금액은 6000억달러에서 7500억달러로 고쳐 썼다(원 안 사진은 좌우반전한 이미지). 로이터·AP연합뉴스
일본에 이어 EU까지 15% 관세로 협상을 마무리하면서 한국도 상호관세와 자동차 관세를 이들 수준까지 내려야 하는 과제를 안았다. 전문가들은 “자동차 관세가 15%를 넘어가면 가격 경쟁력이 흔들릴 것”이라고 우려했다.

ADVERTISEMENT
한편 트럼프 대통령은 이날 기자들과 만나 “(관세협상 전인) 나머지 국가들의 관세는 15∼20% 범위일 것”이라고 밝혔다.

민관 원팀으로 '美 조선업 부활 패키지' 제안…러트닉도 큰 관심
한화 김동관 부회장 미국행…""車 관세 日·EU보다 낮아야""
일본에 이어 유럽연합(EU)도 미국과의 통상 협상에서 수천억달러의 대미 투자와 자국 시장 개방을 조건으로 상호·자동차 관세를 15%로 낮추는 데 합의했다. ‘천문학적 규모의 대미 투자+시장 개방’ 조합이 사실상 관세 감축의 표준 패키지로 자리 잡으면서 한국도 이 틀 안에서 해법을 찾아야 하는 상황이다.

정부는 ‘MASGA’(미국 조선업을 다시 위대하게) 프로젝트를 중심으로 제조업 협력, 1000억달러 이상 대미 투자, 농산물 또는 데이터 시장 개방을 포함한 패키지를 앞세워 막판 협상에 나섰다. MASGA 프로젝트를 지원하기 위해 김동관 한화그룹 부회장도 미국을 찾았다.
한화의 미국 필리조선소 한경DB


ADVERTISEMENT
◇‘MASGA’로 설득 나선 韓
일본과 EU는 관세를 낮추기 위해 각각 5500억달러와 6000억달러를 미국에 투자하겠다고 약속했다. 우리 정부도 대미 투자액 산정을 고심 중인 가운데 제조업 협력 카드를 통해 ‘양보다는 협력의 질’로 미국 측을 설득하는 전략을 쓰고 있다. MASGA 프로젝트가 핵심이다. 한국 조선사들의 미국 현지 투자와 금융·보증 지원 등을 담은 협력 패키지다. 김정관 산업통상자원부 장관이 지난 25일 뉴욕에서 하워드 러트닉 미국 상무장관 자택을 찾아 직접 설명해 긍정적 반응을 이끌어낸 것으로 전해졌다.

한화그룹은 MASGA 프로젝트의 핵심축이다. 한국 조선 3사 중 트럼프 행정부가 원하는 미국 내 직접 투자를 진행 중인 유일한 조선사기 때문이다. HD현대중공업과 삼성중공업은 미국 조선사와의 기술 이전과 인력 양성 등 소프트웨어 협력에 집중하고 있다. 한화그룹은 지난해 12월 미국 필리조선소를 1억달러(약 1380억원)에 인수해 미국 내 생산 거점을 가장 먼저 확보했다. 한화그룹 측은 정부에 최소 수천억원의 미국 필라델피아 조선소 추가 투자 방안을 제안한 것으로 알려졌다.

정부에 따르면 김 부회장은 이번주 내내 미국에 머물면서 정부 협상 상황에 따라 추가 투자 여부 등을 빠르게 결정할 것으로 보인다. 구윤철 부총리 겸 기획재정부 장관도 스콧 베선트 미국 재무장관과 통상협상을 하기 위해 29일 미국 워싱턴DC로 출국한다. 김정관 산업통상자원부 장관은 28일 미국 협상단 일정에 맞춰 영국 스코틀랜드를 찾는 등 막판 총력전을 벌였다.

ADVERTISEMENT
◇“車 관세 ‘12.5%’가 마지노선”
산업계는 15% 상호관세가 협상의 마지노선으로 굳어진 가운데 자동차 관세만큼은 일본·EU보다 낮은 수준을 확보해야 한다고 보고 있다. 일본과 EU산 자동차는 기존에 2.5% 관세를 적용받았지만, 한국산 자동차는 한·미 자유무역협정(FTA)으로 미국 시장에서 무관세 혜택을 받아왔다. 한국이 15%의 자동차 관세를 수용하면 사실상 역차별이 된다는 지적이다. 최석영 법무법인 광장 고문은 “FTA 체결국인 한국은 자동차 품목만큼은 최소 12.5% 선을 지켜야 한다”고 강조했다.

일본에 이어 EU도 15% 자동차 관세에 합의하자 국내 완성차 업계는 비상이 걸렸다. 한국 차는 동급 유럽·일본 차보다 평균 5% 안팎 싼 가격 경쟁력을 무기로 삼아왔지만, 관세가 역전되면 경쟁력이 빠르게 약화할 수 있어서다. 지난해 미국 수입차 시장은 한국(143만 대), 일본(137만 대), EU(75만8000대)가 3강 체제를 형성했다.

현대차 아반떼(미국명 엘란트라)는 미국 현지 판매가가 2만2125달러로 경쟁 모델인 폭스바겐 제타(2만2995달러)보다 3.9% 저렴하다. 그러나 EU산 차량의 관세가 더 낮아지면 가격 경쟁력이 흔들릴 수 있다. 고급 차 시장도 마찬가지다. 허정 국제통상학회장은 “EU는 동유럽 제조 기반을 앞세워 대미 수출을 빠르게 늘리고 있다”며 “관세 구조가 고착되면 ‘차이나 쇼크’에 준하는 ‘EU 쇼크’가 현실화할 수 있다”고 우려했다.

김우섭/하지은/김리안/김보형 기자 duter@hankyung.com"
https://www.hankyung.com/article/2025051152551,"▶마켓인사이트 5월 11일 오전 9시 46분

국세청이 글로벌 사모펀드(PEF) 운용사들의 한국 사무소를 대상으로 전방위 세무조사를 준비하고 있다. PEF 운용사들이 한국에서 진행한 인수합병(M&A) 딜로 막대한 차익을 거두면서도 정작 국내에는 세금을 내지 않는 문제를 바로잡겠다는 취지다.
이미지 크게보기
투자은행(IB)업계에 따르면 국세청은 글로벌 PEF 운용사들이 한국에서 벌어들인 소득에 과세하는 방안을 최근 중점 과제로 삼았다. 국세청은 올초 어피너티 등 일부 해외 PEF의 한국 사무소에 대한 집중 조사에 들어간 상태다.

ADVERTISEMENT
그동안 해외 PEF 운용사에 대한 국내 과세의 쟁점은 한국 사무소를 본사의 고정사업장으로 인정할 수 있는지였다. 법원은 외국 법인이 국내에 고정된 장소에서 투자와 관련한 중요한 의사결정을 내리거나 종속 대리인을 두고 의사결정을 지시하는 고정사업장을 두고 있을 때 한국 내 과세가 가능하다고 판단해왔다.

국세청은 과거 외환은행에 투자해 대규모 수익을 거둔 론스타와, OB맥주로 대박을 낸 KKR·어피너티가 한국에 고정사업장을 둔 채 중요한 의사결정을 내린 것으로 봐 과세한 적이 있다. 하지만 대법원과 조세심판원이 한국 사무소 역할을 ‘예비적·보조적 활동’에 그친 것으로 판단해 국세청이 패소했다. 해외 PEF의 한국 사무소를 고정사업장으로 인정하지 않았던 것이다.

고정사업장 적용만 피하면 손쉽게 면세 적용을 받은 사례는 더 많다. KKR이 1조원대 차익을 거둔 KCFT(현 SK넥실리스) 딜도 대표적 사례 중 하나다. 외형적으론 KKR 아시아 3호 펀드가 미국 델라웨어주에 설립한 특수목적회사(SPC, 판테라홀딩스)를 통한 거래였기 때문이다. KKR은 한국 사무소를 소액의 수수료만 수령하는 구조로 만들어 국내 과세를 피했다. 한 글로벌 PEF 관계자는 “거래 발굴부터 협상, 가격 산정 등 모든 절차를 한국 내 법률사무소에서 맡은 뒤 화상회의를 통해 조세회피처에 있는 해외 인력이 동시에 사인만 한 경우도 있었다”고 귀띔했다.

ADVERTISEMENT
국세청이 해외 PEF를 겨냥해 새롭게 꺼내 든 무기는 ‘이전 가격 과세’다. 해외 PEF 본사와 국내 법인 간 거래 때 적용된 이전 가격을 ‘정상 가격’과 비교한 뒤 차이가 나면 세무조정을 통해 과세소득을 산출하는 방식이다.

PEF가 한국에서 벌어들인 소득을 해외 SPC 등 본사에서 전부 인식하고, 국내엔 ‘자문 비용’만 지급할 때 국세청이 이전 가격을 과소평가했다고 보겠다는 얘기다. 실무적으론 한국 지점에 운용사의 모든 소득을 귀속한 후 해외 본사의 역할에 따라 차감하는 방법, 또는 한국 지점과 해외 본사가 거래에 기여한 비율, 인력 투입 비중, 의사 결정 방식 등을 감안해 이익을 배분하는 방법을 쓰기로 했다.

글로벌 PEF 운용사와 한국 사무소가 특수관계라는 점만 입증하면 되기 때문에 고정사업장 방식보다 입증 방법이 쉽다는 설명이다. 해외 본사가 한국 사무소 지분을 보유하거나, 지분이 없더라도 본사 없이는 존속이 불가능한 점을 증명하면 특수관계인으로 판단될 수 있어서다.

ADVERTISEMENT
한국 사무소에 대한 국내 과세가 인정되면 해외 PEF 파트너들의 성과보수에도 과세할 방법이 열릴 것이란 게 업계 관측이다. PEF의 핵심 파트너들은 한국에서 단행한 거래로 막대한 보수를 받아도 세금 부담을 회피할 수 있었다. 성과보수를 해외에서 수령하면 국세청의 눈을 피할 수 있었기 때문이다. 이전 가격 과세를 적용하면 국세청이 성과보수 분배 체계를 들여다볼 수 있어 과세가 용이해질 것이란 평가가 나온다.

차준호 기자 chacha@hankyung.com"
https://www.hankyung.com/article/2025072872111,"수입 콩을 쓰는 경기 고양시의 한 두부 제조업체는 조만간 공장 가동을 멈춰야 할 상황에 놓였다. 정부가 국산 콩 사용을 장려한다며 올해 콩 수입량을 줄여 원료를 조달하기 힘들어졌기 때문이다. 이 회사 대표는 “국산 콩은 수입 콩보다 세 배 정도 비싸 두부 원료로 쓰기 어렵다”며 “수입 콩 쿼터를 작년 수준으로 유지해야 공장을 돌릴 수 있다”고 했다.

두부와 된장 등의 원료로 쓰이는 수입 콩(대두) 공급량이 대폭 줄면서 ‘두부 대란’이 일 것이라는 우려가 나온다. 28일 농림축산식품부 등에 따르면 올해 초 고시한 수입 콩 공급량은 지난해와 비슷한 28만1360t이었으나, 최근 정부 계획이 변경돼 올해 콩 수입량이 전년보다 13%(3만5179t) 줄었다.

ADVERTISEMENT
정부는 부족분을 국산 콩으로 채울 방침이다. 농식품부가 한국농수산식품유통공사(aT)를 통해 수매한 국산 콩 물량은 최근 3개년간 8만6000여t이다.

수입 콩을 원료로 쓰는 식품 제조사에는 비상이 걸렸다. 국산 콩 가격이 세 배 이상 비싸 수입 콩을 대체하는 게 사실상 불가능해서다. 박원태 한국연식품협동조합연합회 전무는 “콩 수입량이 감소한 만큼 9~10월부터 두부나 장류 제조에 어려움을 겪게 될 것”이라고 우려했다.

이정선 중기선임기자 leeway@hankyung.com"
https://www.hankyung.com/article/202507212212i,"사진=연합뉴스
외국인 투자자의 국내 주식 매수세가 강하게 나타나면서 원·달러 환율이 하락(원화 가치는 상승)했다. 3거래일 간 이어진 환율 상승세가 하락으로 전환하면서 환율이 1380원대로 내려섰다.

21일 서울 외환시장에서 원·달러 환율(오후 3시 30분 기준)은 전 거래일보다 4원80전 내린 1388원20전에 주간 거래를 마쳤다. 지난 16일부터 이어진 환율 상승세가 모처럼 꺾였다. 1390원 밑으로 내려온 것은 3거래일만이다.

ADVERTISEMENT
이날 환율은 90전 내린 1392원10전으로 출발한 뒤 1390원대에서 등락하다가 오후에 1380원대로 밀렸다.

최근 환율이 1390원대로 오르면서 시장 경계감이 높아진 가운데 국내 증시에서 외국인 매수세가 나타난 것이 환율 하락압력으로 작용했다는 분석이다. 외국인은 이날 유가증권시장에서 약 8934억원을 순매수했다. 이날 코스피는 전일보다 22.74포인트(0.71%) 오른 3,210.81로 장을 마쳤다.

달러 가치는 소폭 하락했다. 주요 6개국 통화 대비 달러 가치를 나타내는 달러인덱스는 전 거래일보다 0.24% 내린 98.306이다.

ADVERTISEMENT
엔화는 강세를 보였다. 일본 여당이 지난 20일 치러진 참의원 선거에서 과반 의석수 확보에 실패했지만 시장이 선거 결과를 선반영한 것으로 풀이된다.

이날 오후 3시 30분 기준 원·엔 재정환율은 100엔당 937원94전으로, 전 거래일 오후 3시 30분 기준가인 936원38전보다 1원56전 상승했다. 엔·달러 환율은 0.53% 내린 147.98엔이다.

강진규 기자 josep@hankyung.com"
https://www.hankyung.com/article/2025072126921,"더불어민주당이 노동조합법 개정안(노란봉투법) 입법에 속도를 내고 있지만 핵심 내용이 여전히 안갯속이어서 노사 모두의 불만을 사고 있다. 여당 내에서조차 견해차가 큰 데다 경영계의 걱정, 노동계의 불신이 복잡하게 얽혀 ‘졸속 입법’ 우려가 커지고 있다.

21일 정치권과 노동계 등에 따르면 여권 내에서는 빠르면 8월, 늦어도 연내에는 노조법 개정안을 처리한다는 데 공감대가 형성됐다. 다만 야당 때 발의한 기존 법안 대신 산업 현장 현실을 반영한 새로운 종합안을 마련하는 과정에서 구체적 내용을 두고 ‘물밑 작업’이 분주하다.

ADVERTISEMENT
핵심 쟁점은 사용자 개념을 하청 근로자에게 ‘실질적 지배력’을 행사하는 원청으로 확대해 하청 노조가 원청과 직접 교섭할 수 있는 길을 열어주는 노조법 2조 개정안이다. 여당 내에서 ‘실질적 지배력’의 개념을 제한해 법안 효력을 줄이는 방안, 하청 노조가 교섭을 요구할 수 있는 사항을 시행령에 위임하는 방안 등이 거론되는 것으로 알려졌다. 입법 이후 시행 시기를 유예하는 방안도 유력하다. 중대재해처벌법처럼 유예 기간을 두고 후속 시행령 등을 정비해 충격을 완화할 시간을 주는 절충책이다.

이 과정에서 최근 여당 환경노동위원회 소속 의원들이 한국경영자총협회 등 경제단체들을 만나 의견 수렴에 나서자 노동계는 “법안이 후퇴하는 것 아니냐”며 불신을 드러내고 있다. 노동계 일각에서 “교섭 대상에서 임금이 빠질 수 있다”는 말도 나온다. 여당 관계자는 “사실무근”이라면서도 “다양한 의견이 오가고 있다”고 했다.

경영계도 불안해하고 있다. 사회적 파급효과가 큰 정책인데 누가 입법을 주도하는지도 분명치 않다는 점에서다. 특히 불법 파업을 조장할 것으로 우려되는 노조법 3조 개정안은 원안대로 통과할 가능성이 높다는 점도 걱정거리다. 대법원이 현대자동차 사업장을 불법 점거한 노조원에 대해 손해배상 책임을 각각 다르게 물어야 한다고 2023년 판결했는데, 이 판례를 준용해 입법화하는 방안이 유력한 것으로 전해졌다. 경영계는 이 경우 불법 파업 노조원에게 손해배상을 청구하기가 매우 까다로울 것으로 우려하고 있다.

ADVERTISEMENT
8월 초로 전망되던 법안 통과 시기도 불투명하다. 민주당 핵심 인사는 “(기업에 부담을 주는) 상법 개정안을 처리한 뒤 곧바로 노란봉투법을 추진하는 데는 정치적 부담이 있다”며 “노사 양측의 입장을 충분히 수렴할 시간이 필요하다”고 말했다.

곽용희/강현우 기자 kyh@hankyung.com"
https://www.hankyung.com/article/2025071627421,"< 대북관 놓고 ‘공방’ > 김영훈 고용노동부 장관 후보자가 16일 국회 환경노동위원회에서 열린 인사청문회에서 의원 질의에 답변하고 있다. /연합뉴스
김영훈 고용노동부 장관 후보자가 16일 장관 부임 즉시 당정 협의를 통해 노동조합법 2·3조 개정안(노란봉투법) 입법에 속도를 내겠다고 밝혔다. 이 법안을 “대화 촉진법이자 격차 해소법”이라고 표현했다. 법정 정년 연장도 연내 법 개정을 마무리하겠다고 밝히는 등 이재명 정부의 친노동 정책에 시동이 걸릴 것으로 전망된다. 경영계는 노란봉투법이 시행되면 산업 생태계가 붕괴하고 불법 파업이 증가할 것으로 우려하고 있다. 임금체계 개편 없는 정년 연장은 청년 일자리 감소로 이어질 것이란 지적이다.

◇“노란봉투법 당정 협의 즉시 추진”
김 후보자는 이날 국회에서 열린 인사청문회에서 첫머리발언을 통해 “친노동은 반기업이라는 낡은 프레임을 극복하겠다”며 “친노동이 친기업이 되고 협력과 참여의 노사 관계가 국가의 새로운 성장동력이 될 수 있다는 것을 이재명 정부의 고용노동 정책으로 입증하도록 하겠다”고 말했다.

ADVERTISEMENT
노조법 2·3조 개정안과 관련해선 “노란봉투법은 대화 자체가 불법이 되고 천문학적인 손해배상과 극한투쟁의 악순환을 끊는 대화 촉진법이고 격차 해소법이라고 생각한다”고 밝혔다. 노란봉투법은 하청노조에 원청에 대한 교섭권을 부여하고 기업의 불법파업에 대한 손해배상 청구를 제한하는 게 골자다. 윤석열 정부 때 두 차례 국회 본회의를 통과했지만 윤석열 전 대통령의 거부권 행사로 폐기됐다.

박정 더불어민주당 의원이 “노조법 개정을 최우선 과제로 삼아야 하는데 복안이 있느냐”고 묻자 김 후보자는 “장관이 되면 곧바로 당정 협의 등을 통해 개혁 입법이 추진되도록 노력하겠다”고 답했다. 그는 또 “원·하청 교섭을 통해 하청노동자 처우와 협력 업체 생산성이 동반 개선된다면 원청의 최종 생산물 품질 향상으로 이어질 것”이라고 덧붙였다.

산업 현장에 혼란이 가중될 것이란 우려를 두고서는 “기업의 우려가 크다는 것을 잘 알고 있다”면서도 “현장 안착을 위해 여러 방안을 고민하고 우려를 최소화할 방법을 찾아보겠다”고 했다. 이에 우재준 국민의힘 의원은 “노란봉투법은 불법파업 손해배상을 면제·경감해주는 내용”이라며 “국무위원이 불법을 조장하는 행동을 해서는 안 된다”고 비판했다.

ADVERTISEMENT
◇“정년연장 연내 법 개정”
법정 정년 연장에 대해 김 후보자는 “반드시 올해 안에 개정 작업이 마무리돼야 한다”고 거듭 강조했다. 그러면서 “대기업, 공공 부문만 정년이 연장되고 중소기업에서는 미스매칭이 발생하지 않도록 하고 청년이 선호하는 직업의 기회가 적어진다는 청년들의 요구도 잘 살피겠다”고 밝혔다. 주 4.5일제 도입과 관련해서도 “가능한 곳부터 시범사업을 진행하겠다”며 “자칫 양극화를 심화해 영세 노동자와의 격차가 벌어지지 않도록 지원하면서 자율적으로 안착시키는 게 중요하다”고 말했다.

한편 이날 청문회에서는 김 후보자의 대북관을 놓고 여야 간 날 선 공방이 벌어졌다. 조지연 국민의힘 의원이 “대한민국의 주적은 누구인가”라고 질의하자 “북한은 주적이 아니다”고 답하면서 논란이 됐다. 국민의힘 의원들이 거세게 반발하며 집단 퇴장했지만 오후 속개된 회의에서 김 후보자가 “김정은이 주적”이라고 밝히면서 마무리됐다.

곽용희/강현우 기자 kyh@hankyung.com"
https://www.hankyung.com/article/202507263699i,"사진=게티이미지뱅크
운수회사 소속 운전기사가 여성 동료 버스 기사에게 수년에 걸쳐 일방적으로 애정 표현을 한 행위는 성희롱이자 직장 내 괴롭힘에 해당하므로 해고 사유가 된다는 법원 판결이 나왔다. 비록 직장 동료지만 2년 선배인데다 남성 직원이 다수인 특성 등은 '직장내괴롭힘'이 인정되는 근거가 됐다.

26일 법조계에 따르면, 서울행정법원 제14부는 지난 17일 A운수회사가 중앙노동위원회 위원장을 상대로 낸 부당해고구제 재심 판정 취소 소송에서 원고 승소로 판결했다.

ADVERTISEMENT
A회사 소속 남성 운전승무원 B씨는 2019년부터 3세 연하의 여성 동료 C씨에게 선물을 주거나 전화를 하는 등 일방적으로 호감을 표현해왔다. C씨는 선물이나 식사 제안 등을 여러 차례 거절했고, 2020년 5월에는 명시적으로 거절 의사를 밝혔다. 회사의 다른 동료들도 자제를 요청했지만, B씨의 접근은 계속됐다.

B씨는 피해자인 C씨가 운행 중인 버스에 1시간 동안 탑승한 뒤 마지막 손님이 내리자 앞쪽 좌석으로 이동하기도 했다. 공포감을 느낀 C씨가 회사에 고충을 호소하자, 회사는 근무조를 변경해 두 사람을 분리하는 조치를 취했지만, B씨는 이러한 행동을 멈추지 않았다.

결국 피해자는 2023년 6월 22일 직장 내 성희롱 및 괴롭힘 피해를 고충처리 절차를 통해 신고했다. 이에 따라 A사는 같은 해 9월 징계위원회를 열고 B씨에 대한 해고를 의결했다. 회사는 △직장 내 성희롱 △직장 내 괴롭힘 △정당한 업무 지시 불이행 △동료 직원에 대한 폭행·협박 등을 징계 사유로 삼았다.

ADVERTISEMENT
B씨는 해고가 부당하다며 지방노동위원회에 구제를 신청했다. 초심에서는 해고가 정당하다고 판단했으나, 중앙노동위원회는 “직장 내 성희롱만 인정될 뿐, 나머지 징계 사유는 인정되지 않는다”며 구제 신청을 받아들였다. 이에 A사는 중앙노동위를 상대로 소송을 제기했다.

서울행정법원은 판결에서 “초기 단계에서 이루어진 선물 제공, 연락 등은 애정 표현의 정도가 낮고 직장 동료 간의 일상적인 친밀감 표현으로 볼 여지가 있다”면서도 “명시적인 거절 또는 불편함의 표시가 있었던 이후에도 이러한 행동이 반복되어 피해자에게 상당한 정신적 고통을 초래했다면, 이는 직장 내 성희롱에 해당한다”고 판단했다.

또한 재판부는 중앙노동위와 달리 B씨의 행위가 직장 내 괴롭힘에 해당한다고도 봤다. 재판부는 “직장 내 괴롭힘의 ‘관계의 우위성’은 직급의 고하와 무관하게 사실상의 우위만으로도 인정될 수 있다”며 “피해자가 여러 차례 경고했음에도 비위행위가 반복됐고, 피해자가 문제를 공론화하자 동료들에게 피해자를 비난하는 발언을 하거나, 사귄다는 소문이 돌게 되는 등 사실상 우위적 지위를 이용한 지속적인 괴롭힘으로 볼 수 있다”고 판단했다.

ADVERTISEMENT
또한 재판부는 B씨가 ‘스토킹범죄의 처벌 등에 관한 법률’ 위반으로 벌금 200만 원의 약식명령을 받은 사실도 판단의 근거로 삼았다. 법원은 “직장 질서 유지를 위해 더 이상 고용관계를 유지할 수 없다는 회사의 판단은 정당하다”고 판시했다.

곽용희 기자 kyh@hankyung.com"
https://www.hankyung.com/article/2025071123197,"사진=한경DB
A씨는 어렵게 구한 한정판 운동화 여러 켤레를 크림, 솔드아웃, 당근을 비롯한 ‘리셀(되팔기) 플랫폼’에서 재판매했다. 구매가격에 비해 10배나 비싸게 팔아 수억 원의 판매 차익을 얻었다. 하지만 사업자 등록을 하지 않은 것은 물론 부가가치세도 신고하지 않았다. 하지만 국세청은 A씨를 부가세 신고대상자로 확인하고 세금을 징수했다. 여기에 신고를 누락하면서 20%에 달하는 가산세도 물어야 했다.

어려운 소상공인…부가세 납부 시점 2달 연장
12일 국세청에 따르면 올해 1기 부가세 확정신고 대상자가 679만명(법인 포함)에 달했다. 지난해 1기 대상자보다 8만명 늘었다. 세부적으로 개인 일반 과세자는 3만명 늘어난 546만명, 법인사업자는 5만개 늘어난 133만개로 집계됐다. 이들은 오는 25일까지 부가세를 신고·납부해야 한다.

ADVERTISEMENT
부가세는 재화·용역에 생성되는 부가가치(마진)에 붙는 국세다. 재화·용역 공급가액의 10%로 매겨진다. 통상 영수증 등에 VAT로 표기된다. 개인사업자는 매년 7월(1기와)과 이듬해 1월(2기)에 두 차례 부가세를 신고 및 납부한다.

국세청은 신고 편의를 위해 홈택스(PC)에서 미리채움 서비스를 제공한다. 사업실적이 없으면 모바일 홈택스나 자동응답시스템으로도 신고할 수 있다. 부가세 환급금은 다음 달 14일까지 지급된다. 수출·중소기업 등이 조기 환급을 신청하면 다음 달 4일까지 환급금을 앞당겨 지급한다.

국세청은 내수 부진 등으로 경영상 어려움을 겪고 있는 소상공인·중소기업 등 사업자의 경우 납부 기한을 사업자 신청 없이 9월 25일까지 두 달 연장하기로 했다.

ADVERTISEMENT
연장 대상자는 건설·제조업 및 음식·숙박·소매업을 영위하는 사업자다. 이 가운데 작년 하반기(2024년 7월 1일~12월 31일) 매출이 전년 동기 대비 30% 넘게 감소한 경우다. 여기에 해당하는 사업자는 40만명에 달했다. 수출기업 세정 지원 대상자로 전년 동기 대비 매출이 많이 감소한 사업자 1만8000명도 대상이다. 국세청 관계자는 “이밖에 경영상 어려움을 겪는 사업자가 납부 기한 연장을 신청하면 법에 정해진 기한 내에서 최대한 지원할 것”이라고 설명했다.

국세청은 미국 관세 정책의 피해를 본 수출기업을 돕기 위해 부가세 환급금도 조기 지급할 계획이다. 통상환경 변화로 인해 피해를 본 수출기업을 비롯한 세정지원대상자가 신고 기한 내 환급을 신청(첨부서류 포함)하면 조기환급의 경우 다음 달 4일까지, 일반환급은 다음 달 14일까지 세금을 돌려받을 수 있다.

크리에이터 부가세 신고 주의보
국세청은 부가세 신고 실수를 줄이기 위한 성실신고 도움 자료를 370만명에게 제공한다. 지난해(1기 기준 124만명)보다 제공 대상이 3배가량 늘었다. 이번 도움 자료에는 수입품 등을 사회관계망서비스(SNS)를 통해 판매하는 개인사업자 등에 대한 부가세 안내 내용을 담았다.

ADVERTISEMENT
예컨대 B씨 본인과 배우자 명의로 해외 쇼핑몰에서 사들인 제품을 ‘라벨 갈이’(외국산 물품을 수입한 뒤 라벨을 바꿔 국산으로 가장하는 것)해 SNS 등에서 판매했다. 현행 세법에 따르면 이처럼 해외제품을 계속·반복적으로 판매하는 경우 부가세 납세 의무가 발생한 것으로 보고 있다. 하지만 B씨는 이 같은 판매 실적에 대해 신고하지 않으면서 부가세 수천만원어치를 탈루한 것으로 확인됐다.

당근을 비롯한 국내 중고 플랫폼을 활용해 계속·반복적으로 제품을 판매해 이익을 얻는 경우도 부가세 납세 의무가 부과된다. 예컨대 C씨는 모친 이름으로 중고플랫폼에 판매자로 등록해 명품 시계·가방 등 수백개 제품을 판매해 수억 원을 벌었다. 국세청은 C씨를 부가세 과세 대상인 사업자로 확인하고 명품 등의 판매에 대해 부가가치세 수천만 원을 추징했다. 국세청 관계자는 “SNS·플랫폼 판매 매출을 누락하는 탈루사례가 적잖다”며 “성실신고가 최선의 절세”라고 말했다.

김익환 기자"
https://www.hankyung.com/article/2025070732351,"< 선적 대기 중인 수출용 차량 > 7일 경기 평택항 터미널에서 대기 중인 수출용 자동차. 정부는 미국 정부가 중국을 겨냥해 추진 중인 자동차 운반선 항만 입항료 조치에서 한국을 제외해 달라고 요청한 것으로 알려졌다. 뉴스1
미국 정부가 9일로 예고한 상호관세 부과 일정을 다음달 1일까지로 사실상 연장했다. 우리 정부는 일단 미국과의 협상 시한을 3주일가량 더 확보한 것으로 보고 있지만 향후 협상 결과에 대해선 불확실성이 여전히 높다고 우려하고 있다.

도널드 트럼프 대통령은 6일(현지시간) 미국 뉴저지주에서 워싱턴DC로 돌아오는 전용기에 탑승하기 전 기자들과 만나 “월요일(7일)부터 관세율을 담은 서한을 순차 발송할 예정”이라고 밝혔다. 서한 발송 대상국과 관련해선 “12개국 혹은 15개국이 될 수 있다”고 밝혔다. 트럼프 대통령 옆에 있던 하워드 러트닉 상무장관은 “관세는 8월 1일부터 발효될 것”이라며 “대통령은 지금 당장 관세율과 합의를 설정하고 있다”고 부연했다.

ADVERTISEMENT
트럼프 대통령이 다시금 ‘서한 발송’을 언급한 것은 협상 상대국을 압박하기 위한 전략으로 분석됐다. ‘서한 발송’ ‘8월 1일 부과’라는 발언 내용을 종합해볼 때 문서를 받는 협상 대상국에는 ‘3주의 시한’을 더 주겠다는 메시지를 던진 것으로 풀이했다. 미국으로선 마감일이 다가옴에도 영국과 베트남 이후 협상 타결 국가가 나오지 않은 데다 주요 상대인 유럽연합(EU) 및 일본과의 협상도 진전되지 않자 종료 시점을 연장할 필요성이 커졌다는 분석이다.

통상 전문가들은 트럼프 대통령의 서한을 받을 ‘12~15개국’이 미국이 중요시하는 무역 상대국일 가능성이 높고, 한국이 포함됐을 가능성도 크다고 전망했다. 정부 관계자는 “현재로선 (서한을 받는 나라가) 미국의 중요한 협상 상대로 보인다”고 밝혔다. 한국은 지난 4월 트럼프 대통령에게서 10%의 기본관세율에 16%포인트를 더한 26%의 상호관세율을 통보받았다.

정부는 관세율을 낮추기 위해 막판까지 미국과 협상을 벌이고 있지만 불확실성이 여전히 크다고 설명했다. 미국 고위 관계자들이 ‘8월 1일’이 협상 연장이나 새로운 상호관세 시한을 의미하는지에 확답을 피하고 있어서다. 스콧 베선트 미 재무장관은 관련 질문에 “(8월 1일은 관세 협상의) 새 마감일이 아니라 단지 그날부터 적용된다는 것”이라면서도 “(각국이) 서둘러 협상을 마치고 싶으면 그렇게 하면 되고, 아니면 원래의 고율 관세로 돌아가는 것도 선택”이라고 했다. 만일 서한을 받을 국가만 유예해줄 때 나머지 40여 개 국가엔 당장 상호관세를 부과할지 말지, 이미 상호관세율을 확정해 발표한 행정명령을 어떻게 수정할지도 알 수 없다. 정부의 또 다른 관계자는 “미국 측으로부터 받은 정식 문건이 아직 없어 9일 즉시 상호 부과 가능성, 기한 연장 등 모든 변수를 예의 주시하고 있다”고 설명했다.

ADVERTISEMENT
미국을 방문 중인 여한구 산업통상자원부 통상교섭본부장은 귀국 일정을 확정 짓지 않고 러트닉 장관과 협상할 계획인 것으로 알려졌다.

김대훈/김리안 기자 daepun@hankyung.com"
https://www.hankyung.com/article/2025071862357,"사진=연합뉴스
대법원이 헌법기관 최초로 실시한 중증장애인 경력경쟁채용시험에서 5명이 최종 합격했다.

대법원 소속 법원행정처는 18일 '중증장애인 시간제 일반임기제 공무원 경력경쟁채용시험' 최종 합격자 5명을 대한민국 법원 시험정보 홈페이지를 통해 발표했다고 밝혔다.

ADVERTISEMENT
합격자들은 오는 8월 20∼22일 법원공무원교육원에서 신규임용 후보자 교육을 이수하고 9월 1일자로 임용될 예정이다.

이들은 임용 후 법원행정처, 서울중앙지법, 서울서부지법, 춘천지법, 울산지법 등에서 법원전시관 업무, 등기무인발급 업무, 도서실 업무 등을 담당하게 된다.

법원행정처는 ""합격자들을 대상으로 직무능력 및 공직 적응도 향상을 위한 교육을 실시하고 부서 배치 시 업무에 필요한 편의를 제공하는 등 직무수행에 어려움이 없도록 지원할 계획""이라고 했다.

ADVERTISEMENT

홍민성 한경닷컴 기자 mshong@hankyung.com"
https://www.hankyung.com/article/2025060189501,"6월은 해외 보유 자산을 신고하는 달이다. 한국에 주소를 둔 거주자나 국내 지점이 있는 내국법인은 해외금융계좌의 금융자산을 신고해야 한다. 모든 계좌의 합산 금액이 5억원을 넘으면 신고 대상이다. 현금, 주식뿐 아니라 코인도 보고해야 한다.
이미지 크게보기
Getty Images Bank


◇총 5억원 넘는 해외 자산 신고해야
1일 국세청에 따르면 지난해 12월 31일 기준 거주자 및 내국법인은 해외 금융회사에 개설한 모든 해외금융계좌 내 현금, 주식, 채권, 집합투자증권(펀드), 보험, 파생상품, 가상자산 등을 이달 30일까지 신고해야 한다. 해외 금융회사는 국외에 있는 금융회사, 가상자산사업자 등을 말한다. 한국 은행, 증권회사, 가상자산거래소의 해외 지점은 포함되지만 외국 금융회사가 설립한 국내 지점은 대상이 아니다.

ADVERTISEMENT
거주자란 국내에 주소를 두거나 국내에서 183일 이상 거주한 개인을 말한다. 내국법인은 국내에 본점, 주사무소 또는 사업의 실질적 관리장소를 둔 법인이다. 이때 내국법인의 해외지점도 내국법인의 일부로 보기 때문에 해외지점 계좌를 신고해야 한다. 거주자와 내국법인이 보유한 해외금융계좌 잔액이 2024년 매월 말일 중 어느 하루라도 5억원을 넘겼다면 신고 대상이 된다.

◇해외금융계좌 잔액 총 64조9000억원
A계좌(예금), B계좌(가상자산), C계좌(보험), D계좌(채권)를 보유한 거주자를 가정해 보자. 원래 해당 계좌엔 1억원씩 잔액이 있어 지난해 1~4월까지 총잔액은 4억원이었다. 그런데 5월 31일 가상자산 잔액이 1억원 더 늘어 A계좌 1억원, B계좌 2억원, C계좌 1억원, D계좌 1억원으로 총 5억원이 됐다면 모든 계좌가 신고 대상이 된다. 9월 들어 C계좌나 D계좌를 해지했다고 하더라도 매월 말일 중 하루라도 5억원을 넘겼기 때문에 A~D계좌 모두 이번달 신고해야 한다.

미국 프랑스 일본 등 주요 선진국은 해외로 유출된 자본을 회수하고 해외 탈루 세원을 회복하겠다는 취지로 해외금융계좌 등의 신고 제도를 시행하고 있다. 한국도 동일한 취지로 2011년 해외금융계좌 신고 제도를 도입했다. 2019년 신고 기준금액이 10억원에서 5억원으로 낮아졌다. 2023년부터는 가상자산계좌도 신고 대상에 포함했다.

ADVERTISEMENT
지난해 기준 해외금융계좌 잔액은 총 64조9000억원에 달했다. 이 중 주식이 23조6000억원으로 가장 많았고, 예·적금(20조6000억원), 가상자산(10조4000억원) 등이 뒤를 이었다. 국세청은 올해 5억원 초과 해외금융계좌를 보유할 가능성이 있는 납세자가 1만4000명에 이르는 것으로 보고 이들에게 모바일과 우편으로 신고 안내문을 발송했다.

◇국제기관 근무자도 신고 의무 면제
신고 의무 면제자도 있다. 해외금융계좌를 보유한 거주자나 내국법인이라고 하더라도 외국인 거주자와 재외국민으로 분류되는 때는 신고 의무가 없다. 올해 기준 외국인 거주자는 신고 대상 연도(2025년) 종료일 10년 전인 2015년 1월 1일부터 2024년 12월 31일까지 국내에 주소를 두고 산 기간이 5년 이하인 사람이다. 재외국민은 해외에 거주 중인 한국 국적자로 신고 대상 연도 종료일 1년 전인 2024년 1월 1일부터 2024년 12월 31일까지 국내에 거주한 기간이 183일 이하여야 한다. 미국 영주권자는 기본적으로 한국 거주자에 해당하면 신고 의무가 있다.

국제기관 근무자도 신고 의무 면제자다. 외국 정부, 국제연합, 한국과 다른 국가 간 국제적 합의로 설립된 기관에 근무하는 사람 중에서 대한민국 국민이 아니고, 소득세법에 따라 비과세를 적용받는 사람이라면 해외금융계좌를 신고할 필요가 없다.

남정민 기자 peux@hankyung.com"
https://www.hankyung.com/article/2025052667171,"지난주 한·미 관세 협상에서 미국 정부가 국가별 무역장벽 보고서(NTE 보고서)를 통해 제기한 30개월 이상 미국산 소고기 수입 규제 등 ‘비관세 장벽’ 문제를 해소해 달라고 요청한 것으로 알려졌다. 한국 대표단은 한·미 간 자유무역협정(FTA)이 체결된 상황을 고려해 상호·품목 관세를 모두 없애야 한다고 미국 측에 요구했다.

통상당국 고위 관계자는 26일 정부세종청사에서 한·미 2차 관세 기술협의 결과와 관련한 브리핑을 열어 “미 대표단이 미국무역대표부(USTR) 2025년 NTE 보고서에서 미국 이해 관계자들이 제시한 사항을 중심으로 (문제를) 제기했다”며 “처음으로 미국 측이 구체적으로 요구사항을 전달해왔다”고 설명했다.

ADVERTISEMENT
이 관계자는 “균형 무역, 비관세 조치, 디지털 교역, 경제 안보, 원산지, 상업적 보호 등 6개 분야에 관해 집중 토의했다”며 “각 분야로 미국의 관심을 파악하고, 한국 의견을 제시하는 형식이었다”고 했다.

산업통상자원부를 필두로 한 정부 대표단은 지난 20일부터 미 워싱턴DC에서 미국 측과 사흘 동안 한·미 2차 관세 기술협의를 했다. USTR은 3월 NTE 연례 보고서에서 한국의 농산물 검역과 농생명공학 규제, 수입차 배출가스 기준, 망 사용료 및 구글 지도 반출, 약값 책정 방식 등 사안에 문제를 제기했다.

정부는 이날 구체적 협상 내용을 밝히지 않았지만, 업계는 미국 측이 ‘미국산 소고기 30개월 월령 제한’ 규제 완화를 처음으로 요구한 것으로 보고 있다. 한국 정부는 현재 농산물 검역제도를 통해 광우병 발병 위험이 낮은 30개월 미만 미국산 소고기만 수입을 허용하고 있다.

ADVERTISEMENT
통상 전문가들은 미국 측이 해양수산부·고용노동부엔 염전 노예 문제를, 금융위원회엔 금융 분야 개인정보 이전 제한 문제를 거론했을 것으로 추정했다. 통상당국 고위 관계자는 “NTE 보고서 가운데 어떤 사례는 올해 처음 나온 게 아니라 수년간 반복된 사항도 있다”며 “이번 미국 측 제기 사항에 관해서는 기존 입장을 바탕으로 우리 입장을 제기했다”고 강조했다.

미국 측은 이번 기술 협의에서 양국 간 ‘균형 무역’을 위한 방안을 제시하라고 요청한 것으로 전해졌다. 통상당국 고위 관계자는 “도널드 트럼프 대통령이 만족할 수 있고, 한·미 간 교역 불균형을 해소하는 방안을 (제시하라고 미국 측이) 반복적으로 이야기했다”고 회의 분위기를 전했다.

김대훈 기자 daepun@hankyung.com"
https://www.hankyung.com/article/2025061332247,"사진=게티이미지뱅크
부모나 친인척 등이 소유한 회사로부터 일감을 받아 이익을 낸 기업·개인은 이달 말까지 증여세를 신고·납부해야 한다. 이들 기업·개인이 이달 말까지 자진 신고할 경우 산출세액의 3%를 공제받는다. 하지만 신고기한까지 신고 납부하지 않을 경우 20%에 달하는 가산세와 납부지연가산세(1일 0.022%)를 물어야 한다.

일감 몰아주기로 영업익 올린 기업 대상
14일 국세청에 따르면 올해 일감몰아주기·일감떼어주기 증여세를 신고·납부해야 할 것으로 예상되는 대상자 2501명과 수혜법인 2202개사에 신고 안내문을 발송했다. 이들 대상자는 오는 이달 30일까지 증여세를 신고·납부해야 한다. 이번 신고·납부 대상은 12월 결산법인 주주다. 3·6·9월 결산법인의 신고·납부 시점은 각 법인세 신고 기한 말일부터 3개월 되는 달이다.

ADVERTISEMENT
일감 몰아주기 증여세는 A회사(일감을 주는 법인)의 지배주주 친족이 운영하는 B회사(일감을 받는 법인)에 일감을 몰아줘 지배주주 본인과 자녀를 비롯한 친족이 얻게 된 간접이익을 증여로 간주해 과세하는 것이다. 지배주주 친족의 범위는 지배주주의 배우자와 4촌 이내 혈족, 3촌 이내 인척 등을 뜻한다.

일감 몰아주기 과세 요건은 세 가지다. 일감 몰아주기로 혜택을 받은 법인(수혜법인)은 세후영업이익이 있어야 한다. 수혜법인(대기업)의 사업연도 매출에서 특수관계법인 관련 매출 비중이 30%를 초과하는 경우다. 다만 중견기업은 매출 40%, 중소기업은 매출 50%를 과세 대상이 된다. 특수관계법인에 대한 매출이 1000억원을 초과하면 20%를 기준으로 삼는다. 여기에 수혜법인의 지배주주·친족의 직·간접 보유지분이 각각 3%(중소·중견기업은 10%)를 초과하면 일감 몰아주기 증여세 신고 대상이다.

일감 몰아주기 증여세는 증여받은 것으로 간주하는 ‘증여의제이익’에 세율을 곱해 산출한다. 이 같은 증여의제이익은 기업의 세후 영업이익에 특수관계법인 거래 비율과 지배주주의 주식보유비율을 곱해서 산정한다. 대기업은 특수관계법인 거래 비율에서 5%(중견기업은 20%, 중소기업은 50%)를, 주식보유비율에서 0%(중견기업은 5%, 중소기업 10%)를 제하고 계산한다. 중소기업의 경우 ‘세후영업이익×(특수관계법인 거래 비율-50%)×(주식보유비율-10%)’을 통해 산출한다. 예컨대 세후영업이익이 60억원이고, 특수관계법인 거래 비율 62.5%, 주식보유비율이 20%이라면 증여의제이익은 7500만원(60억원×12.5%×10%)이다.

ADVERTISEMENT
신고대상자에 모바일·우편 안내문 발송
일감 떼어주기 증여세는 기업이 거래하는 제3자의 거래처나 거래 계약, 거래 품목을 특수관계법인에 넘길 때 해당한다. 예컨대 A회사가 평소 하던 사업 기회를 임대차·입점·대리점 계약 등의 약정으로 A회사 지배주주 가족이 운영하는 B회사에 넘기는 것이다.

일감 떼어주기의 과세 대상은 수혜법인이 지배주주와 특수관계에 있는 법인으로부터 사업 기회를 받고 그 사업 기회를 통해 영업이익을 올린 경우다. 여기에 수혜법인의 지배주주와 그 친족의 주식보유비율 합계가 30% 이상인 경우다. 하지만 특수관계법인이 중소기업이거나 수혜법인으로부터 50% 이상 출자받은 경우는 제외한다.

국세청은 신고·납부 대상자와 법인에 모바일 및 우편 안내문을 발송했다. 제 때 신고할 경우 산출세액의 3%를 공제받지만 신고 기한을 넘길 경우에는 20%의 가산세 등을 물어야 하는 만큼 신고 여부를 꼼꼼하게 확인해야 한다. 국세청은 납세자가 실수로 신고를 누락하는 것을 막기 위해 각 세무서에 일감몰아주기·일감떼어주기 신고안내 및 상담 전담 직원을 지정하고 있다.

ADVERTISEMENT
국세청 관계자는 “신고 대상자이지만 안내문을 받지 못한 경우도 있을 수 있다”며 “세무서와 국세청 홈페이지에 게시된 신고 안내 책자를 바탕으로 신고해달라”고 요청했다.

김익환 기자"
https://www.hankyung.com/article/2025072996951,"구윤철 부총리 겸 기획재정부 장관과 스콧 베선트 미국 재무장관의 31일 ‘막판 통상 협상’에는 환율도 의제에 오를 전망이다. 다만 미국의 통화가치 절상 압박에 대응할 만한 마땅한 카드가 없는 상황이다. 정부는 외환시장 개입 내역 공개 주기를 매 분기에서 매월로 단축하는 방안 등을 제시할 것이란 관측이 나온다.

29일 관계부처에 따르면 외환 정책 실무를 담당하는 정여진 기재부 외화자금과장 등이 통상협상단에 합류하기 위해 30일 미국으로 출국한다. 미국 정부는 무역수지 적자 감축을 위해 무역 상대국의 관세를 올리는 동시에 달러 가치 절하를 유도하고 있다. 한국은 물론 중국 일본 유럽연합(EU) 등 주요 교역 상대국에 달러 대비 자국 통화가치를 높이라고 압박하는 것으로 알려졌다. 미국은 최근 진행한 한·미 환율 협상에서도 한국 측에 원화 절상을 요구한 것으로 알려졌다.

ADVERTISEMENT
미국 재무부는 지난달 4일 발표한 환율보고서에서 한국을 환율 관찰대상국으로 재지정하는 등 압박 수위를 높이고 있다. 한국은 2023년 11월 관찰대상국에서 빠진 뒤 작년 11월 다시 리스트에 포함됐고, 이번에 재지정됐다. 환율보고서를 통해 해외 투자를 위한 국민연금의 달러 매입 전략을 모니터링하고 있다는 신호도 보냈다.

시장 참여자들도 원화가 경제 펀더멘털(기초체력)에 비해 과도하게 절하됐다는 인식을 공유하고 있다. 하지만 대내외 불확실성이 원화 약세의 주요 요인이어서 미국 측에 제시할 마땅한 원화 절상 방안을 찾는 데 어려움을 겪는 것으로 알려졌다. 정부는 이번 협상에서 원·달러 환율 인상을 억제하기 위해 노력해 왔다는 점을 강조할 것으로 보인다. 한국은행이 한 분기 시차를 두고 공개하는 분기별 시장안정조치(외환 거래액) 내역을 월별 공개로 변경하는 방안 등을 협상 카드로 제시할 전망이다.

원·달러 환율은 관세 협상에 대한 불안감에 큰 폭으로 상승했다. 이날 서울 외환시장에서 원·달러 환율의 주간 거래 종가는 전날보다 9원 오른 1391원으로 집계됐다.

김익환 기자 lovepen@hankyung.com"
https://www.hankyung.com/article/2025050653161,"미국 도널드 트럼프 행정부가 대만 정부에 통화 절상 압력을 넣고 있다는 관측이 확산하면서 대만달러화 가치가 이틀간 9% 넘게 급등했다. 미국 정부가 관세협상 과정에서 달러화 약세를 추진할 수 있다는 우려가 더해지면서 원화를 비롯한 아시아 통화 가치가 줄줄이 올랐다.

6일 외환당국에 따르면 지난 5일 대만 외환시장에서 미국 달러화 대비 대만달러 환율은 장중 한때 29.183대만달러까지 떨어졌다. 전 거래일 대비 통화 가치가 4.95% 올랐다. 전 거래일인 2일에도 대만달러 가치는 4.39% 절상됐다. 최근 2거래일간 대만달러 가치 절상폭(9.34%)은 30년 만에 가장 컸다.

ADVERTISEMENT
대만달러화 가치가 급등한 것은 대만 정부가 미국과의 무역 협상 차원에서 대만달러 강세를 용인할 것이라는 전망이 확산한 결과라는 해석이 나온다. 이에 따라 원화(5.45%), 위안화(8.33%), 엔화(1.63%) 등 아시아 통화 도 이틀간 동반 강세를 보였다. 원화는 대만 생명보험사들이 향후 달러화 약세 기조를 헤지하기 위해 역외 원화 차액결제선물환(NDF) 시장에서 달러 선물환을 매도한 결과 절상폭이 커졌다.

블룸버그에 따르면 뉴욕 NDF 시장에서 원·달러 1개월물은 5일 한때 1357원81전까지 떨어졌다. 2일 새벽 야간 외환시장 거래 종가(1401원50전)보다 40원가량 낮은 수준이다.

양진룽 대만 중앙은행 총재는 미국과 환율 협상 전망에 대해 5일 “환율은 미국과의 무역 협상 의제에 포함되지 않았다”고 공식 부인했다.

ADVERTISEMENT
이창용 한국은행 총재는 6일 밀라노 현지 기자간담회에서 아시아 통화 강세와 관련해 “미국이 개별 국가를 상대로 환율 얘기를 하고 있다고 알려진 데다 미·중 간 협상 타결 확률이 높아졌기 때문”이라며 “어느 순간 확 바뀌면 환율이 다시 오를 것”이라고 예상했다.

뉴욕=박신영 특파원/정영효 기자 nyusos@hankyung.com"
https://www.hankyung.com/article/2025060690367,"사진=게티이미지뱅크
국세청은 매년 5월 종합소득세 신고 시즌을 맞아 전국의 고소득 자영업자들에게 ‘성실신고 확인제도’를 안내한다. 신고 대상자는 이번 달 말까지 세무 대리인을 통해 종합소득세가 적정한 지 여부를 신고해야 한다.

세무조사 위험 낮춘다
7일 국세청에 따르면 성실신고 확인제도는 일정 규모 이상의 개인사업자가 세금 신고를 할 때 세무 대리인(세무사, 공인회계사 등)을 통해 종합소득세 신고 내용이 적정한지를 한 번 더 점검받도록 하는 제도다. 이 확인서를 종합소득세 신고서와 함께 제출해야 신고가 완료된다. 세무 대리인은 세금 계산이 정확했는지, 누락된 수입은 없는지, 비용을 과다하게 계산하지 않았는지 등을 확인해야 한다.

ADVERTISEMENT
국세청은 고소득 자영업자의 소득 탈루를 막기 위해 제도를 도입했다. 사업소득은 근로소득과 달리 원천징수 제도가 없기 때문에 탈루 가능성이 상대적으로 높다. 세무 대리인의 역할을 빌려 신고의 정확성을 높이는 취지로 성실신고 확인제도가 도입된 것이다. 국세청 관계자는 “고소득 자영업자의 소득 탈루를 방지하기 위해 만든 일종의 ‘간접 세무조사 장치’”라고 설명했다.

2011년 성실신고 확인제도 시행 초기에는 일부 업종만이 대상이었다. 지금은 도소매업·제조업·건설업·서비스업 전반으로 확대됐다. 신고 기준은 업종별로 다르다. 연간 수입금액이 도소매업은 15억원 이상, 제조업과 건설업은 7억5000만원 이상, 서비스업은 5억원 이상이면 신고 대상자다. 대상 여부는 국세청 홈택스나 세무 대리인을 통해 확인할 수 있다.

성실신고 유도하는 인센티브도 마련
성실신고 확인제도는 일반 납세자보다 신고 기한이 한 달 더 주어진다. 일반 종합소득세 신고 기한은 5월 31일이지만, 성실신고 확인 대상자는 6월 30일까지다. 예를 들어 2024년 귀속 소득에 대한 신고는 2025년 6월 30일까지 해야 한다. 만약 6월 30일이 공휴일이면, 그다음 평일인 7월 1일까지로 자동 연장된다.

ADVERTISEMENT
기한 내 확인서를 제출하지 않으면 불이익도 따른다. 가장 대표적인 것이 ‘미제출 가산세’다. 산출세액의 5% 또는 수입금액의 0.02% 중 큰 금액이 부과된다. 예컨대 종합소득세가 1억원이면 최대 500만원의 가산세가 붙을 수 있다. 신고서를 누락하면 세무조사 가능성도 커진다.
세무 대리인은 신고서의 ‘두 번째 눈’ 역할을 맡는다. 단순히 수치를 대입하는 것이 아니라, 실제 매출이 누락되진 않았는지, 경비로 처리된 비용이 과도하지는 않은지를 전문가 시각에서 판단해 ‘성실신고 확인서’를 작성한다.

예를 들어 카드 매출과 현금영수증 발행 비율, 감가상각 처리, 인건비 지급내역 등을 세세히 들여다보게 된다. 이 과정에서 과도한 비용처리나 누락된 수입이 있다면 납세자가 먼저 내역을 수정할 수 있다. 국세청 입장에선 향후 세무조사 대상자를 줄일 수 있다.

성실신고 확인을 유도하는 인센티브도 있다. 의료비·교육비·월세 세액공제를 받을 수 있다. 성실신고 확인에 직접 사용한 비용에 대해 필요경비를 인정한다. 비용의 60%를 사업소득에 대한 소득세에서 세액 공제를 받을 수 있다.

ADVERTISEMENT
성실신고 확인제도는 사업에 대한 신뢰도도 높여준다. 금융기관, 정부 기관, 대기업 등이 협력 업체나 프리랜서와 계약을 체결할 때 성실신고 확인서를 요구하는 사례가 있어서다. 기술서비스업, 컨설팅업 등에선 이 확인서가 일종의 ‘세무 신용서’로 통용된다고 세무 당국은 강조했다. 국세청 관계자는 “성실신고 확인서를 제출하면 납세자도 안심하고 사업에 전념할 수 있고, 세무 행정 측면에서도 행정력을 절감할 수 있다”고 설명했다.

정영효 기자 hugh@hankyung.com"
https://www.hankyung.com/article/2025072996411,"노동조합 및 노동관계조정법 개정안이 국회 환경노동위원회 전체회의를 통과한 가운데 법안 골자를 시행령 등 하위법령을 통해 정하겠다는 정부·여당의 입법 방식이 ‘졸속’ ‘위헌’ 우려를 낳고 있다. 국가 경제에 막대한 영향을 끼칠 수 있는 법안을 놓고 통과시키기에 급급해 핵심 뼈대를 향후에 완성하겠다는 것 자체가 정치적 목적에 따른 ‘편법 입법’임을 방증한다는 비판도 제기된다.

29일 노동법학계 등에 따르면 이번 개정안에서 논란이 가장 큰 부분은 노동조합법상 사용자 범위를 확대한 제2조 개정안이다. 개정안은 ‘실질적 지배력’이 있는 원청 사용자에 대해 하청노조가 교섭을 요구할 수 있는 길을 열어줬다. 하지만 실질적 지배력의 기준은 제시하지 못했다. 정부는 관련 판례와 노동위원회 판정례를 참고한다는 방침이지만 원청과 하청노조 ‘교섭’의 실질적 지배력에 대해 확립된 대법원 판례는 없다. ‘부당노동행위’에 관해서만 2010년 현대중공업 사건 대법원 판결이 있다.

ADVERTISEMENT
이에 대해 김영훈 고용노동부 장관은 이날 정부서울청사에서 열린 브리핑에서 “제도가 기술 변화를 따라가지 못하는 현실에선 추상적인 정의(규정)가 불가피하다”고 해명했다. 하지만 교섭 상대방인 사용자가 교섭을 거부하는 것은 부당노동행위로 형사처벌 대상이 될 수 있는 만큼 시행령 등에 위임하면 형벌은 법률로 정해야 한다는 헌법상 죄형법정주의에 위배된다는 지적이 나온다. 경영계 관계자는 “모호한 규정 탓에 기업 경영자들이 소송에 무방비로 노출될 것”이라며 “통과 이후 위헌심판이 제기될 수 있다”고 말했다.

교섭창구 단일화 절차를 어떻게 정리할지도 오리무중이다. 현행 노조법에 따르면 한 사업장에 노조가 여러 개 존재(복수노조)할 경우 사용자는 교섭창구 단일화 절차를 거친 대표 노조와 교섭해야 한다. 노조법 2조 개정안이 시행되면 원·하청 노조가 어떻게 교섭 창구를 단일화할지 정해야 하지만 정부는 시행 전까지 전문가 의견을 수렴해 보완하겠다며 ‘추후 과제’로 미뤘다.

‘사업 경영상 결정’을 파업 등 쟁의행위 대상에 포함하거나 불법 파업 시 손해배상 청구를 제한하는 내용의 3조 개정안 역시 사업주가 민사적 구제수단(손배청구)을 상실하게 돼 사업주의 재산권을 침해하고 경영권을 과도하게 해친다는 지적을 피할 수 없을 전망이다.

ADVERTISEMENT
김상민 법무법인 태평양 변호사는 “입법은 사회적 합의를 거쳐 완벽을 기해도 문제가 생길 수 있다”며 “골자는 외면한 채 일단 통과시키고 정부 시행령이나 전문가 회의를 통해 보완한다는 접근 방식이 심히 우려된다”고 지적했다.

곽용희 기자 kyh@hankyung.com"
https://www.hankyung.com/article/2025071580487,"비트코인 사상 최고 경신하자 리플도 3달러 돌파

유지희 한경닷컴 기자 keephee@hankyung.com"
https://www.hankyung.com/article/202507298993i,"사진=연합뉴스
지난해 국내 인구 중 외국인 수가 200만명을 넘어서면서 총인구 감소를 막았다. 내국인 수는 4년 연속 줄고 있다. 저출산·고령화가 가속화되면서 생산연령인구는 2018년 이후 지속적으로 줄었고, 65세 이상 인구는 처음으로 1000만명을 넘었다.

통계청은 이러한 내용을 담은 ‘2024년 인구주택총조사 결과’를 29일 발표했다. 지난해 11월 기준 우리나라 총인구는 5181만명으로 전년 대비 0.1%(3만명) 증가했다. 이중 내국인은 4976만3000명으로 전년 대비 8만명(-0.2%) 감소했지만 외국인이 전년 대비 11만명(3.9%) 증가한 204만3000명으로 집계돼며 총인구가 증가했다.

ADVERTISEMENT
외국인이 총인구에서 차지하는 비율은 2022년 3.4%, 2023년 3.7%, 2024년 3.9%로 증가 추세다. 지난 3년간 외국인은 29만1000명 증가했지만 내국인은 17만7000명 감소했다. 덩달아 다문화 가구 수도 늘었다. 지난해 43만9000가구로 전년 대비 5.7% 증가했다. 2019년 다문화 가구 수가 35만3803가구였던 점을 고려하면 5년새 24.2% 증가했다.

고령화는 가팔라지는 추세다. 지난해 생산연령인구(15~64세)는 3626만3000명으로 2018년 이후 지속적으로 감소 중이다. 65세 이상 고령인구는 1012만2000명으로 전체 인구의 19.5%를, 0~14세 유소년인구는 542만1000명으로 전체의 10.5%를 차지했다. 중위연령은 전년보다 0.6세 많은 46.2세로 집계됐다. 중위 연령이란 모든 사람을 나이 순으로 세웠을 때 중앙에 선 사람의 나이를 뜻한다.

수도권 쏠림세도 심화되고 있다. 지난해 총인구의 50.8%(2630만8000명)가 수도권에서 거주했다. 수도권 인구 비중은 2019년 50.0%를 기록한 뒤 매년 꾸준히 상승하고 있다. 1인 가구는 804만5000가구로 전년 대비 2.8% 증가했다. 전체 가구 중 1인 가구가 차지하는 비율은 2022년 34.5%, 2023년 35.5%, 2024년 36.1% 식으로 증가 추세다.

남정민 기자 peux@hankyung.com"
https://www.hankyung.com/article/202507274192Q,"사진=게티이미지뱅크
앞서 매년 연말에 회사에서 색다른 인기 투표를 했다고 했죠? 재미있는 몇 가지 특징들이 관찰된다고도 했고요. 그런데 말하지 않은 가장 중요한 특징이 있습니다. 바로, 직원들의 대다수는 스무 개 문항에서 순위 안에 들지 않는다는 겁니다. 직원들의 3분의 2 이상이 각 문항에서 1·2·3위 안에 거의 들지 못한다는 겁니다. 절반 정도는 순위권에 이름조차 없습니다.

무슨 의미일까요? 100명도 안 되는 조직에서, 본인의 존재감이 거의 없음을 의미합니다. 그 존재감이 좋은 것이든 나쁜 것이든, 다른 직원들에게 전혀 각인되어 있지 않다는 것이지요. 중간을 좋아하고, 무색무취한 것을 좋아하는 성향의, 어쩌면 '조용한 퇴직' 중인 사람인 거지요. 그래서 타운홀 미팅 때 말했습니다. '꼭 1등이 아니더라도, 이름이 한 번도 언급되지 않은 사람들은 본인의 지난 1년을 찬찬히 되돌아보세요.' 뭐라도 해야 결과가 나옵니다. 그것이 실패이든 성공이든. 실패는 다음 성공을 위한 중요한 밑거름입니다. 무색무취로 중간만 고수하면 어떤 변화도 나올 수 없습니다.

ADVERTISEMENT
CNN의 창업자 테드 터너는 이렇게 말했습니다 ""이끌든지, 따르든지, 비켜라(Lead, Follow, or Get out of the way)."" 참 무서운 말입니다. 앞장서서 변화를 만들든지, 아니면 조용히 따라와라. 그것도 못 한다면 나가라는 말이지요. 아마도 터너는 변화를 이끌지 못하면 나가라고 말하고 싶었을 거예요.

그러나 20대 80의 '파레토 법칙(Pareto principle, 상위 20%가 전체 생산의 80%를 해낸다는 법칙)처럼 현실이 그렇지 못하니 방해하지 말고 조용히 따르라고 한 거지요. 분명한 건 예전처럼 '하던 일 그대로', '사고 치지 않고' 하기만 해도 용인되던 시대는 지나가고 있다는 겁니다.
사진=게티이미지뱅크
프로는 프로답게 일해야 합니다. 취미 삼아 우아하게 회사에 다닐 수는 없습니다. 회사는 놀이터가 아닙니다. 즐겁게 일하라고 했지. 정말 놀이터처럼 놀라고 한 게 아니지요. 회사는 일하는 곳입니다. 프로는 치열해야 합니다. 본인의 경쟁력을 유지하기 위해 끊임없이 노력하고 새롭게 시도해야 합니다. 프로는 스스로 변화를 만들어내야 합니다. 모두가 낙담할 때도, 새로운 돌파구를 만들어야 합니다.

코로나 팬데믹이 전 세계를 강타했던 2020년 일입니다. 주식과 채권가격이 폭락하면서 전 세계 금융시장이 마비되었지요. 더구나 국가 간 이동이 제한되면서 실물경제의 근간인 글로벌 공급망이 붕괴하는 극단적인 상황이 발생했습니다. 모두가 바이러스의 위협으로 목숨을 걱정하면서도, 당장 먹고사는 문제를 무시할 수 없었습니다. 엎친 데 덮친 격이었지요.

ADVERTISEMENT
자산운용사도 마찬가지였습니다. 거의 모든 펀드수익률은 곤두박질쳤고, 모두 정신 나간 사람처럼 그저 PC만 쳐다보고 있을 뿐이었습니다. 그때 팀장 한명이 제안했습니다. 분명 팬데믹의 끝은 올 것이다. 팬데믹 이후에 새롭게 변화하는 세상과 경제환경을 공부해보자고. 모두 푸념과 비난의 눈초리로 보았지요. 당장 내일의 일을 모르는데, 무슨 공부냐고. 그런데 경영진에서 뜻밖에도 팀장의 제안을 받아들여 '팬데믹 이후의 세상' 콘테스트를 열기로 합니다.

3인 1조로, 서로 소속이 다른 팀원이 한조가 되어, 정치, 문화, 경제, 산업, 사회 등을 세분화하여(모두 세분된 섹터는 10여개로 경제, 산업을 세분화했고, 특히 교육, 종교, 정치, 여가 등도 있었음) 1개월 동안, 집중 탐구를 한 후, 조별로 전 직원 앞에서 발표하기로 한 것입니다. 모두 20조가 편성되어 심사는 본부장 이상이 하며, 1등에게 300만원 상당의 여행상품권을 지급한다고 발표했습니다.
사진=게티이미지뱅크
갑자기 모두가 신이 나기 시작했습니다. 코로나로 암울하던 시기에 재미난 희망이 생긴 겁니다. 서로 스마트한 직원과 같은 조가 되기 위해 인재 영입 경쟁도 펼쳐집니다. 회사에선 관련 공부를 위해 도서 구입비를 지원하기로 합니다. 당시 재러드 다이아몬드의 '총, 균, 쇠'와 유발 하라리의 '사피엔스', 리처드 도킨스의 '이기적 유전자'가 직원들의 필독서로 꼽혔습니다.

사실 모두 공포에 떨고 있었지만, 팬데믹 이후의 세상이 무섭고도 궁금했던 거지요. 모두 1개월 동안 열심히 공부해서, 프레젠테이션 자료를 만들고, 분야별 주제발표를 했습니다. 실제로 1등 조엔 300만원, 2등은 100만원, 3등은 50만원의 여행상품권이 지급되었습니다. 팬데믹이 끝난 후 즐겁게 여행을 떠나라는 취지였지요.

ADVERTISEMENT
이 콘테스트를 거치면서 직원들은 팬데믹 이후의 세상에 대해서 우리의 삶과 관련된 모든 분야를 아주 깊게 인식하게 되었습니다. 세상이 어떻게 바뀔지, 삶의 방식을 어떻게 바꿔야 하는지 등. 업무적으로도 수확은 컸습니다. 주식, 채권, 부동산 등 자산운용사의 투자 대상에 대해 깊고도 실질적인 인식변화를 하는 중요한 계기가 되었습니다. 어떤 산업이 미래의 주인공이 될지, 세계 경제의 흐름은 어떻게 바뀔지에 대한 체계적이고도 깊은 연구를 모든 직원이 같이했으니, 팬데믹 이후의 세상에 대한 대비는 아마도 국내 최상의 수준이었을 거라고 생각됩니다.

실제 2020년 하반기 이후 증권시장이 급반등할 때, 주식과 채권본부의 운용 매니저들의 대응 전략은 확실히 경쟁사와는 달랐고, 압도적인 우위를 보였습니다. 꼭 이 콘테스트 때문이라고 말할 수는 없지만, 팬데믹이 일어난 바로 그 이듬해에 우리는 처음으로 수탁고 10조원을 달성했습니다.

확실한 것은 위기 다음에 기회가 온다는 것입니다. 한 팀장의 제안으로 시작된 팬데믹에 대해 깊고도 근본적인 연구, 전 직원이 동참하고, 모두 같이 공유해, 공포를 희망으로 바꾸고. 자포자기를 새로운 전략 수립으로 바꾼 것입니다. 남들이 하지 않는 도전이 남들과 다른 결과를 만들어냅니다.

<한경닷컴 The Moneyist> 이윤학 프리즘자산운용 대표

""외부 필진의 기고 내용은 본지의 편집 방향과 다를 수 있습니다.""
독자 문의 : thepen@hankyung.com"
https://www.hankyung.com/article/2025072515097,"사진=연합뉴스
과세당국이 최근 집중호우로 피해를 본 납세자에 대해 세정 지원을 실시한다. 대상자는 부가가치세나 법인세, 종합소득세 등 각종 세금의 신고와 납부를 뒤로 미룰 수 있다. 세금이 밀려 재산을 압류당했다면 매각을 연기할 수 있다. 이미 시작된 세무조사는 중지할 수 있고, 수해로 사업용 자산을 상실했다면 법인세나 소득세 세액공제를 받을 수 있다. 호우 피해를 본 납세자가 알아두면 좋은 세제 혜택을 정리했다.

24일 관계부처에 따르면 지난 16~20일 전국에 내린 집중호우로 산업계와 농업계에 막대한 피해가 발생했다. 차량은 3874대가 침수돼 388억6200만원의 손해액이 발생한 것으로 집계됐다. 농업계에선 닭 148만마리와 오리 15만1000마리 등 가축 178만여마리가 폐사했고, 축구장 4만여개 크기인 3만475㏊의 농작물이 침수됐다.

ADVERTISEMENT
국세청은 조속한 피해 복구를 위해 지난 25일까지였던 올해 1기 부가가치세 확정·신고납부 대상자에 대해 신고·납부 기한을 연장할 수 있도록 신청받은 상태다. 국세청은 이 밖에도 고지받은 국세가 있을 경우 최대 9개월까지 납부 기한을 늦출 수 있도록 신청받고 있다. 납부 기한 연장 신청은 관할 세무서에 우편으로 신청하면 된다. 국세청 홈택스에서 ‘세금 관련 신청·신고 공통 분야’의 ‘신고·납부 기한 연장 신청/내역 조회’를 통하면 온라인으로도 가능하다. 국세청 관계자는 “신청자가 몰려 혼잡할 수 있는 만큼 가급적 방문 신청은 지양해달라”고 덧붙였다.

집중호우로 사업용 자산을 상실한 납세자라면 재해 상실 비율을 따져보는 것이 좋다. 재해 상실 비율은 ‘상실된 사업용 재산가액’을 ‘상실 전의 사업용 총자산 가액(토지 제외)’으로 나눈 값이다. 국세청은 집중호우 피해로 사업용 자산 등을 20% 이상 상실한 납세자의 경우 현재 미납했거나 앞으로 매길 소득세 또는 법인세에서 재해 상실 비율에 따라 세액을 공제할 방침이다. 단 상실자산의 가액까지만 세액공제를 받을 수 있다.

이 같은 세액공제를 받으려는 납세자는 재해발생일로부터 3개월 이내에 재해손실세액공제 신청서를 세무서에 제출해야 한다. 재해를 지난 17일에 입었다면, 오는 10월 17일까지 신청해야 한다는 의미다. 국세청 홈택스를 통해 온라인으로도 신청할 수 있다. 국세청 관계자는 “호우 피해로 자금 융통이 어려워진 납세자를 위해 국세환급금이 발생한 경우 이를 최대한 앞당겨 지급할 계획”이라고 덧붙였다.

ADVERTISEMENT
체납액이 밀려있는 납세자라면 압류당한 재산의 매각을 미룰 수 있다. 국세청은 이번 호우 피해를 본 납세자가 신청할 경우 최대 1년까지 압류 또는 압류된 재산의 매각 유예를 허용한다는 방침이다. 유예 신청은 국세청 홈택스에 접속해 증명·등록·신청을 거쳐 ‘일반 세무서류 신청’에서 ‘압류매각의 유예(체납처분 유예) 신청’을 조회한 다음 ‘인터넷 신청’을 하면 된다.

호우 피해를 본 납세자는 이미 진행 중이거나 사전 통지된 세무조사도 늦출 수 있다. 국세청 누리집의 ‘세무조사 가이드북’에서 전체 서식을 내려받아 연기 또는 중지신청서를 작성해 관할세무서에 제출하면 된다.

국세청은 집중호우 피해로 특별재난지역이 된 충남 서산시·예산군, 경남 산청군·합천군, 전남 담양군, 경기 가평군 등 6개 지역 납세자에 대해선 세정 지원을 강화하기로 했다. 국세청은 관할 6개 세무서에 ‘폭우 피해 납세자 세정 지원 전용 창구’를 신설했다. 이 지역 사업자는 올해 1기 부가가치세 납부가 곤란해 기한 연장을 신청할 경우 최대 2년까지 납부 기한을 연장했다. 국세청은 특별재난지역으로 선포된 지역의 4100여개 법인은 다음 달 말까지 납부해야 하는 법인세 중간예납 세액의 납부 기한을 납세자 신청이 없어도 2개월 직권 연장하기로 했다.

이광식 기자"
https://www.hankyung.com/article/2025072855031,"안형준 통계청 차장(오른쪽 첫 번째)이 지난 21일 직원들과 인구주택총조사 태블릿PC를 점검하고 있다.
“안녕하세요. 인구주택총조사 조사원입니다.”

오는 11월 1일. 통계청 조사요원 3만명이 전국을 누빈다. 5년마다 진행하는 인구총조사를 위해서다. 1925년 일제강점기부터 시작된 인구주택총조사는 올해로 100년을 맞는다. 이 조사는 대한민국에 거주하는 사람과 가구의 수, 특성 등을 파악하는 국가 통계의 뿌리다. 우리 사회의 현재를 진단하고 미래를 설계하는 정책의 근간이 되는 자료인 셈이다. 예를 들어, 정부는 총조사 통계를 바탕으로 장래 인구 추계를 분석하고, 저출생·고령화 대책 같은 핵심 정책을 수립한다. 정확한 응답이 더 나은 정책으로 되돌아오는 구조다. 우리 세금으로 우리를 위한 조사가 이뤄지는 것이다.

ADVERTISEMENT
올해 조사항목은 총 55개로, 이 가운데 13개는 행정자료로 대체되어 실제로는 42개 항목만 조사한다. 한국 사회의 변화를 반영해 비혼 동거, 가족 돌봄 시간 등 새로운 항목이 포함됐다. 가구 내 사용 언어, 한국어 실력 등의 항목도 추가되는데 다문화 가구, 외국인 인구 증가 등 시대적 흐름을 담아내기 위한 조치다.

이번 총조사는 약 500만 가구를 대상으로 하는 대규모 표본조사다. 3만여 명의 조사요원과 1000명 규모의 공무원, 1146억 원의 예산이 투입된다.
통계청 ‘2025 인구주택총조사’가 오는 11월 1일 진행된다. 모델들이 2025 인구주택총조사와 센서스 100년을 홍보하는 모습. /통계청 제공
표본 가구에는 오는 10월 중순에 ‘총조사 대상 가구 귀하’로 명시된 조사 안내문이 우편으로 발송된다. 조사 안내문을 받은 가구는 10월 22일부터 인터넷(모바일, PC)과 전화조사 방식으로 조사에 참여할 수 있다. 모바일 조사는 QR코드로 전화조사는 콜센터를 통해 참여하면 된다.

인터넷·전화조사 기간에 참여하지 않은 가구는 11월 1~18일에 통계조사원이 방문 면접조사를 한다. 이 기간에도 인터넷·전화조사로 참여할 수 있다. 통계청은 바쁜 표본 가구가 조사에 참여할 수 있도록 인구주택총조사 홈페이지를 통해 전화조사 또는 방문 면접조사 예약 시스템을 운영한다. 보다 편리한 참여를 위해 인공지능(AI)을 활용한 24시간 콜센터도 운영할 계획이다. 조사에 투입되는 시간은 평균 1인 가구의 경우 8분 내외, 4인 가구는 17분 내외다.

ADVERTISEMENT
응답 가구에는 추첨을 통해 5만 원권 ‘한국의 센서스 100년’ 기념주화 또는 3만원 상당의 모바일 상품권을 지급할 예정이다. 통계청 안형준 차장은 “국민 개개인의 응답이 우리 사회의 정책과 연구, 산업 전략의 기초가 된다”며 “정확하고 성실한 참여로 대한민국의 미래를 함께 만들어달라”고 당부했다.

김익환 기자 lovepen@hankyung.com"
https://www.hankyung.com/article/202507287218i,"구윤철 부총리 겸 기획재정부 장관이 미국과의 관세 협상을 위해 오는 29일 출국한다. 구 부총리는 오는 31일 스콧 베센트 미국 재무장관과 만나 면담을 진행할 예정이다.

남정민 기자 peux@hankyung.com"
https://www.hankyung.com/article/2025052203621,"미국의 과도한 정부 부채에 대한 우려와 미국이 한국에 원화 가치 절상을 요구할 것이란 관측이 함께 확산하면서 원·달러 환율이 사흘 연속 하락했다. 전문가들은 시장 변동성이 높아지는 가운데 당분간 환율 하락 추세가 지속될 것으로 내다봤다.

22일 서울 외환시장에서 원·달러 환율은 5원90전 내린 1381원30전에 주간 거래를 마감했다. 주간 거래 종가 기준으로 지난해 11월 5일(1378원60전) 이후 약 6개월 만에 가장 낮은 수준이다.

ADVERTISEMENT
원화는 지난 주말 미국의 국가 신용등급 강등 소식이 전해진 후 이번주 들어 강세 기조가 나타나고 있다. 특히 전날 미국의 20년 만기 국채 입찰에서 해외 투자 수요가 급감한 것으로 나타나자 이날 아시아 주요국 통화들이 동반 강세를 보였다. 원화는 한·미 통상 협상에서 미국이 원화 절상을 요구하고 있다는 소식이 더해지며 하락 폭을 키웠다. 원·달러 환율은 전날 야간 거래에서 장중 한때 1368원90전을 찍기도 했다.

다만 간밤에 이뤄진 미·일 간 환율 협상 결과로 방향을 바꿨다. 스콧 베선트 미국 재무장관은 21일(현지시간) 캐나다 밴프에서 가토 가쓰노부 일본 재무상과 양자 협상을 한 후 “환율은 시장이 정해야 한다”는 내용의 성명을 발표했다. 엔화 강세 또는 약세 등 방향성은 거론하지 않았다.

위재현 NH선물 이코노미스트는 “아시아 통화는 현재 인위적인 달러 매도 개입을 통한 절상 압박을 가격에 반영하고 있다”며 “다만 미국 입장은 절상 압박이 아니라 아시아 통화의 인위적 절하 방지일 가능성이 크다”고 분석했다. 미국 정부의 원화 약세 요구 우려가 시장에 과도하게 반영돼 있다는 의미다.

ADVERTISEMENT
주요 6개국 통화 대비 달러 가치를 나타내는 달러인덱스는 전날 100선 밑으로 떨어진 뒤 이날 오후 3시30분 기준 99.57에 머무르고 있다. 달러 대비 엔화 환율은 143엔대, 위안화 환율은 7.2위안대에서 움직였다. 모두 전날보다 소폭 하락한 수준이다.

전문가들은 당분간 환율 변동성이 높아질 것으로 예측하면서도 원·달러 환율 수준이 하향 안정될 가능성이 크다고 보고 있다. 민경원 우리은행 이코노미스트는 “글로벌 약달러와 환율 협상 경계심에 원·달러 환율이 1370원대 진입을 시도하고 있다”고 평가했다. 박수연 메리츠증권 애널리스트는 “올 3분기 환율은 1360~1460원 박스권이 예상된다”고 전망했다.

좌동욱 기자 leftking@hankyung.com"
https://www.hankyung.com/article/202507211884i,"사진=연합뉴스
보건의료노조와 보건복지부가 문재인 정부 시절 체결했던 이른바 ‘9.2 노정합의’의 이행체제를 복원하고, 공공의료 강화와 의료현장 정상화를 위한 실무 협의를 본격화하기로 했다. 양측은 주4일제 시범사업, 직종별 적정인력기준 제도화 등 주요 과제에 대한 논의를 재개하면서 새 노정 대화 모델을 구축해 나가겠다는 입장이다. 노조는 이에 따라 24일로 예정돼 있던 대정부 산별총파업을 철회하기로 했다.

21일 보건의료노조에 따르면 노조와 보건복지부는 2021년 체결된 9.2 노정합의의 정신을 계승해 공공의료 정책 거버넌스에 노조 참여를 확대하고, 미이행 과제 이행을 위한 협의를 지속하기로 합의했다. 9.2 합의에는 공공병원 확충, 보건의료인력 기준 마련, 주4일제 시범사업 등의 내용이 담겨 있다. 노정 합의 복원은 지난 15일 이형훈 보건복지부 제2차관이 보건의료노조를 방문해 진행한 간담회에서 복지부가 실무 협의를 제안한 데 따른 것이다.

ADVERTISEMENT
실무협의에서는 더불어민주당 이재명 당시 대선 후보와 보건의료노조 간 체결된 정책협약을 참고해 △주4일제 시범사업 △공공병원의 공익적 적자 해소 △공익참여형 의료법인 제도화 등에 대한 논의가 이뤄졌다. 또 장기화된 의정 갈등 해소와 의료개혁 추진 방향, 공공병원 임금체불 문제, 대법원 판결로 인한 통상임금 부담 문제 등 현안도 포함됐다.

보건복지부와 보건의료노조는 오는 22일 실무협의 결과를 공식 확약할 예정이다. 이에 따라 보건의료노조는 21일 긴급 임시대의원대회를 열고 24일부터 예고했던 총파업 계획을 철회하기로 결정했다. 대신 노조는 특성·사업장별 임단협 교섭에 전면 돌입한다. 노조는 22~23일 양일간 노동위원회 조정과 집중교섭을 벌인 뒤, 타결하지 못한 사업장에 대해서는 24일부터 파업에 들어갈 방침이다.

최희선 보건의료노조 위원장은 “윤석열 정부로 인해 중단됐던 9.2 노정합의가 다시 이행될 수 있는 새로운 국면을 열었다”며 “향후 정부와의 협의뿐 아니라 국회를 통한 제도개선, 예산 확보 투쟁도 병행할 것”이라고 밝혔다.

곽용희 기자 kyh@hankyung.com"
https://www.hankyung.com/article/202507285976i,"사진=게티이미지뱅크
국민들의 일과가 5년 전보다 더 피곤하고 고독해졌다. 지난해 국민 평균 수면 시간은 조사 이래 처음으로 줄었고, 잠 못 드는 사람들의 비율은 높아졌다. 취업난을 겪는 20대는 세 명 중 한 명 꼴로 점심을 ‘혼밥(혼자 밥 먹음)’했다.

28일 통계청은 이런 내용을 담은 ‘2024년 생활시간조사 결과’를 발표했다. 통계청은 전국 1만2750개 표본 가구에 상주하는 10세 이상 가구원 약 2만5000명을 대상으로 조사했다. 생활시간 조사는 1999년을 시작으로 5년마다 실시된다.

ADVERTISEMENT
조사 결과에 따르면 국민들은 평균적으로 하루 24시간 중 필수활동(수면, 식사 등)에 11시간 32분, 의무시간(가사노동, 학습, 일 등)으로 7시간 20분, 여가시간으로 5시간 8분을 쓰고 있는 것으로 나타났다.

지난해 국민들의 평균 수면시간은 1999년 조사를 시작한 이후 처음으로 감소했다. 수면 시간은 1999년 7시간 47분에서 2019년 8시간 12분으로 점차 늘었는데, 지난해엔 8시간 4분으로 5년 전보다 8분 줄었다. 평균 수면시간은 전 연령대에서 줄었고, 특히 50대(7시간 40분)가 가장 적었다.

요일별로 보면 국민들의 평균 수면시간은 평일 7시간 45분, 토요일 8시간 31분, 일요일 8시간 49분으로 각각 조사됐다. 가장 늦게 잠드는 연령대는 20대(0시 37분)였고, 가장 이른 시각에 일어나는 연령대는 60세 이상(5시 56분)이었다.

ADVERTISEMENT
‘잠 못 이룬 사람’의 비율도 모든 연령층에서 늘었다. 60세 이상은 5명 중 1명꼴(19.6%)로 가장 많았고, 50대가 11.1%로 뒤를 이었다. 국민 평균으로는 10명 중 1명(11.9%)이 잠에 제대로 들지 못했다. 이들이 잠 못 이룬 시간은 32분으로 집계됐다.

국민들이 하루 세끼 밥을 먹는데 쓰는 시간은 평일 기준 1시간 23분으로 나타났다. 삼시세끼 모두 ‘혼자 밥 먹는 비율’이 높아진 것이 특징이다. 아침은 41.7%, 점심은 26.9%, 저녁은 25.7%가 혼밥하는 것으로 조사됐다. 2019년과 비교하면, 아침은 30대의 혼밥 비율이 36.7%에서 45.5%로 급증했다. 점심은 20대의 혼밥 비율이 26%에서 32.1%로 6.1%포인트 늘었다. 저녁은 20대가 30.6%에서 34.8%로, 30대가 17.3%에서 25%로 혼밥 비율이 늘었다.

이광식 기자 bumeran@hankyung.com"
