date,content
2025-07-29,기록적인 폭염으로 유제품 수급에 차질이 생긴 탓에 28일 서울의 한 대형 마트 유제품 진열대 일부가 텅 비어 있다. 낙농진흥회 등에 따르면 젖소는 더위가 심할 때 체내에서 발생하는 열을 줄이기 위해 사료를 덜 먹는다. 그 결과 최근 유제품 원료인 원유 생산량이 과거보다 5~10% 감소한 것으로 추정된다. 원유 공급에 차질이 생기면서 생크림 등 일부 유제품은 가격도 오르고 있다.
2025-07-29,"이재명 정부의 첫 부동산 대책인 ‘6·27 대출 규제’가 발표되고 한 달이 지났다. 집값, 소득 관계없이 담보대출 한도를 6억원으로 제한하고, 신축 아파트는 전세 대출을 금지하는 등 강력한 조치에 서울 아파트 거래가 급감하고 가격 상승 폭도 줄어들면서 과열은 진정되는 분위기다. 하지만 주택 수요자들 사이에선 “대출 규제의 약발이 끝나면 집값이 다시 급등하는 것 아니냐”는 불안감이 여전하다. 이에 본지는 대학 교수와 연구원, 컨설턴트 등 부동산 전문가 10명에게 이번 대책의 효과 및 하반기 부동산 시장 전망을 물었다. 전문가들 사이에선 “단기적으로 아파트 수요를 누르면서 매매 시장이 안정된 것은 맞지만 가을 이사철 전세 시장 불안이 또다시 집값을 자극할 수 있다”는 전망이 많았다. 향후 필요한 추가 정책으로는 신속한 공급 대책과 지방 부동산 회복을 위한 세제 혜택 등이 꼽혔다.
◇“하반기 집값 급등은 없을 것”
올 상반기 같은 집값 급등이 하반기에 재현될 것이란 의견은 거의 없었다. 하반기 아파트값 전망을 묻는 질문에 10명 중 8명이 ‘상승’이라 답했지만, 3% 넘는 급등을 예상한 사람은 세 명뿐이었다. 올 상반기 서울 아파트값은 3.4% 올랐다. 함영진 우리은행 부동산리서치랩장은 “여름철이 부동산 비수기라는 걸 고려해도 6·27 대책이 서울 아파트 과열을 진정시켰다는 점은 분명하다”며 “하반기에도 강보합 수준의 장세가 예상된다”고 했다.
다만, 규제 효과가 지속될지에 대해선 회의적인 의견이 많았다. 김제경 투미부동산컨설팅 소장은 “과거 문재인 정부에서 이미 다양한 대출 규제를 경험해봤기 때문에 시간이 지나면 사람들이 적응하면서 효과가 반감될 것”이라고 말했다. 이상우 인베이드투자자문 대표는 “대출 규제의 영향을 덜 받는 10억원대 초·중반 아파트에 수요가 몰리면서 가격이 오르는 풍선 효과가 나타날 수 있다”고 말했다.
◇가을 이사철 전세 불안이 변수
하반기 서울 아파트 전세 시장에 대해선 10명 중 9명이 가격이 오를 것이라고 봤다. 이 중 6명이 3% 이상 급등을 예상했다. 올 상반기 상승률(0.93%)보다 세 배 이상 큰 폭이다.
전문가들은 문재인 정부 때부터 이어진 다주택자 규제로 전세로 활용할 수 있는 주택 자체가 줄어든 데다 6·27 대책으로 신축 아파트 전세 대출이 금지되면서 전세 공급이 더욱 위축될 것이라고 했다. 실제 대책 발표일 이후 한 달 만에 서울 아파트 전세 매물은 5.3% 줄었다. 최창욱 건물과사람들 대표는 “향후 서울 신규 입주 물량도 크게 줄어들 전망이어서 한정된 전세 매물을 두고 세입자들의 경쟁이 심해질 것”이라며 “이 과정에서 전세 가격이 더 오르고, 전세살이에 지친 사람들이 일부 매매로 돌아서면서 집값도 자극할 수 있다”고 말했다.
◇수도권 공급·지방 활성화 대책 시급
시장을 장기적으로 안정시키기 위한 추가 정책에 대해선 전문가들은 일제히 ‘신속한 공급 대책’을 꼽았다. 확실한 추가 공급 신호가 없으면 억눌린 매수 수요가 언젠가는 튀어오를 수밖에 없다는 것이다. 고종완 한국자산관리연구원장은 “수도권 재건축과 재개발을 활성화하면서 동시에 유휴 부지 개발과 3기 신도시 등 공공 공급에 대한 구체적 로드맵을 제시해 수요자들의 불안 심리를 해소해줘야 한다”고 했다.
파격적인 인센티브로 장기 침체에 신음하고 있는 지방 부동산 시장을 살릴 방안이 필요하다는 의견도 나왔다. 지방 자산가들까지 서울로 몰린 것이 서울과 그 밖의 지역으로 집값이 양극화한 요인 중 하나라는 것이다. 권대중 서강대 교수는 “수도권 외곽으로 이사하면 양도세 면제·취득세 감면, 지방으로 귀촌·귀향할 경우 보유세를 영구 면제해주는 등 과감한 혜택을 주는 것도 고려해볼 만하다”고 말했다.
◇설문에 참여하신 분(가나다순)
고종완 한국자산관리연구원장, 고준석 연세대 상남경영원 교수, 권대중 서강대 일반대학원 부동산학 교수, 김제경 투미부동산컨설팅 소장, 박민수 더스마트컴퍼니 대표, 신현강 부와지식의배움터 대표, 양지영 신한투자증권 자산관리컨설팅부 수석, 이상우 인베이드투자자문 대표, 최창욱 건물과사람들 대표, 함영진 우리은행 부동산리서치랩장"
2025-07-29,"건설 현장에서 연달아 사망 사고가 이어진 포스코이앤씨가 사망 사고에 대한 사과와 함께 안전이 확인되기 전까지 모든 현장의 작업을 무기한 중단하겠다는 뜻을 밝혔다. 이재명 대통령이 이번 사고에 대해 “미필적 고의에 의한 살인”이라며 강하게 질타하자 강도 높은 대책 마련에 나선 것이다.
정희민 포스코이앤씨 대표이사는 29일 사과문을 통해 “‘함양~창녕간 고속도로건설현장’에서 발생한 사고로 안타깝게 유명을 달리하신 고인께 깊은 애도의 뜻을 표하며, 유가족분들께도 진심으로 사죄의 말씀을 드린다”며 “이번 인명사고가 발생한 점에 대해 참담한 심정과 무거운 책임을 통감한다”고 밝혔다.
그러면서 “사고 직후 저희 회사의 모든 현장에서 즉시 작업을 중단했고, 전사적 긴급 안전 점검을 실시해 안전이 확실하게 확인되기 전까지는 무기한 작업을 중지토록 했다”면서 “제로베이스에서 잠재된 위험 요소를 전면 재조사해 유사 사고를 예방하고 생업을 위해 출근한 근로자들이 안전하게 일하고 퇴근할 수 있는 재해 예방 안전 시스템을 새롭게 구축하겠다”고 했다.
지난 28일 포스코이앤씨가 시공하는 고속국도 제14호선 함양~창녕 간 건설공사 10공구에서는 60대 노동자가 천공기에 끼어 사망하는 사고가 발생했다. 사고 이후 고용노동지청은 현장 작업 중지를 명령한 데 이어 전국의 포스코이앤씨 시공 현장에 대해 작업 중지 및 자체 점검을 요구했다. 포스코이앤씨가 시공하는 현장에서 사망 사고가 발생한 것은 이번이 네 번째다. 지난 1월 경남 김해 아파트 신축 현장 추락 사고를 시작으로 4월 경기도 광명 신안산선 건설 현장 붕괴 사고, 대구 주상복합 신축 현장 추락 사고 등이 이어졌다.
<함양~창녕간 고속도로 10공구 현장 사고에 대한 사과문>
저희 회사는 어제 ‘함양~창녕간 고속도로건설현장’에서 발생한 사고로 안타깝게 유명을 달리하신 고인께 깊은 애도의 뜻을 표하며, 유가족분들께도 진심으로 사죄의 말씀을 드립니다.
또한 올해 저희 회사 건설현장에서 발생한 중대재해로 인해 큰 심려를 끼쳐드린 데 이어, 또다시 이번 인명사고가 발생한 점에 대해 참담한 심정과 무거운 책임을 통감합니다.
저희 회사는 사고의 정확한 원인 규명을 위해 관계기관에 적극 협조하고 있으며, 깊은 슬픔에 잠겨 계실 유가족분들께 필요한 지원을 아끼지 않겠습니다.
어제 사고 직후 저희 회사의 모든 현장에서 즉시 작업을 중단했고, 전사적 긴급 안전점검을 실시해 안전이 확실하게 확인되기 전까지는 무기한 작업을 중지토록 했습니다.
나아가 제로베이스에서 잠재된 위험 요소를 전면 재조사해 유사사고를 예방하고 생업을 위해 출근한 근로자들이 안전하게 일하고 퇴근할 수 있는 재해예방안전시스템을 새롭게 구축하겠습니다.
이를 위해 저희 회사 임직원들은 협력업체를 포함한 모든 근로자들의 안전이 최우선 가치가 될 수 있도록 필요한 자원과 역량을 총 동원해 근본적인 쇄신의 계기로 삼겠습니다.
또다시 이러한 비극이 발생하는 일이 없도록 사즉생의 각오와 회사의 명운을 걸고 안전체계의 전환을 이루어 내겠습니다.
다시 한번 고인의 명복을 빌며 유가족분들께 진심 어린 위로를 전합니다."
2025-07-28,"서울 강동구 둔촌동 ‘올림픽파크포레온’ 아파트 벽면에서 균열이 발견돼 정밀안전진단과 전수조사가 추진된다.
강동구청과 현대건설은 올림픽파크포레온 단지 내 균열 발생과 관련한 대응 방안을 논의했다고 28일 밝혔다.
대규모 균열이 발생한 곳은 올림픽파크포레온 3단지의 한 고층 복도 내부다. 입주민이 아파트 커뮤니티에 올린 사진을 보면, 복도 벽면을 따라 가로 균열이 생겼다. 일부 균열은 유리창까지 길게 이어졌다. 입주민은 “세로 균열보다 가로 균열이 더 위험하다고 들었는데 집 무너질까 봐 걱정된다”고 했다.
현대건설은 전날 저녁 균열 보수 작업을 진행했으며 이른 시일 내 건물 정밀안전진단을 실시할 것으로 알려졌다.
또한 강동구청은 현대건설을 포함해 공동 시공에 참여한 HDC현대산업개발, 대우건설, 롯데건설 등 전체 시공사에 균열 관련 전수조사를 요청했다. 구 관계자는 “입주민 불안이 커지고 있는 만큼 전수조사를 위해 각 사에 공문을 발송했다”고 밝혔다.
작년 11월 입주를 시작한 올림픽파크포레온은 국내 최대 규모(1만2032가구)의 단일 단지로 꼽힌다. 이 단지의 재건축 공사는 2022년 4월 공정률 52% 상태에서 전면 중단됐었다. 조합과 시공사업단 사이에서 공사비 증액 문제 등을 놓고 갈등이 생겨 재개되기까지 약 6개월이 소요됐다.
전용면적 84㎡ 기준 분양가는 12억원대였지만, 최근 입주권 시세는 28억8000만원까지 올랐다. 당첨만 되면 15억원의 시세 차익을 볼 수 있다는 기대감이 작용하면서 최근 진행된 4가구 무순위 청약에 22만4000여 명이 몰렸다. 경쟁률은 평균 5만6000대 1을 나타냈다."
2025-07-28,"대우건설이 부산 수영구 남천동 일원 옛 메가마트 부지에 건설하는 ‘써밋 리미티드 남천’을 다음 달 분양한다. 부산 내에서 고소득층의 거주 비율이 높은 해운대 지역 아파트들이 노후화하는 가운데 인근에 들어서는 신축 단지여서 지역 수요자들의 많은 관심이 예상된다.
써밋 리미티드 남천은 지하 5층~지상 최고 40층, 5개 동, 전용면적 84~243㎡ 835가구로 조성된다. 국민 평형부터 초대형 펜트하우스까지 다양한 평형을 갖춘 점이 특징이다.
이 단지는 바다 주변이라는 입지적 장점을 극대화하기 위해 다양한 조망 특화 설계를 적용했다. 동 방향과 창 위치를 조율해 전 세대의 약 88%에서 광안대교나 바다를 볼 수 있다. 일부 세대는 안방과 욕실에서 광안대교를 감상할 수 있다. 조망이 가능하다. 단지 중앙 최상층에 마련되는 커뮤니티 시설에도 탁 트인 광안대교를 감상할 수 있는 스카이라운지와 게스트하우스가 들어선다.
주차 공간은 세대당 2.17대로 넉넉하게 제공되며 인공지능(AI) 기반 스마트 주차 유도 시스템과 지진 감지 경보 시스템 등 첨단 기술이 도입된다.
단지가 들어서는 옛 메가마트 부지는 남천동 중심 생활권에 해당해 주변으로 생활에 필요한 다양한 인프라가 갖춰져 있다. 해운대와 센텀시티, 동부산 관광단지 등 주요 지역에 빠르게 연결되는 수영로·번영로·황령터널 등이 가깝고 걸어서 2분 거리에 부산지하철 2호선 남천역과 경성대·부경대역도 있다. 주변에 학교, 학원가가 잘 갖춰져 있어 교육 여건도 좋은 편이다.
청약 신청은 8월 중 받을 예정이다. 견본주택은 부산 해운대구 우동 1522번지에 마련된다."
2025-07-25,"올해 상반기 전국의 주택 임대차 거래 중 월세 비율이 사상 처음으로 60%를 넘어선 것으로 확인됐다. 전국 단위 확정일자 통계가 집계되기 시작한 2014년 이후 반기든 연간이든 월세 비율이 60%를 넘은 것은 이번이 처음이다.
24일 본지가 법원 통계를 분석한 결과, 올해 1~6월 계약을 체결하고 확정일자를 받은 전국 전월세 주택 145만9747가구 중 월세는 89만8732가구로 61.6%를 차지했다. 지난해 상반기(57.5%) 및 연간 월세 비율(57.7%)보다 4%포인트가량 높아졌다. 월세 확산은 전국 모든 지역에서 확인되고 있다. 올 상반기 수도권 월세 거래 비율은 60.3%, 지방은 64%였다.
임대차 시장에서 월세 비율은 지속적으로 높아지고 있다. 전셋값과 대출금리가 오르고 전세 사기로 인한 기피 심리까지 더해진 결과다. 문제는 월세가 확산되면서 서민층의 주거 부담이 갈수록 커지고 있다는 점이다. 실제로 최근 서울 강북 지역 아파트에서는 월세가 300만원에 달하는 거래 사례가 잇따르고 있다.
‘전세의 월세화’는 지난 ‘6·27 부동산 대책’으로 더 가속화할 전망이다. 신축 아파트 전세 세입자에 대한 대출이 금지되고, 전세 대출 보증 비율도 낮아지는 등 전세 자금 조달 문턱이 높아졌기 때문이다. 고종완 한국자산관리연구원장은 “전세를 낀 투기 수요를 차단하자는 게 대책의 취지이지만 이로 인해 월세화가 더 빨라져 서민층 주거비 부담을 가중시킬 수 있다”며 “세밀한 접근이 필요하다”고 말했다.
◇강북 30평대 월세가 300만원… “월급 절반 내야 할 판”
전세의 월세화가 진행되면서 월세 가격도 가파른 오름세다. 특히 서울 강북에서도 도심 출퇴근이 편리한 지역 아파트 국민 평형(전용면적 84㎡) 기준으로 사실상 ‘월세 300만원 시대’에 돌입했다. 예컨대 성동구 ‘왕십리자이’ 84㎡는 지난 2월 보증금 1억원, 월세 270만원에 거래됐고, 동대문구 ‘e편한세상청계센트럴포레’는 4월 월세 310만원(보증금 1억원)에 거래됐다. 4인 가구 중위 소득(610만원)의 절반을 매달 주거비로 지출해야 하는 셈이다.
월세가 오르자 무주택 서민들이 직격탄을 맞고 있다. 전세로 살 경우 큰 고정 지출을 줄일 수 있었던 과거 세대와 달리, 월세가 표준이 되면서 목돈이 없는 청년층과 신혼부부의 주거 사다리가 끊기고 있는 것이다.
내년 초 출산을 앞둔 이모(32)씨가 그런 사례다. 그는 지금 살고 있는 경기도 성남의 전셋집 만기가 되면 모은 돈을 보태 서울 성동구 부모님 댁 근처 전셋집을 구하려고 했는데, 대출 규제로 전세 매물이 급감해 이사 갈 집을 구하는 데 어려움을 겪고 있다. 이씨는 “감당 가능한 수준의 전셋집은 매물 자체가 없어 월세를 알아보고 있다”며 “한 푼이라도 더 모아야 하는데 매달 수백만 원씩 월세로 나가면 내 집 마련은 포기해야 할 것 같다”고 말했다. 실제 6·27 대책 일환으로 신혼부부 등 청년층이 수도권에서 빌릴 수 있는 저금리 전세 대출의 한도가 3억원에서 2억5000만원으로 줄었다.
◇이젠 월세가 대세
월세화를 촉발한 첫 신호탄은 2020년 8월 시행된 ‘임대차 2법’이다. 전세 계약 1회(2년) 갱신을 의무화하고 갱신 시 임대료 인상은 5%로 제한하는 게 골자였다. 기존 세입자들은 바뀐 법의 혜택을 누렸지만 신규 세입자를 구하는 집주인들이 4년 치 인상분을 한꺼번에 올려 거래 가능한 전세 매물 가격이 급등하는 부작용이 나타났다. 치솟은 전셋값을 감당하기 힘들어진 세입자들은 반(半)전세 또는 월세로 눈을 돌릴 수밖에 없었다.
이듬해엔 기준 금리가 치솟으면서 2%대였던 전세 대출 금리가 7~8%로 올랐다. 당시 월세는 보증금의 4~5% 수준이었기에 세입자들은 다시 한번 월세로 옮겨 갔다. 비슷한 시기 빌라·오피스텔 수십~수백 채를 신용불량자인 바지 사장이나 법인 명의로 사들이고 높은 전세금을 받아 잠적하는 식의 전세 사기가 성행하면서 전세의 월세화는 더욱 가속화됐다.
주택 유형별 월세 비율(올해 1~5월)을 살펴보면, 연립·다세대 등 비(非)아파트가 74.9%로 높지만 아파트(45.6%)도 절반에 육박한다. 양지영 신한투자증권 자산관리컨설팅부 수석은 “아파트는 높은 전셋값과 이자 부담이, 비아파트는 전세 사기에 대한 공포감이 월세 전환을 부추긴 것으로 보인다”고 했다.
◇“공급 대책 뒷받침돼야”
정부는 부동산 시장 안정을 위해 전세의 월세화는 불가피하다는 분위기다. 금융 당국 관계자는 “무주택 서민을 돕기 위한 전세 대출이 전셋값 거품을 부추기고 이 거품이 갭 투자 수요를 자극하면서 집값까지 연쇄적으로 밀어 올리는 악순환을 끊기 위해 전세 대출과 실거주 규제를 낸 것”이라고 말했다.
하지만 전세 공급의 핵심 지표인 아파트 신규 입주 물량이 앞으로 급감할 예정이어서 전세 시장 안정 효과가 예상보다 미미할 것이란 관측도 나온다. 부동산 정보 업체 직방에 따르면, 올 하반기 전국 아파트 입주 예정 물량은 10만323가구로 전년 동기(16만3977가구)보다 39% 적다. 특히 서울은 내년 입주 물량이 2만4462가구로 올해(4만6710가구)의 절반 수준에 그칠 전망이다. 금리 인상 여파로 2022년부터 부동산 경기가 불황에 빠지고 공사비도 치솟으면서 신규 아파트 인허가·착공이 거의 이뤄지지 않은 탓이다. 입주 가뭄은 향후 3~4년 이상 지속될 전망이다. 대출 규제로 전세 수요를 억누른다 하더라도 공급 감소 속도가 더 빠르다면 가격 안정 효과는 기대하기 어렵다.
박원갑 KB국민은행 수석전문위원은 “지금처럼 전세의 월세화가 빠르게 진행되면 무주택 서민들의 주거비 부담이 훨씬 가중될 수 있다”며 “공공 임대주택을 포함해 전월세 공급 확충 방안이 뒷받침돼야 한다”고 말했다."
2025-07-25,"부영그룹과 고려아연은 경남 산청과 경기 가평 등 집중호우 피해 지역 수해 복구 지원을 위해 각각 5억원을 기부했다고 24일 밝혔다. 아모레퍼시픽은 3억원, 삼양그룹은 2억원, 한일시멘트는 1억원을 기부했다. 아성다이소는 2억원, HS효성은 1억원을 대한적십자사에 기부했다.
구호 물품 지원도 잇따르고 있다. 동서식품은 성금 2억원과 커피믹스 등 구호 물품 2000박스를 기부했다. 도미노피자는 전국재해구호협회를 통해 경남 산청과 합천 지역 이재민 등 800명에게 피자를, 동원그룹은 참치캔, 즉석밥 등 9만여 개를 전달했다. 하이트진로는 생수 13만 병, 빙그레는 음료 6만여 개를 기부했고, 서울우유협동조합은 이재민과 복구 인력을 위해 서울우유 제품 6048개를 전달했다. 쿠쿠는 수해 피해 지역 6곳의 고객에게 무상 수리와 제품 교환 등의 서비스를 지원한다.
중소기업중앙회는 경기·충남·전남·경남 등에서 발생한 집중호우로 수해를 입은 중소기업·소상공인들에게 재난 공제금 지원과 무이자 대출, 대출 금리 인하 등의 지원을 신속하게 시행하겠다고 밝혔다."
2025-07-25,"6·27 대출 규제 발표 후 서울 집값 상승 폭이 4주 연속 축소됐다. 재건축이나 대단지 아파트에서 거래가 이어지며 상승세는 26주 연속 이어지고 있지만, 전반적으로 거래가 줄고 관망세가 확산하면서 가격이 오르는 정도는 둔화된 것이다.
24일 한국부동산원의 주간 아파트 가격 동향에 따르면 서울 아파트 가격은 지난 21일 기준 0.16% 올랐다. 규제 발표 전(0.43%)과 비교하면 3분의 1 수준으로 상승 폭이 축소됐다. 규제 발표 전까지 상승세를 주도하던 강남 3구에서는 잠실·송파동 재건축 단지의 상승세에 힘입어 송파구(0.43%)만 유일하게 전주(0.36%)보다 오름폭이 확대됐다.
서울 전체로는 송파구를 포함해 집값 변동 폭이 다른 구에 비해 상대적으로 작은 중랑구(0.03%→0.05%), 강서구(0.09%→0.13%)까지 3구만 전주 대비 상승 폭이 커졌다. 나머지 다른 구는 모두 집값이 오르는 속도가 더뎌진 것으로 나타났다. 마포구(0.24%→0.11%), 용산구(0.26%→0.24%), 성동구(0.45%→0.37%), 양천구(0.29%→0.27%) 등이었다.
서울 용산의 한 중개업소 관계자는 “대출 규제 영향을 받지 않는 현금 부자들의 고가 주택 매매가 간간이 이뤄지는 것이 상승세를 이끌고 있지만 실수요자들은 확실히 거래를 주저하며 시장 상황을 지켜보는 중”이라고 말했다.
또 서울과 함께 규제 영향권에 놓인 경기도 집값 역시 3주 연속 상승폭이 줄며 0.02%를 기록했다. 경기도 주요 지역을 보면 과천이 0.38% 올라 직전 주(0.39%) 대비 상승률이 0.01%포인트 줄었다. 성남시 분당구도 0.4%에서 0.35%로 오름폭이 축소됐다. 비수도권은 거래가 위축된 상황이 이어지면서, 전국 아파트 매매 가격은 0.01% 오르는 데 그쳤다.
전세 시장에선 서울의 가격 상승 폭이 0.06%로 직전 주(0.07%) 대비 소폭 줄었다. 2주 연속 상승세가 둔화되긴 했다. 하지만 역세권, 선호 단지 등을 중심으로 매물 부족 현상이 이어지고 있고 대출 규제 여파도 있어 전반적인 상승세는 계속될 것이란 전망이 많다. 수도권 전체 전세 가격도 0.02%로 전주(0.03%) 대비 상승률이 소폭 줄었고, 지방은 보합으로 변동이 없었다."
2025-07-24,"총 6만6000가구로 3기 신도시 중 가장 규모가 큰 남양주 왕숙에서 내달 첫 아파트 본청약이 이뤄진다.
국토교통부와 한국토지주택공사(LH)는 다음 달 4일부터 남양주 왕숙 A-1, A-2블록 1030가구에 대한 청약 신청을 받는다고 24일 밝혔다.
올해 3기 신도시 본청약은 2월 고양 창릉, 5월 하남 교산·부천 대장에 이어 이번이 네 번째다. 새 정부 들어서는 첫 번째 3기 신도시 본청약이다.
A-1 블록은 전용면적 59㎡ 629가구로 구성됐으며, A-2 블록은 46㎡ 57가구와 55㎡ 344가구다. 입주 예정 시기는 2028년 8월이다.
이번 공급되는 단지들은 2021년 977가구(A-1 597가구·A-2 380가구) 사전청약이 이뤄졌기 때문에 사전청약 당첨자들에게 본청약이 물량이 우선 배정되고, 본청약 이후 남은 물량이 일반 수요자들에게 공급된다. 청약 접수는 다음 달 4일부터 받는다.
A-1·2블록 인근에는 왕숙천 수변공원이 있으며, 다함께 돌봄센터 등 아이돌봄시설이 배치된다. 지구 뒤쪽 풍양역으로 지하철 4·9호선 연장선이 개통될 예정이다. 정부와 LH는 왕숙 신도시 안에 조성되는 20만㎡ 규모 왕숙도시첨단산업단지에 카카오 데이터센터, 우리금융 금융연구개발센터 등을 유치해 일자리와 주거지가 공존하는 자족형 신도시로 만든다는 계획이다.
남양주왕숙 공공분양주택에는 분양가 상한제가 적용돼 전매 제한이 있으나, 실거주 의무는 없다. 무주택 신혼부부의 경우 소득, 자산 등 입주 자격을 충족하면 특별공급과 일반공급에 중복 청약 신청도 할 수 있다.
LH는 이달 25일 남양주 별내동에 전용 주택전시관을 개관하고 25일부터 일반에 공개한다.
올 하반기에는 총 1만2300가구 규모 공공분양이 예정돼있다. 이달 남양주왕숙 B-1(560가구), B-2 블록(587가구) 분양 공고가 나오며, 8월에는 과천주암 C2 블록(686가구), 의정부우정 A-1 블록(538가구)이 청약 신청을 받는다. 12월에는 서울 마곡지구에서 10-2블록 381가구를 분양한다"
2025-07-24,"현대건설, 스타벅스와 협업한 가방 선봬
현대건설이 국내 건설 업계 최초로 커피 브랜드 스타벅스와 함께 만든 컬래버(협업) 가방 4종을 선보인다고 23일 밝혔다. 가방에 현대건설의 힐스테이트 브랜드를 상징하는 패턴과 색상을 반영하고 스타벅스 로고도 새겼다. 올해 말까지 입주 예정인 힐스테이트 단지 12곳 입주민에게 제공할 예정이다.
현대모비스 ‘어린이 종합 안전 캠페인’ 펼치기로
현대모비스가 한국도로교통공단 등과 업무협약(MOU)을 맺고 ‘어린이 종합 안전 캠페인’을 공동으로 펼치기로 했다고 23일 밝혔다. 어린이가 대중교통을 이용하거나 횡단보도를 지날 때 안전사고 예방법을 체험할 수 있는 프로그램을 전국 단위로 확대 운영할 예정이다."
2025-07-24,"올해 1분기 서울 아파트를 구매한 가구의 연평균 소득이 8800만원을 넘기며 역대 최고치를 기록했다. 서울 아파트 가격이 상승하고 대출 문턱이 높아지면서 고소득자 위주로 아파트 매수에 나선 영향으로 풀이된다.
23일 KB부동산에 따르면 올해 1분기 KB국민은행에서 아파트 담보 대출을 받아 서울 아파트를 매수한 가구의 연평균 소득이 8874만원에 달하는 것으로 집계됐다. 이들이 구매한 아파트의 평균 가격은 9억1000만원이었다.
서울 아파트 구매 가구의 연평균 소득은 갈수록 높아지고 있다. 2022년 1분기까지만 해도 5588만원이었던 서울 아파트 구매 가구의 연평균 소득은 지난해 7719만원으로 뛰었고, 올해 8800만원을 돌파했다.
가구 소득 대비 주택 가격의 비율을 나타내는 ‘소득 대비 주택 가격 비율(PIR)’은 10.2로 나타났다. 구매한 아파트 가격이 해당 가구 연평균 소득의 10.2배라는 뜻이다. PIR이 10배 수준으로 낮아진 것은 2019년 3분기(10.8배) 이후 22분기 만이다. 이 수치는 2022년 2분기 14.8배까지 높아졌으나 이후 계속 낮아지고 있다. 아파트를 구매하는 사람들의 소득이 높아진 영향으로 풀이된다.
서울 아파트 매매 시장은 갈수록 고소득자 위주로 재편될 것이란 분석이 나온다. 2022년 하반기부터 본격 시행된 DSR(총부채원리금상환비율) 규제와 2024년부터 적용된 스트레스 DSR 등으로 인해 주택 대출 문턱이 높아졌기 때문이다. DSR 규제는 연소득 대비 개인이 갚아야 할 총 대출 금액을 제한하는 것으로, 소득이 낮을수록 대출 규모가 줄어든다. 박합수 건국대 부동산대학원 겸임교수는 “정부 대출 규제가 추가되면서 앞으로 서울 아파트 매수자의 소득 수준은 높아질 수밖에 없다”고 했다."
2025-07-23,"대출 한도를 6억원으로 제한하는 고강도 대출 규제를 핵심으로 하는 6·27 부동산 대책 이후 내국인의 서울 부동산 매매 거래는 대폭 감소한 반면 외국인의 서울 부동산 취득은 증가한 것으로 나타났다. 외국인들은 자국 금융기관에서 대출받을 경우 한국의 각종 규제를 받지 않기 때문에 6·27 부동산 대책의 영향이 미치지 않은 것으로 풀이된다. 일부 외국인이 이런 규제 비대칭성을 악용해 투기성 거래를 하는 것으로 나타났다. 부동산 투기를 잡겠다는 대책이 내국인만 차별할 수 있다는 점에서 외국인의 한국 부동산 취득 요건을 강화해야 한다는 지적도 나온다.
법원 등기정보광장에 따르면 규제 직후인 7월 1~18일 내국인이 서울에서 아파트나 오피스텔 같은 집합 건물을 거래한 건수는 7632건으로 전월 같은 기간보다 27.2%나 줄어들었다. 같은 기간 외국인의 서울 부동산 취득은 늘었다. 외국인의 서울 아파트·오피스텔 등 매입은 120건으로 전월 같은 기간보다 14.3% 늘었다. 국적으로 보면 중국인이 57명으로 가장 많았고, 미국(35명), 캐나다(8명) 순이었다.
◇한국인 거래 줄고, 외국인 늘고
외국인은 자국 금융기관에서 대출받을 땐 주택 담보대출 비율(LTV), 총부채 원리금 상환 비율(DSR) 등을 적용받지 않는다. 이번 규제에서 정한 한도 6억원 역시 적용할 수 없다. 해외 부동산 소유 여부를 알 수 없어 다주택자에게 부과하는 취득세·양도소득세 중과도 피할 수 있다. 투기과열지구가 아닌 지역에서는 주택 담보대출에 따른 실거주 의무도 지지 않는다. 자금만 댈 수 있다면 한국 시장에선 규제 위에서 부동산 쇼핑도 가능한 구조다.
실제로 중국 부동산 사이트에선 서울의 고가 아파트와 오피스텔을 좋은 투자 물건으로 소개한다. 중국 최대 해외 부동산 사이트 쥐와이왕(居外網)에는 서울 반포 아크로리버파크와 한남동의 고급 빌라인 파르크 한남 같은 고가 주택 수십 건이 매물로 나왔다. ‘강남권 집값 상승을 이끈 한강변 재개발 단지’라는 설명이 붙은 아크로 리버 파크는 이미 거래가 완료됐다고 나왔고, 서울 성수동 아크로 포레스트는 ‘미래 100년을 위한 집’이라는 설명과 함께 258억원에 매물로 나왔다. 중국인들이 자주 찾아온다는 신길뉴타운의 한 부동산 관계자는 “몇 주 전에도 광명의 신축 아파트를 구매한 중국인이 14억원을 현금으로 결제했다”고 말했다.
◇편법도 적발
국토교통부에 따르면 외국인 보유 주택은 작년 말 처음으로 10만 가구를 돌파했다. 1년 만에 9.6% 늘어난 수치다. 외국인 소유 부동산의 72.7%가 수도권에 집중돼 있고, 외국인 2~5명이 지분을 쪼개 취득한 주택도 9000채가 넘었다.
이런 거래 중에선 편법도 적발된다. 서울시는 “지난달 말부터 강남 3구와 용산구 등 토지거래허가구역 내 외국인 취득 부동산을 현장 점검한 결과 인테리어업이나 사무실로 쓰겠다고 허가받아놓고 실제 영업 활동을 하지 않은 2곳과, 실거주 목적으로 허가받아 놓고 서류를 제출하지 않은 1건에 대해 이행 명령 조치를 했다”고 지난 21일 밝혔다. 토지거래허가구역에서 거래 허가를 받고 실거주하지 않거나 방치하면 취득가의 10%를, 다른 사람에게 임대하거나 이용 목적을 바꾸면 각각 7%, 5%를 이행 강제금으로 내야 한다. 내국인은 위반 사항 발생 시 은행에서 대출받은 금액도 회수되지만 외국인은 이런 규정이 즉각 반영되지 않는다는 점이 허점으로 지적된다.
외국인의 부동산 쇼핑을 막고, 내국인 역차별을 해소하려는 입법도 진행 중이다. 김은혜 국민의힘 의원은 이달 2일 외국인 부동산 거래 방식을 신고제에서 허가제로 바꾸고, 상호주의 원칙을 명시하는 법안을, 이언주 더불어민주당 의원도 외국인이 국내 부동산을 매수할 경우 3년 이상 실거주하는 내용을 담은 법안을 발의했다. 국민의힘 산하 여의도연구원은 ‘외국인 부동산 취득 문제점과 제도 개선 방향’ 세미나에서 “외국인 투자 유치를 통한 경제 활성화와 주택 시장 안정화 및 국가 안보라는 목표 사이에서 균형을 이룰 법안을 내놓아야 한다”고 말했다."
2025-07-23,"실수요자들이 많이 찾아 ‘국민 평형’으로 불리는 전용 60~84㎡ 서울 아파트 전셋값이 2년 만에 평균 6400만원 이상 오른 것으로 나타났다. 6월 말 나온 고강도 대출 규제 이후 서울의 신규 전세 매물이 빠르게 줄고 있어 전셋값 상승세는 이어질 것으로 보인다.
부동산 중개 업체 집토스가 2023년 상반기(1~6월)와 2025년 상반기의 수도권 아파트 7878개 단지 전·월세 실거래가를 분석한 결과, 평균 전셋값이 2년 만에 3억9063만원에서 4억3278만원으로 4215만원 오른 것으로 집계됐다. 이 중 서울의 전용 60~84㎡ 아파트 전셋값은 5억3760만원에서 6억196만원으로 6435만원(12%) 오르며 가장 높은 상승세를 보였다.
전반적인 전세 가격 상승세 속 신혼부부나 3~4인 가구에 인기가 높은 중소형 평형으로 수요자들이 몰리면서 중소형 아파트 전셋값이 대형보다 더 가파르게 올랐다. 서울 소형 평수(50~60㎡) 아파트의 전세 가격 상승률은 12.7%로 가장 높았다. 다음이 국민 평형(60~84㎡) 11.7%, 대형(85㎡ 초과) 10.4% 순이었다. 수도권에서는 국민 평형 아파트의 전셋값 상승률이 11.2%로 가장 높았다.
수도권에서 국민 평형의 전셋값이 가장 많이 뛴 지역은 경기 과천시로 2년 만에 평균 1억5450만원(21.9%) 올랐다. 서울과의 접근성이 부각되며 전세 수요가 늘어나고 있지만 주요 단지 재건축 등으로 매물이 갈수록 줄고 있기 때문이다. 서울에선 서초구 1억1717만원(13.1%), 강남구 1억1081만원(13.7%), 마포구 9529만원(15.4%) 순으로 전세가 많이 올랐다. 이재윤 집토스 대표는 “내 집 마련에 나서려다가 대출 규제로 전세 시장에 머물게 된 무주택 실수요자들이 급등한 전세 보증금과 월세 부담이라는 이중고에 직면할 것”이라고 했다."
2025-07-23,"태영건설 컨소시엄은 부산항만공사가 발주한 ‘부산항 진해신항 컨테이너부두 1-1단계 축조공사’의 실시설계 적격자로 선정됐다고 22일 밝혔다. 총 사업비는 6065억원으로, 오는 12월 공사 계약을 맺고 착공할 예정이다."
2025-07-22,"서울의 30평형대 아파트 전셋값이 2년 사이 6000만원 이상 오른 것으로 나타났다.
22일 부동산 중개업체 집토스가 국토교통부 실거래가 조회 시스템 상의 2023년과 올해 상반기 수도권 아파트 7878개 단지의 전월세 실거래가를 비교 분석한 결과 이 기간 평균 전셋값은 3억9063만원에서 4억3278만원으로 4215만원 늘어난 것으로 조사됐다.
특히 ‘국민 평형(국평)’으로 불리는 중형(60∼85㎡) 아파트의 전셋값 상승세가 두드러졌다. 수도권 국평 아파트 전셋값은 4380만원 올라 상승률이 11.2%였고, 소형(50∼60㎡)이 10.8%(3590만원)로 뒤를 이었다. 그 밖에 대형(85㎡ 초과)은 상승률이 9.8%(6041만원), 초소형(50㎡ 이하)은 5.6%(1327만원)였다.
지역을 서울로 한정하면 국평 아파트 평균 전세 보증금은 2023년 상반기 5억3760만원에서 올 상반기 6억196만원으로 6435만원 늘어 평균 11.7% 올랐다.
경기도 안에서는 과천의 국평 전셋값이 2년 만에 21.9%(1억5450만원) 올라 수도권에서 최고 상승률을 기록했고, 양주(19.3%), 구리(17.3%), 화성(16.6%), 시흥(15.4%) 등도 가격이 크게 뛰었다.
서울에서는 마포구(15.4%), 서대문구(14.4%), 동작구(14.0%) 등이 상승률 상위권을 기록했다. 금액 기준으로는 고가 주택이 많은 지역인 서초구(1억1717만원), 강남구(1억1081만원) 등이 크게 올랐다.
이재윤 집토스 대표는 “매매 시장의 불확실성이 커지고 전세 수요는 꾸준히 유지되는 가운데 2년 전 대비 전셋값이 크게 오르며 세입자들의 주거비 부담이 한계에 다다르고 있음을 보여주는 결과”라고 말했다."
2025-07-22,"서울 도봉구 도봉산역 인근의 부지 1641㎡(약 496평)짜리 한 주유소는 조만간 오피스텔 빌딩으로 변신한다. 지난 5월 134억5000만원에 한 건설 시행사에 매각됐다. 지하철까지 걸어서 5분 거리이고, 전면에 왕복 8차선 도로가 있는 역세권이란 입지가 높은 평가를 받았다. 강남구 개포동 삼성서울병원 인근에 있는 또 다른 주유소는 실버타운으로 바뀔 예정이다. 한 민간 기업이 989㎡(약 299평) 부지를 163억원에 사들였다. 병원을 쉽게 오갈 수 있는 장점 덕이다.
서울을 비롯한 수도권 주택 공급 부족 문제가 갈수록 커지는 가운데, 최근 도심 속 주유소가 속속 주거 시설로 바뀌고 있다. 과거에는 주유소가 교통 요지에 있어 유동인구가 많다는 점 때문에 상업 시설로 개발되는 사례가 적잖았다. 하지만 앞으로 수도권 주택이 수요에 비해 공급이 크게 모자란 상황이 심각해질 것이란 우려가 커지면서 주유소를 주거 시설 부지로 눈여겨보는 기업 등이 늘고 있다.
특히 넓은 부지를 확보하기 어려운 도심에서 주유소는 땅덩이가 주거 건물을 지을 수 있는 1000~1700㎡ 수준으로 널찍하다는 장점이 특히 부각되는 중이다. 21일 부동산 컨설팅 기업 쿠시먼앤드웨이크필드에 따르면, 올해 상반기 이 회사가 외부에 매각한 주유소 28곳 중 주거 시설로 개발하기로 한 주유소만 13곳이다.
도심 땅값이 빠르게 오르고 있는 것도 영향을 주고 있다. 서울의 평균 공시지가는 2020년 592만원에서 올해 697만원으로 5년 만에 약 18% 올랐다. 주유소는 꾸준하게 현금이 창출되는 장점이 있지만, 전기차와 하이브리드 차 등 친환경차가 빠르게 늘어나면서 사업 전망이 밝지 않다는 게 단점이다. 그래서 주유소를 매각해 투자처를 바꾸고 싶어 하는 수요도 늘고 있다. 실제로 주유소 147곳을 운영하고 있는 코람코라이프인프라 리츠에 따르면, 2020년 8392억원이었던 주유소 자산 가치는 지가 상승으로 올해 1조1223억원으로 33.7% 높아졌다. 주유소 111곳을 운영하는 SK리츠도 자산 가치가 4년도 안 돼 24% 이상 뛰었다. 정예원 쿠시먼앤드웨이크필드 과장은 “주유소 수익률이 갈수록 낮아질 것으로 예상되는 만큼 ‘지금이 매각 타이밍’이라 생각한 소유주는 계속 증가할 것”이라고 했다."
2025-07-21,"1122가구 규모로 새로 지어질 ‘개포우성7차’ 재건축 사업의 시공사가 다음 달 23일 선정된다. 국내 대표 건설사인 삼성물산과 대우건설의 양자 대결이 벌어지는데, 투표를 앞두고 조합원 마음을 사기 위한 수주 경쟁이 치열해지고 있다. 특히 지난달 발표된 고강도 대출 규제가 경쟁 양상에 영향을 주고 있다. 재건축 과정에서 조합원의 현금 마련 부담이 커지면서 어떤 건설사가 더 현금 조달을 잘해오는지가 시공사를 정하는 핵심 요소로 부상하고 있는 것이다.
대표적인 것이 조합원 이주비다. 기본 이주비는 조합원이 기존 주택을 담보로 금융기관 대출을 받는 것이고, 추가 이주비는 시공사가 보증을 서서 금융기관이 조합에 사업비로 빌려주는 자금이다. 이번 규제로 기본 이주비 대출이 최대 6억원으로 묶이면서 조합원 부담이 커졌다고 한다.
삼성물산은 추가 이주비로 주택담보대출비율(LTV) 100%만큼 대출 지원을 하고, 필요할 경우 대출 규모를 더 늘리겠다는 방안을 내놨다. 개포우성7차 조합원의 기존 주택 가치가 만약 20억원이라면, 기본 이주비를 포함해 20억원 이상을 대출해준다는 것이다. 대우건설은 추가 이주비로 LTV 50%의 대출 지원을 하면서 전월세나 다주택자 등이 이주비로 활용할 수 있는 사업 촉진비 1조원을 추가로 조달하겠다고 했다.
새 아파트를 받기 위해 조합원이 추가로 내야 하는 분담금도 변수다. 조합이 재건축을 하면서 쓰는 각종 용역비와 금융 비용 등이 포함된 사업비를 줄이면 조합원 분담금도 줄어드는데, 대우건설은 약 4000억원으로 추산되는 이 조합 사업비를 최저 금리(양도성예금금리 수준)로 대출해준다는 점을 내세웠다. 삼성물산도 ‘한도 없는 최저 금리’를 약속했지만 수치를 언급하진 않았다. 회사 관계자는 “삼성 계열사로 신용도가 높은 만큼 다른 건설사보다 금리를 더 낮출 수 있다”고 했다.
전체 비용을 좌우하는 공사비와 공사 기간은 삼성물산이 좀 더 저렴하고 짧게 책정했다. 대우건설은 공사 기간 47개월에 3.3㎡당 공사비 879만6000원, 삼성물산은 공사 기간 43개월에 3.3㎡당 공사비 868만9000원을 내걸었다."
2025-07-21,"올해로 개항 24주년을 맞은 인천국제공항은 작년 국제선 이용객 수 세계 3위를 기록했다. 작년 인천공항 국제선 이용객은 7067만명으로 두바이·런던 히스로의 뒤를 이었다. 세계 최초로 ACI(국제공항협의회) 주관 세계공항서비스평가(ASQ)에서 12년 연속 1위를 달성하고 ACI 고객 경험 인증에서 3년 연속(2022~2024년) 최고 등급을 획득한 것 역시 인천국제공항의 성과다.
인천국제공항이 글로벌 공항 경쟁에서 앞서나갈 수 있었던 요인 중 하나는 국내 엔지니어링 기술의 탄탄한 뒷받침이 있었기 때문이다. ‘건설 산업의 꽃’이라 불리는 엔지니어링은 교량, 도로, 공항, 플랜트 같은 인프라의 사업 기획부터 타당성 조사, 설계, 조달, 감리, 운영에 이르기까지 시공을 제외한 모든 공정을 아우르는 산업을 뜻한다.
1992년 인천공항을 만들 때 이미 우리 엔지니어링 기업들은 진공압밀공법·심층배수공법 등으로 지반이 연약한 영종도 간척지의 한계를 극복했고, 혹시나 있을지 모르는 지반 침하에 대비하기 위한 모니터링 시스템도 가동하고 있다. 또 수하물 추적과 경로 최적화 기술을 적용한 완전 자동화 고속 수하물 분류 시스템(BHS·Baggage Handling System)을 구축해 세계 최고 수준의 처리 속도(1시간당 7200개 이상)를 달성해 고객 편의를 높였다. 최근엔 공항 이용 수요 증가에 대응한 디지털·친환경 설계 기술을 적용해 인천공항을 한 단계 더 진화시키고 있다. 활주로와 유도로 주변 소음을 줄이기 위해 숲과 방음둑을 조성해 환경에 미치는 영향을 최소화하고, 지붕 태양광 발전을 통해 신재생 에너지를 활용하는 식이다.
◇수요 높아지는 고부가가치 산업
엔지니어링은 건설은 물론, 정보통신·기계·전기·환경 등 다양한 분야에서 쓰이는 대표적인 고부가가치 산업이다. 엔지니어링 산업의 부가가치율(매출에서 매입비를 뺀 금액을 매출로 나눠 산출)은 62.1%로, 서비스업(55.5%), 제조업(23.6%)보다 높다. 전 산업 평균(38%)과 비교해도 20%포인트 이상 높은 수준이다. 매출 10억원당 고용 인원 수를 뜻하는 고용 유발 계수도 11명으로 전체 산업 평균(8명)이나 건설업(10.2명)보다 높다. 2025년 6월 기준 국내 엔지니어링 사업체 수는 9103개로, 종사자 수는 43만5643명이다. 상근직 비율이 90% 이상으로 높아 양질의 일자리 창출 기여도가 높다.
국내 엔지니어링 업체들의 입지도 커지고 있다. 국내 엔지니어링 기업의 수주 실적은 작년 역대 최대인 11조3000억원을 기록했다. 2019년(8조1611억원)과 비교하면 5년 동안 38.5% 성장했다. 매년 설계 매출을 기준으로 글로벌 225대 기업을 발표하는 미국 엔지니어링 전문지 ENR에 따르면 삼성엔지니어링·도화엔지니어링·삼우종합건축사사무소 등 12개 기업이 포함돼 세계 12위를 차지했다.
◇국내 업체 성과 알릴 기회
한국엔지니어링협회는 엔지니어링 산업의 중요성을 알리기 위해 2022년 ‘대한민국 엔지니어링 대상’을 만들었다. 기술 심사위원회와 종합 심사위원회의 2단계 심사 과정을 거쳐 엔지니어링 산업의 위상 제고에 가장 크게 기여한 프로젝트와 기술자를 선정해 최고 1억원의 상금을 수여한다.
작년에는 현대엔지니어링의 ‘우즈베키스탄 칸딤 가스처리시설’이 대상을 수상했고, 인천국제공항(1~3단계) 프로젝트에 참여한 유신과 시화호 조력발전소를 설계한 삼안, 신고리 1·2호기 종합설계를 한 한국전력기술이 협회 창립 50주년 기념 특별상을 받았다.
‘제4회 대한민국 엔지니어링 대상’ 시상식은 12월 3일 열릴 예정이다. 공모 마감일 기준으로 최근 1년 이상 5년 이내 준공된 국내외 엔지니어링 프로젝트를 대상으로, 이달 31일까지 ‘대한민국 엔지니어링 대상’ 홈페이지(www.kengawards.kenca.or.kr)에서 접수를 한다. 이해경 한국엔지니어링협회 회장은 “한국 엔지니어링 업체의 우수한 기술력과 성과를 널리 알릴 수 있도록 노력하겠다”고 말했다."
2025-07-21,"대출 한도를 6억원으로 제한한 6·27 대출 규제 여파로 경매 시장 열기도 가라앉은 것으로 나타났다. 대출 규제 전과 비교해 낙찰가율(감정가 대비 낙찰 가격 비율)이 줄고 응찰자 수도 감소한 것이다.
20일 부동산 경·공매 데이터 전문기업 지지옥션에 따르면 이달 1일부터 18일까지 서울 아파트의 경매 낙찰가율은 94.9%로 나타났다. 이는 지난달(98.5%)보다 낮아진 것일 뿐만 아니라 지난 2월(91.8%) 이후 5개월 만에 가장 낮다. 물건별 응찰자 수도 평균 7.3명으로 지난달 9.2명보다 줄어 경쟁률은 올해 1월(7.0명) 이후 6개월 만에 가장 낮아졌다.
경매 열기가 주춤하는 까닭은 6·27 대출 규제가 경매에서 낙찰받은 물건에 대한 대출에도 적용됐기 때문이다. 경매에서 아파트를 낙찰받아도, 낙찰받은 부동산을 담보로 6억원밖에 빌릴 수 없어 현금 마련 부담이 커졌다. 부동산을 취득한 후 6개월 내 전입 의무까지 부과됐다. 이 때문에 실거주 아닌 투자 수요가 줄어든 것으로 풀이된다.
다만 강남 3구 등 토지거래허가구역 내 인기 단지나 재건축 추진 단지 등 투자 가치가 높다고 판단되는 곳에서는 현금이 넉넉한 사람들 중심으로 고가 낙찰 사례가 나오고 있다. 지난 14일 입찰에 부쳐진 서울 송파구 잠실 우성4차 아파트(전용 95.84㎡)는 1회차 경매에서 감정가(16억8400만원)의 126.48%인 21억3000만원에 낙찰됐다."
2025-07-21,"◇부산 해운대구 ‘르엘리버파크센텀’ 분양
롯데건설은 부산광역시 해운대구에서 ‘르엘리버파크센텀’ 아파트를 오는 22일 분양한다. 재송동 856-6번지 일원에 지하 6층~지상 67층, 총 2070가구짜리 여섯 동이 들어선다. 이 단지는 롯데건설의 하이엔드 주거 브랜드 ‘르엘’이 부산에 처음으로 적용되는 곳이다. 부산 동해선 재송역을 걸어서 이용할 수 있고 부산 해운대 센텀시티와도 가깝다. 인근에는 백화점과 벡스코 등 생활·여가 인프라가 풍부한 편이다.
◇동대문구 ‘제기동역 아이파크’ 견본 주택 개관
HDC현대산업개발이 오는 25일 서울 동대문구 용두동에 견본 주택을 열고 제기동 일대에 짓는 ‘제기동역아이파크’를 분양한다. 지하 3층~지상 최고 32층, 두 동에 걸쳐 총 351가구로 조성되는데 이 중 전용면적 44~59㎡에 해당하는 82가구를 일반 분양한다. 이 단지는 서울 지하철 1호선 제기동역이 가깝고 서울 경전철 동북선이 개통하면(2027년 예정) ‘더블 역세권’이 될 전망이다."
2025-07-20,"전용면적이 60㎡ 이하인 소형 아파트 매매 가격이 올해 처음으로 40억원대에 진입한 것으로 나타났다.
국토교통부 실거래가 공시시스템에 따르면 서울시 서초구 반포동 래미안원베일리 아파트 전용 59.96㎡(29층)는 지난 2월 24일 40억5000만원에 팔렸다. 이는 전국에서 처음으로 40억원을 넘은 소형 아파트 거래다. 또 지난달 서초구 반포동 래미안퍼스티지 전용 59.96㎡(6층)와 아크로리버파크 전용 59.98㎡(12층), 강남구 압구정동 한양1차(영동한양) 전용 49.98㎡ 2채(3·10층)가 40억원에 매매 계약을 체결했다.
소형 아파트 선호 현상은 강남권 등 고가 주택이 밀집한 지역 외에도 서울 전역에서 공통적으로 나타나고 있다. KB국민은행의 주택가격 동향 조사 통계에 따르면 지난달 서울의 한강 이남 11개구(강남·서초·송파·강동·강서·관악·구로·금천·동작·양천·영등포구)의 소형 아파트 평균 매매가는 10억1398만원으로, 조사가 시작된 이래 월별 사상 최고가를 경신했다. 같은 기간 서울 전역의 소형 아파트 평균 매매가는 8억5350만원이었다.
부동산 시장 전문가들은 수도권 주택 구입에 주택담보대출 상한을 6억원으로 묶는 내용 등을 담은 6·27대책의 영향으로 소형 아파트에 대한 실거주 수요가 더욱 증가해 가격도 상승할 것으로 내다봤다.
상반기 기준 서울에서 6억원 미만의 소형아파트 매매 건수는 2022년 2674건, 2023년 3652건, 지난해 4336건, 올해는 상반기까지 5954건으로 집계됐다. 지난달 아파트 매매 사례의 등록 신고 기한(30일)이 아직 끝나지 않은 점을 고려하면 올해 상반기 매매 건수는 이보다 더 많아질 전망이다."
2025-07-19,"6월 말 시행된 고강도 대출 규제 이후 서울 아파트 임대차 거래에서 ‘계약갱신청구권’ 사용 비율이 늘고 있는 것으로 나타났다. 세입자는 계약갱신청구권을 사용하면 집주인의 의사와 상관없이 전·월세 계약을 한 번 더 연장할 수 있고, 임대료 상승률을 5% 이내로 제한할 수 있다. 이번 규제 탓에 자금 조달이 어렵거나 집값이 떨어질 것이라 생각하며 ‘내 집 마련’ 대신 전·월세 시장에 머물기로 한 사람이 늘어난 여파란 분석이 나온다.
18일 국토교통부 실거래가공개시스템에 따르면, 이달 1~18일까지 서울 아파트 전·월세 거래 7186건 중 기존 계약이 갱신된 것은 3008건(41.9%)이었다. 지난달 같은 기간(37.2%)과 비교해 비율이 4.7%포인트 늘었다. 서울 연립·다세대주택 등 비아파트도 이달 18일까지 계약 갱신 비율이 32.5%로, 전월 동기(29.3%) 대비 3.2%포인트 상승했다.
또 전세 가격이 앞으로 더 오를 수 있다는 전망도 영향을 주고 있다. 이번 규제로 주택 담보 대출을 받으려면 6개월 이내에 전입해야 하는 등 집주인의 실거주 의무가 강화됐고, 신축 아파트 입주 시 ‘소유권 이전 조건부 전세 대출’도 전면 금지되면서 갈수록 전세 물량이 줄어들 것으로 보이기 때문이다. 김효선 NH농협은행 부동산수석전문위원은 “정부의 추가 규제도 예상돼 수요자들이 관망세로 돌아서고 있어 당분간 계약 갱신 비율은 상승세가 이어질 것”이라고 했다."
2025-07-18,"지난달 27일 고강도 부동산 대출 규제가 발표된 이후 서울 아파트 거래량이 80% 넘게 감소한 것으로 나타났다. 지난달까지 과열 분위기였던 서울 아파트 시장이 급격히 식고 있는 것으로 풀이된다.
17일 국토교통부 실거래가공개시스템에 따르면 이달 1일부터 17일까지 서울 아파트 거래량은 1140건으로 지난 6월 1일부터 17일까지 거래된 5978건에 비해 81% 감소한 것으로 집계됐다. 거래 신고 기한이 30일인 것을 감안하면 7월 거래량은 다소 늘어날 전망이지만 6월 거래량에는 크게 미치지 못할 못할 것으로 보인다.
지역별로는 성동구 거래량이 전월 대비 94.3% 줄어들며 서울 25구 중 감소 폭이 가장 컸다. 인구 28만명인 성동구의 경우 지난달엔 441건의 아파트가 거래됐지만, 이달에는 단 25건에 그쳤다. 마포구도 이달 아파트 거래가 단 32건에 그치며 전월(396건) 대비 91.9%가 줄었다. 이어 강동(91.6%) 동작(90.9%) 서초(90.4%) 순으로 아파트 거래가 많이 감소했다. 고종완 한국자산관리연구원장은 “ 주택담보대출 규제와 함께 이달부터 스트레스 DSR 3단계가 시행되면서 실수요자의 자금 조달 부담이 커졌다”며 “당분간 서울 아파트 거래량은 낮은 수준을 이어갈 것”이라고 전망했다.
거래량이 급감하면서 서울 아파트 매매가 상승세도 둔화되고 있다. 이날 한국부동산원이 발표한 ‘주간 아파트 가격 동향’에 따르면, 7월 2주(14일 기준) 서울의 아파트 매매가는 0.19% 오르면서 3주 연속 상승 폭이 축소된 것으로 집계됐다. 강남구가 0.34%에서 0.15%로 상승세가 둔화된 것을 비롯해 서초(0.32%) 성동(0.45%) 마포(0.24%) 등 주요 지역의 상승 폭이 줄어들었다. 한국부동산원은 “매수 관망세가 심화되면서 거래 감소로 인해 서울 전체 매매가 상승 폭이 축소되는 추세”라고 했다."
2025-07-16,"김윤덕<사진> 국토교통부 장관 후보자가 4기 신도시를 만드는 대신 기존 부지를 활용한 공공 중심의 공급 전략을 택하겠다는 뜻을 밝혔다.
김 후보자는 15일 인사청문회 준비 사무실이 있는 정부과천청사로 출근하며 “공급을 늘리기 위해 또 다른 신도시를 만들기보다, 기존 부지를 적극적으로 활용하는 게 좋지 않을까 생각하고 있다”고 했다. 그러면서 “재건축·재개발을 활성화하고 용적률을 완화하는 방향으로 가되, 공공의 이익을 잘 살펴서 진행할 것”이라고 했다. LH나 SH 등이 주도하는 식으로 재건축·재개발 속도를 높인다는 새 정부 기조를 다시 한번 확인한 것이다.
정부는 공공 주도 개발 속도를 높이기 위해 기존 도심 공공주택 복합 사업에 기반한 새로운 방안을 검토 중인 것으로 알려졌다. 도심 공공주택 복합 사업은 사업성이 낮아 민간이 개발하기 어려운 지역을 LH 등이 개발부터 분양까지 주도하는 방식이다. 민간 개발보다 사업 절차가 간단하고 용적률 상향 같은 혜택을 받을 수 있어 개발 기간을 5년 내외로 단축할 수 있다. 업계 관계자는 “공사비 상승 등 여파로 민간 기업이 공공 택지를 외면하거나 계약을 해약해 사업이 느려진 측면이 있다”며 “공공 주도 모델로 속도를 낼 수 있을 것”이라고 했다.
김 후보자는 이날 “(이재명 대통령이) LH의 경우 구조적이고 판을 바꿀 수 있는 큰 규모의 개혁을 염두에 두면서 능동적이고 공격적으로 임해 달라고 주문했다”고 밝히며 대대적인 한국토지주택공사(LH) 개혁을 예고했다. LH가 개발한 택지를 민간에 매각하면서 분양가 상승을 부추기고 있다는 비판이 제기되고 있는 만큼 LH가 택지 조성부터 분양까지 시행하는 비율을 높이는 등 사업 구조를 근본적으로 바꿀 필요가 있다는 의미로 풀이된다.
한편 수도권 3기 신도시 사업은 공사비 상승과 토지 보상 문제로 인해 지연되고 있다. 전국 8곳에 조성 중인 3기 신도시 규모는 약 32만8000가구 수준이다. 계획대로라면 인천 계양과 하남 교산 등 총 8만여 가구가 올해부터 입주해야 하지만 내년 하반기에나 인천 계양 지구부터 입주가 시작될 전망이다. 3기 신도시 중 가장 규모가 큰 광명·시흥지구(6만7000가구)는 아직 토지 보상도 이뤄지지 못했다."
2025-07-14,"올해 서울 아파트 중 26억원 이상의 아파트 거래량이 가장 많이 늘어난 것으로 나타났다. ‘똘똘한 한 채’ 현상이 심화되며 고가 아파트 위주로 거래된 영향이다.
13일 부동산 전문 리서치업체 리얼투데이가 올해 상반기 서울 아파트 가격대별 거래량을 분석한 결과, 26억원 이상인 아파트 거래량은 3424건으로 지난해 동기(1467건) 대비 133.4% 증가했다. 이어 16억원 이상~26억원 미만 83.6%, 12억원 이상~16억원 미만 74.6%, 6억원 이상~12억원 미만 38.3%, 6억원 미만 24.1% 순으로 증가 폭이 컸다.
26억원 이상 아파트 거래가 늘어난 것은 강남 3구(강남·서초·송파)와 용산·성동구 등 이른바 ‘한강 벨트’의 거래가 늘어났기 때문이다. 강남 3구의 26억원 이상 아파트 거래 건수는 서울 전체의 73.8%를 차지했다. 여기에 마포·용산·성동구까지 합하면 6개 지역의 거래 비율은 83.2%에 달했다."
2025-07-14,"인공지능(AI)을 활용해 흩어져 있는 빈집을 관리하고 공영주차장의 안전성도 높이는 시범 사업이 시작된다.
13일 국토교통부는 ‘2025년 스마트도시 데이터허브 시범 설루션 발굴 사업’ 공모 결과, 울산, 제주, 충청북도가 최종 선정됐다고 밝혔다. 스마트도시 데이터허브란 다양한 도시 데이터를 한곳에 모아놓은 도시 정보 플랫폼으로, 이 데이터를 분석해 새로운 도시 서비스를 만들 수 있게 돕는다. 이번 공모에 선정된 지자체에는 국비 최대 10억원을 지원한다.
울산은 AI로 가스·전기·수도 등 도시 생활 데이터를 분석하는 방식으로 빈집이 어디에 있는지 등을 예측해 정책 개발에 반영하는 모델을 만들기로 했다. 제주는 공영 주차장에 설치된 CCTV 영상이나 접수된 민원을 AI로 분석하는 ‘공영 주차장 스마트 안전 AI 분석 설루션’을 구축한다. 관광 도시에서 자주 발생할 수 있는 주차장 내 안전 문제나 각종 사고 등에 대응하겠다는 것이다.
충북은 지방 소멸 고위험 지역의 인구를 늘리기 위해 ‘생활 인구 기반 지방 소멸 대응 설루션’을 개발할 예정이다. 청년들의 귀촌이나 창업을 지원하기 위해 지역 내 도시·농촌 데이터를 수집해 분석하는 시스템도 만들고, 챗봇 등 AI 기반의 행정 서비스도 개발할 계획이다."
2025-07-14,"김포시에 ‘해링턴 플레이스 풍무’ 분양
효성중공업이 경기 김포시 풍무동에 ‘해링턴 플레이스 풍무’ 아파트를 분양한다. 풍무 양도지구 도시개발사업 1~3블록에 지하 3층~지상 최고 29층, 총 1769가구 규모 단지다. 14일 특별공급을 시작으로 15일 1순위 청약, 16일 2순위 청약을 받는다. 견본주택은 지난 11일 열었다.
‘힐스테이트 회룡역파크뷰’ 견본 주택 열어
현대건설이 경기 의정부시 호원동에 짓는 ‘힐스테이트 회룡역파크뷰’ 견본주택을 18일 단지 예정 부지 인근에서 연다. 총 1816가구 중 전용면적 59~84㎡ 674가구를 일반 분양한다. 수도권 전철 1호선 회룡역과 7호선 환승역(예정)을 걸어서 이용할 수 있다."
2025-07-14,"‘6·27’ 대출 규제 이후 서울의 아파트 최고가 거래량이 눈에 띄게 감소한 것으로 나타났다.
14일 부동산 플랫폼 직방이 국토교통부의 서울 아파트 매매 실거래가 자료를 분석한 결과 6·27 대책 발표 후 2주간(6월 27일~7월 10일) 서울 아파트 전체 거래량 1312건의 22.9%에 해당하는 300건이 최고가 거래였다. 같은 단지의 같은 면적 아파트의 직전 최고가와 같거나 더 비싼 가격에 팔린 거래라는 의미다.
6·27 대책 발표 직전 2주(6월 13∼26일)간의 전체 거래량 4693건 중 최고가 거래로 집계된 1141건과 비교하면 74%가 줄어든 숫자다. 전체 거래 중 최고가 거래의 비율도 같은 기간 24.3%에서 22.9%로 줄었다.
자치구별로 보면 이른바 ‘한강 벨트’ 지역의 최고가 거래가 특히 가파르게 줄었다. 대책 발표 전 2주간의 최고가 거래량이 139건으로 서울에서 가장 많았던 성동구는 이후 22건으로 84% 줄었고, 2위였던 마포구는 137건에서 18건으로 87% 줄었다.
강동구도 6월 27일 이후 최고가 거래량이 116건에서 23건으로 80% 줄었고, 강남구는 112건에서 41건으로 63% 각각 줄었다. 이 밖에 동작구(85건→15건), 영등포구(82건→18건), 광진구(50건→16건), 강서구(34건→16건), 동대문구(30건→4건) 등도 최고가 거래량이 감소한 것으로 집계됐다."
2025-07-14,"대우건설이 음악 앨범을 냈다. 지난 10일 ‘더 모뉴먼트 써밋(The Monument, SUMMIT)’이라는 앨범을 내고, 대우건설의 고급 주거 브랜드 ‘써밋’을 주제로 한 13곡을 멜론·애플뮤직·스포티파이 같은 국내외 주요 음악 감상 사이트에 등록한 것이다. 이 음악들은 써밋 브랜드 아파트 커뮤니티나 로비, 대우건설이 운영하는 쇼룸 써밋 갤러리 등에서 재생될 예정이다. 대우건설은 “고급 호텔들이 자신들의 정체성을 드러내는 음악과 향기 등으로 공간에 들어서자마자 브랜드를 떠올리게 하는 것 같은 효과를 노린 것”이라고 말했다.
건설사들의 홍보전이 다양한 방식으로 진화하고 있다. 시공 능력·기업 규모 등을 내세우던 과거에서 젊은 직원을 내세운 브랜드 홍보를 넘어 최근에는 음악 앨범·예능 콘텐츠 제작 등 홍보전이 점점 고도화되고 있다는 평가다.
GS건설은 제이미맘·싸이 닮은꼴 등으로 인기 있는 개그우먼 이수지를 인턴으로 채용했다. GS건설 아파트 브랜드 자이(Xi) 공식 유튜브 채널인 ‘자이TV’에서 그가 마케팅팀 인턴 사원으로 입사해 분양 아파트를 홍보하는 영상을 예능 프로그램 형식으로 제작한 것이다. 지난 5월 공개된 이 영상은 기업 홍보 영상임에도 불구하고 조회 수가 76만회를 넘어섰다. 개그맨·인플루언서 등을 섭외해 TV 예능 프로그램 못지않은 홍보 영상을 만든 덕에 자이TV는 작년 9월 건설사 유튜브 채널 중 최초로 실버 버튼(구독자 10만명 돌파)을 받았다는 기록을 세우고, 현재 구독자가 70만5000명을 넘어섰다.
롯데건설은 롯데캐슬 브랜드 공식 유튜브 채널인 ‘오케롯캐’에서 누적 조회 수 4500만회를 기록했다. 시공 능력 평가 10위권 건설사 유튜브 중 가장 많은 기록이다. 올해 1월 롯데캐슬 입주민을 대상으로 찍은 다큐멘터리 영상 ‘엄마의 시간’은 공개 3주 만에 300만 조회 수를 기록했다.
건설사들이 전문 영상 제작 업체와 광고 제작사까지 섭외해 TV 프로그램 못지않은 예능·다큐멘터리 영상 등으로 홍보 수위를 높이는 것은 점점 치열해지는 수주전 때문이라는 분석이다. 한 건설사 임원은 “신규 아파트 공급이 적은 상황에서 재건축처럼 ‘조합원의 선호’에 따라 성패가 갈리는 사업을 수주하는 게 중요하기 때문에 브랜드 이미지를 각인시키는 것이 그 무엇보다 중요해졌다”고 말했다."
2025-07-14,"GS건설이 서울 송파구 잠실우성 1·2·3차 재건축사업과 서울 중구 신당10구역 주택 재개발 사업을 수주했다.
GS건설은 지난 12일 열린 잠실우성 1·2·3차 재건축조합 총회에서 시공사로 선정됐다. 잠실우성 1·2·3차는 1981년 지어진 1842가구 규모의 대단지 아파트다. 공사비 1조6427억원을 들여 16개 동 2644가구로 탈바꿈할 예정이다. GS건설은 지난 3월과 5월 시공사로 단독 입찰했으나 입찰이 무산된 바 있다. GS건설은 이번에 조합 예상보다 낮은 3.3㎡당 공사비 869만9000원을 제시했다고 한다.
같은 날 신당10구역 재개발조합은 총회를 열어 GS건설과 HDC현대산업개발 컨소시엄을 시공사로 선정했다. 신당10구역 재개발은 서울시가 재개발·재건축 사업 초기부터 적극 개입해 사업 속도를 올리는 제도인 ‘신속통합기획’ 1호로, 신당동 236-100번지 일대를 1349가구 규모의 아파트 단지로 재개발하는 사업이다. 6168억원의 공사비 중 GS건설 지분은 3146억원이다."
2025-07-14,"올해 새 아파트 입주 물량이 최근 10년 새 가장 적을 것으로 전망된다. 특히 광주와 부산, 세종은 지난 3년 사이 입주 물량이 절반으로 급감한 것으로 보인다.
14일 부동산 빅데이터 전문업체 부동산R114에 따르면 올해 예정된 전국 아파트 입주 물량은 총 28만7432가구다. 33만6199가구가 입주한 2022년과 비교하면 약 15%(4만8767가구)가 줄어든 수치다. 2022년부터 이어진 분양 가뭄이 본격적인 입주 절벽으로 나타나고 있는 것으로 풀이된다.
시도별로 보면 광주가 2022년 1만3716가구에서 올해 4820가구로 약 65%가 줄어 가장 감소 폭이 컸다. 뒤이어 부산이 2만7077가구에서 1만1418가구로 58% 줄고, 세종도 3793가구에서 1840가구로 51% 줄어들 예정이다.
가구 수 기준으로는 수도권의 물량 감소가 두드러진다. 경기(-3만9813가구)와 인천(-2만477가구)이 가장 많이 줄고 부산도 1만5659가구가 줄어들어 가구 수 기준 감소 순위에서도 상위 3개 시도에 이름을 올렸다.
제주는 132가구에서 1493가구로 10배 이상 증가해 전국에서 가장 높은 증가율을 기록했으며 경남과 경북도 각각 2배 이상 증가할 전망이다. 가구 수 기준으로는 1만8960가구가 증가하는 서울의 증가세가 가장 두드러진다."
2025-07-14,"김윤덕 국토교통부 장관 후보자는 지난 12일 ‘주택 수요자들이 선호하는 입지에 양질의 주택을 신속하게 공급하겠다’고 밝혔다. 김 후보자는 이날 언론에 배포한 지명 소감에서 “과열된 주택 시장을 안정시키기 위해 총력을 다하겠다”며 “서울 등 일부 지역의 주택 시장이 과열되고 있는 만큼, 선호 입지에 양질의 주택을 신속하게 공급하고 안정적인 시장 관리에 총력을 다할 것”이라고 밝혔다.
김 후보자는 “언제, 어디에서나 기본적인 삶의 질을 누릴 수 있도록 국토의 균형 발전과 이동권 격차 해소를 위한 정책을 적극 추진하겠다”고 했다. 그는 이어 “어려운 경제를 회복하는 것도 시급한 만큼, 첨단 산업 단지와 미래 모빌리티 등을 통한 성장 동력을 확충해 나가겠다”고 했다.
김 후보자로선 ‘서울 아파트 가격 안정화’가 최우선 과제가 될 전망이다. 서울 부동산 시장에선 올해 초부터 강남 3구에서 시작된 가격 급등세가 한강 벨트를 따라 확산하며 과거 문재인 정권 초기의 폭등세를 연상케 하는 ‘불장’이 이어졌다. 결국 정부가 지난달 27일 고강도 대출 규제를 발표했지만, 아파트 공급 물량이 사상 최악의 수준으로 급감하고 있어 대출 규제를 통한 수요 억제만으로는 한계가 분명한 상황이다. 시장에선 빠른 시일 내에 적절한 공급 대책이 나와야 한다는 지적이 제기되고 있다.
더불어민주당 3선 중진인 김 후보자는 2014~2016년, 2020~2022년 두 차례에 걸쳐 국회 국토교통위원회에서 활동했다."
2025-07-11,"올해 서울 아파트 값이 급등하면서 ‘패닉 바잉’이 현실화했던 것으로 나타났다. 무주택자가 처음으로 집을 사는 경우인 ‘생애 첫 주택 취득자’가 43개월여 만에 가장 높은 수치를 기록한 것이다.
법원 등기정보광장에 따르면 지난달 서울 지역 집합건물(아파트·오피스텔·연립주택·다세대 주택 등)을 구입한 생애 첫 부동산 매수자는 7178명으로 전월(5962명)보다 20.3% 급증했다. 이는 43개월 만에 가장 높은 수치고, 2021년 11월(7886명) 이후 처음으로 7000명을 돌파한 것이다.
올해 2월 초 상승 전환한 서울 아파트 값이 23주 연속 상승하고, 강남 3구 아파트 가격이 올해 들어서만 7~8% 상승하는 등 “지금 사지 않으면 더 오른다”는 공포에 빠지는 ‘포모’(FOMO·Fear of missing out·기회 상실 우려) 현상이 가속화한 것으로 해석된다.
7월 스트레스DSR(총부채원리금상환비율) 3단계 시행 전 주택을 구매하려는 ‘막차 수요’도 늘어났다. 6월 서울 아파트 매매 거래량은 1만27건으로 토지거래허가구역(토허제) 재지정으로 거래량이 급증했던3월(1만323건) 이후 올 들어 두번째로 많았다.
박원갑 KB부동산 수석전문위원은 “스트레스DSR로 대출이 줄어들기 전, 가격이 더 오르기 전 집을 사겠다는 수요가 있었던 것”이라며 “‘내 집 마련’이라는 욕구를 충족시키고 가격을 안정화하기 위해서는 공급 대책이 동반돼야할 것”이라고 말했다."
2025-07-11,"‘로또 청약’으로 불린 서울 강동구 ‘올림픽파크포레온’ 아파트 4가구에 대한 무순위 청약에 22만여 명이 몰렸다. 지난 6·27 대출 규제 영향으로 주택 담보 대출이 6억원으로 제한되지만 당첨만 되면 15억원의 시세 차익(전용 84㎡ 기준)을 볼 수 있다는 기대감이 작용한 것으로 보인다.
한국부동산원 청약홈에 따르면 10~11일 진행된 이번 무순위 청약은 4가구 모집에 22만4693명(5만6173.3대1)이 청약했다. 전용 면적별로 △39㎡(1가구) 4만6425명 △59㎡(1가구) 6만9106명 △84㎡(2가구) 10만9162명(5만4581.0대1)이었다.
분양가는 전용 39㎡ 6억9440만원, 전용 59㎡ 10억5190만원, 전용 84㎡형의 경우 2층이 12억3600만원, 15층이 12억9300만원이다. 전용 84㎡는 지난달 17일 28억2000만원에 실거래돼 단순 계산으로는 15억원 이상의 시세 차익을 노릴 수 있다. 이번 청약은 서울시에 거주하는 무주택 가구 구성원만 신청 가능했다. 당첨자는 오는 15일 발표하고, 당첨자는 21일 계약을 진행하게 된다. 재당첨과 전매 제한은 없지만 실거주 의무 2년이 적용된다."
2025-07-11,"우리나라 국민 10명 중 4명이 토지를 소유하고 있는 것으로 나타났다. 토지 보유자 중에서도 상위 10%가 전체 토지의 78% 이상을 소유하고 있었다.
11일 국토교통부가 발표한 ’2024년 토지소유현황 통계’에 따르면, 전국 주민등록 인구 5122만 명의 38.4%인 1965만 명이 토지 소유자로 집계됐다. 나이대별로는 60대(30.2%)가 가장 많았다. 다음으로는 50대(21.2%), 70대(20.8%), 80대(14.6%) 순으로 과반이 60대 이상 고령층이었다. 성별로는 남성 54.5%, 여성 45.5%로 나타났다. 남녀 격차는 2006년 이후 점차 감소하고 있다.
상위권 쏠림 현상도 두드러졌다. 개인 소유자 중 보유 면적 기준 상위 10%에 해당하는 가구가 전체 토지의 78.4%를 차지하고 있었다. 법인과 비법인 역시 상위 10%가 각각 92.3%, 68.9%의 토지를 소유하
소유 주체별로는 개인이 소유한 면적이 4만6258㎢로 가장 많았다. 이 중에선 임야(2만 6629㎢)와 농경지(1만 5910㎢)가 대부분을 차지했다. 개인 외에 법인은 7404㎢, 비법인 단체는 7823㎢를 보유하고 있었다. 법인 소유 토지 중 임야 비율은 46.8%, 공장용지는 12.2%였다. 비법인은 임야 비중이 92.4%로 압도적으로 높았다.
시도별로는 타 지역 거주자의 토지 소유 비율이 전국 평균 43.6%였다. 세종은 59%로 외지인 비율이 가장 높았고, 서울은 20.6%로 가장 낮았다. 국토부 관계자는 “토지소유현황 통계는 부동산 정책과 학술연구의 기초자료로 다양하게 활용될 것”이라고 말했다."
2025-07-10,"올해 상반기 열린 팝업스토어 수가 전년 동기 대비 두 배 이상 증가하면서 평균 운영 기간은 일주일 넘게 줄어든 것으로 나타났다. 팝업스토어는 짧게는 하루, 길게는 몇 달간 운영하다 문을 닫는 임시 매장을 가리키는데, 젊은 세대에게 인기 많은 ‘숏폼(짧은 동영상)’처럼 팝업스토어도 점점 ‘짧고 굵게’ 운영되고 있는 것이다.
9일 팝업스토어 전문 기업 스위트스팟 조사에 따르면, 올 상반기 국내에서 열린 팝업스토어는 1488곳으로 전년 동기(680곳) 대비 2.2배 증가했다. 전국 팝업스토어 10곳 중 8곳(83.9%)이 서울에서 열렸으며, 경기 9%, 대구 3%, 부산 2.2% 순이었다. 서울에서는 성동구(34.3%)에서 가장 많이 열렸다.
팝업스토어 운영 기간은 갈수록 짧아지고 있다. 올해 상반기 평균 운영 기간은 17.9일로 전년 동기(25.1일) 대비 7.2일 단축됐다. 특히 성동구(13.9일)와 영등포구(15.3일) 등 핵심 상권일수록 운영 기간이 짧았다. 팝업스토어가 인기를 끌면서 해당 상권의 유동 인구가 늘어 임차료 부담이 높아진 영향이 컸다.
3일 이하로 운영되는 초단기 팝업스토어 수도 올해 상반기 137건으로 전년 대비(39건) 3.5배 증가했다. 스위트스팟 관계자는 “숏폼 콘텐츠 화제성이 일주일 안에 정점을 찍고 빠르게 식는 것같이, 팝업스토어도 소셜미디어를 통해 단기간에 화제성을 끌어올려 마케팅 가성비를 높이는 추세”라고 했다."
2025-07-10,"지난 2월 서울 강서구 마곡지구에 문을 연 LG 계열사 D&O의 공유 오피스 ‘플래그원’ 마곡점에 입주하는 회사 직원들은 LG 자회사가 위탁 운영하는 코트야드 메리어트 서울 보타닉파크 호텔과 LG 계열사 전용 임직원몰을 할인가에 이용할 수 있다. 금융·IT 등 보안에 예민한 분야 기업이라면 직원들이 안심하고 회의할 수 있는 별도 공간도 마련해준다.
공유 오피스 시장에서 공급과잉 우려가 나오는 가운데 ‘이색 서비스’ 경쟁이 펼쳐지기 시작했다. 공유 오피스는 특정 공간을 사무실로 꾸며 개인이나 기업·단체가 쓸 수 있게 하면서 회원료나 임대료를 받는 방식으로 영업한다. 단순히 사무실을 제공할 뿐만 아니라 기업들이 원하는 맞춤형 서비스는 물론, 아침밥을 제공하거나 간이 샤워실, 어린이집 등도 이용하게 하는 등 웬만한 대기업에서 볼 수 있는 제도를 둔 사례가 나오고 있다.
2010년대 위워크·패스트파이브 등 1세대 업체들을 필두로 성장한 공유 오피스 업계는 코로나 사태를 거치며 몸집을 가파르게 키웠다. 하지만 코로나 이후 기업들이 직원들을 다시 회사로 출근시키는 정책을 펴자 찾는 발길이 줄기 시작했고, 대기업들도 이 시장에 진출하면서 경쟁은 더 치열해졌다. 2019년 전국 231곳이었던 공유 오피스 숫자는 작년 518곳까지 늘었다. 이런 가운데, 공유 오피스 기업들이 색다른 서비스를 속속 도입하며 차별화로 활로 찾기에 나서는 것이다. 특히 이런 변화엔 회사 복지에 대한 관심이 많은 젊은 직장인들이 느는 추세도 반영되고 있다. 소규모 스타트업이나 중소기업은 비용 부담이 커서 복지 제도를 갖추는 게 쉽지 않은데, 이들에겐 이미 복지 시설이 잘 갖춰진 공유 오피스를 이용하는 것이 하나의 대안이 될 수 있기 때문이다.
◇별별 서비스로 세입자 모셔라
지금은 ‘공유 오피스 3.0 시대’다. 국내에 자리를 잡기 시작한 2010년대가 초창기라면, 코로나 사태 전후 빠르게 몸집을 불린 시기가 그다음이다. 이제는 질적 경쟁이 벌어지는 새로운 국면이 시작되는 중이다.
가장 눈에 띄는 것은 맞춤형 서비스 경쟁이다. 국내 공유 오피스 1위 업체 패스트파이브는 서울역점에 지방을 오가는 출장자들이 많이 입주한다는 점에서 착안해 샤워실을 두고 있다. 강남 역삼점에서는 야근하는 워킹맘·대디를 위한 직장 내 어린이집을 제공하며 입주사 직원 자녀를 대상으로 야간 보육도 운영 중이다. 스파크플러스는 매주 수요일 전 지점에 아침밥을 주고, 법률 사무소와의 제휴 상담 서비스도 상시 제공하고 있다. 롯데물산이 운영하는 공유 오피스 브랜드 워크플렉스는 기업 종사자끼리 업계 정보를 공유할 수 있는 네트워킹 기회를 마련하기 위해 매달 이벤트나 파티를 진행하고 있다.
대기업들은 그룹 내 계열사와 협업하거나 복지 서비스를 강화하는 중이다. LG 계열사 D&O는 자사 공유 오피스 브랜드 플래그원에 LG전자의 스타일러나 공기청정기 등 최신 시설을 갖췄다는 점을 앞세웠다. 또 코트야드 같은 호텔 브랜드와 연계해 공유 오피스 입주사도 숙박 할인을 받거나, 직원들이 세미나나 돌잔치를 열 때 공간 대여비도 할인해준다.
◇수익성 유지는 숙제
기업들이 포화 상태인 공유 오피스 시장에서 서비스 품질을 높이고 있지만, 관건은 수익성이다. 1차로 건물 일부를 임차한 후 사무실을 꾸며 재임대하는 게 공유 오피스 사업 구조라, 시간이 지날수록 임차료 부담은 불어날 수밖에 없다. 여기에 각종 서비스를 도입하면서 운영비 부담까지 더해지면 출혈 경쟁 국면으로 이어질 수 있다. 실제로 최근 서울 도심지 오피스 임대료는 가파르게 오르고 있다. 글로벌 부동산 서비스 기업 CBRE코리아에 따르면 작년 3분기 기준 강남권역 오피스 임대료가 전년 동기와 비교해 8.7% 올랐다.
권대중 서강대 일반대학원 부동산학과 교수는 “공유 오피스는 임대업 중에서도 도심 오피스 임대료와 경기에 따라 수익률 변동이 심한 편”이라며 “지식산업센터 등 다른 매력적인 대체재도 많아 생존을 위해선 서비스 질을 높이면서도 고정비를 어떻게 절감하느냐가 관건이 될 것”이라고 했다."
2025-07-10,"강남 3구를 중심으로 서울 집값을 끌어올리고 있는 ‘똘똘한 한 채’ 현상을 해소하기 위해서는 주택 수를 중심으로 짜인 현행 세금 제도를 개편해야 한다는 지적이 제기됐다. 지금의 세제가 서울 고가 주택을 소유한 1주택자에게 유리한 만큼, 결과적으로 고가 주택이 몰려 있는 강남 3구로 수요가 쏠리며 서울 아파트 가격이 높아지고 있다는 것이다.
10일 국회예산정책처가 서울시립대 세무학과 박훈 교수팀에 의뢰한 연구 용역 보고서에 따르면, 서울의 1주택자를 수도권·지방 다주택자보다 우대하는 결과를 낳고 있는 것으로 나타났다. 현재 조정 대상 지역에서 아파트를 매수해 2년 이상 실거주한 경우, 1주택자에게만 아파트 매매가 12억원까지 양도소득세 비과세 혜택이 부여된다.
연구팀은 1주택자와 다주택자에게 부과되는 세액을 비교하기 위해 서울 12억원 아파트 1채를 보유한 A씨와 수도권에서 6억원 아파트 두 채를 보유한 B씨가 아파트 한 채를 매도한다는 사례를 가정했다. 두 사람 모두 아파트를 10년간 보유했고 집값 상승률이 50%로 같다면, A씨는 6억원, B씨는 3억원의 차익을 볼 수 있다. 이때 A씨는 양도세를 내지 않아도 되지만, B씨는 7000만원의 양도세를 내야 한다. A씨가 아파트를 매도해 더 큰 수익을 얻었지만, 세금은 더 적게 내는 것이다. 또 다른 사례에서는 주택 소재지, 장기보유특별공제 등에 따라 다주택자에게 양도세가 최대 7억1400만원까지 부과될 수 있는 것으로 나타났다. 내년 5월 9일까지 유예된 ‘다주택자 양도세 중과’가 시행된다면, 다주택자의 부담은 더욱 높아질 전망이다.
이 밖에도 12억원으로 제한된 고가 주택에 대한 비과세 기준을 높일 필요가 있다는 주장도 제기됐다. 지난해 기준 서울 평균 아파트 가격이 13.2억원인 만큼, 다수 아파트가 고가 주택으로 분류돼 과세 대상이 되고 있기 때문이다. 박훈 교수는 “미국, 일본 등 주요국과 비교해도 주택 수로 과세하는 곳은 한국뿐”이라며 “다주택자에게 패널티를 주는 방식보다 과도한 시세 차익을 얻은 사람에게 세금을 부과하는 방식으로 바뀌어야 부동산 쏠림 현상을 완화시킬 수 있을 것”이라고 했다."
2025-07-10,"아파트 층간소음의 주범 중 하나인 ‘발망치’를 경고해 주는 시스템이 상용화된다.
DL이앤씨는 자체 개발한 층간소음 알림 시스템인 ‘디(D)-사일런스 서비스’를 다음 달 분양하는 서울 서초구 ‘아크로 드 서초’ 아파트를 시작으로 건설 현장에 본격적으로 적용한다고 9일 밝혔다. 바닥과 이어지는 벽면에 센서를 설치해 진동과 소리를 실시간으로 측정하는 원리다. 센서는 아파트 거주자들의 움직임이 집중되는 거실과 주방을 중심으로 설치된다. 공동주택 층간소음 환경 기준치인 39데시벨(dB) 보다 큰 소음이 10초 사이에 3번 이상 발생하면 경고음과 함께 거실 월패드에 “소음이 발생하고 있습니다. 주의가 필요합니다”라는 문구를 자동으로 띄운다.
이 센서가 측정한 소음은 자동으로 기록돼 층간소음 분쟁이 생기면 참고 자료로도 활용할 수도 있다. 이웃 간에 서로 발망치 소리를 내는 걸 조심하면서 분쟁이 커지는 것도 막는다는 취지다. DL이앤씨는 2023년 경기 연천군 e편한세상 연천 웰스하임 아파트에 시범 설치했는데, 입주민 80% 이상이 이 서비스에 ‘만족한다’고 답했다."
2025-07-09,"전국 지역주택조합 10곳 중 3곳(30.2%)이 추가 분담금과 부실한 조합 운영 등으로 분쟁을 겪고 있는 것으로 나타났다. 이재명 대통령이 지난달 국무회의에서 “전국적으로 실태 조사를 해야 한다”고 지시해 국토교통부가 분쟁 현황을 파악한 결과다. 주택 업계에선 이 조사가 도입 45년 된 지역주택조합 제도의 대대적 개편으로 이어질 것이란 예상이 나온다.
지역주택조합은 1980년 도입된 것으로, 해당 지역에 거주하는 무주택자나 전용 85㎡ 이하 1주택 소유자들이 조합을 설립해 토지를 확보하고 주택을 건설하는 제도다. 재개발·재건축보다 사업 절차가 간단하고, 시행사 등 이해관계자 개입이 적어 청약 경쟁 없이 비교적 낮은 분양가로 내 집 마련에 나설 수 있다는 장점이 있다. 하지만 토지 확보가 어렵고 사업 지연으로 추가 분담금 등 비용이 불어나면서 조합원 간 분쟁이 커질 수 있다는 게 단점으로 지적돼 왔다.
8일 국토교통부에 따르면 전국 지역주택조합 618곳(약 36만 가구) 중 187곳에서 293건의 분쟁이 있는 것으로 집계됐다. 특히 잦은 분쟁으로 지역주택조합 사업이 지연되면서 ‘조합 설립 인가’ 단계로 넘어가지 못한 채 ‘모집 신고’ 단계에 머물러 있는 조합이 316곳(51.1%)에 달했다. 모집 신고 후에도 3년 이상 조합 설립 인가를 받지 못한 곳도 208곳(33.6%)이었다.
분쟁이 발생한 주요 요인으로, 부실한 조합 운영이나 조합 탈퇴 지연, 공사비 등이 꼽혔다. 예를 들어, 한 지역주택조합장은 조합원 가입비 등을 지정된 신탁 계좌가 아닌 일반 금융기관 계좌로 받아 업무상 횡령·배임으로 경찰에 고발당했으며, 한 시공사는 착공 지연과 물가 상승 등을 이유로 공사비를 약 930억원 증액해야 한다고 요구해 조합과 분쟁이 일어나기도 했다."
2025-07-09,"8일 오전 서울 중구 청계광장에 설치된 ‘팔도마블’ 판 위에서 한 시민이 대형 주사위를 던지고 있다. 보드게임 ‘부루마불’을 빗대 만든 것으로, 주사위 숫자만큼 말을 이동시켜 국내 주요 관광지 명칭이 적힌 칸으로 이동해보는 게임이 진행됐다. 한국경제인협회가 여름휴가철 국내 관광 수요 확대를 위해 기획한 ‘K-바캉스 캠페인’ 행사의 일환이다."
2025-07-09,"DL이앤씨가 자체 개발한 아파트 층간 소음 알림 시스템 도입을 확대한다.
DL이앤씨는 층간소음 알림 시스템인 ‘디(D)-사일런스 서비스’의 적용을 확대한다고 9일 밝혔다. 아파트 벽면 아랫부분에 바닥의 진동을 감지하는 센서를 설치하는 이 시스템은 일정 수준 이상의 진동을 감지하면 경고음과 함께 거실 월패드에 “소음이 발생하고 있습니다. 주의가 필요합니다”라는 문구를 자동으로 띄운다. 환경부의 공동주택 층간소음 기준치인 39데시벨(db) 보다 큰 소음이 10초사이에 3회 이상 발생하면 ‘주의’가, 6회 이상 발생하면 ‘경고’가 뜬다.
센서가 측정한 소음 발생 내역은 자동으로 기록돼 층간소음 분쟁이 생기면 자료로 활용할 수도 있게 될 전망이다. DL이앤씨는 이미 2023년 경기 연천군 e편한세상 연천 웰스하임 아파트에 해당 시스템을 시범적으로 적용했다. DL이앤씨 관계자는 “층간소음을 유발한 가구가 스스로 소음 발생을 자제하게 하고 추후 분쟁 소지까지 줄이자는 취지”라며 “(시범 적용 아파트) 입주민 설문조사 결과 80% 이상이 서비스를 계속 이용하고 싶다고 답했을 정도로 만족도가 높았다”고 설명했다.
DL이앤씨는 다음 달 분양하는 ‘아크로 드 서초’, 지난 5월 수주한 ‘아크로 한남’ 등을 시작으로 향후 지을 주요 단지에 이 시스템을 적용해나간다는 계획이다."
2025-07-09,"6월 말 입주를 시작한 서울 서초구 잠원동의 신축 아파트 메이플 자이는 지난달 27일 이후 전세 매물이 급감하고 월세 매물이 900건 넘게 늘었다. 정부가 신축 아파트에 대해서도 세입자의 전세 보증금으로 아파트 잔금을 치르지 못하도록 ‘소유권 이전 조건부 전세 대출’을 금지한 여파다. 이 아파트 전용 84㎡ 전셋값은 15억~20억원 수준. 현금만으로 이 정도 보증금을 감당할 전세 세입자를 구하지 쉽지 않은 현실에서, 집주인들이 보증금을 낮춰 월세를 받는 쪽으로 우르르 돌아선 것이다. 대출 규제 이후 나온 매물들은 저마다 “보증금 협의 가능” “장기 거주 가능” 같은 조건이 달렸다.
6월 27일 부동산 대출 규제로 서울 부동산 임대 시장에서 ‘전세의 월세화’가 더욱 가팔라지고 있다. 신축 아파트의 경우 대출 규제로 인해 세입자가 전세 대출을 받아 입주할 수 없게 되면서, 보증금 부담이 큰 전세 매물이 급감하는 현상이 나타나고 있다. 전세금 반환용 주택담보대출(전세퇴거자금대출) 한도도 최대 1억원으로 축소되면서 세입자와 집주인 모두 보증금 부담이 적은 월세 수요가 커졌다.
◇보증금 줄이고, 월세 내는 세입자들
본지가 정부의 대출 규제가 발표된 지난달 27일부터 이달 7일까지 거래된 서울 아파트 전·월세 거래 4051건을 분석한 결과 보증금 액수가 평균 4억2701만원으로 전월 같은 기간 평균 보증금(9억7186만원)보다 5억4400만원가량 줄어들었다. 대신 줄어든 보증금만큼 평균 31만9800원의 월세가 추가됐다. 대출 규제로 전세가 줄고 월세가 증가한 결과로 풀이된다.
월세로 전환된 계약의 71.4%는 기존 전세 계약을 갱신하는 것이었지만 계약 갱신권을 사용하지 않은 것으로 나타났다. 계약 갱신권을 쓰면 기존 계약 금액에서 5%만 인상한 금액으로 2년 더 살 수 있지만 아예 신규 계약을 한 것이다. 부동산 전문가들은 “전세 대출이 어려워지고, 전·월세 가격도 오를거라 예상한 세입자들이 갱신권을 사용하지 않고 월세로 신규 계약한 것으로 봐야 한다”고 설명한다.
◇월세화 가속도 붙인 규제
이번 규제에서 전세 대출과 신혼부부·청년 등을 대상으로 하는 정책 대출 규모까지 축소됐다. 이 때문에 추가 대출을 받지 못하는 세입자들이 월세로 떠밀리는 속도가 더 빨라질 것이란 해석이 나온다. 실제로 부동산 정보 업체 아실에 따르면 지난 6월 27일 규제 발표 이후 이달 8일까지 전세 매물은 2만4855건에서 2만4819건으로 줄었고, 월세 매물은 1만8796건에서 1만9207건으로 늘었다.
한국은행이 공개한 ‘2025년 상반기 금융안정보고서’에 따르면 주택 정책 대출 중 24.1%인 76조1000억원이 전세대출이다. 한국은행은 “(전세대출 같은) 정책 대출은 전세 임차 가구의 주거비를 완화하는 효과도 있다”고 평가했다.
박원갑 KB국민은행 부동산 수석위원은 “전셋값이 오르는 상황에서 전세자금 대출 한도가 줄었기 때문에 추가 대출을 받을 여력이 없는 세입자들은 오른 전세 시세만큼 다달이 월세를 내는 식의 월세 전환에 동의할 수밖에 없을 것”이라며 “거주비 부담이 늘어나는 만큼 생활비 등에 쓸 돈은 적어질 수밖에 없다”고 말했다.
전국 월세 거래 비율은 올해 1~5월 61%로 2021년(41.9%)부터 매년 꾸준히 높아졌다. 주택 임대시장의 평균적인 가격 변화를 측정하는 전세 가격 지수와 월세 가격 지수를 봐도 월세 가격 지수가 훨씬 더 가파르게 뛰고 있다. 올해 1월부터 5월까지 월세 가격 지수는 전세보다 더 큰 폭으로 올라 5월에는 0.43을 기록했다. 같은 달 전세 가격 지수는 0.19에 그쳤다."
2025-07-08,"고(故) 이건희 삼성 선대회장이 별세하면서 상속된 단독주택이 최근 228억원에 팔렸다.
8일 국토교통부 실거래가 공개 시스템에 따르면 서울 용산구 이태원동에 있는 대지면적 1073.1㎡(약 325평), 연면적 496.92㎡(약 150평), 지하 1층~지상 2층 규모 단독주택이 지난달 13일 228억원에 거래됐다. 중개 거래를 통해 매매가 이뤄졌으며 중개사 소재지는 서울 강남구와 송파구였다.
이 주택은 이건희 선대회장이 2010년 9월 범삼성가 계열사였던 새한미디어로부터 매입한 것으로, 이태원 언덕길에 있다. 근처에는 아모레퍼시픽(태평양) 창업자 고(故) 서성환 회장, 충무로 대한극장을 보유한 세기상사 고(故) 국정본 회장이 자녀에게 상속 및 증여한 단독주택이 밀집돼 있다. 도보 10분 내에 이재용 삼성전자 회장의 자택과 삼성 리움미술관도 위치해 있다.
주택은 2020년 10월 이건희 선대회장이 별세하면서 홍라희 리움미술관 명예관장, 이재용 회장, 이부진 호텔신라 사장, 이서현 삼성물산 사장에게 상속됐다. 2021년 5월 홍라희 명예관장이 지분 9분의 3을, 자녀들은 9분의 2씩 공동으로 소유권 이전이 이뤄졌다.
4년간 주택을 보유했던 이들은 공개적으로 부동산에 매물로 내놓지는 않았지만 올해 들어 매각을 시도해왔던 것으로 전해졌다. 2010년 이건희 선대회장은 저택을 82억8470만원에 매입했는데, 이와 비교하면 약 145억원 높은 금액에 팔린 셈이다. 아직 소유권 이전이 완료되지 않아 등기부등본상 매수자를 확인할 수는 없지만, 사업가로 알려졌다.
업계에서는 홍 명예관장과 이재용 회장, 이부진 사장, 이서현 사장이 상속세를 내기 위해 주택을 매각한 것으로 보고 있다. 이들은 12조원에 달하는 상속세를 부과받았다. 2021년 4월부터 5년간 나눠 내고 있으며 2026년 4월까지 납부를 완료해야 한다. 이들은 2021년부터 삼성전자‧삼성생명‧삼성SDS‧삼성물산 등 주식을 처분하고, 주식 담보대출을 받아 상속세를 납부하고 있다."
2025-07-08,"6·27 대출 규제를 받지 않는 서울 성동구 ‘오티에르 포레’가 특별공급 청약에서 평균 200대 1을 넘는 높은 경쟁률을 기록했다.
7일 한국부동산원 청약홈에 따르면 이날 오티에르 포레 특별공급 청약은 48가구 모집에 신청자가 1만1181명(기관추천 예비대상자 제외) 몰려 전체 평균 경쟁률이 232.9대 1로 집계됐다. 평형별로는 4가구 모집에 1355명이 몰린 84.99㎡ A타입의 경쟁률이 338.8대 1로 가장 높았다. 이어 49.88㎡(300.7대 1), 39.96㎡(285.7대 1), 59.96㎡ A타입(239.3대 1) 등 순이었다.
성동구 성수동 일대에 들어서는 오티에르 포레는 최근 집값이 크게 오른 성동구에 위치한 데다 주택담보대출 한도를 6억원 이하로 제한하는 ‘6·27′ 대출 규제를 적용받지 않는 단지라는 점에서 신청자가 몰렸다는 분석이다. 규제 시행 전날인 지난달 27일 모집 공고를 내 단 하루 차이로 규제를 비껴갔다. 포스코이앤씨가 지하 3층∼지상 20층, 3개 동, 287가구(일반 분양 88가구) 규모로 조성할 예정이며 전용 83㎡ 타입 기준으로 분양가는 약 18억원이다.
같은 날 특별공급 청약을 진행한 영등포구 ‘리버센트 푸르지오 위브’는 92가구 모집에 8066명이 신청해 평균 경쟁률이 87.7대 1로 집계됐다. 이 단지도 6·27 대출 규제를 받지 않는 곳이지만, 최근 강남권과 마용성(마포·용산·성동)의 ‘똑똑한 한 채’를 중심으로 수요가 몰린 가운데 경쟁률이 오티에르 포레보다 낮았던 것으로 풀이된다."
2025-07-08,"올해 하반기 전국 대단지 아파트들이 분양에 나선다. 대출 규제로 문턱이 높아졌지만, 10억원 이상의 시세 차익을 기대할 수 있는 ‘로또 청약’도 이어지면서 실수요자들의 관심이 집중되고 있다.
7일 부동산 플랫폼 직방에 따르면, 올 하반기 전국 분양 예정 아파트는 156개 단지 13만7796가구다. 이 중 수도권 분양 물량은 8만9067가구로, 전체 10가구 중 6가구(65%)꼴이다.
하반기 청약 시장의 첫 대단지 물량은 7월 분양하는 서울 송파구 신천동 ‘잠실르엘’(1865가구)이다. 전용 84㎡ 분양가가 20억4000만원 수준인데, 주변 시세와 비교하면 10억원 이상의 시세 차익을 기대할 수 있다. 이어 8월 서초구 ‘아크로드서초’(1161가구), 10월 영등포구 ‘더샵신풍역’(2030가구), 11월 관악구 ‘신림2구역재개발’(1487가구) 순으로 서울 지역 대단지 분양이 이어진다. 하반기 분양 예정인 2091가구 규모의 서초구 ‘래미안트리니원’과 4329가구 규모 은평구 ‘갈현1구역’은 아직 구체적인 일정이 공개되지 않았다.
3년 전 분양했던 서울 강동구 ‘올림픽파크포레온’(옛 둔촌주공)은 분양 당시 가격으로 4가구가 오는 10~11일 무순위 청약으로 나온다. 분양가는 전용 39㎡ 6억9440만원, 전용 59㎡ 10억 5190만원이며, 전용 84㎡는 각각 12억9330만원, 12억3600만원이다. 이 아파트 전용 84㎡ 최근 시세가 27억원 안팎이어서 청약 당첨 시 14억~15억원 수준의 시세 차익이 기대된다.
수도권에서도 대단지 아파트 분양이 이뤄진다. 오는 8월 분양에 나서는 2045가구 규모 ‘철산역자이’와 9월 4291가구 규모의 ‘힐스테이트광명’이 대표적이다. 이 밖에도 11월 충북 청주시 서원구 ‘청주사모1구역’(2512가구), 12월 인천 남동구 ‘인천시청역포레나더샵’ 등이 분양된다.
청약 시장에도 대출 규제가 적용돼 청약자들로선 세심한 자금 조달 계획이 필요하다. 주택담보대출 한도가 6억원으로 제한되며, 전세금을 받아 잔금을 치른다고 해도 현금으로 전세금을 낼 수 있는 세입자를 구해야 한다."
2025-07-07,"정부가 지난달 27일 초강력 부동산 대출 규제를 발표한 지 일주일 만에 서울 아파트 거래가 64% 이상 줄어든 것으로 나타났다. 부동산 리서치업체 리얼투데이가 국토교통부 실거래 자료를 분석한 결과로, 서울 아파트 거래가 사실상 ‘일시 잠금’ 상태가 된 것이다. 계약금을 2배로 배상해야 하는 부담에도 이미 맺은 계약을 취소한 경우가 300건이 넘었다.
부동산 전문가들은 그러나 이 같은 매물 잠금 효과가 집값 하락으로 이어질 가능성에 대해선 회의적이다. 아파트뿐 아니라 빌라마저 공급이 줄어들며 ‘주택 부족’이 심화하고 있기 때문이다. 올해 하반기부터 심화하는 주택 공급 부족이 전셋값을 밀어올리는 기폭제가 될 거라는 우려가 나온다.
◇거래 잠기고, 관망세 짙어져
리얼투데이에 따르면, 정부의 부동산 대출 규제가 발표된 지난달 27일부터 이달 3일까지 일주일 동안 서울 아파트는 총 577건 거래되는 데 그쳤다. 전주(6월 20일∼26일) 거래량(1629건)보다 64.6% 줄어든 것이다. ‘불장’이라 불릴 정도로 상승세였던 강남 3구(강남·서초·송파)는 거래량이 급감했다. 발표 전 주에는 24건이었던 송파구 아파트 매매 거래는 발표 이후 1건으로 줄었고, 서초구 역시 15건에서 1건으로, 강남구는 76건에서 24건으로 감소했다. 강남 3구와 용산구가 토지거래허가구역으로 묶이면서 수요가 몰렸던 마포구(89건→29건), 성동구(93건→43건) 거래도 반 이상 감소했다.
대출 한도가 6억원으로 줄면서 수혜를 입을 거라 예상됐던 노도강(노원·도봉·강북), 금관구(금천·관악·구로) 지역에서도 거래량은 감소했다. 예상했던 풍선 효과보다는 관망세가 짙어진 것이다. 규제 이후 시장의 향방을 지켜보려는 사람이 많아진 탓으로 풀이된다.
이미 계약을 맺었던 아파트를 취소하는 사례도 속출했다. 국토교통부에 따르면 지난달 27일부터 5일까지 취소된 서울 아파트 거래는 301건이었다. 정부가 “이미 계약을 한 경우 새 대출 규제를 시행하지 않겠다”고 밝혔지만 전세 세입자를 들여 잔금을 치르려던 사람들이 돈을 구할 수 없게 되면서 계약을 취소한 것으로 알려졌다.
◇공급 줄어들어 전세 폭등 우려도
서울 부동산 시장은 일시 냉각 상태로 접어들었지만, 한쪽에서는 악재가 쌓이고 있다. 서울의 주택 공급 감소세가 심상찮은 것이다.
내년 서울 아파트 입주(예정) 물량은 2만8355가구로 올해(4만6738가구)보다 39.3% 감소하고, 내후년에는 올해보다 81.2% 적은 8803가구에 불과하다. 새로 공급되는 아파트가 대폭 줄어든다는 뜻이다. 3~4년 뒤 새로 지어지는 아파트 물량을 짐작할 수 있는 서울 아파트 착공 실적도 2021년 6월~2022년 5월 5만2972가구에서 매년 줄어들어 최근 1년(2024년 6월~올해 5월)에는 반 이상 줄어든 2만729가구에 불과했다.
아파트보다 저렴한 주거지로 서민층이 많이 찾는 다가구·연립 주택 공급도 전세 사기 여파로 줄어들었다. 2021~2022년까지만 해도 2만 가구 이상 준공됐던 다가구·연립 주택은 2023년 1만4124가구, 2024년 6512가구로 급감하더니 올해(1~5월)는 1813가구밖에 지어지지 않았다. 이에 따라 전세 공급 물량도 감소하고 있다. 2023년 7월(3만3881건)만 해도 3만건 넘는 전세 물량이 있었지만 이달 6일 기준 서울 아파트 전세 매물은 2만4904건에 불과했다. 2년 만에 26.5% 감소한 것이다.
이 같은 공급 급감 상황에서, 서울 집값을 잡자는 대출 규제가 전세가 폭등으로 이어질 수 있다는 우려가 나온다. 2년 단위로 갱신하는 전세는 수요를 억제하기 어렵기 때문이다. 특히 정부가 이번에 분양 아파트 세입자에 대한 전세 자금 대출을 옥죄면서, 신축 아파트로 흡수될 전세 수요가 구축 아파트나 빌라로 몰리면서 전세 부족 사태가 악화할 것이라는 얘기다. 고준석 연세대 상남경영원 교수는 “전세 상승분을 월세로 전환하는 경우가 늘고 그에 따라 주거비 부담이 높아질 수 있다”고 말했다.
실제로 지난 28일 이뤄진 흑석리버파크자이 전용 84㎡ 전세 계약 2건은 같은 면적인데도 2억1250만원 차이가 났다. 기존 세입자는 5% 증액한 7억8750만원으로 계약을 갱신한 반면 처음 전세 계약을 맺은 세입자는 10억원에 계약한 것이다. 인근 공인중개사무소 대표는 “전세 매물 부족이 심해질 것이라는 생각에 오른 가격에라도 계약을 맺겠다는 수요자가 많다”고 말했다."
2025-07-07,"올해 하반기 전국에 아파트 13만여 가구가 분양될 예정이지만, 지난 27일 정부의 대출 규제로 인해 일부 단지가 분양 시점을 연기할 수 있다는 관측이 나온다. 분양 일정이 확정돼도 실제 입주까지 2~3년 걸리기 때문에 당장 공급 물량에는 영향을 미칠 수 없을 것으로 보인다.
7일 프롭테크 기업 직방에 따르면 올해 하반기 전국 분양 예정 아파트는 156개 단지, 13만7796가구에 달하는 것으로 나타났다. 상반기 분양된 7만1176가구와 비교해 94% 늘어난 수치다. 다만 일반 분양만 놓고 보면, 하반기 일반 분양 물량은 6만4697가구로, 상반기(5만1911가구)에 비해 25% 증가한 수준에 그쳤다.
지역별로는 수도권이 전체 65%에 달하는 8만9067가구로 가장 많은 물량을 차지했다. 구체적으로 경기도 5만7240가구, 서울 1만9623가구, 인천 1만2204가구다. 분양 단지로는 서울 송파구 ‘잠실르엘’, 서초구 ‘래미안트리니원’, 은평구 ‘갈현1구역’ 등이 대표적이다. 지방에서는 부산이 1만5708가구로 가장 많은 공급 계획이 잡혀 있으며 충북 6929가구, 충남 3875가구, 대구 3509가구, 경남 3437가구 등 순이었다.
하반기 분양 시장에 공급 물량이 많은 것으로 보이지만, 아직 분양 시점이 정해지지 않은 ‘월미정’ 물량도 2만7265가구에 달했다. 하반기 실제 분양 물량이 줄어들 수 있다는 의미다. 직방 관계자는 “정부의 강도 높은 대출 규제가 시행된 이후, 실수요자 입장에서 주택담보대출 한도 축소 등 자금 마련 여건이 까다로워졌다”면서 “건설사도 미분양 리스크를 줄이기 위해 분양 일정을 탄력적으로 운영할 가능성이 커졌기 때문에 단지별로 분양이 미뤄질 수 있다”고 했다."
2025-07-07,"지난 4일부터 이틀간 이어진 ’2025 대한민국 부동산 트렌드 쇼‘에서는 향후 부동산 시장의 흐름과 투자 전략과 관련해 다방면의 전문가들이 치열한 ‘토론 배틀’을 벌였다. 부동산 트렌드 쇼는 매년 국내 부동산 시장 흐름을 짚어주는 전문가 강연과 각종 건설·부동산 관련 전시 행사가 열리는 국내 최대 부동산 박람회다.
행사 첫째 날 ‘재테크 노하우: 부동산이냐 주식이냐’를 주제로 열린 토론에서는 부동산과 주식 투자 중 어느 쪽이 더 투자 가치가 있는지를 두고 해석이 갈렸다. 김인만 김인만부동산경제연구소 대표는 “주식과 달리 부동산의 가장 큰 장점은 ‘장기 보유’가 가능하다는 점”이라며 “매수 후 3개월 안에 떨어질 수 있겠지만 7년, 10년 후에는 대부분 가격이 올라가 있다”고 했다. 그러면서 “시시각각 변하는 금리와 정책 등을 예측해 최적의 타이밍을 잡으려 하지 말고, 서대문구 가재울 뉴타운이나 동대문 등 성장하는 지역들을 따라가면 된다”고 말했다.
반면 새 정부의 정책 영향으로 앞으론 주식 시장의 성장세가 더 가파를 것이란 주장도 나왔다. 김종효 알파경제 이사는 “정부 정책에 맞서지 말라는 말이 있듯, 부동산이 숨을 고르고 있는 것과 달리 코스피는 내년 상반기 정도까지 3300 선은 무난히 넘어갈 것”이라고 했다.
행사 둘째 날 ‘2030·4050 세대별 내 집 마련 맞춤 전략’ 세션에서는 세대별로 어떻게 주택 구매에 나서야 하는지를 두고 열띤 토론이 이어졌다. 박원갑 KB국민은행 부동산 수석전문위원은 “지금은 부동산 시장 회복기이기 때문에 20~30대 젊은 층은 갭 투자보다 장기간 거주할 집을 구매하는 게 좋다”면서 “‘얼죽신(얼어 죽어도 신축)’ 대신 가성비를 따져가며 지은 지 15년 전후 된 도심 아파트로 가는 것을 추천한다”고 했다. 오정훈 하나은행 영통금융센터 팀장은 “2030 세대가 주택 매수를 고민할 때는 신축과 구축 사이에서 고민하기보다 입지가 좋아 팔기 쉬운 아파트를 사야 한다”고 했다.
40~50대는 아파트를 활용해 노후에 쓸 현금을 마련하는 게 필요하다는 조언도 나왔다. 박원갑 위원은 “지방 아파트 한 채를 가지고 있으면 임대 소득이 비과세이기 때문에 부산, 대구, 광주 등의 인기 단지에서 200만원 정도의 월세를 받고 다른 곳에서 전세를 사는 것도 좋은 방법”이라고 했다."
2025-07-07,"고강도 대출 규제 발표를 계기로 국토교통부가 7월 서울시와 각 자치구, 한국부동산원 등과 함께 현장 점검을 한층 강화한다. 서울 ‘강남 3구(강남·서초·송파구)‘와 ’마용성(마포·용산·성동구)‘에서만 진행했던 현장 점검을 서울 전역과 경기도 과천·성남 분당구 등 수도권 일부 지역으로 더 확대한다.
특히 지난달 28일부터 시행된 주택 담보 대출 규제를 회피하기 위한 불법 행위를 집중 점검한다. 사업자 대출을 받아 주택을 매수하거나 토지거래허가구역 내 주택에서 실거주 의무를 이행하지 않는 등 행위가 적발되면 이행명령과 이행강제금 부과 등의 조치를 할 예정이다. 또 고가 주택의 신고가 거래, 자기 자금 비율이 매우 낮아 편법 증여가 의심되는 거래 등은 전수조사한다.
국내 부동산 규제에서 상대적으로 자유로운 외국인들의 부동산 거래 불법 행위도 살펴본다. 해외에서 주택 구매 자금을 불법으로 반입했는지, 편법으로 부동산을 증여하기 위한 거래가 아닌지 등을 검토한다."
2025-07-07,"GS건설이 충남 아산시 탕정면에 ‘아산탕정자이 센트럴시티’를 공급한다. 이 단지는 지하 2층~지상 35층, 8동(棟), 1238가구 규모로 전용 59㎡에서 전용 125㎡까지 다양한 면적으로 구성된다. 이 지역에선 아산신도시센트럴시티 도시 개발 사업으로 주택 공급이 이어지고 있는데, GS건설은 이 단지를 포함해 총 3673가구 규모의 자이 브랜드 타운을 만들고 있다. 지난달 말 정부의 고강도 대출 규제가 나와 수요 위축 우려도 있었지만, 이 아파트는 지난 3일 1순위 청약에서 평균 5.9대1, 펜트하우스는 최고 107대1을 기록했다. 분양 관계자는 “투자 수요가 규제 여파로 줄었지만, 실수요자들의 관심이 높다는 게 확인됐다”고 했다.
◇생활 인프라·직주 근접 갖춰
아산탕정자이 센트럴시티는 불당지구와 앞으로 조성될 예정인 아산탕정2지구가 연결되는 중심부에 자리 잡고 있다. 불당지구는 다양한 생활 인프라와 학원가를 갖추고 있어 아산·천안권에서 주거 선호도가 높은 지역으로 꼽힌다. 아산탕정2지구는 4만6000명을 수용하는 대규모 도시 개발 사업으로 올해 착공해 2029년 완공이 목표다. 아산탕정자이 센트럴시티는 불당지구와 고가 도로로 연결될 예정이다. 학원가 등 불당지구의 인프라를 누리면서 나중에 조성된 아산탕정2지구와도 같은 생활권을 누릴 수 있다.
GS건설에 따르면 천안·아산의 산업 단지로 이동도 편하다. 삼성 아산디스플레이캠퍼스 및 아산디스플레이시티, 삼성전자 나노시티 온양캠퍼스 등이 가깝고, 탕정·천안 제2·3·4일반산업단지 등도 수월하게 오갈 수 있다. 나중에 KTX 천안아산역 광역 복합 환승 센터가 들어서면 서울이나 다른 지방 이동도 수월해진다.
교육 여건도 좋다. 개발 구역 안에 초등학교와 유치원이 들어설 예정인 부지가 마련돼 있다. 탕정중과 충남외고로 등교하거나 새로 만들어질 계획인 탕정고로 진학할 수도 있다. 천안의 대치동이라 불리는 불당 학원가도 근처라 사교육 여건도 충분하다.
◇주거 수요도 충분
아산시는 전국 평균 연령(45.6세)보다 낮은 평균 연령 42세의 젊은 도시다. 수도권을 제외했을 때 세종시에 이어 둘째로 낮다. 젊은 사람들이 선호하는 신축 아파트 수요도 높다. 작년 아산 아파트 1순위 청약 경쟁률은 평균 22.3대1로, 수도권(18.3대1)보다 높았다.
전국 기초지자체 중 수출액 1위(645억7000만달러)를 기록한 지역인 만큼 인구도 꾸준히 유입되고 있다. 5월 말 기준 아산시 인구는 39만6776명으로 40만명 돌파를 앞두고 있다.
아산탕정자이 센트럴시티는 거주 만족도를 높이기 위한 다양한 요소를 배치한다. 단지 배치를 남향 위주로 구성해 채광을 보장하고, 통풍도 잘되도록 설계했다. 일부 세대는 4베이, 3면 발코니 평면 구조로 적용해 개방감을 높였고, 펜트하우스도 있다. 가구 내에는 팬트리와 드레스룸 같은 수납 공간을 여럿 만들어 공간 활용성을 높였다.
커뮤니티센터인 ‘클럽 자이안’에는 피트니스 클럽과 골프 연습장, GX 룸, 사우나, 독서실 등이 조성돼 다양한 연령대가 각자 취향에 맞는 공간을 즐길 수 있도록 했다. 단지의 대표 동, 최상층에 들어서는 입주민 전용 스카이라운지 ‘클럽 클라우드’에는 북카페와 게스트하우스 등이 들어선다. 단지 규모에 걸맞은 조경 시설로 단지 내에서 산책하거나 여가를 즐길 수 있도록 조성할 예정이다."
2025-07-07,"건설 업계 1·2위인 삼성물산 건설 부문과 현대건설이 공동으로 건설 로봇 기술을 개발한다. 평소엔 경쟁하는 회사지만, 로봇 기술 개발을 함께 하는 것은 중대재해처벌법 강화 등으로 건설 현장 자동화가 더욱 시급해졌기 때문이다.
삼성물산과 현대건설은 지난 3일 인천시 청라 하나드림타운 현장에서 ‘스마트 자재 운반 로봇’을 선보였다. 사람이 타지 않은 무인(無人) 지게차 모양의 로봇이 자재를 들어 올린 뒤 자율 주행 알고리즘과 장애물 인식 기능 등을 이용해 현장의 다른 작업자와 장애물을 피해 스스로 이동했다. 두 회사는 “원격 관제 시스템으로 여러 대의 로봇을 동시에 운용하는 현장에서도 효율적으로 운영할 수 있다”고 했다.
이번 시연회는 2023년 4월 ‘건설 로봇 분야 생태계 구축 및 공동 연구 개발’ 업무 협약을 맺은 두 회사가 공동 개발한 건설 로봇 기술을 처음으로 선보인 자리였다. 삼성물산은 국토교통부 주관으로 출범한 ‘스마트건설 얼라이언스’ 의장이고, 현대건설은 빅데이터·플랫폼 기술위원회 위원장과 건설 로봇 분과장이다.
안전한 건설 현장을 만드는 게 갈수록 더 중요해지면서 로봇 등을 이용한 자동화 속도도 빨라질 전망이다. 현재 여당 주도로 건설 현장에서 사망 사고가 발생할 경우 매출의 최대 3%를 과징금으로 부과하도록 하는 ‘건설안전 특별법’도 발의된 상황이다. 건설 업계에서는 “안전한 현장을 만드는 게 결국 수익성을 높이는 것으로 이어질 것이라고 보고, 많은 건설사가 협업 등을 통해 로봇, 자동화 기술 개발에 나설 것”이라고 했다."
2025-07-06,"아파트보다 저렴한 주거지로 각광받던 빌라 같은 주택 공급이 줄어든 것으로 나타났다. 전세 사기 여파로 아파트가 아닌 주택에 대한 선호도가 떨어졌기 때문이지만 서울 주택 공급 부족으로 집값이 오를 수 있다는 전망이 나온다.
국토교통부 주택건설실적통계에 따르면 올해 1~5월 서울시 소재 다가구·연립주택의 준공(입주) 규모는 총 1813가구였다. 전년 동기(2945가구)와 비교하면 38.4% 감소한 수치다.
2021~2022년까지만 해도 1년에 2만 가구 이상 준공되던 다가구·연립 주택은 2023년 1만4124가구, 2024년 6512가구로 급감하더니 올해는 1913가구로 더욱 줄었다.
앞으로 공급될 물량을 가늠해볼 수 있는 인허가 물량도 올해 1~5월 2098가구로 2022년 같은 기간(8549가구)의 4분의 1밖에 되지 않는다. 추가로 지어질 다가구·연립 주택도 얼마 되지 않는다는 뜻이다.
문제는 다가구·연립뿐 아니라 아파트 역시 공급 부족 현상이 심화하고 있다는 것이다. 서울 아파트 입주(예정) 물량은 내년 2만8355가구로 올해보다 39.3% 감소하고, 내후년에는 올해보다 81.2% 적은 8803가구에 불과하다.
서울 아파트 착공 실적도 2021년 6월~2022년 5월 5만2972가구에서 매년 줄어들어 최근 1년(2024년 6월~올해 5월)에는 반 이상 줄어든 2만729가구에 불과했다. 앞으로 새로 공급될 아파트 물량 역시 적다는 뜻이다.
전문가들은 “정부의 대출 규제로 서울 아파트 매매 거래는 대폭 줄어들었지만 주택 공급 물량이 부족한 상황이 지속되면 집값 하락은 쉽지 않을 것”이라고 말한다."
2025-07-05,"4일 ‘2025 대한민국 부동산 트렌드쇼’ 개막식에서 박상우 국토부 장관은 “장기 거주가 가능한 새로운 유형의 임대주택이나 실버 스테이처럼 주거 수요에 부합하는 공급 정책을 병행할 것”이라며 “국민이 원하는 곳에 (수요자의) 눈높이에 맞는 주택을 충분히 공급하는 것이 부동산 정책과 주거 안정의 근본적인 해법”이라고 말했다. 공급 확대를 위해 세대별 맞춤 정책과 아이디어가 필요하다는 것이다.
이날 행사에는 부동산·건설 정책을 담당하는 정부 부처와 지자체, 공기업의 핵심 관계자들이 대거 참석했다. 서울 아파트 가격이 연일 상승하며 내 집 마련에 대한 불안감이 높아지는 상황에서 트렌드쇼를 찾은 관람객들은 이들의 한마디 한마디에 귀를 기울였다.
김성보 서울시 행정2부시장은 “1인 가구 증가와 고령화 등 새로운 수요에 맞는 주거 유형을 확대하기 위한 계획을 세우고 있다”면서 “다만 최근 공사비 상승 문제가 주택 공급의 제약 요인으로 작용하고 있는 만큼 정부 차원의 고민이 필요한 시점”이라고 했다.
‘새 정부 출범 한 달, 부동산 공약의 이행과 정책 방향’이란 주제로 열린 정책 세미나에도 뜨거운 관심이 쏟아졌다. 강도 높은 대출 규제에 이어 추가 규제가 뒤이을 것으로 예상되는 가운데, 앞으로 부동산 시장이 어떻게 변화할지 궁금해하는 인파가 행사장을 가득 메웠다. 정수호 국토부 주택기금과장은 “이번 규제로 시장에 들어가는 과도한 유동성이 잡히면서 단기적으로는 집값이 안정화될 것”이라고 말했다. 그는 “다만 이는 미봉책에 불과하다”며 “근본적인 시장 안정을 위해 새 정부에서도 도심 내 재개발·재건축 활성화 등 공급 확대를 위한 조치를 준비하고 있다”고 했다. 권대중 서강대 일반대학원 부동산학과 교수는 “대출 규제에 이어 공급 대책과 지역 규제 대책이 함께 나올 것”이라며 “이제는 3기 신도시 용적률 상향 등 공급 대책과 함께 지방 경쟁력을 키우는 것과 같이 수요 분산을 위한 고민이 필요한 시기”라고 했다."
2025-07-05,"서울 강남권 아파트 매수 심리가 7주 만에 꺾였다. 지난달 27일 발표된 정부의 고강도 대출 규제가 영향을 미친 것으로 보인다.
4일 한국부동산원에 따르면 6월 다섯째 주(24~30일) 서울 동남권(강남·서초·송파·강동구) 아파트 매매수급지수는 108.8을 기록했다. 전주(111.2) 대비 2.4포인트 하락한 것이다. 동남권 매매수급지수는 강남 3구 아파트에 대한 매수세가 크게 늘어나며 5월 첫 주(100.8)부터 7주 연속 상승세를 이어왔다. 매매수급지수는 아파트 매수자와 매도자의 비율을 계산한 수치로 100보다 크면 부동산 시장에 아파트를 매수하려는 사람이 매도하려는 사람보다 더 많다는 의미다. 여전히 매수세가 매도세보다 강하지만 상승세는 일단 꺾인 것이다.
서울 전체 아파트 매매수급지수도 10주 만에 하락했다. 지난 4월 셋째 주 98.4에서 6월 넷째 주 104.2까지 치솟았던 서울 아파트 매매수급지수는 6월 다섯째 주 103.7로 소폭 하락했다. 서울에서는 동북권(강북·광진·노원·도봉·동대문 등)만 전주(96.3) 대비 상승해 97.2를 기록했다.
지난달 30일 기준 KB부동산 주간 아파트 시장 동향에서도 서울의 매수 우위 지수는 76.4로, 전주(99.3) 대비 22.9포인트나 감소했다. 매수 우위 지수는 공인중개사를 대상으로 설문 조사해 현장의 매수자와 매도자 비율을 수치로 나타낸 것으로 100을 초과하면 매수자가 더 많다는 의미다. 권역별로는 강북 14구가 69.7로 전주 대비 18.9포인트 하락했으며, 강남 11구는 82.3으로 전주 대비 26.6포인트 감소했다.
윤지해 부동산R114 리서치랩장은 “대출 규제는 실수요자도 내 집 마련에 나설 수 없게 만드는 만큼 아파트 매매 수요가 민감하게 반응할 수밖에 없다”면서 “다만 아파트 대체재가 부족한 상황에서 하반기 중 강남권 수요가 다시 상승할 가능성이 크다”고 했다."
2025-07-05,"부동산 트렌드쇼 개막 이틀째인 5일에도 서울 강남구 삼성동 코엑스 D홀에서는 부동산 시장의 향방을 가늠하고, 자산 관리 노하우를 얻어갈 수 있는 다양한 재테크 강연이 펼쳐진다.
제1세미나장에선 부와 지식의 배움터 신현강 대표가 ‘하반기 전세 시장, 반등인가 재조정인가?’란 주제로 강연한다. 신한투자증권 양지영 자산관리컨설팅부 수석은 ‘고교 학점제가 바꾸는 학군 지도, 학세권 부동산 매매 트렌드’ 강연을 통해 교육 정책 변화에 따른 부동산 매매법을 알려준다.
‘뉴시니어 시대, 은퇴 후 자산 관리도 바뀌어야 한다’(김대열 하나증권 강남파이낸스WM센터 부장)와 ‘주택 시장의 변곡점을 준비하는 현명한 자산 관리’(함영진 우리은행 WM영업전략부 부동산리서치팀장) 강연에서는 자산 관리 노하우를 배울 수 있다.
제2세미나장에서는 박원갑 KB국민은행 부동산수석전문위원과 오정훈 하나은행 영통금융센터 VIP PB팀장이 ‘2030·4050 세대별 내 집 마련 맞춤 전략’이란 제목으로 생애 주기별 투자법을 공개한다.
실전 투자법을 콕 집어 알려주는 강연도 열린다. ‘실수요자의 상급지 갈아타기 대출 전략’(김은진 레오대출연구소 대표) ‘분양권, 지금 들어갈 곳과 빨리 빠져야 할 곳’(황성우 해안선부동산연구소 대표) ‘재개발·재건축 투자 기회의 판이 바뀐다’(김제경 투미부동산컨설팅 소장) 강연은 부동산 투자 유형별로 차별화된 전략법을 자세하게 제시한다."
2025-07-05,"“원래 이달 초 서울 서초구 아파트를 계약하려 했는데, 그 직전에 정부가 대출을 6억원까지로 묶기로 하는 바람에 모든 게 중단됐어요. 더 기다리는 게 나을지, 아니면 아예 다른 지역을 알아보는 게 나을지 혼란스러워요.”(40대 관람객)
4일부터 이틀간 서울 강남구 삼성동 코엑스에서 열리는 ‘2025 대한민국 부동산 트렌드쇼’에는 개막 첫날부터 이런 고민을 품은 사람들이 대거 몰렸다. 작년 말부터 서울을 중심으로 한 수도권 집값 상승세가 이어지는 가운데, 지난달 27일 수도권과 규제 지역의 주택 담보 대출 한도를 6억원으로 제한하는 초강력 대출 규제가 나오며 부동산 실수요자와 투자자를 둘러싼 불확실성이 갑자기 커졌다.
이런 상황에서 앞으로 부동산 시장의 향방을 알고 싶은 8000여 관람객이 이날 부동산 트렌드쇼를 찾았다. 올해 행사에도 정부 관계자와 국내 대표 재건축·재개발, 세금, 투자 전문가들이 총출동했다. 제1·2세미나장에서 이틀간 진행되는 16개 강연은 3일 만에 사전 예약이 마감됐다. 미처 사전 예약을 하지 못한 사람들은 강연 시작 30분 전부터 강연장 앞에 줄을 서 있거나, 자리가 없는데도 서서 강연을 들었다.
◇“실수요자 매수는 여전히 추천”
부동산 트렌드쇼 첫 강연자로 나선 이상우 인베이드투자자문 대표는 “주택담보대출 한도를 6억원으로 제한하고 전세 대출마저 조이면 매매가와 전세가 오르는 풍선 효과가 나타날 수밖에 없다”고 진단했다. 이 대표는 “이런 점을 감안한다면 대출이 줄었더라도 실수요자라면 자금이 가능한 범위 안에서는 분당 등 경기 주요 지역의 아파트를 사는 것을 추천한다”고 했다. 고종완 한국자산관리연구원장도 “가격 상승세가 컸던 강남은 대출 규제로 이제 진입이 사실상 막혔지만, 실수요자라면 청량리 역세권이나 광운대, 수원·용인·성남 등엔 여전히 관심을 가질 필요가 있다”고 말했다.
반면 이동현 하나은행 부동산수석전문위원은 당분간 관망할 것을 권했다. 그는 “공급 부족 문제가 해소되지 않으면 집값 양극화 문제는 해결될 수 없다”며 “정부의 공급 대책을 지켜보고 움직이는 게 낫다”고 말했다.
이날 행사장에서 전문가들의 강연과 토론을 지켜본 서연섭(32)씨는 “사회생활을 시작한 지 얼마 되지 않았는데 새 정부의 대출 규제가 나온 것을 보고 앞으로 어떤 식으로 부동산 시장을 바라봐야 할지 공부하러 왔다”며 “적은 돈으로나마 부동산에 투자해 꾸준히 자산을 불려가는 것이 목표”라고 말했다.
◇정책·기술·프롭테크까지 총망라
각종 부동산 강연 외에도 국내 주택 정책과 첨단 건설 기술, 프롭테크(IT+부동산)를 소개하는 부스도 관람객의 눈길을 끌었다.
특히 행사장 입구에 자리 잡은 국토교통부·한국토지주택공사(LH) 전시관의 경우 ‘탈현장(OSC·Off-site construction)’ 주택 만들기 체험을 할 수 있는 3개의 터치 스크린에 종일 관람객들이 모여들었다. 탈현장 주택은 건설 현장이 아닌 외부에서 주요 자재를 미리 제작한 뒤 건설 현장으로 옮겨 조립하는 주택을 말한다. 공사 현장에서 발생하는 소음, 먼지, 교통난 같은 문제를 줄일 수 있고, 습도와 온도가 일정한 공장에서 구조물을 만드는 만큼 균질한 고품질 주택을 만들 수 있는 신기술이다. 관람객들은 게임을 하듯 다양한 공법으로 자신들의 취향에 맞는 집을 짓는 체험을 즐겼다.
삼성물산이 선보인 ‘래미안 넥스트홈’ 전시에도 관람객들의 시선이 몰렸다. 넥스트홈은 건설사가 주택을 공급할 때 집 안에 배치하는 벽이나 가구 등을 쉽게 옮길 수 있게 해, 거주자가 자신의 취향과 선호에 맞게 공간을 꾸밀 수 있도록 한 것이다. 현장을 찾은 관람객들은 “부부 침실을 작게 만들고 아이들 침실을 크게 만드는 것도 가능하냐” “주방이나 욕실 자리에 방을 만들 수도 있냐” 등의 질문을 쏟아내기도 했다."
2025-07-04,"서울 전체 아파트 가격의 총합(시가총액)에서 강남 3구(강남·서초·송파구) 아파트가 차지하는 비율이 43%에 달하는 것으로 나타났다. 관련 통계를 집계하기 시작한 2000년 1월 이후 가장 높은 수치다.
3일 부동산R114가 국토교통부 아파트 실거래가를 분석한 결과 지난달 25일 기준 강남 3구 아파트의 시가총액은 744조7264억원으로 서울 모든 아파트(1732조4993억원) 시가총액의 43%를 차지하는 것으로 나타났다. 3구 중에서는 강남이 312조4805억원으로 시가총액이 가장 컸고, 송파(221조7572억원)·서초(210조4888억원) 순이었다.
서울 전체 아파트 가격 상승세보다 강남 3구 아파트값이 더 가파르게 오른 여파다. 서울 아파트 전체 시가총액은 작년 같은 달보다 13.1% 증가했는데, 강남 3구 아파트는 이 기간 17.7% 늘었다. 전문가들은 ‘똘똘한 한 채’ 선호 현상이 갈수록 뚜렷해지면서, 집값 상승 기대감이 높은 강남 3구에 수요가 몰리고 있다고 분석한다."
2025-07-03,"전국 17개 광역지자체 중 서울을 비롯한 7개 지역에서 최근 1년간 아파트 착공 실적이 최저 수준을 기록한 것으로 나타났다. 공급 감소의 여파로 집값 상승과 신축 아파트 쏠림 현상이 심화되며 ‘내 집 마련’을 원하는 무주택자들의 어려움은 더욱 커질 것으로 보인다.
2일 국토교통부 주택건설실적(착공)에 따르면 서울·강원·경북·전북·전남·울산·광주의 경우 최근 1년간(2024년 6월~2025년 5월) 아파트 착공 실적이 지난 5년 중 가장 낮은 수준을 기록한 것으로 나타났다.
서울에서는 1년간 2만729가구가 착공돼 전년(2만3107가구)에 비해 10.3%포인트 감소했다. 2021년 6월부터 3년 연속 감소 추세를 이어가고 있다. 강원도는 최근 1년간 착공 실적이 5459가구로 지난 5년간 가장 낮은 수준을 기록했고 경북(4033가구), 전북(5767가구), 전남(5396가구), 울산(4590가구), 광주(826가구)도 착공 실적이 낮은 수준을 보였다.
부동산 리서치 업체 리얼투데이는 “착공 실적이 줄어든 것은 공사비가 2020년 대비 30% 이상 오르며 시공사와 조합 간 갈등으로 정비 사업이 지연된 영향이 크다”면서 “아파트 착공이 줄어든다는 것은 2~3년 뒤 입주 물량이 줄어든다는 의미인 만큼 향후 집값 급등이 현실화될 수 있다”고 했다."
2025-07-03,"강남 3구(강남·서초·송파) 아파트 가격 비율이 서울 전체 아파트 가격의 43%를 차지하는 것으로 나타났다. 강남 3구의 아파트 가격이 급등하면서 그 비율이 상승하고 있는 것이다.
3일 부동산 빅데이터 전문업체 부동산R114가 서울 아파트 매매 시가총액을 구별로 나눈 결과, 지난달 25일 기준 강남 3구 아파트 시가총액은 744조7264억원으로 집계됐다. 서울 전체 아파트 시가총액 1732조4993억원의 43%를 차지한 것이다. 이는 구별 아파트 시가총액을 집계한 2000년 1월 이후 월간 기준 최다 비중이었다.
구별 아파트 시가총액은 강남구가 312조4805억원으로 가장 높았다. 송파구 221조7572억원, 서초구 210조4888억원이었다.
서울 전체 아파트 시가총액에서 강남 3구의 비율은 2023년까지만 해도 40%를 밑돌았다. 지난해 1월 41%를 기록하며 처음으로 40%를 돌파한 뒤, 올해 1월에는 42%대로 올라섰다.
지난달 서울 아파트 전체 시가총액은 전년 동월(1532조2575억원) 대비 13.1% 상승했다. 강남 3구 아파트 시가총액은 지난해 6월 632조8505억원에서 지난달 744조7264억원으로 1년 만에 17.7%가 올랐다.
윤지해 부동산R114 리서치랩장은 “강남권 일대에 계속 신축 아파트가 들어서고 이 지역 아파트에 ‘프리미엄’이 덧붙여지면서 전체 시가총액이 높아지고 있다”면서 “신축은 단지 규모가 이전보다 커지는 데다 해당 지역에 집값 하락 요소나 수요 이탈 요인이 없어 비율은 계속 늘어날 것으로 본다”고 했다."
2025-07-02,"배우 최란과 전 농구선수 이충희 부부가 서울 성동구 성수동의 고급 아파트인 아크로 서울포레스트를 187억원에 팔며 거액의 시세 차익을 거둔 것으로 알려졌다.
1일 한국경제TV에 따르면 최란‧이충희 부부는 지난 5월 말 아크로서울포레스트 전용면적 198㎡(60평) 1가구를 187억원에 매도했다. 두 사람은 2017년 이 아파트를 37억7200만원에 분양받았다. 단순 계산으로 따지면 8년 만에 150억원가량의 시세 차익을 거둔 것으로 추정된다.
이 아파트는 이번 거래로 단지 신고가를 기록한 동시에 평당 매매 가격으로 전국에서 가장 비싼 아파트에 이름을 올렸다. 공급 면적(248㎡) 기준 3.3㎡당 매매가는 2억4883만원으로, 용산구 나인원 한남(전용 273㎡)의 2억4701만원을 최고가를 경신했다.
아크로서울포레스트는 2020년 준공한 고급 주상 복합 단지다. 지상 33층 규모 오피스 건물인 디타워와 지상 49층 2개 동, 280가구 규모 주거동, 지상 4층 규모 상업 시설이 조성됐다. 서울숲과 한강을 모두 품어 갤러리아포레, 트리마제와 함께 ‘서울숲 3대장’으로 묶인다. 배우 전지현, 이제훈, 주상욱·차예련 부부, 샤이니 태민 등 다수 연예인이 매입한 것으로 알려졌다."
2025-07-02,"한국토지주택공사(LH)가 올 3분기(7~9월) 전국 분양주택 7735호, 임대주택 5600호 등 총 1만3000호에 대한 입주자를 모집한다고 1일 밝혔다. 주택 공급이 줄어들며 내 집 마련에 대한 불안감이 높아지자, 각각의 지구 단위별로 공급 물량을 밝히던 LH가 처음으로 분기 기준 공급 예정 물량을 공고한 것이다.
먼저 7월에는 남양주왕숙과 구리갈매역세권 지구 등에 공공 분양주택 7700호가 공급된다. 남양주왕숙 지구에 공공주택과 신혼희망타운 등 2177호, 남양주진접 지구 1175호, 구리갈매역세권 지구 1182호 등이 공급되며, 화성동탄2 지구에서는 6년 분양 전환 공공 임대가 처음으로 공급될 예정이다. 8월에는 의정부우정 지구와 과천주암 지구에 각각 538호, 686호가 공급되며, 9월에는 강원 원주무실 지구와 울산태화강변 지구 등에 1367호가 공급된다.
LH가 새로 지은 주택을 매입해 주변 시세보다 저렴하게 공급하는 매입임대주택은 9월 중 약 3500호가 공급될 예정이다. 여기에는 19~39세 청년, 대학생, 취업 준비생 등을 대상으로 한 ‘청년 매입임대주택’과 신혼부부 및 신생아 가구를 대상으로 한 ‘신혼·신생아 매입임대주택’ 등이 포함된다."
2025-07-02,"외국인의 한국 부동산 쇼핑을 방지하기 위한 대책을 담은 법안이 발의됐다. 현재 신고제인 외국인 부동산 취득 신고를 허가제로 전환하고, 외국인의 부동산 취득·보유 절차가 해당 국가가 한국인에게 적용하는 수준과 비슷한지 조사해 공개할 의무도 부여한다.
김은혜 국민의힘 의원은 2일 ‘부동산 거래 신고 등에 관한 법률 일부개정법률안’을 대표 발의했다. 본지가 확보한 개정안에는 외국인이 부동산을 취득하거나 보유하려는 경우 사전에 신고 관청에서 허가를 받도록 하는 내용이 담겼다. 현재 외국인이 부동산을 취득한 경우 계약을 체결한 지 60일 이내에 신고 관청에 신고만 하면 된다. 경매 등으로 취득한 부동산은 6개월 이내에만 신고하면 된다.
개정안은 제안 취지에 “중국은 외국인의 부동산 취득을 강력히 제한하고 있는데 한국에서는 중국인들이 아무런 제약 없이 아파트를 포함한 부동산을 취득·양도하고 있는 불균형이 발생하고 있다”고 설명했다. 해외 국가들은 외국인의 부동산 매매에 여러 제약 조건을 두는데 우리나라만 아무런 제약을 두지 않는 것은 상호주의에 어긋난다는 것이다. 실제로 중국은 외국인의 토지 매입은 허가하지 않고, 주택을 매입할 경우에도 1년 이상 거주 요건을 충족하도록 하고 있다.
외국인의 부동산 거래가 어렵지 않은 데다 최근 집값이 가파르게 상승하면서 ‘한국 부동산’은 외국인들의 좋은 투자처로 꼽히고 있다. 국토교통부에 따르면 외국인 보유 주택은 작년 12월 말 10만216가구로 처음으로 10만 가구를 돌파했다. 1년 전에 비해 9.6% 늘어난 수치이다. 소유자 국적별로 보면 중국인이 전체의 56.2%로 가장 많았고, 미국(22%), 캐나다(6.3%)가 뒤를 이었다. 외국인이 보유한 주택 4채 중 1채는 서울에 있었다. 다주택자 대출 제한 등 보유 주택 수에 대한 규제에서도 자유로워 2주택 이상을 소유한 외국인 수도 1년 사이 10.2% 늘었다.
이번 개정안은 국토교통부 장관이 외국인의 부동산 취득·보유에 대해 상호주의 원칙을 적절하게 준수하고 있는지를 매년 1회 이상 조사하고 공표하도록 의무화했다. 부동산 취득 과정에서 우리 국민이 불리한 내용은 없는지 조사해 알리란 것이다.
김은혜 의원은 “내국인에게는 최근 정부가 발표한 강도 높은 대출 규제가 적용되는데, 외국인은 자국 금융기관을 통한 대출로 아무런 규제 없이 국내 부동산을 취득할 수 있다”며 “정부가 부동산 투기를 잡겠다고 내놓은 정책이 무주택자의 주택 취득을 어렵게 만들고, 외국 투기자본에 국토를 내주는 부작용이 있어 이를 바로 잡기 위해 개정안을 발의한다”고 말했다.
현재 국회에는 상호주의 의무화와 외국인 토지거래허가제를 도입하는 등의 내용을 담은 부동산 거래신고법 개정안도 발의된 상태이다.
지난달 11일 오세훈 서울시장은 서울시의회 정례회의에서 “부동산 가격 동향이 이상 급등으로 가고, 일정 부분 외국인의 부동산 취득이 영향을 미친다”고 설명했다. 서울시는 외국인 부동산 거래 투명성 확보를 위해 자금 조달 검증도 강화한다는 계획이다."
2025-07-01,"지난달 29일 이재명 정부 첫 국토교통부 1차관에 임명된 이상경 가천대 교수는 서강대 교수 출신 김경환 전 국토부 차관 이후 8년 만에 등장한 비관료 출신 국토부 1차관이다. 국토부 1차관은 도시·주택 정책을 총괄한다. 특히 이 신임 차관은 교수 시절 이재명 대통령의 부동산 ‘책사’로 알려진 인물이다. 국토부 안팎에선 “이 차관이 이재명 정부의 부동산 정책을 실질적으로 주도할 것이란 뜻”이란 전망이 나온다.
이 차관은 교수 시절 ‘부동산을 통한 불로소득 차단’과 ‘개발 이익 환수’를 특히 강조해 왔다. 그런데 화천대유 대주주 김만배씨 등이 막대한 이익을 올린 대장동 개발 사업에 대해선 ‘획기적 시도’로 ‘성공을 거뒀다’고 평가했다. 2019년 작성한 한 보고서에서 “대장동 개발 사업에서 사용된 사전 이익 확정 방식은 대규모 도시 개발 사업에 처음 적용된 것으로 사후 배당과 관련한 불필요한 갈등과 행정력 낭비를 줄일 수 있다는 점에서 획기적 시도”라고 했다. 또 다른 책에서는 대장동 사업을 개발 이익을 국민에게 환원한 대표적인 사례로 소개하기도 했다. 반면 경실련 등 시민단체들은 “대장동 사업은 ‘모범적 공익 사업’이 아니라 공권력을 동원해 민간에 특혜만 안겨준 ‘토건 부패 사업’”이라고 비판했다.
이 차관이 개발 이익 환수를 강조해 왔다는 점에서, 재건축 초과 이익 환수제(재초환) 부담금이 실제 부과되는 첫 사례가 나올 것이라는 전망도 나온다. 재초환은 재건축 사업을 통해 조합원이 얻은 이익이 8000만원을 넘을 경우, 초과분의 최대 50%까지 국가가 부담금으로 환수하는 제도다. 노무현 정부 때 도입됐지만 신규 아파트 공급의 걸림돌로 작용한다는 지적 때문에 지금까지 적용이 미뤄져 왔다. 이달 기준 재초환 적용 가능성이 있는 단지는 전국 58개로, 조합원 1인당 예상 부담금이 평균 1억328만원으로 추산된다.
일각에서는 이 차관이 시장에 반하는 급진적인 정책을 추진할 가능성은 크지 않다는 분석도 나온다. 한 부동산 전문가는 “이 차관이 과거 대우건설 근무 경험도 있고, 교수로서도 시장 분석을 해 온 만큼 현실과 동떨어진 과도한 규제론을 펼칠 거라 생각되진 않는다”고 말했다."
2025-07-01,"올 초 들어 상승 흐름으로 접어들었던 상업·업무용 빌딩 거래가 다시 주춤한 것으로 나타났다. 거래량과 거래 금액 모두 4월 대비 큰 폭으로 줄었고 특히 고가 빌딩 거래가 크게 줄었다.
1일 상업용 부동산 전문 프롭테크 기업 ‘부동산플래닛’은 지난 5월 한 달간 전국 상업·업무용 빌딩 거래를 분석한 결과 거래 건수(1137건)가 16% 줄었다고 밝혔다. 거래액으로 보면 2조641억원으로 전월 대비 44.6% 감소했다. 전년 동월과 비교해도 거래량은 10.3%, 거래 금액은 15.2% 줄었다.
상업·업무용 빌딩 거래 침체는 코로나 이후 지속되고 있는 고금리 기조의 여파로 풀이된다. 전국 상업·업무용 빌딩 거래는 2021년 3월 거래량이 정점을 찍은 뒤 하락해 2023년 초부터 줄곧 고전하고 있다. 올해 1월에는 2023년 1월 이후 약 2년 만에 최저 거래량을 기록했다.
특히 300억원이 넘는 고액 빌딩 거래가 귀해지면서 전체 거래액이 대폭 줄어든 것으로 분석된다. 지난달 빌딩 거래를 금액대별로 살펴보면 10억원 이상~50억원 미만 빌딩은 전월 대비 거래량이 7.9% 감소한 반면 300억원 이상 빌딩은 단 5건만이 거래되며 전월(11건) 대비 72.7%가 줄었다.
5월 한 달간 단일 금액 1000억원 이상의 고액 거래는 서울 마포구 도화동 ‘신라스테이 마포’(1430억원), 경기 성남시 분당구 서현동의 ‘에스디바이오센서 주식회사 분당빌딩’(1000억원) 등 총 2건이 발생했지만 전체 거래액을 견인하지는 못했다. 부동산플래닛에 따르면 이 2건의 매수자는 모두 법인으로 확인됐다.
부동산플래닛 정수민 대표는 “5월 상업용 빌딩 시장은 거래량과 금액이 모두 줄면서 최근의 회복 흐름이 주춤하는 양상”이라며 “수도권 중심의 투자 집중 현상이 여전히 뚜렷한 만큼 입지별 차별화된 전략이 필요한 시점”이라고 했다."
2025-07-01,"한국토지주택공사(LH)가 경기도 군포시 산본 11구역 재건축 사업의 예비 사업 시행자로 선정됐다. 30일 LH에 따르면, 산본 11구역은 이 사업을 통해 종전 2758가구에서 3800가구로 주택 공급이 늘 예정이다.
LH는 앞서 분당 목련마을, 군포 산본 9-2구역에서도 재건축 예비 사업 시행자로 선정됐다. 이 3곳은 모두 1기 신도시 중 가장 먼저 재건축을 추진하는 선도 지구로 지정된 곳이다. 분당 목련마을은 1107가구에서 2226가구로, 산본 9-2구역은 1862가구에서 2940가구로 늘어날 예정이다.
LH는 구역별로 주민 대표단과 업무협약을 체결한 뒤 올해 중 특별정비구역 제안, 지정을 목표로 본격적인 특별정비계획 수립 절차에 착수할 계획이다."
2025-07-01,"BS한양이 대전 중구 문화동 47번지 일대에 들어서는 ‘대전 문화공원 수자인’을 분양한다. 지하 3층~지상 16층 11동(棟) 509가구로, 전용면적 84㎡ 419가구, 126㎡ 90가구 등 중대형 중심이다. 이달 7일 특별 공급을 시작으로 8일 1순위 청약, 9일 2순위 청약이 진행된다.
대전 문화공원 수자인은 민간 공원 특례 사업으로 조성되는 단지다. 민간 공원 특례 사업이란 해당 지역이 공원 시설로 지정됐지만, 사업성 등을 이유로 개발이 진전되지 않은 곳을 지자체가 민간 사업자와 함께 공동 개발하는 제도다. 공공을 대신해 민간이 공원을 만드는 조건으로 일부 용지를 아파트 등으로 개발할 수 있도록 한 것이다. 그래서 이 아파트 주변으로 약 15만7000㎡(약 4만7000평)에 달하는 대규모 공원도 생긴다. 걸어서 이용 가능한 공원은 주택 시장에서 거주자들의 만족도를 높이는 중요한 요소로 꼽힌다. 이런 점이 반영돼 청약 시장에서 민간 공원 특례 사업이 인기를 끌면서 지난해 부산, 광주광역시 등 전국 다섯 지역에서 평균 청약 경쟁률이 2.83대1이었다. 같은 지역 일반 단지 청약 경쟁률인 2.09대1을 웃돌았다.
◇공원·병원 등 주변 인프라 풍부
대전 문화공원 수자인은 공원과 접해 있다는 점을 빼도 입지가 우수하다는 평가를 받는다. 이른바 ‘병세권(대형 병원 인접한 곳)’에 있다. 단지와 약 1㎞ 떨어진 거리에 충남대학교병원이 있다. 대전에서는 2곳, 충청권에서는 4곳밖에 없는 상급종합병원 중 하나다. 상급종합병원은 응급 의료부터 고난도 진료, 건강검진 센터까지 갖춰 지역 내 의료 인프라의 핵심으로 꼽힌다. 서울 외 지역에서는 병원이 멀어 예상치 못한 위급 상황에 충분하게 대처하지 못하는 곳이 많다. 이 때문에 고령자나 어린 자녀를 둔 가구에는 큰 장점이 될 수 있다.
도보 5분 거리에는 중부권 최대 규모의 공공 체육 시설인 한밭문화체육센터가 있어 수영장, 다목적 체육관 등을 이용할 수 있다. 근처에 한밭도서관과 충남대학교 보운캠퍼스가 있어 학생들의 통학과 학업 시설 이용 편의도 보장된다. 단지 옆으로는 보문산 정상으로 연결되는 등산로가 있어 ‘숲세권’의 입지를 누릴 수 있다.
BS한양은 “분양가 역시 합리적으로 책정하려고 노력했다”고 설명했다. 대전 문화공원 수자인의 3.3㎡당 평균 분양가는 1647만원이다. 지난해 대전의 3.3㎡당 평균 분양가(2035만원)보다 낮은 수준이다. 업체 측은 “지난해 대전 문화동에 공급된 단지들의 3.3㎡당 평균 분양가가 모두 1750만원을 넘어선 것을 고려했을 때 경쟁력이 있다고 생각한다”고 말했다.
◇다양한 커뮤니티 시설
모든 세대를 채광 및 통풍에 유리한 ‘판상형 4베이’ 구조로 설계했고, 전용 84·126㎡ 모두 현관과 주방 팬트리가 있다. 주방과 다용도실이 연결되도록 해 동선의 편의성을 높였다. 일부 세대에서는 돌출형 발코니에서 바로 앞 보문산을 바라볼 수 있다.
입주민을 위한 커뮤니티 시설도 다양하다. 지하 1층에 위치한 커뮤니티 시설은 피트니스, 실내 골프 연습장, 스크린 골프 연습장, 필라테스룸, GX룸 등이 들어서는 스포츠존과 키즈카페, 작은 도서관, 스터디룸, 1인 독서실, 파티룸 등으로 구성된 에듀존으로 구성된다. 지상부에는 공유 부엌으로 사용할 수 있는 공동 커뮤니티 시설과 어린이집, 경로당 등이 조성될 예정이다. 견본 주택은 대전 서구 도안동 973번지 일원에 들어선다."
2025-07-01,"성동구 ‘오티에르 포레’ 분양
포스코이앤씨는 서울 성동구 성수동1가 장미아파트를 재건축한 ‘오티에르 포레’를 오는 7일 분양한다. 지하 3층~지상 최고 20층 3개 동, 총 287가구 규모로 이 중 전용면적 39~104㎡의 88가구를 일반 분양한다. 분양 물량은 적지만 한강·서울숲과 가까운 성수동에서 8년여 만에 나오는 분양 아파트로 관심을 모으고 있다. ‘오티에르’는 포스코이앤씨가 2022년 선보인 고급 아파트 브랜드로 올해 처음으로 분양 시장에 나왔다.
영등포구 ‘리버센트 푸르지오 위브’ 분양
대우건설과 두산건설 컨소시엄은 오는 8일부터 서울 영등포 1-13구역 도시환경정비사업으로 공급하는 ‘리버센트 푸르지오 위브’의 분양에 나선다. 단지는 지하 4층~지상 33층 5개 동 규모로 총 659가구 중 175가구가 일반 분양 물량이다. 영등포 뉴타운 도시환경정비사업의 일환으로 조성되는 리버센트 푸르지오 위브는 지하철 5호선 영등포시장역을 걸어서 10분 이내에 이용할 수 있고 1호선·KTX가 정차하는 영등포역으로의 접근성도 뛰어난 편이다."
2025-07-01,"“서울 아파트 청약 자격에 이제 ‘현금 부자’라는 표현이 들어가야 하는 것 아닌가요? 청약만 기다리고 있었는데 이게 무슨 날벼락인가 싶네요.”(서울 지역 한 40대 청약 대기자)
새 정부의 대출 규제로 아파트 청약 시장에도 불똥이 튀었다. 주택 담보 대출이 최대 6억원으로 제한되고, 신축 아파트 잔금을 전세금으로 충당하는 것까지 막히면서 무주택으로 버티며 청약을 기다리던 사람들에겐 ‘목돈’이 청약 필수 조건이 됐기 때문이다. 이에 따라 서울과 수도권의 청약 경쟁률이 떨어지고 미분양 등이 늘어날 수 있다는 우려도 나온다.
◇현금 모자란데, 전세도 못 들이나
신축 아파트 분양의 경우 대개 분양 금액의 10%가 계약금, 60%가 중도금, 나머지 30%가 입주 시 잔금이다. 서울의 경우 아파트 신축 분양가 평균이 전용 84㎡ 기준 17억원을 뛰어넘었고, 강북 지역에서도 15억원 전후로 오른 만큼 잔금만 4억5000만원이나 된다. 목돈이 없는 사람들은 새 아파트를 전세로 주고 세입자에게 받은 전세금으로 잔금을 치른다. 서울의 경우 강북 지역도 신축 아파트 전세금이 5억~6억원에 달하기 때문에 세입자 역시 전세 자금 대출을 받아 들어오는 경우가 많다.
하지만 정부는 이번 대출 규제를 통해 세입자의 전세금으로 잔금을 치를 경우, 세입자에게 해주는 전세 대출을 제한하기로 했다. 더 이상 이런 방식으로 잔금을 마련하기 어렵게 된 것이다. 세입자를 들여 잔금을 치르려는 사람은 대출 없이 전세금을 전부 현금으로 가져오는 사람만 세입자로 들일 수 있게 된 것이다.
실제로 최근 입주를 시작한 서울의 한 아파트 인근 공인중개사무소에는 30일 문의 전화가 빗발쳤다. 아파트를 분양받았지만 아직 전세 세입자를 찾지 못한 집주인들의 전화였다. 이들은 “세입자 문의가 없느냐” “전세금을 낮춰도 들어오겠다는 사람을 찾을 수 없겠느냐”고 물었다.
전세가 아닌 주택 담보 대출을 받아 잔금을 치르고 입주하려던 사람들도 발등에 불이 떨어졌다. 잔금을 치를 때 ‘6억 초과 주담대 금지’에 걸리면서 현금이 없으면 잔금을 치를 수 없는 처지에 놓인 것이다. 올해 3월 입주한 서울 성북구 한 아파트의 경우 84㎡ 기준 분양가가 약 11억원 수준이었다. 기존에는 약 8억원까지도 대출이 나왔지만, 앞으로 비슷한 조건의 아파트는 6억원까지만 대출이 나온다. 성북구의 한 공인중개소 관계자는 “대출 1억~2억원 차이가 크지 않아 보이지만, 실제 입주 과정에서 5000만원을 구하지 못해 입주를 포기하는 사례도 나온다”고 했다.
박지민 월용청약연구소 대표는 “대출로 입주하려 했던 사람들이 청약 시장에서 떨어져 나가면서 서울 강남 청약 시장에서는 이제 현금 부자끼리 경쟁하는 상황이 벌어질 것”이라며 “서울 외곽 지역과 경기 안양·광명 등 분양가 12억~15억원 수준의 아파트 청약 경쟁률이 크게 감소하면서 대규모 미분양 사태가 일어날 수 있다”고 말했다.
이번 규제로 분양 시장이 위축될 경우, 주택 부족이 더욱 장기화할 수 있다는 우려도 나온다. 특히 재건축·재개발 사업의 경우 기존 주택을 허물고 새 주택을 짓는 만큼 공사 기간 동안 주택 수가 줄어드는데, 분양이 더뎌질수록 이런 상태가 길어지기 때문이다. 고종완 한국자산관리연구원장은 “새 정부의 최대 과제가 공급 확대인데, 이에 역행하는 효과를 가져올 수 있는 것”이라고 했다.
◇공급 절벽 심화된다
이런 와중에 아파트 공급 물량은 갈수록 줄고 있다. 30일 부동산R114에 따르면 올해 하반기(6~12월) 서울의 분양 물량은 2만1593가구로 계획돼 있다. 지난해 같은 기간 2만3074가구에서 6.4% 감소한 것이다.
부동산 플랫폼 직방이 올해 입주 물량을 집계한 결과, 올해 하반기 입주 물량은 10만323가구로 예정돼 있어 지난해 같은 기간(16만3977가구)에 비해 39% 감소할 것으로 예상된다.
인허가·착공 등 물량도 줄어들면서 향후 3~4년간은 공급이 늘어나기 어려울 것으로 보인다. 30일 국토교통부가 공개한 월간 주택 통계에 따르면, 지난 5월 주택 인허가 실적은 2만424호로 전월(2만4026호) 대비 15% 감소했으며, 수도권 인허가는 8630호로 전월 대비 39.5% 줄었다. 주택 착공 실적은 1만5211호로 전월(2만5044호)과 비교해 39.3% 감소했다. 준공(입주) 실적도 2만6357호로 전월(3만5107호) 대비 24.9% 줄었다. 건설업계 관계자는 “주택 착공 실적이 감소하면 결국 입주 물량이 감소하고 추후 공급 부족으로 집값이 더 오르는 것으로 이어질 수 있다”고 했다."
2025-07-01,"올 하반기 국내 주요 건설사들은 서울 ‘한강 벨트’를 중심으로 재개발·재건축 사업 수주전을 치열하게 벌일 전망이다. 이미 상반기에만 10대 건설사는 재개발·재건축 등 도시 정비 사업 분야에서 작년 1년 치보다 많은 일감을 수주하는 등 공격적으로 시장 공략에 나선 상황이다.
가장 치열한 전장은 서울의 대표적인 부촌(富村) 중 하나인 압구정 2구역이다. 지하 5층~지상 최고 65층 안팎의 14동을 짓는 사업으로 총 2571가구의 대단지 사업이다. 공사비만 2조7488억원으로, 압구정 1~6구역 중 사업 진행 속도가 가장 빠른 데다, 앞으로 나올 다른 사업 수주에도 영향을 줄 수 있어 경쟁이 치열하다. 현재 현대건설과 1980년대 압구정 현대아파트 시공사였던 HDC현대산업개발이 이곳을 강남권 재진입의 교두보로 삼겠다는 의지를 보이고 있다.
압구정동과 한강을 사이에 마주 보고 있는 성동구 성수전략정비구역도 격전이 예고된 지역이다. 사업 규모가 가장 큰 1지구에서는 GS건설과 현대건설, HDC현대산업개발이 맞붙는다. 여의도에서도 삼성물산과 롯데건설이 대교아파트 시공권을 두고 경쟁할 전망이다.
올 하반기 ‘대어급’ 사업들까지 시공사 선정이 끝나고 나면 올해 건설사들의 수주 규모는 역대 최고치를 기록할 것이란 예상이 나온다. 이미 올해 상반기(1~6월) 국내 시공 능력 평가 기준 10대 건설사의 수주 금액은 28조1036억원으로 작년 연간 수주액을 모두 더한 27조8702억원보다 많다. 건설 자재비·인건비 인상에도 불구하고 수주 경쟁이 벌어지는 이유에 대해 건설업계 관계자는 “강남, 한강 변 등은 기업의 이익을 떠나 브랜드 가치를 키울 수 있는 지역적 전략지”라며 “사활을 걸고 수주해야 한다”고 말했다."
2025-07-01,"서울 강남 아파트에서 매매가 대비 전세가 비율을 뜻하는 전세가율이 6월 39.4%로 KB국민은행이 관련 통계를 집계하기 시작한 2013년 4월 이후 최저치로 떨어진 것으로 나타났다.
전세가율이 39.4%라는 것은 아파트 매매 가격이 10억원일 때 전셋값이 3억9400만원 정도라는 의미다. 서울 다른 지역도 전세가율 하락세가 이어지고 있다. 송파구(41.9%), 용산구(42.5%), 서초구(43.8%), 양천구(48.8%), 성동구(48.9%), 강동구(49.9%) 등의 전세가율이 50%를 밑돌고 있다. 강남권 11구는 전체 49.9%, 강북 14구는 56.5%로 집계됐다.
강남 아파트 매매 가격이 전세보다 더 가파르게 오르면서 전세가율이 떨어지는 현상이 나타나고 있다. 6월 서울 아파트 평균 매매 가격은 13억8174만원으로, 3개월 연속 역대 최고치를 경신했다. 이 중 가격 기준 서울 상위 20% 아파트의 평균 매매 가격은 31억4419만원으로 지난달 처음 30억원을 넘어섰다. 하위 20% 아파트 평균 가격은 4억9085만원이었다.
시장에선 앞으로 서울 아파트 가격이 더 오를 것이란 전망이 많다. 이번 조사에서 6월 매매 가격 전망 지수는 133.9로 역대 최고치를 기록했다. 매매 가격 지수가 기준점 100을 넘기면 앞으로 부동산 가격이 상승할 거라 전망하는 사람이 많고, 100보다 낮으면 하락 전망이 우세하다는 뜻이다. 서울 매매 가격 전망 지수가 130을 넘은 것은 이번이 처음이다. 다만 지난 27일 발표된 정부의 대출 규제 정책 이전에 이뤄진 조사라, 규제 이후 시장의 움직임은 당장은 예측하기 쉽지 않다는 반응이 나온다.
한편 서울 상승세와 달리 지방 부동산 시장 침체가 이어지면서 격차가 더 벌어지고 있는 것도 우려스러운 점이다. 이번 조사에서 전국 부동산 아파트 5분위 배율(전국 상위 20% 아파트와 하위 20% 아파트의 가격 차이)은 11.9배였다. 2008년 12월 관련 통계를 작성하기 시작한 이후 역대 최대치다."
2025-06-30,"2025 대한민국 부동산 트렌드쇼에서는 부동산 시장 정책을 설계하고 수행하는 정부, 각자 역할별로 세부 업무를 실행하는 주택 관련 공공 기관 정보도 얻을 수 있다. 미래 주택 정책과 공급 계획도 쉽게 파악할 수 있다.
국토교통부와 한국토지주택공사(LH)는 전시관에서 ‘주택 공급 확대’ ‘고품질 공공 주택’을 주제로 3기 신도시와 1기 신도시 재정비를 포함한 도시 정비 현황을 공개한다. 또 요즘 각광받는 분야인 OSC 주택 건설 정보도 포함해 전시관을 운영할 계획이다. OSC는 ‘Off-Site Construction’의 약자로 건설 현장이 아닌 외부에서 주요 자재를 미리 제작한 뒤 현장으로 옮겨 조립하는 건설 방식을 말한다.
LH는 먼저 디지털 사이니지(디스플레이 정보 장치)를 통해 주택 공급 확대 정보를 전시한다. 3기 신도시의 공급 일정과 지구별 특화 계획, 광역 교통망에 대한 내용 등이다. 특히 역세권 콤팩트 시티, 아이 돌봄 시설 클러스터, 앵커 기업 유치 등 지구별 특화 계획을 집중 홍보할 예정이다. LH는 “입지, 교통, 일자리 3박자를 갖춘 3기 신도시에 대한 기대감을 고조시킬 수 있을 것”이라고 했다.
LH는 또 도시 정비 사업 현황과 사업 절차에 대해서도 정보를 공개할 예정이다. 노후 계획도시 정비 사업, LH 공공 시행 통합 재건축 등 복잡하고 다양한 정비 사업 정보를 일목요연하게 정리해 제공한다는 계획이다.
기술 혁신을 적용한 미래 주택도 전시에서 확인할 수 있다. OSC 공법 중 하나인 모듈러 주택 디오라마 전시가 관람객들을 사로잡을 것으로 기대된다. OSC 공법은 공기를 단축하고 일정한 시공 품질을 유지할 수 있다는 장점이 있다. LH는 “아직 시장 규모가 초기 단계인 만큼 공공이 주도적 역할을 해 탈현장 공법이 안정적으로 정착되기를 기대한다”고 말했다.
한국부동산원은 이달부터 시행된 ‘주택 임대차 계약 신고제’를 홍보한다. 주택 임대차 계약 신고제는 정보 부족 때문에 불투명했던 임대차 시장 구조를 개선한다는 취지로 2021년 6월 1일 도입된 제도다. 전월세 거래 정보가 투명하게 공개되고, 신고 시 확정일자가 자동으로 부여되기 때문에 임차인 보호 기능이 있다. 그간 행정적 여건을 고려해 계도 기간으로 운영돼 오다가 이달 1일 정식 시행됐다.
이에 따라 임대차 계약 때 신고하지 않거나 늦게 신고하면 과태료를 부과받게 된다. 보증금 6000만원 초과 또는 월 임차료 30만원 초과 주택을 계약할 때 임대인과 임차인은 계약일로부터 30일 이내에 신고해야 한다. 서명·날인된 계약서로 신고할 경우 ‘공동 신고’로 간주되기 때문에 이때는 한쪽만 신고해도 된다.
부동산원은 트렌드쇼를 통해 ‘부동산 빅데이터 플랫폼’도 알릴 계획이다. 부동산 빅데이터 플랫폼은 기업은 물론 국민 누구나 활용할 수 있는 양질의 부동산 데이터다. 부동산원은 민간 활용도가 높은 부동산 데이터 상품 260여 종, 데이터 서비스 9종을 트렌드쇼에서 공개할 예정이다.
주택도시보증공사(HUG)는 국토교통부와 출시한 전세 계약 플랫폼 ‘안심전세 앱’을 소개한다. 전세 계약자들은 이 앱을 통해 기존에 알기 어려웠던 연립·다세대 주택 시세 정보와 물건의 위험도를 파악할 수 있다. 연립·다세대 주택은 아파트와 달리 시세가 불투명한 경우가 많아 전세 사기의 집중 타깃이 돼 왔다. HUG는 “특히 세입자들이 적정한 보증금 범위를 알고 계약할 수 있다는 게 장점”이라고 했다. 이번 달부터는 안심전세 앱을 통해 임대인의 동의 없이도 HUG 보증 가입 내역 등을 파악할 수도 있다. 또 임대인의 보증금 미반환 내역, 세금 체납 여부도 계약 전 미리 알 수 있다. HUG는 ‘전세 보증’ 상품도 홍보할 계획이다. 세입자가 보증금을 떼였을 때 HUG가 집주인 대신 돌려주는 상품이다.
새만금개발청과 새만금개발공사는 트렌드쇼에서 스마트 수변 도시의 통합 개발 계획 변경 내용과 첫 분양 계획을 공개한다. 새만금 수변도시 사업은 6.25㎢(189만평) 면적 부지에 조성되는 대규모 도시 개발 프로젝트다. 공사는 최근 산업 단지 입주 수요 증가, 신항만 개발 등 여건을 반영해 수변도시를 기업 지원 중심의 복합 도시로 전환했다. 공사는 올 하반기 1공구에서 근린생활시설용지 2필지와 단독주택용지 65필지를 분양한다. 새만금 내 최초의 도시형 정주 공간을 공급하는 것으로, 트렌드쇼에서 관련 내용을 처음으로 공개한다. 공사는 또 전시 부스에서 분양 관련 맞춤형 상담도 진행할 예정이다."
2025-06-30,"2025 대한민국 부동산 트렌드쇼는 서울 강남구 삼성동 코엑스 3층 D홀에서 개최된다. 서울 지하철 9호선 봉은사역 7번 출구로 나오면 코엑스 입구와 바로 연결된다. 2호선을 타는 경우 삼성역 5·6번 출구로 나온 다음 밀레니엄 광장을 거치면 전시관으로 갈 수 있다. 7호선을 이용하는 경우 청담역 2번 출구로 나오면 걸어서 전시관까지 10분 안팎 걸린다.
버스를 타는 경우 간선·지선·마을버스 수십 개 노선을 통해 행사장에 갈 수 있다. 전시관과 가장 가까운 정류장은 ‘코엑스 동문’이다. 무역센터, 삼성역 7번 출구 등의 정류장에서도 5분가량 걸으면 전시관에 갈 수 있다.
승용차 이용자는 내비게이션에 ‘코엑스’나 ‘서울 강남구 영동대로 513’을 입력하면 된다. 강남역 방면에서 출발할 경우 테헤란로 삼성동 방면으로 직진하다가 삼성역 사거리 현대백화점 앞에서 좌회전한 뒤 약 500m 앞의 코엑스 ‘서문 GATE’를 통해 진입할 수 있다.
주차는 코엑스 지하 주차장이나 탄천 공영 주차장에 할 수 있다. 주차 요금은 탄천 주차장이 저렴하지만, 행사장까지 걸어서 15분 정도 걸린다."
2025-06-30,"서울 동작구의 이모(39)씨 부부는 지난 27일 정부의 부동산 대책을 보고 이사 계획을 포기했다. 남편과 아내 다 대기업에 다니는 이 부부의 합산 소득은 월 1000만원 이상. 자녀 교육과 출퇴근 편의를 고려해 20억원 남짓한 잠실 아파트를 알아봤지만, 대출 규제가 발표되자 계획을 접은 것이다. 이씨는 “40년 만기로 10억원 정도를 대출받아 한 달에 400만원씩 갚으려고 했다”며 “직장인이 대출 없이 잠실 아파트로 이사하는 건 불가능한데, 상환 능력에 상관없이 일률적 규제로 족쇄를 채워버리는 건 말이 안 된다”고 했다.
지난 28일부터 시행한 ‘가계 부채 관리 강화 방안’이 근로소득 위주인 30~40대 직장인들의 내 집 마련을 어렵게 만든다는 지적이 나오고 있다. 감당하기 어려운 대출을 끌어 쓰는 ‘영끌족’을 예방한다는 이유로 대출금 상환 여력이 있는 직장인들의 주거 상향 이동 가능성까지 차단한다는 것이다. 결국 고가 아파트 시장 진입을 어렵게 만들어 이른바 ‘금수저’라는 상류층의 부동산 구매만 수월하게 하는 결과를 낳을 수 있다는 우려가 나온다.
◇월급쟁이 직장인이 최대 피해
이번 대출 규제로 서울 전체 25구 가운데 18구의 최대 대출액은 종전보다 줄어들 전망이다. 집값에 따라 받을 수 있는 대출금(LTV)은 비규제 지역 70%, 규제 지역 50%로 같지만 대출금이 6억원으로 제한돼 현재 시세 기준으로 서울 아파트 중 127만6257가구(임대아파트 제외)의 대출 한도가 줄어드는 것이다.
29일 부동산R114에 따르면 서울 아파트 매매가격은 평균 14억6492만원이다. 여기에 LTV 70%를 적용하면, 규제 시행 전에는 10억2000만원까지 대출이 가능했다. 하지만 대출 상한 6억원이 시행돼 서울 평균 가격의 아파트를 사려면 4억원이 더 필요하다. 서울 마포구에선 평균 시세 아파트(14억8000만원)를 살 때 필요한 현금이 규제 전 4억5000만원에서 8억8000만원으로 급증했다. 강남 3구와 용산구는 현금 15억~26억원이 필요하다.
이 때문에 거액 목돈은 없어도 꾸준하게 대출을 갚아나갈 수 있는 맞벌이 직장인들로선 사실상 내 집 마련 기회를 잃게 됐다는 지적이 나온다. 대기업을 다니는 남편이 월 450만원, 가게를 운영하는 아내가 월 250만원을 버는 일산의 한 30대 부부는 “출퇴근 지옥을 감내하며 모은 돈에 대출을 더해 서울 영등포나 마포로 이사하려고 했다”며 “줄어든 대출금만큼 현금을 모으려면 얼마나 더 걸릴지 모르겠다”며 허탈해했다.
이번 대출 규제가 30~40대 ‘이생집망(이번 생에 집 사기는 망했다)’을 가중한다는 비판도 있다. 급등한 월세 등을 내면서 돈을 모으기가 사실상 어렵기 때문이다. 마포래미안푸르지오 전용 59㎡는 보증금 3억원에 월세 160만원, 래미안길음센터피스 전용 84㎡는 보증금 4억원에 월세 160만원에 매물이 올라와 있다. 40대 맞벌이 직장인 김모(43)씨는 “이사비, 복비에 전·월세 비용까지 한껏 치솟은 거주 비용을 감당하면서 집 살 돈까지 모으라는 게 말이 되느냐”며 “부모한테 물려받을 게 없는 평범한 청년층은 월급으로 집 살 방법이 사라진 것”이라고 말했다.
김제경 투미컨설팅 소장은 “근로소득으로 내 집을 마련하려던 직장인들이 이번 대책의 가장 큰 피해자”라며 “상환 능력과 상관없이 대출 규모를 축소하는 건 청년층의 내 집 마련 시기만 늦추는 것”이라고 말했다.
◇집값 하락하면 부담 줄어든다 반박도
전세를 끼고 사는 이른바 ‘갭 투자’ 방지를 위한 대책이 빠졌다는 지적도 제기된다. 주택 담보대출을 받았을 경우엔 6개월 이내 전입을 의무화했지만, 전세금을 더해 아파트를 구매하는 갭 투자는 주택 담보대출을 받지 않는 게 일반적이기 때문이다.
고종완 한국자산관리연구원장은 “집값이 하락하면 갭 투자에 필요한 금액은 줄어든다”며 “일반 직장인의 매매 거래는 막힌 상황에서 일부 급매가 나오기 시작하면 오히려 대출이 필요 없는 현금 부자들이나 갭 투자자들에게 투자 기회가 될 수 있을 것”이라고 말했다. 일부에선 “이번 규제로 집값이 하락하면 대출을 많이 받을 이유가 사라진다”는 의견도 나온다."
2025-06-30,"현재 전국의 부동산 시장은 역대급 양극화 속에 극심한 혼돈 상태다. 서울 아파트 가격이 최근 21주 연속 상승세를 기록하며 문재인 정부 시절 급등기인 2020~2021년을 떠올리게 한다. 반대로 지방 아파트 시장은 주간 상승률이 작년 5월 마지막 주부터 내리 56주 떨어져 차갑게 얼어붙었다. 다주택자 규제 이후 선호하는 아파트 딱 하나에만 수요가 몰리는 ‘똘똘한 한 채’ 현상이 뚜렷해지며, 실수요나 투자 수요 모두 지방 대신 수도권에 몰리기 시작했다는 분석이다.
정부는 지난 28일 수도권에서 주택 구입을 위한 대출을 받을 때 대출액을 6억원으로 제한하고, 주택담보대출을 받아 수도권 주택을 살 경우 6개월 안에 해당 주택에 전입해야 하는 규제를 새로 도입했다. 하지만 효과를 예측하기 어려운 상황이다. 이런 가운데 내달 4~5일 서울 강남구 코엑스 D홀에서 열리는 ‘2025 대한민국 부동산 트렌드쇼’는 향후 주택 시장의 흐름을 읽을 수 있는 의미 있는 자리가 될 전망이다. 본지는 트렌드쇼 사전 참가 신청자 5189명에게 향후 시장을 어떻게 전망하는지 의견을 물었다(23일 기준).
◇10명 중 7명 “집값 추가 상승”
설문 응답자 10명 중 약 7명(67%)은 “하반기 집값이 더 오를 것”이라고 전망했다. 작년보다 5%포인트 늘어났다. 이 중 집값이 4% 이상 대폭 상승할 것이라고 예상한 응답자도 16%를 기록해, 전년 9%에서 크게 증가했다. 향후 집값이 떨어질 것이라 답한 사람은 9%에 불과했다. 다음 달부터 스트레스 DSR(총부채 원리금 상환 비율) 3단계 규제가 시행되는데도 집값 상승세엔 큰 영향이 없을 것이란 예상이 대다수다. 내년 수도권 지역 공급량이 올해의 70% 수준으로 하락할 것으로 전망되는 점이 이유로 꼽힌다. 실제 ‘극약 처방’에 가까운 대출 규제라도 공급 확대 없이는 근본적인 시장 안정 효과를 가져오기 어려울 것이란 의견이 많다.
전세 시장에 대해서도 ‘상승’ 전망이 68%로 ‘하락’(10%)을 압도했다. 다만 상승과 하락 모두 전년보다 비율이 소폭 줄었다. 대신 ‘보합’을 예상하는 응답이 전년 대비 3%포인트 오른 21%로 나타났다. 최근 서울 지역에선 전세 가격 오르는 속도가 매매가 상승 속도를 따라가지 못하면서 ‘전세가율(매매가 대비 전세가)’은 오히려 낮아지고 있다. 정부 대책에 따라 일정 부분 매매가 상승 폭이 줄면 전세가는 그보다 많이 꺾일 것이란 예상이다.
◇규제에도 오르는 ‘재건축·재개발’이 인기
‘부동산 시장 정상화’를 위해 새 정부가 중점 추진해야 할 정책을 묻는 질문에는 응답자의 47%가 세금·대출·다주택자 규제 완화를 꼽았다. 지방에서는 수요 진작을 위해 세금, 대출 규제 완화로 부동산 취득을 지원해 줘야 하고, 다주택자 규제를 풀어 과열 양상을 띠는 똘똘한 한 채 열기를 가라앉힐 필요가 있다고 판단한 것으로 보인다. 두 번째로 많은 응답자(42%)는 ‘재건축·재개발 활성화로 도심 공급 확대’를 골랐다. 주요 입지의 공급 물량을 늘릴 수 있는 수단이란 점에서 많은 응답자의 선택을 받았다.
유망한 부동산 상품을 꼽는 항목에선 응답자의 48%가 ‘재건축·재개발 예정 부동산’을 선택해 가장 많았다. 지난해보다 11%포인트 급증했다. 올 들어 서울 압구정동, 목동 등 재건축 지역 아파트가 토지거래허가구역 규제에도 연일 신고가를 기록하는 등 활황인 영향이 미친 것으로 보인다. 이어 민간 분양 아파트(41%), 일반 아파트(34%) 순이었다. 향후 부동산 투자가 유망해 보이는 지역을 묻는 질문에선 강남·서초·송파·용산 등 서울 규제 지역(54%)이 가장 많았다.
부동산 구입 목적에 대한 질문에는 ‘거주’란 답변이 45%로 가장 많았다. ‘시세 차익’은 34%였다. 집을 구입하는 데 있어 가장 큰 걸림돌로는 ‘과도하게 높은 집값’(47%)을 꼽는 응답자가 많았다. ‘대출 등 구입 자금 마련’(20%)을 압도했다. 주택 구입의 가장 중요한 기준으로는 ‘교통 및 직장과의 접근성’이 61%로 가장 많았다. 이어 ‘상권 및 생활 인프라’(13%), 주변 개발 호재(9%) 순이었다."
2025-06-30,"집값 상승세가 서울 전역으로 번졌다. 지난 2년간 분양과 착공 물량이 줄어들고 공사비가 치솟으며 곳곳의 정비 사업이 지연돼 공급이 감소한 영향이다. 다음 달 대출 한도를 줄이는 스트레스 DSR(총부채원리금상환비율) 3단계를 앞두고 ‘막차 수요’까지 가세하자, 정부는 28일부터 수도권 주담대를 6억원으로 제한하고, 만기를 30년으로 묶는 내용의 극약 처방을 내놓기에 이르렀다.
실수요자들 사이에선 “이젠 상승세가 주춤해질 것 같다”는 얘기와 “장기적으로는 집값이 계속 오를 수 있다”는 의견이 교차한다. 지금이라도 내 집 마련에 나서야 하는 것인지, 만약 집을 매수한다면 어디가 좋은 것인지도 계속 혼란스럽다. 궁금증을 풀기 위해 ‘2025 대한민국 부동산 트렌드쇼’에서 강연하는 전문가 4명에게 부동산 시장 전망과 대응 방법 등에 대해 물었다.
◇노도강 등 상승세 이어질 것
전문가들은 대부분 서울 강남 3구의 집값이 이미 크게 오른 만큼, 하반기에는 나머지 지역의 상승세가 강세를 보일 것으로 전망했다. 고종완 한국자산관리연구원장은 “금리 인하와 통화량 증가 등 서울 집값의 상승 압력이 거세질수록 정부의 시장 개입이 빈번해지고, 부동산 가격이 오르내리며 부침을 겪을 것”이라며 “다만 부동산 시장에 대한 기대 심리를 억누를 수 있는 공급 대책이 나오지 않는 한 향후 2년 정도는 서울 등 수도권 지역의 상승세가 이어질 가능성이 높다”고 했다.
박원갑 KB국민은행 부동산수석전문위원은 “이번 대출 규제 외에도 하반기에는 정부가 여러 규제 카드를 내밀 것이기 때문에 강남 등의 상승 폭은 둔화될 것”이라며 “노도강, 광명, 의왕 등 지금까지 덜 오른 곳에서 상승세가 나타날 가능성이 크다”고 말했다. 다만 이상우 인베이드투자자문 대표는 “향후 서울 아파트 매물이 더욱 자취를 감출 것이기 때문에 발표되는 지표로는 상승세가 무뎌질 수 있지만 체감되는 가격 상승세는 더욱 커질 것”이라고 분석했다.
부동산 시장의 가장 큰 변수로는 다양한 방식의 대출 규제 등 정부 규제가 꼽혔다. 신현강 부와지식의배움터 대표는 “2006~2007년 당시 대출 규제가 결국 서울 부동산 시장을 가라앉히는 데 주요한 역할을 한 것처럼 지금까지 부동산 시장에 가장 효과가 좋았던 규제는 대출 규제였다”고 했다. 그만큼 수요자들에게 큰 영향을 끼칠 수 있다는 것이다. 박원갑 위원은 “만약 마포나 성동이 규제 지역으로 지정되면 풍선 효과로 인해 주변 지역의 상승세가 커지는 현상이 이어질 수 있다”고 했다.
◇강남 등 추격 매수 위험 높아
내 집 마련에 나서는 시기는 언제가 좋을까. 모든 전문가가 시기와 관계없이 매매 가격 상승장에서는 추격 매수를 조심해야 한다고 지적했다. 신현강 대표는 “지금의 서울 부동산 시장은 과열됐기 때문에 지금 빠르게 오르는 물건을 추격 매수를 하는 것은 절대로 안 된다”면서 “올해 하반기 정부 규제가 이어지면서 부동산 시장이 주춤하는 시기가 올 것이고, 이때 급매물 등이 나오며 기회가 올 것”이라고 했다. 박원갑 위원은 “전고점을 넘어 빠르게 오르는 아파트 단지의 매수 타이밍을 재기보다는 고점 대비 80%를 밑도는 단지를 매수해야 할 시기”라며 “주식은 ‘달리는 말에 올라타라’고 하지만 부동산에서는 가격 메리트를 꼭 봐야 한다”고 밝혔다.
신축과 재건축 아파트의 상승세는 계속 이어질 것으로 전망했다. 고종완 원장은 “공급 물량이 줄어드는 상황에서 서울 신축과 재건축 아파트의 인기는 사그라들지 않을 것”이라며 “교통 여건이 좋아질 것으로 기대되는 영등포나 청량리 등도 눈여겨볼 필요가 있다”고 했다. 이상우 대표는 “강남 3구의 20년 차 아파트를 주목해야 할 시기”라며 “요즘 30년 된 아파트들이 재건축에 들어가는 만큼 20년 차 아파트를 매수해 실거주하면 재건축 추진 시기 가격이 급상승할 수 있다”고 했다."
2025-06-30,"다음 달 4일부터 이틀간 진행되는 ‘2025 대한민국 부동산 트렌드쇼’에서는 부동산 분야의 대표적인 전문가들이 나와 ‘족집게 강연’을 펼친다. 새 정부 출범 이후 집값 상승세가 가팔라지는 가운데, 정부의 부동산 정책 변화와 시장 흐름을 분석해주는 전문가 강연은 물론, 절세와 경매 투자, 세대별 내 집 마련 전략 등 맞춤형 ‘꿀팁’도 전수한다.
◇새 정부 부동산 정책 진단·전망
올해 부동산 트렌드쇼에서는 첫 강연자로 이상우 인베이드투자자문 대표가 ‘변화의 시기, 부동산 투자는 어디를 향해야 하는가’라는 주제로 강연에 나선다. 이 대표는 2020년 이후 서울의 재건축 시장에 열풍이 불고 ‘똘똘한 한 채’의 강세로 상승장이 펼쳐질 것이라는 예측이 적중하면서 유명해졌다. 그는 “올해 부동산 시장은 ‘상저하고’로 변화하며 하반기 상승률이 더욱 커질 것”이라며 “모든 지역이 전반적으로 다 오르기보다 상급지 고가 아파트 중심으로 수요가 쏠리면서 실수요자의 체감은 통계보다 가격 상승세가 더 빠르다고 느낄 것”이라고 했다.
새 정부 출범 이후 부동산 정책에 대한 관심이 집중되면서, 정부 규제와 정책을 진단하고 향후 방향을 예측해보는 세미나도 행사 첫날 예정돼 있다. ‘새 정부 출범 한 달, 부동산 공약의 이행과 정책 방향’이란 제목의 정책 세미나에는 정부 주택 공급 정책을 총괄하는 김헌정 국토교통부 주택정책관이 패널로 나서서 공급 정책 방향을 이야기하는 시간을 갖는다. 이 자리에 권대중 서강대 일반대학원 교수도 함께해 부동산 시장을 가라앉히기 위해 필요한 대책과 시장 대응 전략 등을 놓고 대담을 펼친다.
부동산 세금 전문가 박민수 더스마트컴퍼니 대표는 ‘규제가 바뀌면 돈의 흐름도 바뀐다: 부동산 절세 타이밍’을 주제로 강연에 나선다. ‘제네시스박’이란 활동명으로 잘 알려진 박 대표는 “새 정부는 집값 안정화를 위해 보유세는 높이고 거래세는 낮추는 방향으로 정책을 움직일 것”이라며 “1주택이라도 40억원 이상의 주택을 가진 사람을 대상으로 보유세가 높아질 가능성이 크다”고 예측했다. 그러면서 “다주택자의 경우 올해가 양도세를 아낄 수 있는 기회”라며 “내년 5월 9일까지 유예한 ‘다주택자 양도소득세 중과’가 연장되지 않을 가능성이 크기 때문에, 부동산 가격이 오를 때 미리 정리해두는 게 좋다”고 했다.
‘부룡’이라는 필명으로 유명한 신현강 부와지식의배움터 대표도 ‘하반기 전세 시장, 반등인가 재조정인가?’란 제목으로 강연대에 선다. 신 대표는 “서울과 지방의 집값 양극화 현상이 심화되고 있기 때문에, 새 정부는 서울은 조이고 지방은 살리는 부동산 정책을 펼칠 것”이라며 “서울의 매매가 상승을 억제하면 전월세 가격이 높아질 가능성이 크다”고 전망했다. ‘과학적 자산 관리의 방향성: 새로운 정책과 변화하는 시장’이란 주제로 강연하는 고종완 한국자산관리연구원장은 “하반기로 갈수록 서울 집값의 상승 압력이 거세지면서 대출 규제 등 정부의 시장 개입이 빈번해질 것”이라며 “다만 적어도 2~3년은 상승장이 이어질 것으로 보인다”고 했다.
◇부동산 투자 위한 ‘꿀팁’ 전수
한 치 앞을 알 수 없는 부동산 시장에서 ‘생존’을 넘어 ‘수익’을 낼 수 있는 비법도 공개된다. ‘얼죽신(얼어 죽어도 신축)’ 현상이 이어지며 신축 분양에 대한 관심이 갈수록 높아진다. 박지민 월용청약연구소 대표는 ‘초양극화 청약 시대에서 살아남기’를 주제로 발표에 나선다. 김은진 레오대출연구소 대표는 대출 규제로 인한 실수요자의 걱정을 덜어주기 위해 ‘실수요자의 상급지 갈아타기 대출 전략’을 발표한다. 재개발·재건축을 눈여겨보고 있는 수요자는 김제경 투미부동산컨설팅 소장의 ‘재개발·재건축 투자 기회의 판이 바뀐다’ 강연을 들으면 된다.
다양한 ‘토크쇼’도 준비돼 있다. 첫째 날 ‘재테크 노하우: 부동산이냐 주식이냐’에서는 김인만 김인만부동산연구소 대표와 김종효 알파경제 이사가 최근 관심이 집중되고 있는 주식과 부동산 시장 전망에 대해 대담할 예정이다. 둘째 날에는 ‘2030·4050 세대별 내 집 마련 맞춤 전략’을 주제로 박원갑 KB국민은행 부동산수석전문위원과 오정훈 하나은행 영통금융센터VIPPB팀장이 강연자로 나선다."
2025-06-30,"조선일보 계열 부동산 미디어 플랫폼 땅집고는 ‘2025 대한민국 부동산 트렌드쇼’에서 인공지능(AI) 기반 신개념 주거 매칭 서비스 등을 소개하는 특별관을 운영한다.
◇구글·테슬라도 선택한 ‘블루그라운드’
최소 30일 이상 체류하는 기업 출장자·여행객 등 대상으로 가구·가전을 완비한 단기 임대 서비스를 제공하는 ‘블루그라운드’(Blueground)는 전 세계에서 1만5000실 이상을 운영하고 있다. 구글·테슬라·넷플릭스 등 4000개가 넘는 글로벌 기업이 주요 고객이다. 올 4월 서울에 처음 진출했고 강남구 아스티논현과 더오키드청담, 용산구 몬트레아한남 등 하이엔드 오피스텔 3곳에서 서비스를 제공하고 있다.
행사 기간 블루그라운드에 운영을 맡기고 싶은 기업·기관, 임대사업자, 기관 투자자 등을 대상으로 상담을 진행한다. 블루그라운드 운영에는 최소 1베드룸과 거실을 갖춘 전용 50㎡ 이상 오피스텔 등이 적합하다. 외국인 중장기 체류 수요가 많은 국내 기업·관공서·병원 등을 대상으로 한 맞춤형 주거 상담도 진행한다. 연내 150실 목표로 종로·여의도·마포 등지로 서비스 지역을 넓힐 계획이다.
◇국내 최초 부동산 퀀트 플랫폼 ‘땅집고옥션’
땅집고옥션은 국내 최초 AI 기반 부동산 경·공매 퀀트 분석 플랫폼이다. 행사 기간에 부스 방문객을 대상으로 플랫폼의 핵심 기능인 ‘퀀트 분석 서비스’를 시연하고 수익을 낼 만한 물건을 무료로 추천한다. 개인 투자자뿐 아니라 금융기관이나 자산운용사에 경·공매 투자 설루션을 제공한다.
행사 현장에서 땅집고옥션에 회원 가입하면 다양한 혜택을 받을 수 있다. 100명 대상으로 연간 150만원 상당의 땅집고옥션 프리미엄 멤버십 1주일 무료 체험권을 준다. 추첨을 통해 20명에게 3개월 스탠다드 이용권(19만원 상당)도 준다. 실시간 매물 분석을 원하는 경우, AI가 자동으로 출력한 수익률과 적정 낙찰가 분석 리포트도 제공한다. 경매 투자 전략에 대한 일대일 무료 상담도 진행한다.
◇나에게 딱 맞는 아파트 찾아주는 ‘AI부동산’
AI를 활용한 아파트 매칭 서비스를 제공하는 ‘AI부동산’ 부스에서는 참여 고객에게 ‘맞춤형 아파트 비교 리포트’를 출력해 무료 제공한다. 땅집고와 이도인터랙티브가 공동 운영하는 AI부동산은 국내 최초로 사용자도 모르는 자신의 아파트 취향을 분석하고, 사용자를 대신해 생성형 AI가 원하는 집을 실시간으로 찾아준다.
목표 지향형·행복 추구형 등 총 8개 유형의 주거 라이프스타일을 분석해 전국 아파트 5만여 단지, 20만개 주택형 가운데 최적의 주택을 골라준다. 맞춤형 아파트 비교 리포트에는 집값, 개발 계획, 상권, 버스 노선, 진학률 같은 상세 정보가 담긴다."
2025-06-30,"다음 달 4일부터 이틀간 강남구 삼성동 코엑스 D홀에서 열리는 2025 대한민국 부동산 트렌드쇼에서는 관람객을 위한 풍성한 경품 잔치가 열릴 예정이다.
행사 첫날 개막식에 참석하는 관람객 중 선착순 200명에게 롤티슈 6롤을 나눠준다. 행사장 주요 부스 4곳을 방문해 도장을 받는 ‘스탬프 랠리’에 참여하면 선착순 1000명에게 미용 티슈 및 키친타월 세트를 준다. ‘관람객 만족도 조사 이벤트’도 있다. 행사장을 방문해 만족도 조사에 참여하면 행사 종료 후 100명을 추첨해 메가커피에서 사용할 수 있는 아이스아메리카노 쿠폰을 제공한다.
각 기업과 기관이 운영하는 전시 부스를 방문해도 경품을 받을 수 있다. 한국프롭테크 포럼은 부스에 방문하는 선착순 200명에게 휴대폰 보조배터리를 나눠준다. 한국부동산원은 여름에 활용하기 좋은 쿨스카프 300개를 준비했다. 주택도시보증공사(HUG)는 목욕할 때 사용하는 배스밤·타월 세트 200개를, 인천도시공사(iH)는 화장품 500개를 관람객들에게 나눠준다. 한국토지주택공사(LH) 부스에 방문하면 장바구니로 사용할 수 있는 타포린백을 받을 수 있다.
대우건설은 행사장에서 상담한 뒤 서울 청담역 1번 출구 앞 홍보관에 방문하면 와인을 받을 수 있도록 사은품을 준비했다. 굿픽은 현장에서 QR코드로 플랫폼에 가입하거나 플랫폼 체험 행사에 참여한 사람들에게 상품권이나 보조배터리 등을 준다. 땅집고옥션 부스에서는 100명을 대상으로 연간 150만원 상당의 땅집고옥션 프리미엄 이용권 1주일 무료 체험권을 제공하고, 추첨을 통해 20명에게 3개월 스탠다드 이용권을 증정한다. 코리아리얼티는 현장 상담 고객에게 각티슈 등을 나눠준다."
2025-06-30,"2025 대한민국 부동산 트렌드쇼에서는 첨단 기술로 새로운 서비스 영역을 개척해 나가는 프롭테크(IT+부동산) 기업들을 만나볼 수 있다. 부동산을 둘러싼 다양한 산업의 미래 모습을 엿볼 기회다.
1인 가구를 위한 종합 설루션을 개발하는 데브디는 월세 카드 결제 설루션 ‘집업페이’를 소개한다. 집업페이는 기존 카드사 결제 방식과 다르게 임대인의 동의 절차 없이도 월세를 카드로 낼 수 있게 해준다. 자체 모바일 앱을 활용하면 정해져 있는 납부일이 아니어도 원하는 날짜에 월세를 결제할 수 있다. 월급날에 맞춰 납부일을 조정할 수 있는 것이다. 수수료도 일반적인 주거비 카드 결제 수수료보다 낮다.
케이알지그룹은 임대차 계약 시 가장 큰 장벽으로 거론되는 월세 보증금을 최소화하거나 아예 내지 않을 수 있는 서비스 ‘개런티즈’를 내세운다. 임차인은 임대인 대신 개런티즈에 월세를 납부하고, 개런티즈는 임차인을 대신해 월세를 지급한다. 임차인 월세가 밀려도 개런티즈는 임대인에게 월세를 납부한 뒤, 추후 임차인에게 구상권을 청구한다. 개런티즈가 월세를 보증하기 때문에 임차인이 낼 월세 보증금을 최소화할 수 있는 것이다. 이를 통해 개런티즈는 월세 거래액 350억 이상, 임대인 재사용률 90%를 기록했다.
디지털 부동산 투자 플랫폼 위펀딩도 트렌드쇼에 나선다. 위펀딩은 크라우드 펀딩을 통해 일반인들이 소액으로도 부동산 투자에 나설 수 있는 플랫폼을 운영하고 있다. 일반적으로 부동산 투자는 세금과 회계 등 복잡한 절차를 거쳐야 하지만, 위펀딩을 활용하면 이러한 것을 신경 쓰지 않고 간편하게 투자에 나설 수 있다는 장점이 있다.
부동산 매물 탐색부터 중개까지 도와주는 부톡은 AI 기술을 중심으로 한 자사 서비스 소개에 나선다. 부톡 서비스는 사용자들의 선호도를 학습해 조건에 따라 AI로 최적의 아파트 매물을 추천해주고, AI가 부동산 거래 과정이나 대출 등 정보를 알기 쉽게 설명해 주기도 한다. AI 기술을 자체 개발한 중개 통합 관리 시스템에 적용해, 부톡에서 이어지는 고객과 중개사의 대화를 모니터링해 이상 징후가 감지되면 대화를 중단하는 등 중개 사고를 미연에 방지하기도 한다.
엘엔디씨는 AI로 부동산 개발에 따른 사업성을 자동으로 검토해주는 설루션 랜드업을 선보인다. 기존에는 부동산 사업성을 검토하려면 일일이 수십 가지 데이터를 비교·분석해야 했지만, 이제는 AI가 사업성과 사업 환경, 적정 분양가 등을 알아서 분석해 주는 것이다. 랜드업은 부동산 개발사, 중개사 등 관련 종사자들에게 사용되며 빠르게 이용자를 모으고 있다.
도시 정비 사업에 전자 시스템을 도입하는 프롭테크 기업들도 행사에 나선다. 도시정비법 개정을 통해 전자 투표, 온라인 총회, 전자 동의서 활용이 가능해졌기 때문이다. 레디포스트는 온라인 부동산 설루션 총회원스톱을 소개한다. 전자 서명 동의서, 전자 투표, 온라인 총회, 전자 출석 등 총회의 전 과정을 도와주는 서비스다. 여기에 더해 재개발·재건축 추진위원회와 조합을 위한 온라인 서비스 원스톱빌리지도 함께 선보일 계획이다. 이제이엠컴퍼니도 온라인 총회 등을 가능하게 하는 자사 서비스를 공개한다. 조합 설립부터 해산까지 전 과정을 디지털로 연결해 복잡한 행정 업무를 빠르게 처리할 수 있다는 장점이 있다.
직방은 이번 행사에서 분양 마케팅에 특화된 광고 설루션을 소개한다. 부동산 정보 앱 직방과 호갱노노의 분양 광고 상품은 실수요자부터 투자자까지 폭넓은 사용층을 기반으로 효율성이 높다. 신규 분양 단지 특성에 맞춰 앱 메인 화면, 지도, 매물 목록 등에 노출되는 식이다. 여기에 더해 부동산 개발 및 분양 실무자를 위한 1대1 맞춤형 컨설팅도 마련한다. 현장 특성, 예산, 주요 타깃 등 정보를 종합적으로 고려해 고객 유입 전략을 제시할 예정이다. 이 밖에도 전시 부스에서는 올해 처음 선보인 AI 얼굴 인식 기술 기반의 스마트 도어록과 공동 현관용 AI 로비폰도 전시된다.
건축 분야에 특화된 프롭테크 기업 하우빌드는 IT 기반의 다양한 서비스를 선보인다. 건설사들을 대상으로 공사 견적을 쉽게 받아볼 수 있는 ‘공개 경쟁 입찰’, 온라인으로 현장을 관리하는 ‘공사 관리’, 건축 계획부터 준공까지 도와주는 ‘원스톱 건축’ 등이 있다."
2025-06-30,"올해 부동산 트렌드쇼에선 수요자들의 관심이 크지만 일반적으론 접하기 어려운 ‘특수 분야’의 부동산 정보를 다양하게 접할 수 있다. 요즘 떠오르는 학군지와 부동산 시장 트렌드를 연계한 강연이 대표적이다. 학부모이면서 학군 분석 전문가인 양지영 신한투자증권 자산관리컨설팅부 수석은 개막 이튿날인 5일 ‘고교 학점제가 바꾸는 학군지도, 학세권 부동산 매매 트렌드’란 제목으로 연단에 오른다.
양 수석은 요즘 선호 학군지로 떠오른 지역과 그 이유, 학군과 집값의 상관관계 등에 대해 강연할 예정이다. 올해 고교 학점제가 전면 도입되면서 학부모 수요자들이 ‘대학을 잘 보낼 수 있는 과목 개설’이 가능한 학교 주변의 아파트를 찾는 경우가 늘었고, 해당 과목을 취급하는 학원가 밀집 지역 인기도 올라가고 있다고 한다. 고교 학점제는 공통 과목 외에 학생이 적성이나 진로에 맞춰 배우고 싶은 과목을 선택해 이수하도록 하는 제도다. 양 수석은 참관객들에게 대입 전형과 대학별 선발 흐름, 대입 제도 개편 등 정보를 먼저 제공한 다음 ‘고교 학점제가 바꾸는 고교 선택’ ‘저출산 시대에 학군이 여전히 중요한 이유’ ‘지역별 학군 분석과 주거 시장 변화’ 등을 설명할 예정이다. 명문 중학교와 학원가를 찾는 방법도 제시한다.
15년 차 전업 부동산 투자자인 황성우 해안선부동산연구소 대표는 같은 날 ‘분양권, 지금 들어갈 곳과 빨리 빠져야 할 곳’이란 주제로 아파트 매매의 ‘틈새시장’인 분양권 거래 정보를 소개한다. 분양권은 아직 입주하지 않은 아파트를 분양받을 수 있는 권리를 뜻한다. 실물 자산은 아니지만 실제 아파트처럼 사고팔 수 있다.
황 대표는 부동산 상품, 지역, 실거주 여부 등 조건에 따른 분양권 투자 방법을 제시하고, 입지, 분양 가격, 가구 수 등 분양권의 가치를 판단하는 지표도 제공할 예정이다. 분양권에 투자할 5가지 유형과 투자하면 안 되는 5가지 유형도 정리해 수요자들에게 공개한다. 이 밖에 ‘신규 분양 실전 투자’ 코너를 통해 관람객들에게 분양 물건 검색 방법, 검증 방법을 상세히 알려줄 예정이다."
2025-06-30,"조선일보가 다음 달 4~5일 ‘2025 대한민국 부동산 트렌드쇼’를 서울 강남구 삼성동 코엑스 D홀에서 개최한다. 2014년 첫 행사 이후 올해로 12회를 맞은 부동산 트렌드쇼는 부동산 시장을 진단하고 향후 변화를 전망하는 국내 최대 규모이자, 최고 권위의 부동산 종합 박람회다.
부동산 시장은 그 어느 때보다 불확실성이 크다. 새 정부의 부동산 정책 방향에 대한 관심이 커지던 가운데 먼저 강력한 대출 규제가 이뤄졌고, 추가 규제 가능성도 배제하기 어렵다. 아파트 가격 급등 불길이 서울 강남 3구에 이어 마포·용산·성동구 등 한강 벨트를 넘고 외곽 지역까지 번진 상황에서 투자를 고민하던 실수요자들의 불안감은 커져만 간다.
올해 부동산 트렌드쇼에서는 한국을 대표하는 건설·부동산 기업과 함께 투자·컨설팅 업체 등 52사 136부스가 꾸려진다. 국토교통부와 한국토지주택공사(LH)는 3기 신도시 현황과 최근 각광받고 있는 탈현장 건설(OSC) 공법을 소개할 예정이다. 수요자 관심이 큰 3기 신도시의 공급 일정, LH가 추진하는 노후 계획도시 정비사업 등을 확인할 수 있다.
부동산에 첨단 IT 기술을 적용한 프롭테크 기업들은 각종 서비스를 소개하는 자리를 마련한다. 삼성물산·현대건설·GS건설·DL이앤씨·대우건설·포스코이앤씨·HDC현대산업개발·롯데건설·BS한양 등 국내 대표 건설사들은 하반기 분양 상품과 첨단 기술을 미리 엿볼 수 있는 부스도 차린다.
부동산 트렌드쇼에서만 볼 수 있는 강연과 세미나도 열린다. 대한민국을 대표하는 전문가들이 총출동한다. 함영진 우리은행 WM영업전략부 부동산리서치랩장은 ‘주택시장의 변곡점을 준비하는 현명한 자산 관리’를 주제로 새 정부가 내놓을 주택 정책을 예측하고 대응 전략을 짚어줄 예정이다. 박지민 월용청약연구소 대표는 신축 아파트 인기로 갈수록 경쟁이 치열해지는 청약 시장에서 살아남는 방법을, 김은진 레오대출연구소 대표는 상급지로 갈아타기 위한 대출 전략을 알려주는 등 부동산 고수들의 족집게 강의도 계획돼 있다.
홈페이지(rtrendshow)에서 사전 등록하면 무료로 전시장을 관람하고 1인당 전문가 강연을 최대 2개까지 들을 수 있다. 현장 세미나장 입장은 홈페이지 사전 신청자에 한해 선착순으로 진행된다. 매일 행사장에서 전시 부스 4곳을 방문한 1000명에게는 선착순으로 선물을 나눠주는 ‘스탬프 랠리’ 이벤트도 이어진다."
2025-06-30,"서울주택도시공사(SH)가 2025 대한민국 부동산 트렌드쇼에서 미리내집 홍보에 나선다. 미리내집은 출산을 계획 중인 신혼부부가 안정적으로 주거할 수 있도록 지원하고 입주 이후에 출산한 가구에는 거주 기간을 늘려주거나 내 집 마련의 기회를 제공하는 서울시의 공공 임대주택이다. 서울시의 저출산 극복 정책 중 하나다. SH는 트렌드쇼에서 전시 부스를 운영하고, 이준용 주택매입사업처장이 행사 첫날인 4일 직접 ‘신혼부부·청년층이 주목할 수도권 공공 주택’이란 주제로 미리내집 정책과 현황을 소개할 예정이다.
미리내집은 쉽게 말해 SH가 집주인인 전세 주택이다. 주변 시세의 80% 이하 보증금으로 최대 10년까지 거주할 수 있다. 가격이 저렴한 데다 장기간 거주하면서 돈 떼일 걱정도 없어 신혼부부와 청년층에서 수요가 높다. 임대로 살기 때문에 거주하면서 청약 저축을 활용해 일반 아파트 분양에 자유롭게 참여할 수 있는 것도 미리내집의 장점으로 꼽힌다.
입주 대상은 모집 공고일 기준 혼인 기간 7년 내의 신혼부부, 앞으로 6개월 이내 결혼 예정인 예비 신혼부부다. 모집 공고일 기준 5년 내에 주택을 소유한 적이 없어야 한다. 일반 신혼부부는 면적별 소득 기준, 총자산 기준을 충족해야 한다. 다만 아이를 낳을 경우 인센티브를 대폭 준다. 거주 기간은 최대 20년으로 늘고, 소득 기준과 자산 기준 모두 폐지된다. 서울시는 지난해 약 1000가구를 공급한 데 이어 올해 비아파트형을 포함해 3500가구, 내년엔 4000가구로 물량을 늘린다는 계획이다."
2025-06-30,"올해도 국내 대표 건설사들이 부동산 트렌드쇼를 찾아 전시 부스를 운영한다. 전국 각지에서 공급하는 고품질 주거 상품, 상업 시설, 개발 정보는 물론 날로 발전하는 스마트 주거 기술까지 한자리에서 파악할 수 있는 기회다.
DL이앤씨는 하이엔드 주거 브랜드 아크로(ACRO)의 브랜드 철학을 체험할 수 있는 전시 공간을 마련한다. 페이퍼 아티스트 이지희 작가와 함께 색지, 한지 등 종이로 조성한 ‘아크로 가든 컬렉션’을 통해 아크로만의 건축·조경을 생동감 있게 표현할 계획이다. 관람객은 아크로에 적용되는 시그니처 향(Scent of ACRO)을 체험해볼 수도 있다. DL이앤씨는 부스에서 오는 8월 분양 예정인 ‘아크로 드 서초’ 고객 접수도 진행한다. 서울 강남구 서초동 신동아 1차 아파트 재건축 사업으로 공급되는 아파트다.
삼성물산 건설부문 부스에선 스마트홈 플랫폼 브랜드 ‘홈닉’을 만나볼 수 있다. 아파트 입주자가 단지 내 시설 예약, 관리 정보 조회, 에너지 사용량 관리 등을 할 수 있는 플랫폼이다. 2023년 래미안 원베일리에 처음 적용했고 이후 적용 단지를 늘려가고 있다. 하반기 서울 서초구 반포동에서 분양하는 래미안 트리니원에도 홈닉 시스템이 도입된다. 래미안 트리니원은 2091가구 대단지로 506가구가 일반에 분양된다.
현대건설은 올해 트렌드쇼 부스에 하이엔드 주거 브랜드 ‘디에이치(THE H)’의 철학과 미학을 담아낼 예정이다. 브랜드 론칭 10주년을 맞아 ‘삶을 담는 공간’을 주제로 과거·현재·미래를 잇는 콘텐츠로 전시를 구성한다. 대표 콘텐츠는 디에이치 10주년 기념 영상 ‘기억이 춤추는 공간’이다. 압구정 현대아파트 50주년을 기념한 ‘해리티지 북’도 함께 공개한다. 이 외에 층간 소음 저감 기술 ‘H 사일런트 홈 시스템’의 기술 시연도 진행된다.
대우건설은 강원도 양양에 시공하는 5성급 브랜드 호텔 ‘인스케이프 양양 by 파르나스’를 소개한다. ‘인스케이프 양양 by 파르나스’는 양양의 첫 특급 호텔로, 지상 39층 174.6m 높이로 조성된다. 이 호텔 계약자는 영구적인 오너십 혜택을 누릴 수 있다. 대우건설은 “주말은 물론 성수기 시즌에도 스트레스 없이 숙박 예약이 가능하다는 의미”라고 했다.
GS건설은 올해 부스에서 ‘자이(Xi)’ 브랜드의 새로운 방향성과 하반기 분양 예정인 대표 단지 4곳 정보를 전시한다. GS건설은 최근 자이 리브랜딩에 역량을 집중하고 있다. GS건설은 프리패브 공법 기반의 모듈러 자회사 ‘자이가이스트’, 구축 아파트 주거 환경 개선 서비스 ‘하임랩’도 선보인다. 최근 농촌 체류형 쉼터 제도에 맞춰 개발한 소형 주택 모델 ‘RM 1.0’이 눈길을 끌 것으로 보인다.
포스코이앤씨 부스에서는 경기 고양시 덕양구 일원에서 분양 중인 ‘고양 더샵포레나’ 정보를 확인할 수 있다. 지하 3층~지상 최고 35층 17동(棟) 2601가구 규모로 조성되는 아파트로 636가구가 일반에 분양된다. ‘서울 옆세권’ 입지에 들어서는 매머드급 단지로, 포스코이앤씨의 스마트 홈 기술 ‘AiQ TECH’가 적용될 예정이다.
롯데건설은 전시에서 하이엔드 주거 상품 ‘르엘 리버파크 센텀’을 소개한다. 다음 달 분양을 앞둔 르엘 리버파크 센텀은 부산 해운대 센텀시티 권역의 핵심 입지에 들어선다. 지하 6층~지상 67층 6동, 2070가구 규모 아파트로 중대형 평형인 전용 면적 84~244㎡로 구성된다. 단지에선 수영강과 해운대, 광안대교, 센텀시티의 스카이라인을 조망할 수 있다.
HDC현대산업개발은 서울원 프로젝트를 주제로 부스를 운영할 계획이다. 서울 노원구 일대에서 진행되는 대규모 복합 개발 사업이다. 약 3000가구 규모의 주거 시설, 웰니스 레지던스, 쇼핑몰, 프라임 오피스, 호텔 등이 프로젝트에 포함된다. HDC현대산업개발은 서울원에서 도시 공간에 대한 새로운 패러다임을 제시하고 직접 운영하는 디벨로퍼로서의 역량을 입증한다는 계획이다.
BS한양은 올해 20주년을 맞은 주택 브랜드 ‘수자인’(SUJAIN)을 소개한다. BS한양은 지난 2023년 서울 동대문구에서 1152가구 규모의 ‘청량리역 한양수자인 그라시엘’을 성공적으로 준공했고, 천안에서는 3200가구 대단지인 ‘천안 한양수자인 에코시티’도 지었다. 작년 김포 북변4구역 재개발로 공급한 3058가구 대단지 ‘한강 수자인 오브센트’는 2주 만에 완판에 성공하며 경쟁력을 입증했다."
2025-06-30,"올해 대한민국 부동산 트렌드쇼에서는 부동산 개발 기업 디블록그룹(옛 한호건설그룹)이 지난해 문을 연 ‘호텔 더 보타닉 세운 명동’<사진>을 만나볼 수 있다. 756개 객실의 장기 숙박 가능한 분양형 호텔(생활형 숙박 시설)이다.
호텔 더 보타닉 세운 명동은 MZ세대 사이에서 인기가 높은 서울 을지로에 있다. 지하철 을지로3가역(2·3호선)과 을지로4가역(2·5호선) 사이여서 오가기 좋다. 을지로와 명동은 물론, 남산, 종묘공원, 장충단공원, 신세계백화점, 광장시장, 덕수궁 등 관광 명소와 가까워 먹거리와 문화, 쇼핑 등을 편리하게 즐길 수 있는 인프라가 장점이다.
호텔 더 보타닉 세운 명동은 외국인 관광객이 이용하기 좋은 환경을 갖춘 만큼 앞으로 인기가 더욱 높아질 것으로 기대된다. 서울시 연간 외국인 관광객은 지난해 1212만명으로 코로나 팬데믹 이전 대비 95% 수준을 회복했다. 방한 외국인이 늘어나면서 숙박 수요는 급증하고 있지만, 팬데믹 당시 적지 않은 서울 호텔들이 폐업해 객실 공급이 여전히 부족한 상황이다. 실제 연평균 호텔 객실 점유율은 팬데믹 이전보다 1.7% 상승한 78.5%를 기록하며 완연한 회복세를 나타내고 있다.
이러한 흐름에 힘입어 호텔 더 보타닉 세운 명동도 지난 4월 기준 객실 점유율 78.8%를 달성했다. 3월까지 임시 가동 기간이었다는 점을 감안하면, 정상 영업 한 달 만에 80%에 육박하는 객실 점유율을 기록한 것이다. 디블록그룹 측은 향후 객실 판촉 활동이 본격적으로 진행되면 오는 9~10월에는 객실 점유율이 90%를 돌파할 것으로 보고 있다. 업계 관계자는 “신축 호텔 공급이 당분간 크게 늘어나지 못하는 만큼 외국인 관광객이 몰리는 관광 명소에 있는 기존 호텔의 가치는 계속 올라갈 것”이라고 말했다."
2025-06-30,"“이제 100세 시대잖아요. 뉴시니어들이 앞으로 살아갈 동안 안정적으로 수익을 낼 수 있는 투자 전략이 필요한 시점입니다.”
올해 부동산 트렌드쇼에는 은퇴 세대에게 유익한 정보를 담은 강연이 준비돼 있다. ‘뉴시니어 시대, 은퇴 후 자산 관리도 바뀌어야 한다’는 제목의 강연으로, 김대열<사진> 하나증권 강남파이낸스WM센터 부장이 연단에 오른다. 김 부장은 1995년 투자 신탁 업계에 발을 들인 뒤 애널리스트, PB 등으로 활동했다. 은퇴 설계 전문가, 재무 설계사 자격을 보유하고 있다.
김 부장은 크게 ‘뉴시니어 자산 관리의 방향 설정’, ‘현금 흐름 중심의 금융 자산 관리’, ‘다양한 금융 상품을 활용한 노후 자금 관리’ 세 가지 주제로 나눠서 강연한다. 김 부장은 뉴시니어를 ‘기존 시니어와 다르게 더 적극적이고 활동적인 5060 세대’라고 정의한다. 과거 동일 연령대와 비교해 외모나 건강 측면에서 스스로 더 젊다고 인식하기 때문에 뉴시니어들이 노인이라고 생각하는 연령도 75세 정도로 높아졌다고 한다. 김 부장은 “뉴시니어들은 이전보다 더 오래 일하기를 원하고, 은퇴한 뒤에도 계속해서 배우고 성장하는 삶을 희망하는데, 노후 자금은 부족한 경우가 많다”고 했다. 그래서 그가 제시하는 행복한 노후를 위한 필요 요소도 ‘1H4F’다. 건강(health)과 가족(family)·친구(friend)·즐거움(fun)·돈(finance)을 말한다. 이 중에서도 그는 특히 돈(finance)의 역할이 중요하다고 강조한다.
김 부장은 물가 상승률을 고려할 때 예금만으로는 수익 창출에 한계가 있다고 본다. 그는 “노후 생활에 침묵의 암살자는 고혈압과 인플레이션”이라고 했다. 강연에서 뉴시니어 개인의 성향에 맞는 투자 자산을 다양하게 소개할 예정이다. 예를 들어 공격 투자형인 경우 ‘초고위험도’ 해외 주식이나 외화 표시 채권, 안정 추구형 뉴시니어라면, ‘저위험도’의 AA등급 이상 채권, A1 이상 전단채 등이 어울린다고 본다. 또 은퇴 생활 단계별 금융 자산 관리 플랜의 중요성도 강조한다. 몸이 약해져 간병이 필요해지는 때에는 주택 연금과 보험금을 활용하는 식이다.
김 부장은 뉴시니어에게 가장 중요한 건 ‘현금 흐름’을 만드는 것이라고 보고, 연금 저축 등 연금형 상품을 활용하거나 주택을 다운사이징해 자금을 마련하는 방법을 제시한다. 이 밖에 뉴시니어 세대가 재무 설계 시 고려해야 할 리스크도 다양하게 알려준다. 김 부장은 부동산 트렌드쇼 이틀째인 5일 강연할 예정이다."
2025-06-30,"2025 대한민국 부동산 트렌드쇼에서는 부동산 경·공매 분석부터 분양 유통 플랫폼, 일본 부동산 투자 서비스 등 다양한 상품을 만나볼 수 있다.
프롭테크 기업 굿픽은 상담사 기반의 분양 유통 플랫폼 ‘굿픽n’을 선보인다. 굿픽n은 상담사와 공급사를 연결하는 B2B 중심의 분양 유통 시스템이다. 굿픽에 등록된 상담사가 플랫폼 안에서 상품을 추천하고, 고객과 매칭해 전자계약까지 진행할 수 있다. 미분양 물량이나 직원 파견이 어려운 지방 현장 등의 분양 상품을 플랫폼 안에서 판매할 수 있어 효율을 높일 수 있다는 강점이 있다.
일본 부동산 투자를 도와주는 스타츠코리아도 이번 행사에 참여한다. 스타츠코리아는 도쿄 프라임 시장에 상장돼 있는 일본 스타츠 그룹의 한국 지사다. 일본 부동산 매물 정보부터 계약, 세금 자문, 현지 통역 등 거래에 필요한 모든 것을 제공한다. 수십 년간 디플레이션과 저금리 기조로 침체됐던 일본 부동산 시장이 최근 활기를 찾으면서 해외 투자자들의 비율도 꾸준하게 늘어나고 있는 만큼 해외 부동산으로 임대 수익을 올리거나 매각 차익을 기대하는 수요자들의 관심이 쏠릴 것으로 보인다.
타운하우스 안달루시아는 새롭게 출시한 반환형 회원권을 선보인다. 평생 회원권과 달리 연회비를 내면 제주 20곳의 골프장을 포함해 해외에서도 회원 전용 서비스를 받을 수 있다. 최대 50박의 숙박과 함께 전문 예약 관리 서비스 등 혜택도 누릴 수 있다. 천안역 역세권 입지에 들어서는 트루엘 시그니처 천안역도 행사장에 등장한다. 충남 천안시 동남구에 위치한 266가구 규모 단지로 KTX·SRT 천안아산역을 비롯해 천안IC, 1번 국도 등 다양한 교통망을 이용할 수 있다.
반려동물을 위한 시설을 운영하는 위드랜드도 행사에 나선다. 위드랜드는 반려동물 동반이 가능한 호텔과 카페, 펫파크 등을 운영하고 있다. 현재 강릉과 평창, 석모도 등 전국 8개 지점을 운영하고 있다. 프리미엄 막걸리 ‘힙걸리’로 유명한 봄내양조장도 행사장에서 관람객들에게 즐거운 경험을 선사할 예정이다."
2025-06-29,"정부가 6억원 이상 주택담보대출을 금지하는 초고강도 대출 규제를 내놓은 가운데, 서울 아파트 10채 중 7채 이상이 이번 대책의 영향을 받게 된다는 분석이 나왔다. 종전보다 대출액이 평균 4억원 이상 줄면서 8억원 이상의 현금을 쥐고 있어야 서울 아파트 입주가 가능하다는 계산이 나온다.
29일 부동산R114의 수도권 아파트 평균 시세를 토대로 분석한 결과, 서울 전체 25개 구 가운데 18개 구의 대출이 종전보다 줄어들 것으로 예상된다.
지난 27일 기준 서울 아파트 평균 시세가 14억6492만원인 점을 고려하면, 대출 규제 이전에는 비규제 지역은 주택담보대출비율(LTV) 70%를 적용해 차주의 소득에 따라 최대 10억2000만원까지 대출 가능했다. 하지만 주담대 한도가 6억원으로 낮아지면서 대출 가능액이 종전보다 평균 4억2000만원 줄고, 8억6000만원 이상의 자기 자금이 있어야 서울 아파트 입주가 가능해진 셈이다.
LTV 70%와 6억원 대출 한도를 적용해도 이전보다 대출액이 줄어들지 않으려면 아파트 평균 가격이 8억5000만원을 하회해야 한다. 이 기준을 토대로 보면, 25개 자치구 중 ▲구로구(8억180만원) ▲노원구(6억6796만원) ▲중랑구(6억9864만원) ▲도봉구(6억763만원) ▲금천구(6억5820만원) ▲관악구(8억2192만원) ▲강북구(6억7516만원) 등 7곳만 영향을 받지 않는다.
반대로 18개 구의 대출액은 종전보다 줄어들 것으로 예상된다. 가구 수로는 총 127만6247가구(임대아파트 제외)가 타격을 받는다. 서울 시내 전체 재고 아파트 약 171만7384가구의 74%에 해당하는 규모다.
지난주 역대급 주간 상승률을 기록한 마포구와 성동구는 현재 평균 시세가 각각 14억9000만원, 16억4000만원 선이다. LTV 70%가 유지될 경우 앞으로는 평균 9억~10억원의 현금이 있어야 아파트에 입주할 수 있다. 평균 시세 14억~15억원대인 광진구와 양천구, 영등포구 등도 대출 최고액 6억원을 뺀 8억~9억원은 손에 쥐고 있어야 매수 가능하다.
이번 대출 규제로 일부 서울 인기 지역의 주택 수요가 서울 외곽과 경기, 인천 등으로 밀려나는 ‘엑소더스’ 현상이 나타날 수 있다는 관측이 나온다. 특히 정부가 생애 최초, 신혼부부, 신생아 특례 대출 등 정책 자금 대출의 한도도 종전 2억5000만~5억원에서 2억~4억원으로 축소하면서 자금이 부족한 2030 세대의 외곽 이탈이 현실화할 것이라는 전망이다.
경기도와 인천의 평균 아파트 매매가는 27일 기준 각각 5억8525만원, 4억5667만원으로 시세 자체가 6억원 이하다. 다만 경기도에서도 평균 시세가 20억원이 넘는 과천시(평균 20억1499만원)와 분당‧판교신도시가 있는 성남(11억9332만원)시, 하남시(9억5708만원) 등 3개 시는 종전보다 대출 축소가 불가피하다.
부동산R114 윤지해 리서치랩장은 “대대적인 대출 규제로 인해 단기 수요 위축이 예상된다”며 “고가 주택 지역에서 중저가 지역으로 대체 물건을 찾으려는 수요가 이동하며 풍선 효과가 나타날 가능성도 있다”고 했다. 이어 “서울의 토지거래허가구역 이외 지역에서는 전세를 낀 매매 형태로 우회하는 경우도 늘어날 수 있다”고 예상했다."
2025-06-28,"정부 부동산 대책이 발표된 27일 서울 강남구 대치동 A공인중개사무소에는 전화벨 소리가 끊이지 않았다. 이날 정부가 서울을 비롯한 수도권과 규제 지역의 주택 담보 대출 한도를 6억원으로 제한하고 6개월 이내에 전입하도록 강제하는 강력한 규제를 내놓은 여파였다. 정부가 28일부터 이 규제를 바로 적용하기로 하면서 당장 대출이 묶이게 된 수요자들은 “오늘 계약서를 쓸 수 있느냐” “가계약을 하고 6억원 넘게 대출받기로 한 건 인정되는 거냐”는 등의 문의를 쏟아냈다.
토지거래허가구역이자 고가 아파트가 몰려 있는 강남 3구와 용산구 일대 수요자들의 혼란이 특히 컸다. 이 지역은 작은 평수도 집값이 20억~30억원에 달하기 때문에, 주택 대출 규모가 10억원이 넘는 사례가 많은 탓이다. A공인중개사무소 관계자는 “토지거래허가구역은 해당 시·구청 허가를 받아야 계약서를 쓸 수 있는데, 2~3주 걸리는 허가를 기다리며 가계약만 한 사람이 많다”면서 “당장 28일부터 규제를 적용하는 데 한때 ‘가계약은 인정하지 않는다’는 말이 돌아 불안해하는 사람이 적지 않았다”고 했다.
◇강남 등 고가 거래에 타격
강남뿐 아니라 서울의 다른 지역에서도 “지금 당장 갈 테니 계약서부터 쓰자”며 급하게 부동산을 찾는 사람이 많았다. 최근 주택 가격이 빠르게 오르면서 하루라도 더 빨리 좋은 물건을 잡으려 매매 계약 전 가계약부터 한 사람이 대부분이었다. 매물을 잡으려 가계약금을 1억~2억원씩 넣은 사람들의 경우 “대출이 줄어 계약이 파기되면 가계약금을 몽땅 잃는데 어떡하느냐”며 발을 굴렀다.
발표가 나오자마자 은행 창구로 달려간 이들도 있었다. 지난 26일 서울 강동구의 16억원짜리 아파트를 사기로 계약한 50대 황모씨가 그런 경우였다. 황씨는 “당초엔 7월 초 7억원을 은행에서 대출받기로 했는데 뉴스를 보고 오늘 급하게 대출 신청을 했다”고 말했다. 그는 “정부 발표로 졸지에 1억원이 부족하게 돼 서두를 수밖에 없었다”고 했다.
이번 대출 규제로 인해 더 좋은 입지로 이동하려던 실수요자와 대출이 필요 없는 ‘현금 부자’ 간 희비가 갈릴 것이라는 분석도 나온다. 한 부동산 컨설팅 업체 관계자는 “서울 외곽에서 강남 등으로 가려는 중산층 맞벌이 부부 같은 실수요층은 발목이 잡히겠지만, 이번 대책의 영향으로 거래량이 줄고 가격이 떨어지면 현금이 많은 매수자에겐 ‘저가 매수’ 기회가 될 수 있다”고 말했다.
◇사회 초년생 “왜 전세 대출도 줄이나요?”
이날 시장에서는 “정부가 서울의 가격 상승세를 주도하는 고가 아파트 거래 차단에 나선 것”이란 반응이 나왔다. 그러나 이번 대책으로 생애 최초 주택 대출, 서민과 청년층의 전세 대출 규모까지 축소되면서 사회 초년생이나 결혼을 앞둔 커플과 신혼부부들도 타격을 입게 됐다.
오는 10월 결혼을 앞두고 서울 용산구의 3억2000만원짜리 빌라 전세 계약을 맺으려던 김모(35)씨는 이날 부동산 규제로 대출액이 줄어들면서, 추가로 5000만원을 조달해야 하는 상황이 됐다. 버팀목 대출(청년층을 위한 전세 대출)을 받아 빌라 전세금 중 3억원을 조달할 예정이었는데, 이번에 한도가 2억5000만원으로 줄었기 때문이다. 김씨는 “은행에 급히 전화를 해봤지만 연결도 잘 되지 않고, 정책에 대해서도 잘 모른다고 하더라”며 “모은 돈을 탈탈 털어 결혼하는 신혼부부들에겐 1000만원, 2000만원이 큰 금액인데 이렇게 기습적으로 정책을 내놓는 게 말이 되느냐”고 말했다.
고종완 한국자산관리연구원장은 “이번 대책의 가장 큰 피해자는 서울의 신혼부부 등 30대 청년들”이라며 “직장이 서울에 있는 경우 부부가 장기 대출을 통해 내 집 마련을 계획하는 경우가 많은데 대출이 조여지며 점점 더 서울 외곽이나 경기권으로 밀려나게 될 우려가 있다”고 말했다."
2025-06-28,"이재명 정부의 6·27 부동산 대출 규제 대책은 지난 문재인 정부 때 28번 이어진 부동산 대책의 대출 규제를 모두 합한 것처럼 강력하다는 평가다. 문 정부식의 단계적 규제 강화 방식은 먹히지 않았다는 것이 이미 입증됐으니, 정권 초반 시장에 큰 충격을 줘 집값 상승 기대 심리를 완전히 잠재우려 한다는 것이다.
새 정부가 출범 23일 만에 강력한 금융 규제를 포함한 부동산 대책을 발표한 것은 과열 양상으로 치닫는 서울 아파트 시장 상황이 결정적인 영향을 미친 것으로 보인다. 문재인 정부 때인 2020~2021년의 집값 폭등기를 떠올리는 사람들이 늘면서, 이른바 ‘패닉바잉(공황 매수)’ 현상이 확산하는 것 아니냐는 실수요자들의 우려를 의식했다는 분석이 많다.
서울 아파트 가격은 지난 6월 넷째 주까지 21주 연속 오름세를 보였다. 상승 폭도 전주 대비 0.43%로 6년 9개월 만의 최대였다. 특히 성동구(0.99%)의 경우 6월 넷째 주 아파트 가격이 한국부동산원이 주간 아파트 가격 통계를 시작한 2012년 5월 이후 가장 높은 상승률을 기록했다. 마포구(0.98%), 광진구(0.59%) 역시 최고치를 경신했다. 투자 수요가 주로 몰리는 강남 3구와 용산구가 토지거래허가구역으로 묶인 여파로 비(非)강남권 ‘한강 벨트’ 지역까지 수요가 번진 것이다.
집값이 더 오를 것이라는 생각에 급하게 집을 사려는 사람들이 몰리면서 가계 대출도 급증했다. KB국민·신한·하나·우리·NH농협 등 5대 은행의 가계 대출은 이달 25일 기준 752조9696억원으로 지난달 말보다 4조8000억원 늘었다. 5대 은행의 가계 대출은 이달 들어 영업일 기준 하루 평균 3055억원씩 늘었다. 지난달 하루 평균 증가 폭 1700억원의 두 배 가까웠다.
부동산 업계 관계자는 “문재인 정부가 집값 상승을 막지 못했고 그게 지지율에 큰 영향을 끼쳤는데 내년 지방선거를 앞두고 실패를 반복하지 않겠다는 정부 의지가 반영된 것 같다”고 했다."
2025-06-28,"28일부터 수도권에서 주택을 구입하는 사람이 주택담보대출을 받을 땐 최대 대출액이 6억원으로 제한된다. 또 이날부터 대출을 받아 집을 사면 6개월 이내에 실입주를 해야 한다. 전세를 끼고 집을 사는 갭투자를 막기 위한 것이다. 수도권 다주택자의 주택담보대출은 원천 봉쇄된다.
정부는 27일 이 같은 내용을 담아 이재명 정부 첫 부동산 대책을 내놨다. 서울 강남 등에서 부동산 가격이 급등세를 보이자 새 정부 출범 후 23일 만에 역대 최고 강도의 주택 대출 규제 정책을 꺼낸 것이다.
전문가들은 정부가 20조2000억원의 돈 풀기가 포함된 추가경정예산의 국회 처리를 앞두고, 부동 자금의 부동산 시장 유입을 미리 차단하기 위해 초강력 대출 조이기에 나섰다고 평가하고 있다.
정부는 수도권 2주택자 이상의 주택 구입을 위한 주택담보대출이나 갭투자를 위한 조건부 전세대출은 아예 금지시켰다. 무주택자와 주택 갈아타기에 나선 일시적 2주택자 등 실수요자의 경우에도, 대출 한도가 6억원 이내로 제한됐다. 이처럼 소득이나 주택 가격에 상관없이 주택담보대출 액수를 제한하는 건 전례가 없는 일이다. 또한 대출 상환 기간을 늘려 대출 한도를 높이는 수단으로 악용돼 온 최장 40년의 장기 대출 기간도 30년 이내로 제한했다. 정부는 이번 대출 규제 조치로 하반기 신규 가계 대출이 약 20조원 줄어들 것으로 기대하고 있다.
박원갑 KB국민은행 부동산수석전문위원은 “서울 강남권과 ‘마용성’(마포·용산·성동구)을 타깃으로 한 대책”이라며 “대출을 많이 받아 주택을 사는 지역을 중심으로 숨 고르기 장세가 나타날 것”이라고 했다. 그러나 현금으로 주택을 구입하는 고액 자산가의 부동산 투자엔 큰 영향이 없고, 주택 실수요자와 청년층의 차입 투자만 제한하는 결과를 초래할 것이란 지적도 나왔다.
한편 대출 급증 가능성을 차단했기 때문에, 한국은행이 다음 달 10일 열리는 금융통화위원회에서 경기 부양을 위해 추가 금리 인하 카드를 사용할 여지가 생겼다는 분석도 나온다."
2025-06-27,"정부가 서울 아파트 매매 가격을 가라앉히기 위해 꺼내 든 대출 규제에 전문가들은 ‘단기 극약 처방’이라고 평가했다. 28일부터 주택담보대출의 한도가 6억 미만으로 줄어들고 실거주 요건이 강화되면서 당장 강남 3구나 마포구 등에 아파트를 매수하려던 실수요자들의 ‘대출 사다리’가 끊겼기 때문이다. 업계에서는 “정부가 강력한 대출 규제 카드를 꺼내 들며 수도권 부동산 과열 조짐을 차단하려는 분명한 시그널을 보낸 것”이라며 “당분간 서울에서는 아파트 거래가 줄고 수요가 위축될 것”이라고 했다.
이번 정부 대책의 핵심은 ‘6억 초과 주택담보대출 금지’다. 김효선 NH농협은행 부동산수석전문위원은 “내 집 마련 목적의 실수요자도 수도권의 경우 대출 규제로 12억원이 넘는 고가 주택 매입이 어렵게 됐다”고 했다. 연소득이 1억원이라고 가정하면, 규제지역에서는 LTV 50%가 적용되기 때문에 아파트 가격이 12억원일 경우 대출을 최대 6억원까지 받을 수 있다. 이제 규제로 인해 주담대 대출을 6억원 이상 받을 수 없다면, 결국 12억원 이상의 아파트를 구입할 수 없게 된다는 의미인 것이다.
이번 대책이 강남 3구와 마포구, 용산구 등 집값이 급등하는 지역을 겨냥하고 있는 만큼, 한동안 과열됐던 시장은 가라앉을 것으로 보인다. 박원갑 KB국민은행 부동산수석전문위원은 “고강도 대출 규제로 인해 과열 양상을 보이던 강남권 등 서울 아파트 시장은 조정 국면에 진입할 것”이라며 “대출을 많이 내는 고가 주택일수록 대출 규제에 민감한 만큼 똘똘한 한 채, 상급지 갈아타기 수요가 몰리며 가격이 급등한 강남권과 한강변 아파트일수록 큰 영향을 받을 것으로 전망된다”고 했다.
강력한 대출 규제로 인해 매매 수요가 중저가 금액대로 옮겨갈 수 있다는 분석도 나온다. 이은형 대한건설정책연구원 연구위원은 “대출한도가 전반적으로 축소되다보니, 중저가주택의 매매시장에도 일부 영향을 끼칠 수 있고 대출한도에 걸리는 금액대의 주택에 대한 매수수요가 집중될 수 있다”면서 “당장 일부 효과는 보이겠지만, 그것만으로는 장기적인 정책 효과를 기대하기 충분하지 않을 것”이라고 했다."
2025-06-27,"강남 3구에서 시작된 서울 지역 아파트 가격 상승세가 ‘한강 벨트’로 번지면서 마포구와 성동구 아파트 가격이 일주일 새 1% 가까이 오르며 역대 최고 상승률을 기록했다. 서울 전체로는 아파트 가격이 21주 연속 상승세를 기록했다.
26일 한국부동산원에 따르면, 6월 넷째 주 서울 아파트 매매 가격 지수는 전주 대비 0.43% 올랐다. 2018년 9월 둘째 주(0.45%) 이후 6년 9개월 만에 최고 상승률이다. 한국부동산원은 “재건축 추진 단지를 중심으로 매수 문의가 늘고 매도 희망 가격이 오르며 서울 전체의 상승세가 지속되고 있다”고 했다.
서울 25구 중 최고 상승률을 기록한 곳은 성동구로 지난주 대비 0.99% 올랐다. 한국부동산원이 관련 통계를 공개하기 시작한 2012년 5월 이후 가장 높은 상승률로, ‘부동산 급등장’이 이어졌던 문재인 정부 당시의 상승세를 뛰어넘은 것이다. 마포구도 0.98% 오르며 역대 최고 상승률을 보였다. 이어 송파구 0.88%, 강남구 0.84%, 서초구 0.77%, 용산·강동구 0.74% 순이었다. ‘노도강’으로 불리는 외곽 지역도 집값 상승 속도가 빨라지고 있다. 노원구는 0.12% 오르며 5주 연속 상승세를 이어갔으며, 도봉구와 강북구는 각각 0.06%, 0.16% 상승했다.
서울 아파트 값 상승세는 다음 달 대출을 조이는 3단계 스트레스 DSR(총부채원리금상환비율) 시행을 앞두고 ‘막차 수요’가 몰린 영향으로 분석된다. 전문가들은 그러나 대출 규제가 서울 부동산 시장을 안정시키기엔 역부족일 것으로 보고 있다. 입주 물량이 부족한 상황에서 추가 금리 인하와 함께 새 정부 경기 부양책이 더해져 집을 사려는 수요가 더욱 커질 수 있기 때문이다. 박원갑 KB국민은행 부동산수석전문위원은 “대출 규제로 가격 상승 폭은 줄어들 수 있겠지만 지금의 상승세가 꺾이지는 않을 것 같다”고 전망했다."
2025-06-26,"전세 사기가 의심되는 거래를 인공지능(AI)으로 선별하는 정부 시스템이 본격적으로 가동된다.
국토교통부는 40여 가지 전세 사기 실제 유형을 학습해 이를 선별할 수 있는 능력을 갖춘 AI 시스템이 본격 가동된다고 25일 밝혔다. 전세 거래가 이뤄지면 이를 중개한 공인중개사는 계약 체결일로부터 한 달 안에 국토부 실거래가 시스템에 이를 신고해야 한다. 기존에는 신고된 거래들을 사람이 일일이 분석해 사기 의심 정황을 포착했다. 이제는 AI가 수천 건 이상의 거래를 살펴보고 전세 사기 가능성이 높은 거래를 선별해주는 것이다. 특정 지역에서 짧은 기간 안에 많은 전세 거래가 일어났거나, 매매 후 단기간에 임대 계약이 체결되는 등 전세 사기로 이어질 수 있는 정황을 AI가 전국에 걸쳐 정확하게 포착하는 것이다.
국토부 관계자는 “기존에는 일주일 넘게 걸렸던 1차 선별 작업을 이제는 단 하루면 끝낼 수 있다”고 했다. AI가 1차적으로 전세 사기 의심 거래를 선별하면, 국토부가 추가 조사를 통해 위험성이 높은 거래를 골라내고 이를 관계 기관에 통보하게 된다."
2025-06-25,"현대건설이 노후된 아파트를 수선해 신축 수준으로 외관과 내부 인테리어를 개선하는 신사업을 본격적으로 추진한다. 일반적인 재건축·리모델링과 달리 입주민이 이주하지 않아도 돼 사업 추진 속도가 빠르고, 수선이 완료되면 아파트 가격이 높아져 시세 차익을 낼 수 있을 것으로 기대된다.
현대건설은 이 같은 내용이 담긴 신사업 협약식(MOU)을 서울 강남구 삼성동 힐스테이트 2단지와 체결했다고 25일 밝혔다. 신사업은 재건축 연한, 안전 진단 통과 요건, 용적률 제한 등 높은 규제와 분담금으로 재건축이나 리모델링이 어려운 단지가 대상이다. 아파트 공용부와 일부 세대만 공사해 사업 기간이 2년 미만으로 짧고, 조합이 아닌 기존 입주자대표회의를 통해 사업을 진행할 수 있다는 장점이 있다.
삼성동 힐스테이트 2단지는 준공 18년 차 대단지로 주차장 누수, 설비 노후, 커뮤니티 공간 부족 등 기존 노후 단지의 한계로 인해 주변 신축 단지와 시세 차이가 벌어지고 있다. 현대건설은 외벽과 주동 입구, 조경, 커뮤니티 공간 등을 수선하고 지하 주차장 전기차 화재 방지 설비, 스마트 출입 제어 등 첨단 기술을 적용한다는 계획이다. 희망 세대에 한해 층간소음 저감 구조와 고성능 창호 등 내부 인테리어 공사도 진행한다."
2025-06-25,"국내 10대 건설사가 올해 상반기(1~6월)에 수주한 재개발·재건축·리모델링 등 노후한 주거지를 개선하는 ‘도시 정비 사업’ 규모가 27조원을 돌파했다. 이미 지난해 전체 연간 수주액의 98%를 넘어섰다. 하반기에 대규모 사업이 줄줄이 예정돼 있는데, 상반기에 벌써 작년 연간 수준의 수주를 달성한 것이다. 건설업계에서는 주요 건설사들의 올해 도시 정비 사업 수주 규모가 역대 최고치를 기록할 것이란 예상도 나온다.
올해 상반기 가장 많은 도시정비사업 수주액을 달성한 건설사는 삼성물산(건설부문)이다. 1월 1조5695억원 규모의 한남 4구역 재개발을 시작으로 신반포 4차(1조310억원), 장위8구역 공공재개발(1조1945억원) 등 굵직한 사업 수주에 잇따라 성공했다. 단독 입찰해 이달 말 발표가 예정된 울산 남구 B-04구역 재개발 사업까지 따내면 상반기 수주액은 5조7213억원까지 늘어날 것으로 보인다. 이는 지난해(3조6398억원)보다 55.5% 늘어난 수치다.
현대건설은 5월 개포주공 6·7단지 재건축(1조5138억)과 국내 재개발 역사상 최대 규모로 꼽히는 구리 수택동 재개발 시공권(1조9648억) 등을 따내며 5조5357억원을 기록했다. 이어 포스코이앤씨(5조302억), 롯데건설(2조9521억), DL이앤씨(2조6830억) 등도 상반기에만 2조원 이상의 도시정비사업을 수주했다.
◇역대 최고치 넘보는 도시정비사업 수주
건설업계에서 재개발·재건축 등은 사업 규모가 커 매출에 도움이 되는 데다, 입지가 좋은 곳이 많아 미분양 우려가 적다는 점에서 대표적인 ‘우량 사업’으로 꼽혀왔다. 하지만 최근 몇 년 사이엔 상황이 달랐다. 공사비가 가파르게 오르면서 곳곳에서 주민이나 건설사가 부담해야 하는 추가 비용이 발생하는 경우가 잇따라 생겨 곳곳에서 갈등이 빚어진 것이다. 한동안 건설사들도 이 분야에 적극적으로 나서지 않았다.
하지만 올 들어 분위기가 바뀌었다. 건설 경기 침체가 장기화하는 데다, 작년 말 탄핵과 올해 대선이 이어지면서 올해 정부나 지방자치단체가 발주한 공공(公共) 공사 일감까지 줄자 건설사들이 다시 이 시장에 돌아온 것이다. 특히 수도권의 경우 신규 주택 공급이 부족한 가운데 서울을 중심으로 주택 가격 상승세가 강하게 나타나고 있어 재개발·재건축 사업이 더 활발해질 것이란 전망이 나오고 있는 것도 영향을 주고 있다.
대한건설정책연구원에 따르면, 올해 1분기(1~3월) 건설 투자를 나타내는 건설 기성(26조8659억원)은 전년 동기 대비 21.2% 감소했다. 건설 기성은 현재 건설이 얼마나 이뤄지고 있는지 보여주는 대표적인 현행 지표로, 그만큼 착공·시공 중인 건설 일감이 줄어들었다는 것을 의미한다. 국내 건설사 관계자는 “공공 공사는 공사비가 정해져 있는 반면, 재개발·재건축은 협상을 통해 공사비를 올릴 수 있기 때문에 이익도 기대할 수 있다”고 말했다.
이은형 대한건설정책연구원 연구위원은 “지난 정부와 서울시 등이 도시 정비 사업을 활성화하면서 올해부터 본격적으로 대형 사업 입찰이 시작된 것도 영향을 주고 있다”면서 “수도권에 신규 공급은 부족한 반면, 노후 아파트는 계속 늘고 있어 재개발·재건축·리모델링 등이 계속 늘어날 가능성이 크다”고 했다.
◇선별 수주 전략 속 하반기는 더 치열
건설사들은 사업성이 높은 곳에 집중하는 ‘선별 수주’에 나서고 있다. 미분양 주택이 쌓이고 있는 비수도권이 아니라 수도권을 중심으로 수주 경쟁이 이뤄지고 있는 것이다. 입찰 과정에서도 핵심 입지가 아니면 다른 건설사와 경쟁하지 않는 경향이 뚜렷하게 나타나고 있다. 사업 수주를 위해 금융 및 이주비 지원, 마케팅 등을 위한 비용을 늘리다 보면 ‘배보다 배꼽이 더 큰’ 상황이 올 수 있다는 것이다.
실제로 상위 10대 건설사가 올해 상반기 서울 도시 정비 사업에서 수주한 22건 중 단 2건만이 경쟁 입찰을 통해 시공사가 선정됐다. 올해 초 서울 한남4구역에서 삼성물산과 현대건설이 수주전에 뛰어 들어 결국 삼성물산이 시공권을 따냈고, 최근에는 서울 용산구 용산정비창 전면1구역 재개발 사업지에서 HDC현대산업개발이 포스코이앤씨를 제치며 시공사로 선정됐다. 건설업계 관계자는 “다른 건설사와의 경쟁을 위한 비용마저 아끼기 위해 경쟁 입찰에 최대한 나서지 않으려는 분위기”라고 했다.
올해 하반기에도 서울에서 대형 도시 정비 사업의 시공사 입찰이 이어질 예정이다. 특히 대형 건설사들의 치열한 경쟁이 예상되는 곳이 많다. 한강 벨트 재개발 최대어로 꼽히는 성수전략정비구역 1지구에 현대건설, GS건설, HDC현대산업개발 3곳이 입찰 의향을 보이고 있는 것이 대표적이다. 또 공사비 6778억원에 달하는 강남구 개포우성7차 재건축에도 삼성물산과 대우건설이 맞붙을 것으로 보이며, 공사비 8000억원 규모의 여의도 대교아파트 재건축에는 삼성물산과 롯데건설이 물밑 작업을 벌이고 있다."
2025-06-24,"유병태 주택도시보증공사(HUG) 사장이 23일 국토교통부에 사의를 밝혔다. 2년 연속 공공기관 경영평가에서 D등급을 받아 해임 건의가 결정되자 스스로 거취를 정리한 것으로 보인다.
기획재정부의 ‘공공기관 경영 실적 평가 결과’에 따르면 HUG는 97개 기관 중 유일하게 2년 연속 D등급을 받았다. 2년 연속 D등급을 받고 재임 기간 요건을 충족할 경우, 기관장은 해임 건의 대상이 된다.
HUG는 2022년 전세 사기가 불거진 이후 전세보증금 반환보증 사고액이 지난해 4조4896억원으로 급증했으며, 당기순손실액도 2조5198억원으로 2년 만에 6배 가까이 늘어났다.
유 사장은 2023년 6월 취임 당시부터 ‘낙하산 논란’이 벌어진 바 있다. 다만 일각에서는 HUG의 경영 실패가 전세 사기 피해 급증, 집값 하락 등에서 비롯된 것으로 유 사장의 개인 책임으로 돌리기는 어렵다는 지적도 나온다."
2025-06-24,"농어민이 아닌 일반인도 단독 주택 건축이 가능한 농림 지역이 일부 늘어난다. 농공단지 건폐율은 상향되고, 농촌 마을에 공장 등 입지가 제한되는 제도도 도입된다.
국토교통부는 24일 이 같은 내용의 국토계획법 시행령 개정안이 국무회의에서 의결됐다고 밝혔다. 국토부는 “인구 감소로 침체된 농어촌의 정주 여건을 개선하고 지역 경제에 활력을 불어넣기 위해 추진해온 사안”이라고 설명했다.
개정안에 따르면, 농림 지역 내에서 농어업인이 아닌 일반 국민의 단독 주택 건축을 허용하는 지역이 일부 확대된다.
이전까지 전체 농림 지역 중 보전 산지(80.2%)와 농업진흥구역(15.9%)에선 농어민만 주택을 소유할 수 있었고, 농업보호구역(2.8%)에서만 일반인이 단독 주택을 지을 수 있었다.
농업진흥구역은 농사를 짓는 데 필요한 땅, 농업보호구역은 진흥구역의 용수원 확보 등 농업을 뒷받침하기 위한 땅을 말한다.
개정안은 농림 지역 중에서 보전 산지, 농업진흥구역, 농업보호구역이 아닌 나머지 지역 약 570㎢ 면적에서도 일반인이 단독 주택을 지을 수 있게 했다. 전체 농림 지역 중 비율은 1.2%에 불과하지만, 면적은 140만 필지 총 573㎢로, 광주광역시 면적(501㎢)보다 큰 수준이다.
국토부 관계자는 “도시 거주민도 농어촌 체류가 좀 더 쉬워지면 귀농·귀촌이나 주말 여가 수요가 늘고, 생활 인구 증가로 이어질 것을 기대한다”고 말했다.
농공 단지의 건폐율 제한은 70%에서 80%로 완화된다. 도로나 상하수도 등 요건을 갖추거나 도시계획위원회 심의를 거치면 완화가 가능하다. 농어촌 입주 기업이 부지를 추가로 구하지 않아도 시설을 확충할 수 있게 되는 것이다. 지역 투자 확대와 일자리 창출에 도움이 될 것으로 국토부는 기대하고 있다.
농촌 마을에 공장이나 대형 축사의 입지가 제한되는 ‘보호 취락 지구’ 제도도 도입된다. 국토부는 “농촌 주거 환경이 개선되면 자연 체험장 등 관광 휴게 시설 등을 마을 수익원으로 활용할 수 있을 것으로 전망된다”고 했다."
2025-06-24,"현대건설·포스코이앤씨 컨소시엄은 총공사비 2조8069억원 규모의 경기 구리 수택동 재개발 정비 사업을 수주했다고 23일 밝혔다. 이번 사업은 단일 구역 재개발 기준 가구 수와 공사비 모두 역대 최대 수준이다. 수택동 454-9번지 일대 약 34만3000㎡ 부지에 아파트와 부대 복리 시설을 짓는 프로젝트로, 아파트는 지하 4층~지상 49층 27동(棟), 7007가구 규모로 조성된다. 약 6000가구를 공급하는 서울 용산구 한남3구역 재개발 사업보다 1000여 가구가 더 많다.
현대건설은 이 같은 규모를 고려해 포스코이앤씨와의 컨소시엄에 ‘메가시티(mega city) 사업단’이라는 이름을 붙였다. 단지 안에는 광화문광장 4배 크기에 달하는 약 14만5000㎡(4만4000평) 규모의 녹지 공간이 들어선다.
이번 사업으로 현대건설은 올해 도시 정비 사업 수주액 5조원을 돌파했다. 이전까지 부산 연산5구역 재건축, 서울 개포주공 6·7단지 재건축 등 5건의 사업에서 3조2340억원을 수주했고, 수택동 재개발로 1조9648억원을 추가했다. 이번 컨소시엄에서 현대건설은 지분 70%를 보유하고 있다."
2025-06-24,"지난 10년간 서울에서는 ’10년 이하 신축‘, 경기도에서는 ’21~30년 차 준구축’이 각 지역에서 가장 높은 시세 차익을 기록한 것으로 나타났다.
부동산 중개업체 집토스가 국토교통부 실거래가 데이터를 바탕으로 2015년부터 올해까지 아파트 평균 매매가 상승률을 분석한 결과 이같이 나타났다고 24일 밝혔다. 이번 분석에는 서울과 경기 지역의 전용 59·84㎡ 아파트 중 40년 이하 아파트만 대상으로 했다.
서울에서는 신축 아파트의 시세 차익이 가장 컸다. 2015년 당시 준공 10년 이하 전용 84㎡ 아파트의 평균 매매가는 5억182만원이었는데, 올해는 평균 12억2660만원에 거래됐다. 10년 동안 7억2478만원이 오른 것이다. 매매가 상승률은 144%였다.
경기도의 경우 ‘준구축’의 매매가가 가장 높이 올랐다. 10년 전 ‘준공 21~30년’ 전용 84㎡ 아파트의 평균 매매가가 2억8871만원이었는데, 올해 평균 6억1434만원에 거래되며 3억2563만원 올랐기 때문이다. 이러한 매매가 상승은 1기 신도시 등 재건축 기대감이 있는 지역 아파트가 주도한 것으로 보인다.
서울과 경기 모두에서 준신축(11~20년)보다 준구축(21~30년)의 평균 매매가 상승률이 월등히 높았다. 전용 59㎡ 기준 서울의 준신축 상승률은 10년간 147%였지만 준구축은 161%로 14%p 높았다. 경기는 준구축의 상승률이 116%로, 58% 오른 준신축보다 두 배 높았다. 단순히 연식이 낮은 아파트보다, 재건축 기대감이 본격적으로 반영되기 시작하는 20년 차 이상 아파트가 더 높은 투자 가치가 있다는 것이다.
다만 서울과 경기의 지역 입지로 인한 시세 차익도 컸다. 전용 59㎡ 준신축의 10년간 시세 차익이 4억7420만원으로 서울 내에서 가장 낮은 수치를 기록했지만, 경기도에서 가장 높은 시세 차익을 낸 전용 84㎡ 준구축(3억2563만원)보다 1억5000만원 가까이 높았다.
이재윤 집토스 대표는 “서울에서는 ‘신축’의 상품성이 가장 큰 부를 창출했지만, ‘상승률’ 측면에서는 재건축 기대감이 있는 저평가된 아파트가 더 효율적인 투자였다”며 “성공적인 투자를 위해서는 입지라는 대전제 아래에서, 투자 목표와 아파트의 생애 주기에 따른 가치 변화를 함께 고려하는 입체적인 시각이 필수적”이라고 했다."
2025-06-24,▲대보그룹 ▷기획조정실장(부사장) 유재욱
2025-06-23,"“고교학점제가 시행된 이후 학군 좋은 아파트를 찾는 수요가 더 늘었습니다. 학교뿐 아니라 학원가까지 입지 선택의 주 조건으로 자리 잡는 추세입니다.”
양지영 신한투자증권 자산관리컨설팅부 수석은 22일 본지 인터뷰에서 “올 들어 학생 자녀를 둔 수요자들이 ‘대입에 유리한 과목을 개설할 수 있는 학교’를 찾는 경우가 늘고 있는데, 고교학점제가 전면 시행되고 나서 생긴 변화”라면서 “일반 수요자들이 ‘똘똘한 한 채’를 찾아 강남 3구로 몰리듯, 학군지도 똘똘한 학군 한두 곳만 유독 인기를 끌고 있다”고 말했다. 고교학점제는 학생이 국어, 수학 등 공통 과목 외에도 적성이나 진로에 맞춰 배우고 싶은 과목을 선택해 이수하도록 하는 제도다. 올해 고등학교 1학년부터 전면 시행됐다. 양 수석은 “선택 과목이 워낙 다양하다 보니, 학원가가 잘 갖춰져 있는지도 아파트 선택의 중요한 요소로 자리 잡고 있다”며 “특히 한 번에 여러 학원을 다닐 수 있도록 다양한 학원이 밀집한 지역의 아파트가 점점 주목받을 것”이라고 전망했다.
서울은 ‘과열’, 지방은 ‘냉각’ 상태가 길어지는 등 시장이 혼돈에 빠진 가운데 새 정부가 내놓을 주택 정책에 관심이 커진다. 함영진 우리은행 WM영업전략부 부동산리서치랩장은 “금리는 낮아지지만, 규제는 강화되는 분위기인 만큼 기회 요인과 위협 요인이 동시에 영향을 미치는 상황”이라고 진단하고 “거주 지역과 부동산 종류 등 개인 조건에 더해 세금이나 대출, 공급 대책 같은 외부 변수가 복합 작용하기 때문에 차분하게 전략을 마련해야 한다”고 말했다. 그는 “예를 들어, 신혼부부나 청년이라면, 앞으로 공공 분양이 확대될 것으로 보이는 만큼 시간을 두고 청약 타이밍을 기다리면 좋을 것”이라고 했다.
김대열 하나증권 강남파이낸스WM센터 부장은 은퇴 후에도 적극적으로 사회 활동을 하는 ‘뉴 시니어’ 세대를 향해 “자산을 활용해 안정적으로 현금 흐름을 만들 필요가 있다”고 조언했다. 그는 “특히 자산의 대부분을 차지하는 부동산을 통해 생활비를 마련할 수 있는 수익 전략을 찾아야 한다”며 “서울 집은 월세를 준 뒤 집세가 저렴한 곳으로 이사 가서 월세 차액을 생활비로 활용하는 것도 방법”이라고 했다.
세 전문가는 오는 7월 4일부터 이틀간 서울 강남구 코엑스 D홀에서 열리는 ‘대한민국 부동산 트렌드쇼’에서 각각 연단에 오른다. 양지영 수석은 ‘고교학점제가 바꾸는 학군 지도, 학세권 부동산 매매 트렌드’, 함영진 랩장은 ‘주택 시장의 변곡점을 준비하는 현명한 자산 관리’, 김대열 부장은 ‘뉴 시니어 시대, 은퇴 후 자산 관리도 바뀌어야 한다’는 제목으로 강연한다."
2025-06-23,"19일 오후 충북 청주시 청주테크노폴리스 산업단지. SK하이닉스 공장에서 건설 현장 안전모를 쓴 200여 명이 쏟아져 나왔다. SK하이닉스의 첨단 반도체 생산 공장 증설 작업에 투입된 근로자들이었다. 이 공장에선 인공지능(AI) 데이터센터 등에 필요한 고대역폭 메모리(HBM)를 생산하고 있는데, 최근 HBM 수요가 크게 늘자 오는 11월 완공을 목표로 증설 공사가 한창이다. SK하이닉스 옆으로 LG생활건강, LG화학, SK케미칼 등의 공장과 연구 시설도 줄지어 있었다. 청주 서원구에서 공인중개사 사무소를 운영하는 이봉순 대표는 “기존 청주테크노폴리스와 청주일반산업단지 등에 더해 오창테크노폴리스와 청주하이테크밸리 등 대규모 산업 단지가 잇따라 조성되면서 젊은 부부가 많이 옮겨 오고 있다”고 했다.
청주 부동산 시장이 들썩이고 있다. 청주가 충청권 첨단 산업 벨트의 축으로 부상하고 있기 때문이다. 일자리를 찾아 사람들이 몰리며 청주시 인구는 85만명을 넘어섰다. 외국인까지 포함하면 90만명에 육박한다. 청약 시장에선 평균 두 자릿수 이상의 경쟁률이 이어진다. 건설 업계 관계자는 “청주는 국토 중앙에 위치한 데다 세종, 서울 등과도 가까워 인구 유입이 늘면서 신축 수요가 급증하는 상황”이라고 했다.
◇대전·세종·오송 등 이동 용이
청주테크노폴리스에서 2순환로를 통해 차로 17분 정도 이동하자 왕복 8차선 도로 옆으로 거대한 공터가 눈에 들어왔다. 부동산 개발 업체 HMG그룹이 개발 중인 청주 신분평 도시 개발 사업 ‘신분평 더웨이시티’ 부지였다. 청주 서원구 장성동 일대 세 블록에서 총 3949가구 규모로 조성되는 대규모 도시 개발 사업으로 1블록 1448가구, 2블록 993가구, 3블록 1508가구로 이뤄져 있다.
신분평 도시 개발 사업의 가장 큰 매력은 ‘교통’이다. 신분평 더웨이시티는 청주 도심지를 연결하는 2순환로와 17번 국도를 끼고 있으며 1·3순환로와 강서IC와도 가까워 대전·세종·오송·오창 등으로 이동이 쉽다. 오송생명과학단지, 오창테크노폴리스 등 주변 산업 단지로도 차로 30분 안에 이동할 수 있어 출퇴근도 용이하다. 인근에 약 130만㎡ 규모의 분평2지구와 분평·미평지구까지 들어서면 이 지역에는 3만7000가구 수준의 미니 신도시급 주거 타운이 만들어진다.
◇첫 분양 ‘퍼스트 프리미엄’
신분평 더웨이시티 세 블록 중 처음으로 분양에 나서는 1블록 ‘신분평 더웨이시티 제일풍경채’는 지하 2층~지상 29층 12동(棟) 규모, 전용 59~112㎡로 이뤄져 있다. 전용 75~112㎡ 655가구는 일반 분양, 전용 59㎡ 793가구는 민간임대로 공급된다.
초등학교가 자리 잡을 예정이라 ‘초품아’ 입지를 기대할 수 있으며, 세 블록이 보행 육교 등으로 연결돼 통학도 안전하다. 단지 안에는 피트니스, 스크린 테니스, 골프 연습장 등 커뮤니티 시설이 들어서며, 3블록에는 HMG그룹 산하의 식음료 프랜차이즈가 입점할 예정이다. 1블록 옆으로는 수변 공원이 조성되는 등 부지 면적의 40%가 공원으로 꾸며진다.
업계에서는 대규모 개발 사업의 첫 분양 단지인 만큼 ‘퍼스트 프리미엄’이 붙을 것으로 전망한다. 갈수록 인프라가 확충되면서 주변 분양가가 상승하는 경향이 있기 때문에 첫 분양 단지는 상대적으로 유리한 조건으로 내 집 마련이 가능하다는 의미다. 장우식 신분평 더웨이시티 팀장은 “첫 분양 단지가 후속 단지 분양의 성공을 이끌기 때문에 입지나 조경 등에 공을 더 많이 들였다”면서 “민간 임대의 경우 확정 분양가로 10년간 살아본 다음 소유권을 이전할 수 있다”고 했다. 견본 주택은 청주 상당구 용암동 2980번지에 마련된다."
2025-06-23,"HDC현대산업개발이 약 1조원에 달하는 서울 용산구 용산정비창 전면 1구역 재개발 사업을 수주했다. 용산정비창 전면 1구역은 재개발을 통해 지하 6층~지상 38층 12동(棟) 규모로 아파트 777가구와 오피스텔 894실 등을 조성하는 대규모 복합 개발 사업이다. 서울 중심에 남은 ‘마지막 금싸라기 땅’으로 불리는 용산업무지구의 개발 수혜가 기대되면서 HDC현대산업개발은 포스코이앤씨와 치열한 수주전을 벌여왔다.
용산정비창 전면 1구역 주택 재개발 정비 사업 조합은 22일 조합원 총회에서 시공사로 HDC현대산업개발을 선정했다고 밝혔다. 총 사업비는 9558억원이다. HDC현대산업개발이 제시한 평당 공사비(858만원)가 포스코이앤씨의 평당 공사비(894만원)보다 저렴한 점 등이 조합원들의 지지를 이끌어 냈다는 분석이 나온다."
2025-06-23,"서울 광진구 자양1-4구역 가로주택정비사업 수주
호반건설이 908억원 규모의 서울 광진구 자양1-4구역 가로주택 정비 사업을 수주했다고 22일 밝혔다. 광진구 자양동 249-2번지 일대에 지하 3층~지상 23층 4동 275가구와 부대 시설을 짓는 사업이다. 사업지가 영동대교 북단에 위치해 강변북로, 올림픽대로, 영동대교 등 주요 도로와 가깝다. 백화점과 대형 마트 등 생활 인프라도 근처에 있다. 호반건설은 해당 사업지를 중심으로 모아타운을 추진한다는 계획이다. 모아타운으로 확대되면 용도 지역 상향과 함께 커뮤니티, 조경, 지하 주차 공간 특화 등이 가능해져 대규모 아파트 단지를 세우기 쉬워진다.
부산 광안동 373블록 재건축 사업 수주
대우건설이 2305억원 규모의 부산 수영구 광안동 373블록 가로주택 정비 사업을 수주했다고 22일 밝혔다. 수영구 광안동 373 일대에 지하 6층~지상 41층 4동 497가구를 짓는 사업이다. 대우건설은 단지명으로 ‘푸르지오 오셔니티’를 제안했다. 부산 지하철 금련산역과 광안역 인근에 있어 이동이 편리하며, 광안리 해수욕장을 도보로 이용 가능하다. 단지 내에는 골프클럽, 라운지, 독서실 등 커뮤니티 시설을 배치할 계획이다."
2025-06-23,"서울 아파트 전세 가격 상승세가 이어지면서 올해 2분기 전월세 갱신 계약 비율이 2022년 3분기 이후 최고치를 기록한 것으로 나타났다. 계약 갱신 청구권을 사용한 비율도 늘어나면서 전월세 계약 두 건 중 한 건은 계약 갱신 청구권을 사용했다.
22일 부동산R114에 따르면 올해 2분기 서울 아파트 전월세 갱신 계약 비율은 44.5%를 기록했다. 갱신 계약 비율은 2020년 7월 전월세 상한제와 계약 갱신 청구권이 등장하며 2022년 3분기 45.4%까지 치솟았다. 이후 금리 인상 등으로 인해 전세 가격이 하락 전환했는데, 지난해부터 전세 가격이 다시 상승세를 보이며 갱신 계약 비율도 높아지고 있는 것이다.
전월세 가격이 상승하며 계약 갱신 청구권 사용 비율도 증가하고 있다. 계약 갱신 청구권은 임차인이 기존 2년 계약 후 추가로 2년을 더 연장할 권리다. 올해 2분기 서울 아파트 전월세 갱신 계약 중 계약 갱신 청구권을 사용한 비율은 49.7%로 2건 중 1건꼴이었다. 이는 2022년 3분기 60.4% 이후 최고치다.
갱신 계약 임차인의 갱신 보증금은 평균 5억6793만원으로, 2년 전 보증금 5억3297만원과 비교해 평균 3496만원 상승했다. 인상률은 평균 6.6% 수준이었다. 윤지해 부동산R114 리서치랩장은 “갱신권 사용 임차인은 최소 4년간 연 5% 이내 인상률로 같은 주택에 거주할 수 있는 만큼 전셋값이 오르면 갱신권을 사용하는 임차인도 늘어날 것”이라고 했다."
2025-06-23,"서울 25구(區) 아파트 가격이 모두 3주 연속 상승세를 이어가는 가운데, 강남과 강북 지역 아파트 매매 가격 차이가 갈수록 벌어지고 있다. 특히 매월 최고가가 바뀌고 있는 강남 3구(강남·서초·송파)와 다르게 노도강(노원·도봉·강북)은 ㎡당 매매 평균 가격이 아직 전고점의 80%대에 머물고 있다.
22일 KB부동산에 따르면 지난 5월 서울 아파트 ㎡당 매매 평균 가격은 1595만8500원으로 올해 1월에 비해 5.3% 상승한 것으로 나타났다. 같은 기간 강남 11구 ㎡당 매매 평균 가격은 1790만원에서 1918만원으로 7.2% 오른 반면, 강북 14구는 1211만원에서 1236만원으로 2% 상승에 그쳤다. 두 지역의 ㎡당 매매 평균 가격 상승률 차이(5.1%p)는 2008년(9.4%p) 이후 가장 높은 수치다.
아파트 매매가 상승률의 격차는 강남 3구와 노도강 지역 간에서 두드러진다. 올해 강남구의 ㎡당 매매 평균 가격은 1월 2915만원에서 5월 3264만원으로 12% 올랐다. 서초구와 송파구는 각각 8.4%, 7.2% 올랐다. 같은 기간 노원구는 956만원에서 957만원으로 0.1% 상승했고 도봉구와 강북구는 각각 0.3%, 0.1% 하락했다.
두 지역은 가격 회복 속도에서도 차이가 났다. 서초·송파구의 ㎡당 매매 평균 가격은 지난해 8월 2022년 11월의 전고점을 넘어섰고, 강남구도 지난해 11월 전고점(2730만원)을 넘어 상승세를 이어가고 있다. 반면 노원구는 아직 전고점(2022년 2월 1130만원)의 85% 수준이다. 강북구는 전고점의 87.8%, 도봉구도 81.4% 수준이다.
강남 3구와 노도강의 가격 차이가 벌어지는 것은 지난 2월 서울에서 토지거래허가구역이 일시 해제된 뒤 투자 수요가 솟구친 영향이 크다. 고종완 한국자산관리연구원장은 “소득·자산 양극화가 심화되며 강남 지역의 집값 상승 기대감은 갈수록 높아지고 있다”면서 “다만 다음 달 대출 규제가 시작되고 규제 지역 지정 등이 이어지면 하반기에는 실수요 중심의 노도강 가격 상승률이 높아질 가능성이 크다”고 전망했다."
2025-06-21,"‘55주 연속 하락, 거래 가격은 4년 9개월 만에 최저 수준.’ 비수도권 아파트 시장 얘기다. 과열 양상까지 띠며 계속 값이 오르는 서울 아파트 시장과는 딴판인 모습이다. 비수도권 아파트 시장은 인구 유출과 산업 기반 약화라는 구조적 요인 탓에 수요 위축이 장기화하면서 서울·수도권과 양극화가 심화되고 있다.
20일 한국부동산원 ‘주간 아파트 가격 동향’에 따르면 비수도권 아파트 가격은 이번 주(16일 기준) 0.03% 떨어져 55주 연속 하락했다. 작년 5월 마지막 주(-0.01%)부터 이번 주까지 1년 1개월간 내내 떨어진 것이다. 광주(-0.06%), 부산·대구(-0.05%) 등 광역시의 하락률이 상대적으로 컸다. 아파트 가격 수준은 2020년 8월 24일 이후 4년 9개월여 만에 가장 낮았다.
비수도권 아파트 시장의 불황은 거래량으로도 확인된다. 올 1분기 비수도권의 아파트 거래량은 6만4670건으로 1년 전보다 1.5% 증가하는 데 그쳤다. 경북·전남·충남 등 6개 시도는 거래량이 1년 전보다 감소했다. 반면 같은 기간 서울은 거래량이 8603건에서 1만7325건으로 2배 이상으로 증가했다.
양극화가 심화하고 있지만 단기간 해결은 난망한 상황이다. 다 지어지고도 팔리지 않는 이른바 ‘악성 미분양’ 2만6400가구 중 80% 이상이 비수도권에 몰려 있다. 시장에선 “정부가 서울·수도권 시장 안정화를 위한 ‘공급 확대’ 대책과 별개로 지방 수요 진작을 위한 방안을 따로 마련해야 한다”는 목소리가 커지고 있다. 한국은행도 최근 보고서를 통해 “비수도권에 건설 투자를 확대하는 정책은 신중히 하고, 지역별 여건을 고려한 차별화된 관리가 필요하다”며 지역 거점 도시를 육성해 수도권 집중을 완화하는 방안도 제시했다.
정부는 19일 주택도시보증공사(HUG)를 통해 1만 가구 규모의 준공 전 미분양 물량을 매입하는 방안을 발표했지만 근본적인 처방이 되기엔 역부족이라는 평가다. 양지영 신한투자증권 수석은 “지방 주택에 대한 세제 혜택, 다주택자 규제 완화 같은 수요 진작책으로 지방 부동산 취득 유인을 늘려줘야 한다”고 말했다."
2025-06-20,"올 1분기 전국 아파트 매매 거래량이 전년 동기에 비해 16.6% 증가한 것으로 나타났다. 작년 대비 2배 이상으로 늘어난 서울 거래량의 영향이 컸다.
반면 지방에선 도시별 증가량이 수백 건대에 그치거나 아예 감소한 곳도 있어 서울 지역과 차이를 보였다.
20일 부동산R114에 따르면, 1~3월 전국 아파트 매매 거래량은 12만3169건으로 작년 같은 기간 10만5677건 대비 16.6%, 1만7492건 늘었다.
최근 ‘과열’ 현상을 보이고 있는 서울 거래량이 1분기 크게 증가한 것으로 나타났다. 서울에선 1분기 1만7325건이 거래돼 전년 동기와 비교해 101.4%(8722건) 급증했다. 증가율과 증가 건수 모두 압도적 1위다.
경기도 같은 기간 27.8% 늘어 3만4211건을 기록했다. 서울과 경기 두 지역 증가량이 1만6154건으로 전체 증가량의 92%를 차지했다. 수도권 중 인천은 407건 증가한 6556건으로 상대적으로 증가 폭이 작았다.
지방에선 광주와 울산이 전년 대비 각각 615건 증가하며 4510건, 3858건을 기록했다. 비수도권의 14 시·도 중 증가량 기준 가장 많았다. 이어 부산(416건), 전북(401건), 세종(393건), 경남(110건) 순으로 거래량이 많이 늘었다.
거래량이 작년보다 줄어든 지역도 여러 곳이었다. 경북이 517건 줄어든 5713건으로 가장 많이 감소했다. 이어 전남(-454건), 충남(-267건), 강원(-246건) 순이었다.
전문가들은 “지방 도시는 고정 수요가 제한적이고 인구 유출이나 산업 기반 약화 등 구조적 문제 때문에 부동산 시장이 고전하고 있다”고 분석한다. 특히 실수요 중심의 매수 심리가 위축된 채 회복이 더뎌 서울과 지방 간 양극화가 심화될 것이란 전망이 나온다."
2025-06-20,"이번 주 서울 아파트값이 일주일 만에 0.36% 올라 6년 9개월 만에 주간 기준 최대 상승 폭을 기록했다. 문재인 정부 시절인 2018년 9월 둘째 주(0.45%) 이후 한 주간 가장 크게 뛴 것이다. 특히 성동구 아파트 가격은 한 주 만에 0.76% 올라 12년 2개월 만에 최고치를 기록했다. 규제에 묶인 강남 3구(강남·서초·송파구) 대신 인접 인기 지역으로 매수세가 몰리는 ‘풍선 효과’가 확산하면서 서울 전체 가격 상승 폭이 커지는 모양새다.
19일 한국부동산원이 집계한 ‘주간 아파트 가격 동향’에 따르면, 서울 아파트 가격은 이달 들어 첫째 주 0.19%, 둘째 주 0.26% 오른 데 이어 이번 주까지 상승세가 점점 가팔라지고 있다. 이번 주까지 올해 누적 상승률은 2.65%로, 전년 동기의 0.16%를 압도하고 있다.
오는 7월부터 대출 한도를 줄이는 3단계 스트레스 DSR(총부채원리금상환비율) 규제 시행을 앞두고 ‘막차’ 수요가 몰리는 데다 한국은행의 기준 금리 인하, 새 정부의 경기 부양 정책, “지금 아니면 집 못 산다”는 수요자들의 불안 심리 등이 맞물린 여파란 분석이다. 정부는 지난 12일 “쓸 수 있는 정책 수단을 모두 검토하겠다”고 했지만 구체적인 대책이 나오지 않아, 가격 상승세가 잦아들지 않고 있다. 시장에선 다음 달 대출 규제가 시행되면 집값 상승세가 꺾일 수 있다는 예상도 나온다. 하지만 서울의 주택 공급 부족 우려가 해소되지 않고 있는 것은 여전히 시장의 부담이 되고 있다.
◇가팔라지는 가격 상승 폭
이번 주 서울 25구 중 집값 상승률이 가장 높은 곳은 강남 3구가 아닌 성동구(0.76%)였다. 강동구(0.69%)는 6년 9개월 만에, 마포구(0.66%)는 2012년 통계 작성 후 역대 최고치로 뛰면서 서초구 상승률 0.65%를 넘었다. 서울 강남에서 비(非)강남권까지 확산하고 있는 수요가 전체적인 가격 상승 폭을 키우고 있는 것이다.
박원갑 KB부동산 수석은 “투자자들이 가장 선호하는 강남 3구와 용산구가 토지거래허가제로 묶여 매물이 줄면서 적잖은 수요가 그다음으로 주거 입지가 좋은 지역, 또 그다음 지역으로 빠르게 옮겨가고 있다”고 분석했다. 토허제 규제에 따라 이른바 ‘풍선 효과’가 본격화하고 있다는 얘기다. 이런 상황에서 주요 지역 집값이 너무 올라 상대적으로 저렴한 아파트로 눈을 돌리는 경우가 늘면서 외곽 지역 아파트값까지 오르고 있다는 설명이다.
◇불안 심리에 일부선 ‘패닉 바잉’
상황이 이렇다 보니 당초 아파트 살 생각이 없었던 사람들까지 ‘집을 사야만 하는 타이밍인가’ 하는 불안감에 아파트 매수 행렬에 가세하는 경우도 늘고 있다. 이른바 포모(FOMO·기회를 놓치는 것에 대한 두려움) 심리에 따른 공황 매수다. 직장인 장모(38)씨는 최근 마포구 아파트를 직전 가격보다 1억원 더 오른 가격에 구입했다. 대출만 7억원에 달할 정도로 부담이 컸지만 집을 구경하기 위해 공인중개사 사무소를 찾은 그 자리에서 구입을 결정했다. 장씨는 “부동산에서 ‘대기 손님이 많으니 지금 안 사면 바로 팔릴 것’이라고 하는 바람에 다소 무리라고 생각하면서도 바로 계약했다”며 “앞으로 오랫동안 휴가도 쇼핑도 자제하고 살아야 할 것 같다”고 했다.
동작구에 아파트를 갖고 있는 윤모(37)씨는 집을 보러 온 수요자가 “2000만원 올려줄 테니 지금 계약하자”고 해 그 자리에서 매도를 결정한 경우다. 윤씨는 이 집을 팔고 성동구 옥수동의 한 아파트를 매수하려 했다. 그는 “3000만원 올려주겠다”고 했지만, “5000만원 달라”는 집주인에게 거절당했다. 윤씨는 “호가창을 보면 일주일에 수천만 원은 우습게 오르고 있어 집 구하기가 무서울 정도”라고 했다.
◇“文정부 때처럼 지방까지 ‘불장’ 이어지진 않을 것”
최근 주택 담보 대출 만기를 30년으로 줄이는 은행들이 늘면서, 나중에 대출을 실행할 때 한도가 줄어들까 봐 전전긍긍하는 경우도 많아지고 있다. 새로 산 집에 자신이 들어가는 대신 급히 전세 세입자를 구하는 사례도 나온다.
정부는 최근 기획재정부·국토교통부 등 관계 부처가 모여 ‘부동산 시장 점검 TF’ 회의를 열고 대응책을 마련 중이다. 다만 아직 구체적인 공급 대책 등을 발표하진 않은 상황이다.
시장이 스스로 안정화될 가능성이 있다는 시각도 있다. 작년 DSR 2단계 시행 이후처럼 오는 7월 1일 DSR 3단계가 시행되고 나면 주간 상승률 폭이 줄어들 것이란 예상이다. 이은형 대한건설정책연구원 연구위원은 “과거 문재인 정부 시절처럼 수도권 전역이나 지방까지 ‘불장’이 이어지진 않을 것으로 본다”고 했다."
2025-06-19,"30년 가까이 서울 강남구 대치동 은마아파트에 살던 최모(68)씨는 최근 집을 팔았다. 매도 대금으로 28억원 정도의 현금을 마련한 최씨는 송파구의 20평형대 아파트를 17억원에 사서 이사했다. 남편과 함께 국민연금을 매달 170만원씩 받지만, 이것만으로는 노후 생활이 어려워 아파트를 처분한 것이다. 최씨는 “대치동 아파트를 계속 보유하고 싶었지만, 당장 생활비가 모자라 어쩔 수 없었다”고 했다.
올 들어 서울에서 베이비붐 세대를 중심으로 20년 이상 장기 보유했던 집을 처분하는 사람이 늘고 있다. 올해 1~5월 서울에서 거래된 아파트·빌라 10채 중 1채는 매도자가 20년 넘게 소유한 집으로 나타났다. 2020년만 해도 5%였던 비율이 올해는 9.9%로 5년 만에 배(倍)로 늘었다. 1990~2000년대 당시 한창 일할 나이였던 30~40대가 내 집을 장만했다가 이제는 은퇴해 노후 자금이 부족해지자 자산의 대부분인 집을 팔아 현금 확보에 나서고 있다는 분석이다. 실제로 지난해 통계청 조사에서 국내 65세 이상 고령자 자산 중 81%가 부동산이었다. 은퇴 후 집을 팔거나 줄이는 것은 해외 선진국에선 보편적인 현상이었지만, 그동안 우리 사회에선 ‘부동산은 계속 우상향한다’는 인식 속에 처분을 미루는 경우가 많았다. 그러나 최근 들어 은퇴 세대가 아파트 처분에 적극적으로 나서고, 증여·상속용으로 자산을 정리하는 고령자도 눈에 띄게 늘고 있다.
◇강남구 장기 보유자 팔고 나간다
18일 법원 등기정보광장에 따르면, 올해 1~5월 서울에서 집합 건물(아파트·빌라·오피스텔 등)을 매도한 사람 10명 중 1명(9.9%)은 매물 보유 기간이 ‘20년 초과‘인 것으로 나타났다. 관련 통계를 집계한 2010년 이후 가장 높은 비율이다. 지역별로는 고가 아파트가 많은 강남구가 21%로 압도적으로 높았고, 이어 서초·양천·도봉구가 각각 13.2%씩을 기록했다. 이어 노원구(12.9%), 구로구(12%), 송파구(11.9%), 종로구(11.1%) 순이었다. 강남구 내에서도 압구정동(54.4%)과 대치동(39.6%)은 장기 보유 매도자가 특히 많았다. 고종완 한국자산관리연구원장은 “압구정 현대, 은마 등 구축 아파트에서 오래 거주한 소유자가 올 들어 아파트값이 급등하자 ‘지금이 노후 자금 마련을 위한 최적의 타이밍’이라 판단한 것으로 보인다”고 말했다.
서울의 아파트 장기 보유 매도자 비율이 늘어나는 이유는 1차 베이비붐 세대(1955~1963년생)가 사실상 모두 은퇴한 영향이 크다는 분석이다. 은퇴 세대가 급격히 늘고, 노후 자금이 넉넉지 않은 사람들이 부동산을 팔기 시작한 것이다. 서울 인기 주거지의 경우 집값 상승이 계속 예상되는 상황임에도 당장 사용할 수 있는 현금이 더 급해 자산 정리에 들어간 셈이다. 여기에다 954만명에 달하는 2차 베이비부머(1964~1974년생)가 지난해부터 은퇴 행렬에 들어서기 시작해 부동산 처분 수요는 더 늘어날 것으로 보인다.
장기 보유 주택의 매도 유형 중엔 재건축 예정 아파트를 팔아 인근 지역의 작은 평수로 움직이는 사례가 많다. 대치동 한 공인중개사는 “강남 일대에선 ‘아파트값이 30억이면 가족끼리 싸움이 생기고, 집값이 50억까지 뛰면 법정에서 만난다’란 말이 나올 정도로 증여 문제로 골치를 썩는 사람이 많다”면서 “고령 세대는 자신의 생활비를 마련하면서 자식들에게 물려줄 현금을 확보하려고 주택 매도를 문의하는 경우가 대부분”이라고 했다. 강남구 압구정동의 한 공인중개사는 “올 들어 40억~50억짜리 구축 아파트를 팔고, 신축 단지가 많은 개포동 일대 20평대로 옮기고 싶어 상담하는 사례가 급증했다”고 말했다. 실제로 강남구 주민들이 개포동 아파트를 매수하는 비율은 최근 3년간 30%대에서 지난달 49%로 늘었다.
◇도봉구·노원구·구로구 등도 장기 보유자 매도 비율 증가
강남 등 다른 지역에 비해 비교적 집값이 크게 뛰지 않은 도봉구, 노원구, 구로구 등에서도 장기 보유자 매도 비율이 증가하는 추세다. 업계에서는 해당 지역의 고령자들은 같은 노·도·강이나 광명 등 서울 인접 지역의 신축으로 이동하는 경우가 많다고 분석한다. 서울에서 벗어나도 신축에서 거주하길 원하는 수요가 늘어나고 있기 때문이다.
◇아파트 매도 연령대도 증가세
아파트 장기 보유자들이 매도에 나서면서 아파트를 파는 매도인의 연령대도 높아지고 있다. 올해 1~5월 서울 집합건물 매도자 10명 중 5명이 40~50대(48%)였으며, 나머지 4명은 60대 이상(37%)이었다. 2020년 매도자 10명 중 3명(30.2%)이 60대 이상이었던 것과 비교하면, 5년 만에 60대 이상 고령자 비율이 7%포인트 가까이 높아진 것이다.
이러한 추세는 2023년(35.3%), 2024년(34.5%)에 이어 올해도 계속 이어지고 있다. 김인만 김인만부동산경제연구소장은 “고령자들은 10년 거주 시 최대 80%의 세액 공제를 받는 ‘장기보유특별공제’ 등을 이용할 수 있는 만큼, 가지고 있던 부동산을 현금화하려는 수요는 앞으로도 늘어날 것”이라고 했다."
2025-06-19,"정부가 지방의 준공 전 미분양 아파트를 분양가의 절반 가격으로 매입한 뒤, 해당 아파트가 분양되면 이를 건설사에 되파는 정책을 시행한다. 건설 경기 회복을 위해 정부가 출자한 앵커 리츠(REITs, 부동산투자회사)로 프로젝트파이낸싱(PF) 초기 토지 매입 비용을 낮은 금리로 빌려주는 등 금융 지원에도 나선다.
국토교통부는 올해 2차 추가경정예산안에 이러한 내용이 포함된 2조7000억원 규모의 건설 경기 활성화 방안을 담았다고 19일 밝혔다. 이번 방안에는 주택도시보증공사(HUG)가 지방의 준공 전 미분양 아파트를 환매 조건부로 매입한 뒤, 준공된 이후 사업 주체에게 되파는 ‘미분양 안심 환매’ 사업이 포함됐다. 매입 대상은 HUG 분양 보증에 가입한 공정률 50% 이상의 지방 아파트이며, 국토부는 여기에 주택기금 3000억원을 배정했다.
미분양 안심환매 사업이 시작되면 HUG는 준공 전 아파트를 분양 가격의 50%에 매입하게 된다. 건설사는 이를 통해 확보한 자금으로 PF 대출을 상환하거나 건설 비용을 충당할 수 있게 된다. 아파트가 준공되면, 건설사는 1년 안에 수분양자를 찾아 HUG로부터 받은 매입가와 금융 비용 등을 돌려주고 아파트를 되사면 된다. 만약 매수자를 구하지 못하면 아파트 소유권은 HUG로 넘어가고 공매 등을 통해 처분하게 된다. 정부는 미분양 안심환매를 통해 2028년까지 미분양 주택 1만호를 매입하는 것이 목표다.
PF 사업 초기의 ‘브리지론’ 단계에서 토지 매입을 지원하는 1조원 규모의 ‘PF 선진화 마중물 개발앵커 리츠’ 사업도 도입한다. 정부가 우수한 개발 사업장을 선정한 뒤, 토지 매입 비용의 최고 50%까지 지원하고 인허가 이후 본격적인 PF 대출이 이뤄지면 이를 회수하는 방식이다. 정부는 이를 5년간 운용하면 수도권 85㎡ 아파트 3만5000호 이상을 공급하는 효과가 있을 것으로 보고 있다.
정부는 건설 경기 활성화를 위해 1조4000억원을 들여 사회기반시설(SOC) 투자에도 나선다. 구체적으로 평택-오송 2복선화, 호남고속철도 등 국가 기간망 공사에 7124억원, 노후 일반철도 구조물 개선 등 SOC 안전 투자에 1629억원, 국가 하천 정비와 농촌 수리 시설·배수관로 개보수 등에 3485억원이 투입된다.
이 밖에 취약계층 주거 지원을 위해 3208억원을 들여 시세보다 저렴한 전세 임대주택 3000호를 추가 공급하고, 527억원을 투입해 중위소득 60% 이하의 무주택 저소득 청년에게 2년간 월 최고 20만원의 월세를 지원하는 주거비 지원책 등도 시행한다."
2025-06-18,"새 정부 출범 직후 서울을 중심으로 아파트 매매 가격뿐 아니라 전세와 월세까지 급등하는 ‘트리플(삼중) 과열’ 현상이 나타나고 있다. 급등한 집값 때문에 실수요자가 서울에 집을 사기가 점점 어려워지는 상황에서 세입자들도 주거비 부담이 가중되는 ‘반갑지 않은’ 급등이 이어지고 있는 것이다.
17일 한국부동산원에 따르면, 서울 아파트 매매 가격 지수는 지난주(6월 9일 기준) 1주일 전보다 0.26% 뛰면서 2022년 11월 이후 2년 7개월 만에 최고치를 기록했다. 이 추세가 1년(52주) 내내 이어지면 연간 아파트값 상승률이 14.5%에 달한다. 집값 급등으로 전국이 몸살을 앓았던 문재인 정부 시절 2020~2021년 연간 상승률과 비슷한 수준이다.
다음 달 스트레스 DSR(총부채 원리금 상환 비율) 3단계 규제 시행 전 ‘막판’ 주택 매수 수요가 몰리는 상황에서 새 정부가 경기 부양을 위해 유동성 공급을 예고한 것이 부동산 시장에 ‘불쏘시개’가 됐다는 지적이 나온다. ‘앞으로도 집값이 더 오른다’는 불안 심리가 확산하면서 집을 살 생각이 없었던 사람들까지 매매 수요에 가세해 ‘불장’이 형성된 것이다.
소강상태였던 서울 아파트 전셋값도 지난주 0.08% 상승, 오름 폭이 커졌다. 전세 가격 지수는 2023년 1월 이후 최고치다. 서울 아파트 월세도 역대 최고를 경신했다. 전세 사기 여파로 전세를 회피하려는 심리, 대출 규제 영향으로 월세 선호가 강해지면서 월세가 빠르게 오르는 가운데, 전세 시장에선 수요보다도 매물이 더 많이 줄면서 가격이 인상되는 것이다. 이런 임대차 시장 가격 상승은 매매 가격을 계속 밀어올리고, 아파트 구매 부담이 커지면 다시 전월세 수요가 늘어나게 된다. 매매·전세·월세가 서로 영향을 주고받으며 가격이 뛰는 악순환이 시작된 것이다.
서울에서 아파트 거주를 원하는 주민들이 고를 수 있는 모든 선택지(매매·전세·월세)가 급등하면서 수요가 인접 도시로 옮겨가고, 집값 상승의 불길도 경기도권으로 확산하는 모양새다. 경기도 과천은 지난주 0.35%, 성남 분당은 0.39% 올라 서울 상승률을 훌쩍 뛰어넘었다. 과천의 올해 누적 상승률은 6.59%로 서울 강남 3구에 필적한다.
전문가들은 내년에 더 심각해질 공급 부족 문제가 해결되지 않는 한 최근의 불장을 잠재우기 어려울 것으로 전망한다. 양지영 신한투자증권 수석은 “정부가 근본적으로 수요자들에게 ‘수도권에 공급이 부족하지 않을 것’이란 신호를 보낼 수 있는 정밀한 대책을 시급히 마련해야 한다”고 했다."
2025-06-18,"착공 36년이 지나도록 미완공인 대구 북구 복현동 ‘골든프라자’가 53회 유찰 끝에 새 주인을 찾았다. 낙찰자는 SM그룹 관계사 ㈜나진이다. 골든프라자는 주택도시보증공사(HUG)가 공매에 넘긴 보증 사고 사업장 12곳 중 올해 처음으로 낙찰된 사례다.
18일 HUG와 금융감독원 공시에 따르면, 부동산 개발 업체 ㈜나진은 지난달 30일 HUG 공매에서 골든프라자 건물과 토지를 약 142억9000만원에 낙찰받았다. 나진은 우오현 SM그룹 회장의 아들 우기원 SM하이플러스 대표가 지분 100%를 소유한 회사다.
골든프라자는 1989년 대구 복현오거리에서 지하 7층~지상 17층 규모 건물을 목표로 착공했다. 하지만 1999년 공정률 80%를 넘긴 상태에서 공사가 중단됐고, 올해까지 26년째 유령 건물 상태로 방치됐다.
HUG는 이 건물과 토지에 대해 PF(프로젝트파이낸싱) 보증을 섰으나, 2020년 기존 시행사가 채무를 갚지 못해 보증 사고가 발생했다. HUG는 이를 대신 변제한 뒤 자금 회수를 위해 그해 말 건물과 토지 공매에 나섰고, 53회 유찰 끝에 6년 만인 최근 54번째 공매에서 낙찰에 성공했다. 낙찰가는 최초 감정가의 절반 수준으로 떨어졌다.
골든프라자는 낙찰됐지만, HUG가 공매 중인 부실 사업장은 여전히 11곳 남아 있다. 전북 군산 수페리체, 삼척 마달 더스테이 등 모두 지방 소재 사업장이다. 이 밖에 HUG가 보증을 섰으나 신탁사가 대신 공매 중이거나 공매 예정인 곳도 5곳이다."
2025-06-18,"이달 들어 서울 아파트 경매 시장에서 매각가율(감정가 대비 낙찰가 비율)이 100%를 넘는 사례가 잇따르고 있다.
감정 원가보다 높은 가격에 낙찰되는 물건이 많다는 건 경매 때 경쟁이 치열하고 수요가 많다는 의미다. 일반 아파트 매매 시장에서 가격이 크게 뛰는 가운데 경매 시장에서도 불장이 형성되고 있는 것이다.
18일 경공매 기업 지지옥션에 따르면, 이달 1일부터 지난 16일까지 진행된 서울 아파트 경매 중 매각가율이 100%를 넘는 경매는 총 24건으로 집계됐다. 한 달 중 절반 정도밖에 안 지났는데, 올해 1~5월 월간 평균 25.4건에 육박한 수준이다. 6월 전체 경매 건수는 올해 월평균 건수를 크게 웃돌 것으로 예상된다.
경매의 경우 토지거래허가제 적용을 받지 않기 때문에 규제 지역 경매 물건에 관심이 커지고 있는 것으로 보인다. 실거주 의무가 없기 때문에 일반 거래 때와 다르게 낙찰받은 집에 세를 줄 수 있어 주택 취득 시 초기 비용이 덜 든다.
실제로 이달 토허제 구역 내에서 매각가율이 높은 거래가 많았다. 지난 11일 서울 강남구 대치동 한보미도맨션 106㎡는 감정가 31억5000만원보다 10억6000만원 이상 높은 약 42억1500만원에 낙찰돼 매각가율이 133.8%였다.
용산구 이촌동 강촌아파트 전용 84㎡는 감정가 19억6000만원 대비 4억4600만원 높은 약 24억700만원(매각가율 122.8%)에 낙찰됐다. 송파구 신천동 롯데캐슬골드 166㎡는 감정가보다 5억원 이상 비싼 30억1000만원(120.9%)에 매각됐다.
토허구역 밖에서도 매각가율이 100%를 넘는 거래가 늘고 있다. 서울 동작구 대방동 성원 84㎡는 감정가보다 8000만원 높은 13억310만원(106.8%)에 거래됐다. 동대문구 휘경동 브라운스톤휘경 전용 59㎡도 감정가보다 1400만원 높은 7억6200만원(101.9%)에 낙찰됐다.
지지옥션 관계자는 “상대적으로 저렴한 가격에 아파트를 사보려는 실수요자들이 증가하면서 이달 들어 비강남권에서도 매각가율이 100% 이상인 사례가 눈에 많이 띈다”고 말했다."
2025-06-17,"서울 전역에서 아파트값이 들썩이는 가운데, 경기도에 있는 아파트나 빌라, 오피스텔을 구입한 외지인 비율이 빠르게 늘고 있다. 이런 현상은 서울 아파트값이 큰 폭으로 오른 3월 이후 본격화됐다는 분석이다. 서울에서 집을 사려는 수요 일부가 경기도로 넘어오면서 외지인 비율이 늘었다는 것이다.
16일 법원 등기 정보를 보면, 지난달 경기도에서 아파트나 빌라 등을 사들인 사람 약 2만4100명 가운데 19.3%가 다른 시도 거주자로 집계됐다. 부동산 매수자 5명 중 1명꼴이다. 경기도 부동산 외지인 매수 비율은 지난 3월 15.3%에서 4월 17.6%, 지난달 19.3%로 계속 증가 추세다. 3월 서울 강남권에서 토지거래허가구역이 일시 해제된 여파로 인기 주거지를 중심으로 아파트 거래가 늘고, 곳곳에서 최고가 경신이 잇따랐는데 이를 계기로 경기도에 집을 사는 외지인들이 늘기 시작한 것이다.
경기도 부동산을 사들인 외지인 중 서울 거주자는 3월 2533명에서 5월엔 2975명으로 두 달 만에 17.4% 늘었다. 경기도 부동산 구매자 중 서울 시민 비율도 3월 9.4%에서 지난달 12.3%로 계속 증가하는 추세다. 고양시 덕양구(5월 40.8%), 하남시(36.6%), 김포시(23.5%)에서 특히 서울 시민의 부동산 구매 비율이 높았다. 인천에서도 비슷한 흐름이 발견된다. 인천에 집을 사는 서울 시민이 늘면서 외지인 매수 비율은 3월 21.8%에서 지난달 24.4%로 늘었다.
반면 서울에선 외지인의 부동산 매수 비율이 줄고 있다. 지난 3월 26.8%에서 4월 26.5%, 지난달 21.6%로 두 달 만에 약 5%포인트 줄었다. 서울 집값이 단기간에 오른 탓에 서울에 집을 사서 이주하는 실수요자나 타지 자산가의 ‘원정 투자’가 줄었다는 분석이다. 고종완 한국자산관리연구원장은 “신축 공급이 부족한 상황에서 서울 아파트값이 더 오르면 실수요자의 ‘탈서울’ 현상이 더 심해질 수 있다”고 말했다."
2025-06-17,"전국 아파트 5채 중 한 채꼴로 준공 30년이 넘은 노후 주택인 것으로 나타났다. 최근 주택 착공 감소로 새 아파트 공급은 줄어든 상황에서 도심 내 재건축 같은 정비 사업은 지지부진한 탓에 노후 주택 비율이 늘어나고 있는 것이다.
17일 부동산R114에 따르면, 전국의 아파트·연립 등 공동주택 1205만 가구 중 ‘30년 초과’ 주택은 260만6823가구로 집계됐다. 전체 공동주택(1204만9028가구)의 21.6%다. 30년 초과 노후 주택 비율은 지난 2022년 12%(136만 가구)에서 2023년 15%(171만 가구), 2024년 18%(219만 가구) 등 해마다 오르는 추세다.
지역별로는 대전의 노후 주택 비율이 35%로 전국에서 가장 높았다. 서울(29%)은 노원구 상계동·중계동, 양천구 신정동, 강서구 가양동 등에서 노후 주택 비율이 높았다. 이어 전남(27%), 전북(26%), 인천(25%) 등 순이었다.
2022년 하반기부터 건설 경기 불황이 심해지며 신규 아파트 착공이 크게 줄었는데, 노후 주택의 재건축·재개발까지 위축된 영향이 크다. 내후년까지 1996~1997년 준공된 아파트 80만 가구가 추가될 것으로 예상되면서 노후 주택 비율 확대는 불가피할 것으로 전망된다. 백새롬 부동산R114 책임연구원은 “노후 주택이 급격히 늘면서 인구 유출, 지역 경제 축소와 함께 도시 경쟁력 저하가 우려된다”고 했다."
2025-06-17,"16일 진행된 경기도 과천시 과천지식정보타운 무순위 청약에 신청자가 몰리면서 청약 사이트 접속이 지연되는 사태가 벌어졌다. 한국토지주택공사(LH)는 결국 접수 마감 시한을 연장하기로 결정했다.
LH청약플러스에 따르면 16일 오전 10시부터 시작된 ‘과천그랑레브데시앙’ 전용면적 55㎡ 1가구 무순위 청약에 6만명 넘는 인원이 대기 줄을 형성했다.
접속자가 몰리자 청약 신청 페이지 접속 자체가 원활하게 이뤄지지 않으면서 수요자들 사이에서는 불만이 터져 나왔다. 한 예비 청약자는 “오전 10시부터 청약을 시도했지만 오후까지 로그인조차 못했다. 접속자 폭주로 앱이 강제 종료됐다”고 했다. 또 다른 예비 청약자도 “오전 11시에 접속하자 대기 인원이 4만명에 달하더라. 3시간을 기다려 차례가 되자 ‘접속 장애’ 안내창이 뜨면서 강제로 로그아웃됐다. 다시 접속하니 이번에는 5만명을 기다려야 한다”고 토로했다.
이에 따라 LH는 청약 접수 기간을 18일 오후 5시까지로 연장하기로 했다. 원래 마감 시한은 16일 오후 6시였다.
LH는 “분양가 상한제로 저렴하게 공급되는 신혼희망타운 공공 분양의 특성상 많은 청약자가 몰려 원활한 접수가 이뤄지지 않아 불가피하게 접수를 연장하게 됐다”고 밝혔다.
이러한 접속자 폭주는 예상됐다는 평가다. 기존 당첨자의 중도금 미납으로 계약이 취소된 이 아파트의 분양가는 2020년 공고 때와 같은 5억4000만원 수준이다. 발코니 확장비 등의 옵션을 포함해도 5억원 중반대다.
시장에서는 약 10억원대 시세 차익을 기대하고 있다. 국토교통부 실거래가 공개 시스템에 따르면 인근에 있는 ‘래미안슈르’ 전용 59㎡는 최근 16억4500만원에 매매됐다.
다만 수익 공유형 모기지를 의무 가입해야 하는 신혼희망타운이기에 대출 기간과 자녀 수에 따라 차익의 최대 50%를 주택도시기금과 정산한다.
입주자 모집 공고일(5월 29일) 기준 전국 거주 무주택 세대 구성원 중 ▲혼인 7년 이내 또는 6세 이하 자녀를 둔 신혼부부 ▲1년 내 혼인 예정인 예비 신혼부부 ▲6세 이하 자녀를 둔 한 부모 가족에 해당하면 청약할 수 있다.
막대한 시세 차익이 예상되지만 청약 통장 가입 여부, 소득‧자산 기준, 과거 당첨 이력 등도 따지지 않아 전국의 청약 수요가 몰렸다. 원래 마감 시한인 16일 오후 5시쯤까지도 접속자 수는 6만6000여 명에 달했다."
2025-06-17,"지난달 전국에서 분양한 아파트 물량이 3257가구에 그쳤다. 1년 전 같은 기간보다 76.2%나 감소한 수치다. 미분양으로 몸살을 앓는 지방 분양 물량(1034가구)이 86% 감소했는데, 상대적으로 수요가 있는 수도권 분양(2223가구)도 65%나 급감했다. 새 아파트 공급이 위축되면서 서울을 중심으로 아파트값 상승을 부채질한다는 우려가 커지고 있다.
16일 주택도시보증공사(HUG)에 따르면, 5월 전국에서 분양한 민간 아파트(3257가구)가 1년 전(1만3712가구)보다 1만 가구 넘게 줄었다. 건설 경기 침체 속 건설사들이 분양 일정을 대선 이후로 많이 미룬 영향이다. 지방은 미분양 우려 때문에 분양 계획조차 잡지 못하는 경우가 많다.
서울의 경우 하반기에도 분양 물량 증가를 기대하기 어렵다. 부동산R114에 따르면 올해 연말까지 예정된 서울 아파트 일반 분양 물량은 7358가구로, 지난해 1만149가구 대비 28% 줄어들 것으로 보인다. 입주가 예정된 새 아파트도 감소 추세다. 내년 서울 아파트 입주 예정 물량은 2만8614가구로, 올해(4만6738가구) 대비 약 39% 감소할 전망이다.
공급 부족으로 집값 불안이 가중될 것이란 우려 속에 분양가는 계속 오름세다. HUG가 집계한 5월 서울 민간 아파트 분양가는 평당(3.3㎡) 4568만3000원으로 나타났다. 역대 최고치였던 지난해 11월(4720만7000원)보다는 낮지만, 작년 5월(3869만8000원)과 비교하면 1년 새 18% 상승했다. 분양가 상승세는 수도권과 지방으로 확산하고 있다. 인천과 경기는 물론 충남·전북·전남·경남이 올 들어 역대 최고 분양가 기록을 경신했다."
2025-06-16,"서울 집값 상승세가 가팔라지면서 비(非)강남권 아파트값까지 문재인 정부 ‘폭등기’를 넘어서 역대 최고로 치솟고 있다. 마포구와 양천구 아파트값이 지난달 역대 최고를 돌파했고, 광진구·강동구·영등포구 등도 사실상 종전 최고였던 3~4년 전 수준에 도달했다. 강남 3구(강남·서초·송파구)와 용산·성동구 같은 인기 주거지는 이미 지난해 문 정부 집값 수준을 넘어선 뒤 계속 최고치를 경신하고 있다.
서울 주택 시장에선 “민주당 정부 출범에 맞춰 또다시 2020년대 초반처럼 아파트값이 날뛰고 ‘패닉바잉(공황 매수)’ 현상이 재현되는 것 아니냐”는 우려가 확산하고 있다. 내년 서울 아파트 입주 물량이 급감하며 공급 부족 문제가 심화할 것으로 전망되는 가운데, 아파트 전셋값도 2년 5개월 만에 최고치로 올라 매매가를 밀어올리고 있다. 이런 상황에서 진보 성향으로 분류되는 이준구 서울대 경제학부 명예교수도 14일 소셜미디어에 글을 올려 “(집값 폭등을 막지 못했던) 노무현 정부와 문재인 정부의 경우 출범 초에는 집값이 비교적 안정세를 보인 행운을 누렸지만, 이재명 정부는 출범하자마자 심상치 않은 집값 폭등의 전조에 직면했다”며 “특단의 조처를 취하지 않는다면 장래에 또다시 집값이 미친 듯이 뛰는 참사가 벌어질 수 있다”고 했다.
◇비강남권 속속 아파트값 최고가 경신
15일 한국부동산원의 ‘아파트 가격 지수’ 자료에 따르면, 서울 마포구 아파트값 지수는 5월 마지막 주 기준 101.4를 기록하며, 문재인 정부 집값 폭등기 직후(2022년 1월)에 세워진 종전 최고치(101.29)를 넘어섰다. 앞서 2주 전엔 양천구 아파트값 지수(100.83)가 역시 기존 기록(100.73)을 돌파했다. 조만간 아파트값 최고치를 기록하는 지역은 더욱 늘어날 전망이다. 광진구(최고치 대비 6월 지수 비율 99.6%), 강동구(99.2%), 영등포구(98.5%) 등에서 이미 2022년 초 최고치 수준에 육박한 상태다. 강남 3구와 용산구, 성동구 등 아파트 매수 수요가 몰리는 지역은 이미 작년 여름 역대 최고치를 경신했는데, 최근 들어 비강남 지역으로 확산하고 있는 것이다.
실제로 양천구 목동신시가지 7단지 전용 101㎡는 이달 30억2000만원에 매매 계약이 체결, 3년 전인 2022년 초 실거래가(25억4000만원)보다 4억8000만원 올랐다. 마포구 마포래미안푸르지오 4단지 전용면적 84㎡는 올 3월 21억원에 거래됐는데, 2022년 4월 실거래가(19억3000만원)보다 1억7000만원 상승한 가격이다. 동작구 아크로리버하임 전용 84㎡는 올해 4월 실거래가(31억2000만원)가 3년 전보다 5억8000만원이나 뛰었다.
지난달 서울 아파트 거래는 15일 기준 7011건으로 올해 최다인 3월(1만227건)과 3000건 정도 차이밖에 나지 않는다. 신고 기한이 2주일 정도 남아있는 점을 감안하면 패닉바잉이 기승을 부렸던 2022년 6월(1만6386건) 이후 최대치를 기록할 가능성도 있다.
◇‘3각 파도’ 한꺼번에 몰아치는 상황
부동산 전문가들은 크게 ‘공급 부족’ ‘대출 규제’ ‘금리 인하’란 세 가지 복합적인 요인이 맞물려 서울 집값이 무섭게 뛰고 있다고 본다. 박원갑 KB부동산 수석전문위원은 “기본적으로 내년 이후 아파트 물량 공급이 부족할 것이란 불안 심리가 널리 깔려 있는 가운데, 다음 달 스트레스 DSR(총부채원리금상환비율) 3단계 대출 규제 시행을 앞두고 ‘막차 수요’가 급증하고 있고 하반기 금리 인하를 전망하는 사람들이 집값이 더 상승할 것으로 예상하는 점이 집값 급등으로 이어지고 있다”고 말했다. 이른바 ‘3각 파도’가 한꺼번에 몰아치는 상황이란 것이다.
정부는 최근 기획재정부·국토교통부·금융위원회 등 관계 부처가 모여 ‘부동산 시장 TF’ 회의를 열고 “가용 정책 수단을 총망라해 대응하겠다”고 밝혔다. 조정대상지역이나 투기과열지구 등의 규제 적용 가능성이 점쳐진다. 박합수 건국대 부동산대학원 교수는 “과열 지역에 대한 일부 규제도 필요하겠지만, 빠르게 공급을 늘릴 수 있다는 신호를 주는 게 더 중요하다”며 “3기 신도시 용적률을 늘려 공급 물량을 추가하는 등 대책이 필요하다”고 말했다."
2025-06-16,"“다음 달 대출 규제 강화를 앞두고 서울 아파트 값 상승 폭이 커지고 있는데, 실수요자는 올 하반기에 갈아타기나 내 집 장만 기회를 잡을 수 있습니다.”
김은진 레오대출연구소 대표는 최근 본지 인터뷰에서 “최근 서울을 중심으로 집값이 더 오르기 전에 집을 사겠다는 수요가 늘었는데, 기존 주택을 미처 처분하지 못한 채 새집을 사는 사람이 적지 않다”며 “7월 스트레스 DSR(총부채 원리금 상환 비율) 3단계 규제 시행을 앞두고 일단 계약금부터 내놓고 잔금일은 가을 이후나 연말로 미뤄둔 케이스가 많다”고 했다. 김 대표는 “이런 분들이 다주택자 되기를 피하려고 내놓는 주택 물량이 시장에 대거 나올 것으로 보이는데, 이를 상급지로 갈아타는 기회로 삼을 수 있다”고 설명했다. 그는 “규제 지역에서 다주택자는 대출받기가 매우 어렵기 때문에 이때가 소위 상급지의 주목할 만한 물건이 많이 나오는 타이밍이 될 수 있다는 것”이라고 덧붙였다. 김 대표는 “부채, 신용 점수 등 본인의 대출 여건을 정확히 확인해 대비하는 게 중요하다”고 했다.
신축 아파트 분양을 준비하는 수요자들은 새 정부 부동산 정책이 청약 시장에 미칠 영향에 촉각을 곤두세우고 있다. 박지민 월용청약연구소 대표는 “하반기 이후 조정 대상 지역이나 투기과열지구 등 규제가 확대될 수 있고, 이는 분양가 상한제 등의 청약 규제 적용 아파트가 크게 늘어난다는 뜻이어서 청약 시장이 큰 영향을 받을 것”이라고 예상했다. 그는 “수도권 외곽이나 지방은 시세보다 분양가가 높은 반면, 분상제로 묶인 지역에선 시세와 차이가 커 청약 시장에서도 양극화가 강화되는 추세”라며 “신축 아파트의 분양가를 판단하는 기준, 청약 자격 등에 따라 지방과 수도권에서 취할 할 전략이 달라져야 한다”고 했다.
최근 지방을 중심으로 부동산 경기 침체가 장기화하면서 법원 경매에 관심을 갖는 사람도 늘고 있다. 이주현 지지옥션 전문위원도 ‘규제’와 ‘양극화’를 향후 경매 시장의 주요 키워드로 꼽았다. 이 위원은 “갭 투자가 불가능한 토지거래허가제 등의 규제 확대로 경매 시장에 대한 관심은 커지고 있지만, 일반 매매 시장과 유사하게 호가가 높은 인기 아파트 경매에만 수요가 몰리는 상황”이라며 “경매에도 DSR 규제가 동일하게 적용되는 만큼 지역과 입지, 신·구축 등의 조건을 잘 따져 옥석을 가려야 한다”고 했다.
오는 7월 4일부터 이틀간 서울 강남구 코엑스 D홀에서 열리는 ‘대한민국 부동산 트렌드쇼’에서는 대출·청약·경매 분야에서 최고 전문가로 꼽히는 이 세 명의 강연을 들을 수 있다. 김은진 대표는 ‘실수요자의 상급지 갈아타기 대출 전략’, 박지민 대표는 ‘초양극화 청약 시대에 살아남기’, 이주현 전문위원은 ‘기회는 물밑에 있다. 경매 투자 핵심 포인트’라는 제목으로 각각 연단에 오른다."
2025-06-16,"평택 ‘고덕 자연앤 하우스디’ 이달 말 분양
경기도 평택 고덕국제신도시 A4 블록에서 경기주택도시공사(GH)가 시행하고대보건설이 짓는 ‘고덕 자연앤 하우스디’가 이달 말 견본주택을 열고 분양에 나선다. 단지는 지하 1층~지상 23층 7동, 총 517가구 규모로 조성된다. 전용면적 84㎡ 328가구, 전용 98㎡ 189가구다. 분양가 상한제가 적용되는 공공 분양 아파트로 가격 경쟁력을 갖췄고, 민간 아파트 수준의 실내 평면과 커뮤니티 시설 등 상품성도 뛰어나다는 평가다. 가구당 약 1.5대의 넉넉한 주차 공간을 확보했다.
서울 중랑구 면목 7구역 재개발 사업 수주
SK에코플랜트가 5958억원 규모의 서울 중랑구 면목 7구역 재개발 사업을 수주했다고 15일 밝혔다. 중랑구 면목동 69-14번지 일대에 지하 3층∼지상 35층 11동 1502가구와 부대 복리 시설을 짓는 사업이다. 서울지하철 7호선 면목역을 걸어서 10분 이내에 이용할 수 있다. 동일로, 용마터널 등을 이용하면 차량으로 강남권을 비롯해 수도권 다른 지역으로 이동이 편하다. 단지 인근에 면목초·중·고가 있고, 용마가족공원과 서일대 뒷산 공원 등 녹지 공간도 풍부한 편이다."
2025-06-16,"부동산 디벨로퍼 열 명 중 약 일곱 명꼴로 행정 관청의 인허가 문제를 사업 추진 시 가장 큰 어려움으로 꼽는 설문조사 결과가 나왔다. 전체 응답자의 약 40%는 인허가 지연 때문에 최근 실제로 사업상 피해를 봤다고 답했다.
15일 국토교통부가 건축공간연구원에 의뢰해 부동산 개발 사업 관계자 317명에게 물어본 결과, 응답자 317명 중 66%가 ‘부동산 개발 사업 추진 시 인허가가 큰 어려움으로 작용한다’고 답했다. 개발 업체들은 사업 진행 과정에서 건축, 경관, 교통 영향 평가, 교육 환경 등 다양한 분야의 인허가 절차를 밟아야 한다. 이때 지자체가 자의적으로 법령을 해석하는 경우, 지나친 조건을 부과하는 경우 등 다양한 이유로 인허가가 순탄하게 진행되지 않는다는 게 개발 업자들 얘기다.
응답자의 40.4%는 ‘최근 3년 사이 인허가 지연 때문에 피해를 보았다’고 응답했다. 실제로 용적률과 층고 등 인센티브를 받는 조건으로 기부 채납 등의 지자체 요구를 따랐지만, 주민 민원이 발생해 1년 이상 절차가 지연되거나 지자체 심의 과정에서 용적률만 낮아지고 기부 채납 의무는 그대로인 사례 등이 있었던 것으로 조사됐다. 응답자 80.6%는 ‘사업 지연이 우려돼 가급적 행정 관청 요구를 수용한다’고 답했다.
국토부는 인허가 기간 단축을 제도적으로 지원하는 방안을 추진하고 있다. 연내에 ‘신속 인허가 지원 센터’를 출범하고, 구체적인 유권해석 제공, 지역별 인허가 소요 기간 정보 공개 등을 통해 인허가 기간 단축을 유도할 계획이다. 국토부 관계자는 “인허가 기간을 한 달만 줄여도 금융비를 수천억 원 아낄 수 있어, 사업비 증가에 따른 분양가 상승 부작용도 줄일 수 있을 것”이라고 말했다."
2025-06-16,"포스코이앤씨가 대구 수성구 범어동 1번지(옛 대구 MBC 부지)에서 ‘어나드 범어’ 분양에 나선다. 지하 6층~지상 33층 5동(棟) 규모로 아파트와 주거형 오피스텔, 판매 시설이 함께 있는 복합 단지다. 이 중 아파트 4동은 전용면적 136~244㎡로 이루어져 있으며 총 604가구다. 전 가구가 대구에서 희소성 높은 대형 평수로 구성된다.
내년 1월 입주 예정인 어나드 범어는 서울 강남 고급 아파트에 적용되는 입주민 전용 서비스를 대구에서 처음으로 적용하며 수요자의 눈길을 끌고 있다. 개인 비서처럼 입주민의 문화·여가·여행을 위한 예약을 대신해 주거나 통역이나 의전을 위한 서비스를 연계해 준다. 세탁과 세차는 물론 집 정리와 청소를 도와주는 등 다양한 서비스를 제공한다.
◇교통·교육 잡은 입지
어나드 범어는 대구의 대표적인 부촌으로 불리는 수성구 범어동에 있어 교통·문화·교육 등 다양한 인프라가 인접해 있다는 장점이 있다. 대구 지하철 2호선 범어역을 도보로 이용할 수 있으며, 동대구로와 달구벌대로가 인근에 있어 대구 시내·외로 이동하기 편리하다. KTX·SRT·고속버스터미널이 있는 동대구역 복합환승센터와 동대구IC도 가깝다.
길 건너 동천초를 비롯해 단지 가까이 범어초, 청구중·고, 경신중·고 등이 있고, 학원가가 모여 있는 수성구청역도 차로 5분 거리에 있다. 이 밖에 현대시티아울렛·범어먹거리타운·신세계백화점 등 편의 시설과 야시골공원 등 녹지 시설도 인접해 편리하게 이용할 수 있다.
◇다양한 입주민 전용 서비스
어나드 범어는 단지 내에서 다양한 문화 시설을 즐길 수 있다. 대구 최초로 입주민 전용 영화관을 계획했으며, 최상층에는 스카이라운지를 비롯해 헬스·GX 등 운동 시설을 이용할 수 있는 커뮤니티가 마련돼 있다. 입주민 만족도를 높이기 위해 이탈리아 주방 가구 ‘다다’, 프리미엄 가구 브랜드 ‘아르모’ 등 유명 브랜드의 마감재가 적용된다.
어나드 범어의 가장 큰 특징은 입주민 컨시어지 서비스와 멤버십 서비스다. 입주민 대신 맛집과 영화 티켓 등을 대신 예약해주는 것은 물론, 법무·세무·컨설팅 등 입주민 요청 사항을 지원하는 맞춤형 서비스도 있다. 입주민만을 위한 명사 초청 강연이나 골프 레슨, 명상 및 와인 클래스 같은 스포츠·예술·문화 등의 교육 프로그램을 제공하는 아카데미도 운영한다. 전문 자격을 보유한 전문가가 정리·수납 서비스를 제공해 주고, 방문 세차, 세탁, 공동 구매, 택배 예약 등 다양한 서비스를 단지 안에서 받을 수 있다.
조식을 제공하는 다른 고급 아파트와 차별화를 두기 위해 어나드 범어는 문 앞까지 조식을 배달하는 ‘가정식 딜리버리’ 서비스도 도입한다. 여기에 입주민 전용 ‘헬스케어 서비스’와 ‘비대면 진료 서비스’도 제공한다. 헬스케어 서비스는 365일 24시간 운영되는 헬스케어 콜센터를 함께 운영해 건강 상담과 함께 진료 예약도 대행한다.
분양 관계자는 “입주민을 위해 제공되는 서비스를 위해 전문 컨시어지 서비스 플랫폼 앱을 선보일 것”이라며 “하이엔드 주거 단지를 선보이기 위해 설계부터 커뮤니티, 주거 서비스까지 심혈을 기울였다”고 했다. 견본 주택은 대구 수성구 황금동 600-1번지에 마련된다. 사전 예약제로 운영돼 라운지 방문 후 사전 등록 고객을 대상으로 홈페이지를 통해 예약할 수 있다."
2025-06-14,"“지난달 정점인 줄 알았던 가격이 또 오르면서 이제는 겁이 날 지경입니다.”
서울 마포구의 한 공인중개사는 13일 “계약이 성사되기 직전에 매도자가 이를 멈추고 5000만원 정도 올려 다시 계약하자고 요구하는 일도 생긴다”며 이렇게 말했다. 마포구 아파트 가격이 연일 신고가를 경신하면서 매도자가 물건을 회수하거나 가격을 올려 다시 내놓는 사례가 이어지고 있는 것이다. 서울 방배동의 한 공인중개사는 재건축 단지 집주인들이 매물을 회수하면서 하루에도 열 통이 넘는 전화를 받는 등 곳곳에서 집값 상승에 대한 기대감이 이어지고 있다.
부동산 시장이 달아오르며 서울 아파트 매매 가격이 뛰고 있다. 지난 3월 토지거래허가구역이 확대 재지정되며 아파트 가격 상승세가 가라앉는 듯했지만, 이제는 강남 3구에 이어 마포·용산·성동·동작 등 서울 전역으로 번지고 있는 것이다. 13일 한국부동산원에 따르면 6월 둘째 주 기준으로 강북을 제외한 서울 24구의 각 아파트 매매 상승률이 3주 연속 오름세를 이어가고 있는 것으로 나타났다. 매수 수요를 가늠할 수 있는 서울 ‘매수우위지수’도 83으로 9주 연속 상승하면서, 2021년 10월 셋째 주(86.1) 이후 44개월 만에 가장 높은 수준을 기록했다. 이러한 상승세는 2020년 11월 ‘부동산 불장’으로 집값이 천정부지로 치솟을 때와 비슷한 수준이다. 양지영 신한투자증권 자산관리컨설팅부 수석은 “최근엔 하반기로 가면 금리 인하와 함께 공급 부족으로 인해 가격이 오를 수밖에 없다는 전망까지 팽배해지면서 집값이 들썩이고 있다”고 말했다.
◇심상치 않은 서울 집값 상승세
6월 둘째 주 서울 아파트 매매 가격은 전주 대비 0.26% 증가하며 40주 만에 가장 큰 상승 폭을 기록했다. 송파구의 아파트 매매 가격은 전주 대비 0.71% 뛰면서 토지거래허가제 재지정 직전인 3월 셋째 주(0.79) 이후 가장 높은 수치를 기록했다. 강남구(0.51%)와 서초구(0.45%)도 높은 상승률을 보였다. 강남 3구가 토허제로 재지정되며 갭투자가 막혔지만, 재개발 등을 노린 ‘똘똘한 한 채’ 수요가 높아지며 신고가 행진이 이어지고 있는 것이다.
강남 3구 가격이 무섭게 오르자, 아파트 매매 수요는 마포, 성동, 동작 등으로 움직이고 있다. 지난달 거래량은 마포 368건, 성동 463건, 동작 413건을 기록하며 직전 달보다 일제히 거래가 늘었다. 지난 3월 거래량보다 적지만, 5월 신고 기한이 아직 보름 이상 남은 만큼 결국 3월 거래량을 뛰어넘을 것으로 전망된다.
강남 3구 이외의 마포, 성동 등에서 매수세가 이어지는 이유는 다음 달부터 대출 규제가 강화되는 스트레스 DSR(총부채원리금상환비율) 3단계 시행을 앞두고 ‘막차 수요’가 높아진 영향이 크다. 김인만 김인만부동산경제연구소장은 “‘지금 아니면 안 된다’는 불안 심리가 강해지면서 강남을 시작으로 마포·성동·용산 등을 거쳐 이미 노원·도봉·강북까지 매수세가 번지고 있다”고 했다. 이재명 정부의 출범도 최근 집값 상승의 요인이란 분석도 있다. 김효선 NH농협은행 부동산수석전문위원은 “새 정부가 경기 부양을 위해 돈을 풀 것으로 예상되면서 시중에 자금이 풀려 유동성이 늘어나고, 결국 이것이 부동산 시장에 공급되면 부동산 가격이 상승하는 일이 반복될 것“이라고 했다.
◇수요 규제와 함께 공급 확대 필요
다음 달 예정대로 대출 규제가 시행되면 단기적으로는 거래가 줄어들 가능성도 있다. 하지만 하반기에 추가적인 금리 인하가 단행된다면 가격 상승세가 다시 이어질 것이란 전망이 우세하다. 이 때문에 정부는 마포구와 성동구 등도 규제지역으로 지정하는 방안을 검토하고 있다. 이미 지난달 열린 부동산시장 점검 회의를 통해 “필요시 조정대상지역, 투기과열지구, 토지거래허가구역 추가지정 등 시장 안정 조치를 강구하겠다”고 밝힌 바 있다. 전문가들은 규제지역 지정과 대출 규제를 통한 수요 관리 외에도 공급 확대를 위한 추가 전략이 필요하다고 지적한다. 고종완 한국자산관리연구원장은 “규제지역을 통해 특정 지역의 거래를 잡아도 풍선효과 등 부작용이 이어질 가능성이 높다”면서 “예정돼 있는 3기 신도시 공급 속도를 높이고, 강남 3구와 성동, 마포를 제외한 지역에는 재건축 초과이익 환수제를 예외적으로 적용하지 않는 등 적극적인 움직임이 필요하다”고 했다.
☞매수우위지수
부동산 시장에서 매수자가 매도자보다 얼마나 많은지를 가리키는 대표적인 지표다. 지수가 높아질수록 매수자가 늘어나면서 부동산 시장이 활기를 띠고 있다는 의미를 가진다. 업계에서는 지수가 70 이상이면 부동산 시장이 바닥을 지나 상승세에 돌입한 것으로 받아들인다."
2025-06-13,"“작업장 내 안전에 문제가 될 수 있는 지점을 찾아줘.”
관리자의 요청에 인공지능(AI)이 가상 공간으로 구현된 건설 현장을 스캔하더니 자재가 위험하게 쌓여 있는 곳과 ‘추락 위험’ 표지가 빠진 곳을 짚어냈다. 건설 안전 설루션 기업 큐픽스가 아마존웹서비스(AWS)와 개발 중인 생성형 AI 서비스다. 매일 작업자가 360도 카메라로 현장을 돌아다니며 영상을 찍으면, AI가 도면과 공정, 작업 계획표 등을 비교해 사고 위험이 있거나 부실 공사 우려가 있는 현장을 알려주는 서비스다. 큐픽스 관계자는 “AI가 과거에 발생한 건설 관련 사고 패턴을 분석해 현장의 미흡한 부분을 빠르게 체크한다”며 “안전 관리자 같은 인력을 쓰는 것보다 속도도 빠르고, 사소한 판단 실수도 줄일 수 있다”고 했다.
건설 현장 내 안전 문제에 대한 경각심이 높아지면서 국내 건설 업계도 안전 관리 강화를 위해 다양한 첨단 기술을 도입하고 있다. 안전 사고를 예방하기 위해 AI를 활용하는 것은 물론, 고위험 작업을 대신 수행할 로봇 개발에도 적극적으로 나서고 있다. 중대재해법 시행에도 매년 200명 이상이 건설 현장에서 사고로 사망하고 있는 현실이다. 한 대형 건설사 관계자는 “현장 안전 사고는 법적 제재와 수주 경쟁력에 영향을 미치는 것을 넘어 지금은 회사의 생존과 직결되는 문제인 만큼 관련 기술 개발에 투자를 아끼지 않는다”고 했다.
◇AI·드론·로봇 등 활용해 건설 안전 강화
최근 건설 업계에서 가장 활발하게 개발되는 기술은 AI를 이용해 현장 상황을 자동으로 분석해 사고 위험을 실시간으로 알려주는 설루션이다. 건설 안전 설루션 개발 업체 무스마는 크레인 장비에 부착한 센서를 AI와 연동해 크레인 충돌을 방지하는 시스템을 운영하고 있다. 마치 자동차 후방 센서처럼, 크레인의 각 부분과 주변 사물 간의 거리를 계산해 충돌 사고를 방지하는 것이다. 또한 공사 현장에서 휴대할 수 있는 이동형 AI CCTV로 안전모 착용 여부를 확인하고, 작업자가 갑자기 쓰러지는 것도 탐지해 경고한다.
대규모 건설 현장에서는 사람이 모든 것을 확인할 수 없는 만큼, 드론을 활용하는 기술도 많이 활용된다. 프롭테크 기업 엔젤스윙은 드론으로 건설 현장을 촬영해 이를 가상 공간에 옮겨주는 설루션을 운영한다. 드론이 매일 정해진 시간에 현장을 자동으로 촬영해 날짜별 공사 진척도는 물론 현장 위험 요소를 조기에 탐지할 수 있는 게 특징이다. AI 안전 진단·검사 설루션을 개발한 딥인스펙션은 드론으로 터널·댐·공항·도로 등을 촬영한 뒤 AI로 균열이나 구조 결함 등을 찾아낼 수 있다.
현장 안전 사고를 줄이고 생산성을 높이기 위해 로봇 개발에 나선 기업도 속속 생기고 있다. 주로 추락 사고가 발생하기 쉬워 위험성이 높은 곳에서 작업자를 대체하기 위해서다. 삼성물산 건설 부문은 지난해 ‘철골 볼트 조임 자동화 로봇’과 ‘벽체 타공 로봇’을 선보였다. 로봇이 스스로 작업이 필요한 영역을 찾고, 분진이나 진동으로 인한 추락 사고 위험을 최소화할 수 있다. 현대엔지니어링이 개발한 ‘도장 로봇’은 사람이 직접 건물 외벽에 매달려 작업하는 방식에 비해 안전하고, 분당 최대 18㎡ 면적을 도색할 수 있어 현장 작업자보다 3배 정도 빠르게 작업할 수 있다.
◇글로벌 건설 안전 시장도 성장세
해외에서도 건설 안전 관리를 위해 첨단 기술 개발에 나서는 업체가 늘어나고 있다. 글로벌 건설 안전 시장 규모는 매년 10% 가까운 성장을 이어가면서 2034년 106억1000만달러(14조4158억원)에 이를 것으로 전망된다.
미국의 산업용 사물인터넷(IoT) 전문 기업 ‘트라이악스 테크놀로지스’가 개발한 스마트 헬멧은 작업자의 위치와 움직임 등을 실시간으로 추적하고 충격을 감지해 위험 지역 접근을 경고하거나 추락과 쓰러짐 등 사고를 관리자에게 알리는 기능이 탑재됐다. 일본 오바야시건설은 크레인 등 현장에 있는 중장비에 카메라를 장착해 주변 지형지물과 장애물, 작업자 위치 등을 분석할 수 있는 기술을 개발했다. 이를 통해 중장비 사각지대에 있는 근로자와 다른 중장비와의 충돌 사고를 방지한다."
2025-06-13,"올해 서울 아파트 일반 분양 물량이 4년 만에 가장 낮은 수준을 기록할 것으로 전망된다. 공급 물량이 줄어들면서 주요 입지의 아파트 청약 경쟁률은 더욱 치솟을 것으로 보인다.
부동산R114에 따르면 올해 연말까지 서울 아파트 일반 분양 예정 물량은 7358가구인 것으로 나타났다. 지난해 1만149가구 대비 28%(2791가구) 줄어든 수치다. 이는 지난 2021년 분양 물량이 2960가구를 기록한 이후 4년 만에 가장 적은 물량이며, 지난 10년간 분양 기록과 비교해도 2021년에 이어 둘째로 적은 수준이다.
부동산R114는 서울의 인구와 주거 수요를 고려할 때 새 아파트 공급량이 부족할 것으로 분석한다. 올해 분양 물량이 감소하면서 공급 부족 문제가 더 심각해질 수 있다는 것이다. 지난해 기준 서울 인구는 국내 총인구의 약 18.2%를 차지하는데, 아파트 신규 분양 물량은 6%에 불과하다. 국내 인구 26.7%가 거주하는 경기도에 신규 분양 물량의 35%가 몰리는 것과 비교하면 차이가 나는 것이다.
이 같은 수급 불균형으로 인해 서울 분양 경쟁률은 지난 2015년 1순위 평균 13.18대 1을 기록한 뒤 지난해까지 10년 연속 두 자릿수 이상의 경쟁률을 이어가고 있다. 2022년 부동산 침체기에도 전국 평균 경쟁률은 8년 만에 한 자릿수로 떨어졌지만, 서울은 약 10대 1을 기록했다."
2025-06-12,"지난달 대출 이자를 제때 갚지 못하는 등 문제로 인해 경매에 넘어간 서울의 부동산이 10년 만에 최대치를 기록한 것으로 나타났다.
12일 법원 등기정보광장에 따르면, ‘임의경매개시결정등기’가 신청된 서울의 집합건물(아파트·연립·오피스텔 등)은 687건을 기록했다. 지난 2014년 7월 772건을 기록한 이후 가장 많은 건수가 등록된 것이다. 이는 전년 동기(461건)보다도 49% 증가한 수치다.
임의 경매는 부동산을 담보로 대출 받은 채무자가 원금이나 이자를 3개월 이상 갚지 못해 부동산이 경매로 넘어가는 절차다. 채권자가 신청하면 별도의 재판 없이 임의 경매가 진행될 수 있다.
지역별로 살펴보면 지난달 서대문구에서 370건의 임의경매 물건이 쏟아지며 가장 많은 수치를 기록했다. 서대문구 대현동 이대 앞 지상 6층 규모 상가 건물이 임의경매로 넘어가면서 건수가 크게 늘어난 것이다. 서대문구 공인중개사 관계자는 “공사비와 대출 문제로 상가 361호실이 통으로 경매에 넘어간 것으로 보인다”고 했다. 이 밖에 중랑구 31건, 강남구와 강서구에서 각각 24건, 성동구 20건, 구로구 19건 순으로 많았다.
올해 1~5월 전국 집합건물 임의경매 신청 건수는 2만239건으로 지난해 같은 기간(2만4001건)보다는 15.7% 감소했다. 하지만 2021년 1만126건, 2022년 8678건, 2023년 1만4924건 등과 비교하면 여전히 높은 수준이다. 올해 임의경매를 통해 매각된 전국 집합건물은 9493건으로 2022년 5439건, 2023년 5461건, 2024년 7846건 등 갈수록 증가하는 추세다. 임의경매가 증가하는 것은 고금리 기조가 이어지면서 집주인들의 원리금 상환에 어려움을 겪고, 은행이 근저당권을 실행해 경매로 넘어가는 물건이 늘었기 때문으로 분석된다."
2025-06-12,"서울 아파트 값 주간 상승률이 9개월여 만에 최고를 기록했다. 강남 3구 등을 토지거래허가구역으로 묶은 이후 잠시 소강 상태를 보였으나 상승세에 다시 불이 붙은 모양새다.
12일 한국부동산원에 따르면, 이번 주(9일 기준) 서울 아파트 가격 상승률은 0.26%로 집계됐다. 전주보다 0.7%포인트 확대돼 작년 8월 마지막 주 이후 9개월여 만에 가장 높은 상승률을 기록했다.
토지거래허가제 적용 지역인 강남 3구 상승 폭이 크게 확대됐다. 송파구는 전주보다 0.21%포인트 폭이 커진 0.71%였고, 강남구는 0.11%포인트 확대된 0.51%였다. 서초구도 0.03%포인트 상승 폭이 커져 0.45% 올랐다.
세 구 모두 토지거래허가구역 일시 해제로 집값이 급등했던 3월 중순 이후 3개월 만에 가장 큰 폭의 상승률을 보였다. 역시 토지거래허가구역인 용산구도 0.43% 뛰어 전주 0.29%에서 오름폭이 커졌다. 용산구 상승률은 2018년 8월 마지막 주 이후 최고치를 기록했다.
마포, 성동, 강동, 동작구 등도 큰 폭으로 상승세가 커졌다. 마포구는 0.45%, 성동구는 0.47%, 강동구는 0.5%, 동작구는 0.39%를 기록했다. 부동산원은 “재건축 추진 단지, 선호 단지 위주로 호가가 뛰고 있고 상승 거래도 계속 체결되고 있다”고 설명했다.
전문가들은 “7월 스트레스 DSR(총부채원리금상환비율) 3단계 규제를 시행하기에 앞서 막차를 타려는 매수 수요가 몰려들면서 서울 전역에서 집값이 오르는 것”이라고 분석한다.
또 내년 이후 공급 부족이 우려되는 상황에서 선호 지역인 강남 3구와 용산구가 토지거래허가구역으로 묶여 매물이 줄면서, 수요자들이 규제 지역이 아닌 곳의 인기 단지로 옮겨간 영향도 있다고 본다. 강동구의 경우 2018년 9월 0.8% 상승 이후 6년 9개월 만에 가장 높은 상승률을 보였다.
서울 아파트값 상승 영향으로 전국 주간 아파트 가격도 0.03% 올랐다. 지난주 0.00%에서 상승 전환한 것이다. 지방은 -0.04%에서 -0.03%로 하락 폭이 축소됐다.
서울 지역은 전셋값도 0.08% 올라 전주 0.06%에서 오름폭이 커졌다. 전국 전세 가격은 0.01%로 0.00%에서 상승 전환했고, 지방은 -0.02%로 -0.01%에서 하락 폭이 확대됐다."
2025-06-12,"월간 아파트 ‘증여’ 건수 200건, 전체 아파트 거래에서 증여가 차지하는 비율은 33.7%로 서울 25구 중 압도적 1위. 지난 3월 이후 대규모 아파트 증여가 이뤄지고 있는 서울 중랑구 얘기다. 3~4월 합산한 중랑구의 아파트 증여 비율은 서울 전역 비율의 2배를 넘는다. 최근 수년간 아파트 증여 건수가 월 10건을 넘는 경우가 드물었던 이 지역에서 갑자기 왜 증여 건수가 폭발하는 걸까.
중랑구 설명에 따르면, 작년 12월 말 상봉터미널 재개발로 공급된 ‘더샵 퍼스트 월드’ 분양 계약자들이 3월부터 명의를 ‘배우자 공동 명의’로 변경하겠다고 몰려들어 증여 건수가 급증했다. 전체 900여 가구 중 최소 4분의 1 이상이 공동 명의 변경을 신청한 것으로 알려졌다.
분양 계약자가 아파트 등기 전 분양권 상태에서 공동 명의로 변경하는 사례는 이전에도 있었다. 완공 후 시점보다 분양권 상태에서 배우자에게 증여 처리하는 게 절세 차원에서 유리하기 때문이다. 증여 시점까지 낸 계약금, 중도금 등 비용과 시세 차익을 더한 금액을 지분 만큼 나눈 액수가 증여가액이 되는데, 배우자 증여 공제 한도 6억원에 한참 못미치는 경우가 많아 증여세를 적게 내거나 아예 안 낼 수 있다. 이 밖에 당장은 취득세가 없고 차후 양도세 산정에도 유리해 개개인별로 공동 명의 변경에 나서는 경우가 있었다.
그런데 최근의 ‘무더기’ 증여에는 이전과 다른 이유가 추가됐다는 분석이 나온다. 공사비 인상 등으로 서울 강북 지역에서도 분양가가 비싸지는 가운데, DSR(총부채원리금상환비율) 등 대출 규제 때문에 어려움이 커진 계약자들이 중도금·잔금 대출을 원활히 진행하기 위해 공동 명의 변경에 나서고 있다는 것이다. 공동 명의 아파트의 경우 DSR 산정 시 부부합산 소득을 기준으로 해 한도를 늘릴 수 있다.
이 때문에 분양 시행사나 시공사가 직접 계약자들을 모아 집단으로 공동 명의 변경 신청을 대행하는 경우도 늘고 있다. 지난 2월 성북구에서도 202건의 아파트 증여가 발생했는데, 2800여 가구 장위자이레디언트 분양 계약자들이 잔금 대출을 앞두고 대거 공동 명의 변경 신청에 나선 영향이 컸다."
2025-06-11,"건설사들이 공공 공사 수주를 꺼리면서 지난해 진행된 300억원 이상 대형 공공 공사의 70%(31건 중 22건) 이상이 유찰된 것으로 나타났다. 올해 5월까지 이뤄진 4건의 대형 공공 사업 입찰도 모두 유찰되면서 사회 기반 시설이나 대형 국책 사업이 줄줄이 연기되는 상황이 이어지고 있다.
10일 대한건설협회가 2022년부터 지난해까지 ‘기술형 입찰’을 분석한 결과, 유찰률은 2022년 64.3%에서 지난해 71%까지 치솟은 것으로 나타났다. 기술형 입찰은 기술력을 위주로 평가해 사업자를 선정하는 제도로 300억원 이상의 대형 공공 공사가 대상이다. 지난해 유찰된 22건 중 10건은 두 번 이상 유찰이 이어지면서 수의계약으로 전환돼 추진되고 있다. 전영준 한국건설산업연구원 미래산업정책연구실장은 “기술형 입찰은 2021년만 해도 10건 중 4건 수준으로 유찰됐지만 대형 공사 위주로 유찰률이 높아지며 지난해 최고치를 기록했다”고 말했다.
◇공공 건설 사업 무더기 유찰
대형 공공 공사가 번번이 유찰되는 이유는 공사비가 급증하며 사업 수익성이 대폭 낮아졌기 때문이다. 2021년 급등한 공사비가 계속 높은 수준을 유지하면서 수익성 악화를 우려한 건설사들이 입찰 참여 자체를 꺼리고 있는 것이다. 전문가들은 “대형 공공 공사는 착공 전부터 예비타당성 조사 등을 통해 예산이 정해져 있는 만큼 원자재 인상이나 공사 지연 등으로 공사비가 늘어나도 반영되기 힘든 구조”라며 “공사비 현실화를 위한 구체적인 방안이 필요하다”고 지적한다.
대표적인 사례로 한국기초과학지원연구원이 충북 청주 오창에 추진하는 다목적 방사광가속기 구축 사업이 꼽힌다. 완공되면 세계 여섯 번째로 4세대 원형 방사광가속기 보유국에 이름을 올린다며 기대를 모았지만, 세 번이나 유찰을 거듭하면서 착공 계획도 올해 초에서 하반기로 미뤄졌다. 충청북도 관계자는 “설계를 위한 제안서 작성에만 40억원이 들고, 공사 난도가 높은 만큼 민간 업체들이 경쟁에 나서려고 하지 않는다”고 했다.
지난 4월 강원도가 입찰 공고한 서면대교 건설 공사는 응찰 업체가 아예 없어 유찰됐다. 770m 길이 교량과 도로를 건설하는 사업인 이번 공사는 올해 10월 착공에 들어가려 했으나 결국 공사 일정이 미뤄졌다. 도로, 교량, 터널 등 기반 공사는 공사 중 지형 등의 영향으로 설계를 바꾸거나 우회로를 만들어야 해 비용이 증가하는 경우가 많다. 업계 관계자는 “기반 공사는 사업성이 낮고 공사 지연 등의 리스크가 크기 때문에 지금처럼 공사비가 올라간 시기에는 무리한 수주가 오히려 독이 될 수 있다”고 했다.
국내 최대 국제 전시장인 경기 고양시 킨텍스의 제3전시장 건립 공사는 2020년부터 공사를 추진했지만 올해 3월에서야 착공을 할 수 있었다. 코로나와 함께 공사비가 급증하면서 입찰이 네 번이나 유찰됐고, 사업비를 35% 이상 높인 끝에야 수의계약으로 시공사를 선정할 수 있었던 것이다.
◇공사 지연 불편은 시민이 부담
건설사들이 공공 공사에 나서려고 하지 않는 이유는 타산(打算)이 맞지 않기 때문이다. 과거에는 공공 공사가 ‘수익성은 낮아도 돈 떼일 일은 없다’는 장점이 있어 건설사들이 적극적으로 입찰에 나섰다. 하지만 최근 3~4년 사이 자재값, 인건비 등 공사비가 치솟으면서 ‘삽 한 번만 떠도 적자’라는 말이 나올 정도로 수익성이 떨어진 것이다.
공공 공사 지연에 따른 불편은 시민들의 몫이다. 인천대로의 교통 혼잡을 줄이기 위해 지하 차도를 건설하는 공사는 지금까지 네 번이나 유찰됐다. 완공 시기가 하염없이 늘어지면서 교통 체증은 나아지지 않고 있다. 세종시에 대형 체육관과 실내 수영장 등을 짓는 행복도시 종합체육시설 건립은 지난해 4차례 유찰됐다. 광화문, 강남 등의 ‘대심도 빗물터널 공사’도 마찬가지다. 2022년 집중호우로 피해를 입은 뒤 서울시가 사업을 추진했지만 공사비 문제로 4차례 유찰을 겪으면서 결국 완공 시점이 1년 이상 늦춰졌다.
건설 업계에서는 공공 공사의 수익성이 낮아 유찰을 거듭한 뒤 수의계약으로 전환한 후에야 시공사를 선정하는 악순환을 끊어야 한다고 지적한다. 대한건설협회 관계자는 “발주처가 사업비에 물가 상승률을 반영한다 해도 공사비 상승 속도가 훨씬 빠르다”며 “공사비 현실화를 위한 적극적인 제도 개선이 필요하다”고 했다."
2025-06-10,"한국토지주택공사(LH)가 경기 과천 지식정보타운의 신혼희망타운 아파트에 대한 청약 일정을 1주일 연기했다. 주변 시세와 비교했을 때 10억원 가까이 차이가 나는 ‘로또 청약’으로 알려지면서 신혼부부들의 문의가 빗발쳤기 때문이다.
LH는 9일 진행 예정이었던 ‘과천그랑레브데시앙’ 전용면적 55㎡ 1가구에 대한 청약을 오는 16일로 연기했다.
472가구 규모 이 단지의 최초 분양 공고 시기는 2020년으로, 당시 기본 분양가는 5억3933만원이었다. 발코니 확장비(760만원)와 옵션 선택 비용을 포함해도 총 분양가는 5억원 중반대다. 이번에 1가구가 해약되면서 재공급이 결정됐는데, 분양가는 5년 전 가격으로 책정됐다.
인근 단지인 ‘래미안슈르’ 전용면적 59㎡ 아파트가 지난달 28일 16억5000만원에 팔렸다. 래미안슈르의 평형이 조금 더 크지만, 2008년 준공된 단지라는 점을 고려하면 과천그랑레브데시앙의 경우 10억원가량의 시세 차익이 예상됐다.
‘10억짜리 로또 청약’이라는 별칭이 붙으며 해당 아파트는 부동산 전문 사이트에서 인기 검색어 상위를 차지했다. LH에는 ‘부부가 각각 청약 가능한지’를 묻는 문의가 빗발쳤다. LH 측은 “당초 올라온 공고에는 이 부분이 명확하지 않았다”며 “신청 자격에 관한 사항인 만큼 부부가 각각 청약할 수 있다고 명확히 기재해 정정 공고했다”고 밝혔다.
신청 자격은 모집 공고일 기준 전국 거주 무주택 세대 구성원으로 ▲혼인 7년 이내 또는 6세 이하 자녀를 둔 신혼부부 ▲1년 내 혼인 증명이 가능한 예비 신혼부부 ▲6세 이하 자녀를 둔 한부모 가족 중 한 조건을 갖추면 된다. 청약통장 가입 여부, 소득‧자산 기준, 과거 당첨 이력 등은 심사에 반영되지 않는다.
전매 제한은 당첨자 발표일로부터 3년, 실거주 의무는 최초 입주 가능일로부터 5년이다. 또한 신혼희망타운 청약자는 수익 공유형 모기지에 가입해야 한다. 연 1.3%의 고정금리로 집값의 70%, 최대 4억원까지 빌려주는 대신에 매매할 때 대출 기간과 자녀 수에 따라 시세 차익의 최대 50%까지 주택도시기금으로 환수한다. 당첨자 발표일은 오는 20일이다."
2025-06-10,"부산 가덕도 신공항 부지 조성 공사와 관련, 부산시가 뒤늦게 ‘공기(工期) 연장’ 조건을 내세웠지만, 컨소시엄 주관사인 현대건설은 “재입찰이 이뤄져도 참여하지 않겠다”는 입장을 밝혔다.
현대건설 관계자는 10일 본지 통화에서 “향후 우리가 원래 제안했던 108개월 조건 등으로 재입찰 공고가 나도 사업에 참여하지 않겠다”고 했다. 그간 공사 기간 84개월을 고수하던 부산시가 9일 입장문을 통해 “착공 후 지반이나 기후 등 여건이 변화하면 공기 연장도 수용하겠다”는 방침을 밝혔지만, 현대건설은 공기 연장 여부와 관계없이 ‘사업 철수’라는 입장을 고수한다는 것이다.
부산시가 갑자기 공기 연장을 언급하자 관련 업계에선 ‘신공항 빠른 개항을 위해 다시 현대건설을 붙잡으려는 의도 아니냐’ 같은 추측이 나왔다. 이에 현대건설 관계자는 “부산시가 공기 연장을 공식적으로 확정한 것도 아니고, 당사의 처음 요구대로 (공기가) 변경돼도 사업에 다시 참여하지 않을 것”이라며 “지역사회에서 불거진 ‘사익 때문에 국책 사업 지연과 추가 혈세 투입을 조장한다’는 오명도 받아들일 수 없다”고 말했다.
국토부는 최대한 이른 시일에 시공사 재입찰 공고를 낸다는 계획이다. 현재 국토부 중앙건설기술심의위원회가 현대건설이 제출한 기본설계안 등을 토대로 적정 공사 기간 등을 심의하고 있고, 심의가 끝나면 다시 발주처인 조달청 검토를 거쳐야 해 시간이 걸릴 전망이다. 다만, 건설 업계에선 현대건설을 대체할 건설사를 찾기 쉽지 않을 것이라는 관측이 지배적이다. 시공사 선정이 늦어지면서 부산시가 요구하는 ’2029년 말 임시 개항' 가능성은 더욱 줄어들 수밖에 없다."
2025-06-10,"오늘부터 일명 ‘줍줍’으로 불리는 ‘무순위 청약’에 무주택자만 신청할 수 있다. 무순위 청약이 ‘로또 청약’ 논란을 일으키며 청약홈 홈페이지 마비 사태까지 일으키자 정부가 무순위 청약의 문턱을 높인 것이다.
10일 국토교통부에 따르면 이날부터 무순위 청약 신청 자격을 무주택자로 제한한 ‘주택공급에 관한 규칙 개정안’이 시행된다. 무순위 청약은 청약 당첨자가 계약을 포기하거나 청약 미달로 생긴 잔여 물량을 다시 공급하는 제도다.
무순위 청약은 본래 해당 지역에 사는 무주택자만 신청할 수 있었다. 하지만 미분양 우려가 커지면서 정부가 2023년 2월부터 거주지 요건을 없애고 유주택자도 청약할 수 있도록 제도를 개편했다. 그러자 주변 시세보다 저렴한 가격에 신축 아파트를 구할 수 있다는 점 때문에 청약 과열이 이어졌고, 정부가 다시 무주택자에게만 신청 자격을 주는 것으로 요건을 강화한 것이다.
무순위 청약 거주지 요건은 입주자 모집 공고 승인 권한을 가진 시장·군수·구청장 재량에 맡긴다. 해당 지역에 미분양 우려가 높다면 외지인 청약을 허용할 수 있는 것이다.
정부는 무순위 청약 제도 개편과 함께 이날부터 청약 당첨자와 가족들의 실거주 여부 확인 절차도 강화한다. 위장 전입으로 부양가족 수를 늘려 청약 가점을 높이는 것을 막기 위해서다. 기존에는 가족관계증명서와 주민등록 등·초본만 제출하면 됐지만, 이제는 본인은 물론 가족의 병원·약국 이용 내역을 제출해 실거주 여부를 증명해야 한다."
2025-06-09,"대우건설과 두산건설 컨소시엄이 이달 말 서울 영등포구 영등포동5가 32-8번지 일원에서 ‘리버센트 푸르지오 위브’를 분양한다. 영등포 1-13 재정비촉진구역 정비 사업으로 공급하는 단지다. 지하 4층~지상 33층 5동(棟) 659가구 규모로 조성되며, 이 중 175가구를 일반에 분양한다. 일반 분양 물량은 전용면적 59㎡ 17가구, 76㎡ 41가구, 84㎡는 세 가지 주택형으로 117가구다.
리버센트 푸르지오 위브가 들어서는 1-13 구역은 주변에 교통·교육·생활 인프라가 풍부해 영등포 뉴타운 사업지 중 핵심 입지라는 평가를 받는다. 서울 지하철 5호선 영등포시장역이 인접해 여의도와 광화문 같은 서울 대표 업무 지구로 쉽게 이동할 수 있어 ‘직주근접(職住近接)’ 단지로 손색이 없다.
◇서울 주요 업무 지구 접근성 우수
영등포 뉴타운 사업은 노후 상가, 주택이 밀집한 지하철 5호선 영등포시장역 일대를 주상 복합촌으로 재개발하는 프로젝트다. 모든 구역의 개발이 완료되면 약 4000가구가 입주하는 미니 신도시급 주거 구역으로 재탄생한다.
리버센트 푸르지오 위브는 뉴타운 사업지 중에서도 철도 대중교통망이 가장 잘 갖춰진 곳으로 꼽힌다. 걸어서 이용 가능한 영등포시장역 외에도 1호선과 KTX가 정차하는 영등포역이 가깝다. 신길역·당산역·여의도역 등 1·2·9호선 환승역 이용이 편리해 수도권 전역으로 쉽게 이동할 수 있다.
향후 신안산선과 GTX(수도권광역급행철도)-B 노선 개통도 계획돼 있는 것도 호재로 작용할 전망이다. 서쪽으로는 인천 송도, 동쪽으론 서울역과 청량리 방면으로 이동 시간을 대폭 단축할 수 있게 된다. 자동차를 이용하는 경우에도 경인고속도로, 서부간선도로, 올림픽대로 등 주요 간선도로를 이용하기 쉽다.
◇백화점·종합병원 등 이용 편해
영등포역을 중심으로 생활 편의 시설이 다양하게 들어선 점도 장점으로 꼽힌다. 우선 장보기, 외식, 쇼핑 등을 한자리에서 할 수 있는 복합 상업 시설이 상당히 많다. 영등포구청역 방면으로 코스트코와 롯데마트, 영등포역 근처에 타임스퀘어, 롯데백화점, 신세계백화점, 이마트 등이 있다. 전통 시장인 영등포시장도 단지 바로 근처다. 한림대 한강성심병원, 이대목동병원, 가톨릭대 여의도성모병원 등 종합 병원이 가깝고, 영등포구청을 포함한 행정 시설도 인접해 있다. 여의도공원, 한강공원 등 서울의 대규모 녹지 공간도 멀지 않아 운동과 휴식을 즐길 수 있다.
단지 인근에 어린 학생들이 걸어서 통학할 수 있는 영중초등학교가 있다. 양화중, 영원중, 장훈고, 영등포여고 등 중·고등학교가 주변에 다수 있고, 서울 서부권 대표 학원가로 꼽히는 목동 학원가 접근성도 좋아 학부모 수요자들의 관심이 클 것으로 기대된다.
리버센트 푸르지오 위브는 전 가구를 남향 위주로 배치해 일조권과 조망권을 극대화했다. 일부 타입은 대우건설과 두산건설의 특화 설계를 적용해 실용성을 높였다. 편의와 여가 활동을 고려해 피트니스센터, 작은 도서관, 실내 골프 연습장, 어린이집 등 커뮤니티 시설이 들어선다. 대우건설 관계자는 “교통, 교육, 생활 편의 인프라를 고루 갖춘 입지에 들어서기 때문에 실거주 수요가 많을 것으로 기대한다”며 “영등포 뉴타운 정비 사업이 모두 끝나면 주거 환경이 더욱 좋아질 것”이라고 말했다."
2025-06-09,"한국인 최초 메이저리거 ‘코리안 특급’ 박찬호가 2003년 매입한 서울 강남구 신사동 빌딩의 현재 시세가 800억원에 달한다는 분석이 나왔다.
9일 빌딩로드부동산 중개법인에 따르면 박찬호는 2003년 신사동 도산대로변의 건물을 매입한 뒤 약 70억원을 들여 지금의 건물로 신축했다. 이 빌딩은 2005년 준공됐다.
실거래가 신고가 의무화된 2006년 이전에 매입돼 정확한 금액은 공개되지 않았지만, 업계에서는 당시 매입가를 약 73억원으로 추정하고 있다. 박찬호가 100% 지분을 보유한 법인 명의로 전액 현금 매입한 것으로 알려졌다.
해당 건물은 대지면적 약 687.6㎡(208평)에 지하 4층~지상 13층 규모다. 건물 최상층은 박찬호 소유 법인의 사무 공간으로 사용되며 나머지 공간은 고급 수입차 전시장과 다양한 사무실 임대 용도로 운영되고 있다. 매달 1억원이 넘는 임대 수익을 올리고 있는 것으로 전해지며, 옥상에는 옥외 광고판도 설치되어 있어 추가 광고 수익도 발생한다.
이 건물은 서울 지하철 3호선과 신분당선이 교차하는 신사역과 인접해 있고, 을지병원사거리 코너 인근에 위치해 교통 접근성이 뛰어나다. 향후 위례신사선이 인근에 개통될 예정이다.
현재 건물의 시세는 800억원으로 추산된다. 빌딩로드부동산 관계자는 “같은 블록 내 신사역 8번 출구 앞 대로변 건물이 2021년과 2023년에 각각 평당 4억2000만원, 5억5000만원에 거래된 바 있다”며 “건물 연식과 입지요건, 건물 규모 등에 가중치를 두고 박찬호 소유 건물의 평 단가는 3억8500만원으로 예상한다”고 했다.
여기에 대지면적 208평을 곱하면 약 800억원이 된다. 토지 매입가와 건물 신축 비용을 모두 합쳐도 20년 만에 8배가량 가치가 상승한 셈이다.
이 관계자는 “길 건너편 논현동 대각선 블록 대로변에 있는 30년 넘은 오래된 빌딩도 작년 11월 평당 2억6000만원에 거래된 점을 참고했다”고 설명했다.
공주고, 한양대 출신의 박찬호는 1994년 국제 아마추어 자유계약 선수 신분으로 MLB 로스앤젤레스(LA) 다저스에 입단했다. 1990년대 후반 한 시즌에 18승을 올리는 등 전성기를 보냈으며 한국인 최초로 MLB 100승을 달성했다. 텍사스 레인저스, 샌디에이고 파드리스, 뉴욕 양키스 등에서 뛰며 MLB 통산 124승을 거둬 ‘아시아인 MLB 최다승’ 기록을 갖고 있다."
2025-06-09,"지난 3월 말 강남 3구와 용산구로 토지거래허가구역이 확대 적용된 뒤 크게 줄었던 서울 아파트 거래량이 5월에 다시 회복세를 보이고 있다. 일부 재건축·신축 아파트를 중심으로 신고가 거래도 잇따르고 있다. 하반기 금리 인하에 대한 기대감과 함께 대출 규제를 앞두고 ‘막차 수요’가 늘어난 영향 때문이란 분석이다.
8일 서울부동산정보광장에 따르면 5월 서울 아파트 매매는 5483건으로 4월(5368건)보다 약 2% 늘어난 것으로 나타났다. 이는 지난해 5월(5304건)보다도 약 3.4% 늘어난 수치다. 5월 거래 신고 기한이 이달 말까지인 만큼 5월 최종 매매 건수는 7000건 안팎에 이를 것이란 전망이 나온다. 서울 아파트 거래량은 지난 3월 1만196건을 기록한 후, 토허제 확대 이후 급감했는데, 한 달여 만에 다시 반등하고 있는 것이다.
토허제가 확대 적용된 강남 3구와 용산구도 지난달 거래량이 모두 4월을 웃돌았다. 강남구 5월 거래 건수는 154건으로 4월 108건보다 많았다. 서초구는 5월 96건으로 4월에 비해 47건 늘었으며 송파구와 용산구도 같은 기간 각각 13건, 6건 늘었다. 특히 각 지역에서 거래 가격도 높아지고 있다. 대표적으로 서초구 반포동 아크로리버파크 전용 84㎡의 경우 최고 실거래가가 지난 2월 47억9000만원이었는데 지난달 56억5000만원에 거래가 성사되며 3개월 만에 10억원 가까이 가격이 뛰었다.
토허제로 묶인 지역에서조차 거래량이 늘어나는 것은 다음 달부터 시행되는 ‘3단계 스트레스 DSR(총부채원리금상환비율)’을 앞두고 ‘지금 아파트를 구매하는 게 유리하다’는 심리를 자극했기 때문으로 보인다. 고종완 한국자산관리연구원장은 “하반기 추가적인 금리 인하와 함께 새 정부가 강력한 경기 부양책을 시행할 것으로 전망되면서 거래량은 상승세를 이어갈 것”이라고 했다."
2025-06-09,"서울 용산구 ‘용산 정비창 전면 1구역’ 재개발 시공사 선정이 약 2주 앞으로 다가오면서 HDC현대산업개발과 포스코이앤씨가 9일 나란히 홍보관을 열고 막바지 수주 총력전에 나선다. 용산 정비창 전면 1구역 재개발은 서울 용산구 한강로3가 40-641번지 일대에 지하 6층~지상 38층 12동(棟) 아파트 777가구와 오피스텔 894실, 상업·업무 시설 등을 짓는 사업이다. 공사비만 1조원대에 육박할 것으로 추산되는 데다가 서울시가 개발을 추진 중인 용산국제업무지구와 맞닿은 입지 때문에 미래 가치가 더 올라갈 것이란 전망이 많다. 용산국제업무지구는 총사업비가 14조원이 넘는 서울의 대표적인 복합 도시 개발 프로젝트다.
포스코이앤씨는 자사 프리미엄 주거 브랜드를 적용한 ‘오티에르 용산’을 단지명으로 정하고, AI(인공지능) 기술을 활용한 한강 조망권 확보를 강조하고 있다. 애초 조합 설계안보다 178가구 많은 513가구가 한강을 볼 수 있도록 해 모든 조합원에게 한강 조망권을 보장한다는 것이다. 또한 펜트하우스를 포함한 108가구에는 ‘4면 개방형 거실’ 설계를 적용한다고 밝혔다.
HDC현대산업개발은 단지명 ‘더 라인 330’을 앞세워 SMDP(건축디자인), LERA(구조설계), 삼성물산 리조트 부문(조경), CBRE(비주거 부동산 컨설팅), 파크하얏트(호텔) 등 분야별 세계적 업체들과 손을 잡았다. 또한 기존에 운영·개발 중인 용산역과 용산역 전면 지하공간을 단지와 연결하고, 신설되는 서울시 광역환승센터까지 묶어 통합 개발하는 청사진도 공개했다. 조합 측은 이달 22일 총회를 열어 시공사를 선정할 계획이다."
2025-06-09,"“다주택자라면 올가을이 아파트를 매도할 가장 좋은 시기가 될 수 있습니다.”
‘제네시스박’이란 활동명으로 잘 알려진 부동산 세금 전문가 박민수<사진> 더스마트컴퍼니 대표는 “새 정부가 들어서면서 내년 5월 9일까지 유예한 ‘다주택자 양도소득세 중과’가 연장되지 않을 가능성이 크다”면서 “내년 1월에도 연장 이야기가 없다면 분명 5월 10일부터 제도가 시행된다는 것이고, 매도를 생각한다면 최대한 세금을 줄이는 것을 준비해야 한다”고 말했다. 가령 5억원 정도 양도 차액이 난 경우, 일반 과세라면 양도세가 1억6000만원 정도지만, 3주택 양도세 중과가 적용되면 3억5000만원 정도로 크게 오를 수 있다.
박 대표는 새 정부가 집값 양극화를 잡기 위해 보유세는 높이고 거래세는 낮추는 방향으로 정책을 움직일 것으로 전망했다. 이때 가장 큰 영향을 받는 것은 40억원 이상의 고가 주택이다. 박 대표는 “3주택 종부세 중과가 과표 12억 초과부터인데, 종부세 과표 12억을 주택 시세로 보면 약 40억원 정도”라며 “1주택이라도 40억원 이상의 주택을 가진 사람은 소수이기 때문에 부동산 양극화를 줄이기 위해서라도 보유세가 조여들 것”이라고 했다. 그러면서 “매해 7월마다 부동산 세법 개정안이 나오기 때문에 이를 살펴보면 앞으로 새 정부의 부동산 정책 방향을 가늠할 수 있다”고 했다.
아파트 공시가격도 더 오를 것으로 내다봤다. 앞서 문재인 정부는 공시가격을 시세의 90% 수준으로 올린다는 ‘공시가격 현실화율’ 로드맵을 세웠지만, 윤석열 정부는 로드맵 폐기를 추진하면서 현실화율을 2020년 수준으로 동결해왔다. 박 대표는 “이번 정부가 주택 시세를 공시가격의 90%까지 올리지는 못하더라도 이전보다는 크게 올릴 것”이라고 했다.
아파트를 사려는 사람에겐 언제가 좋은 시점일까. 박 대표는 다음 달 ‘스트레스 DSR(총부채원리금상환비율) 3단계’가 시작되기 전과 내년 초를 적기로 꼽았다. 박 대표는 “대출 규제가 높아지기 직전이나, 다주택자 양도세 중과가 시행되기 전 다주택자들이 가지고 있던 물건을 빠르게 처분하기 위한 급매물을 노려볼 만하다”고 했다.
박 대표는 7월 4일부터 이틀간 서울 강남구 코엑스에서 열리는 조선일보 주최 ‘2025 대한민국 부동산 트렌드 쇼’에 연사로 나선다. 그는 첫째 날 ‘규제가 바뀌면 돈의 흐름도 바뀐다’는 제목으로 강연할 예정이다."
2025-06-08,"서울과 부산의 아파트 평균 매매 가격 격차가 10년 만에 세 배 넘게 벌어진 것으로 나타났다. 전국에서 서울 부동산 가격만 꾸준하게 상승세를 이어가면서 지역 간 양극화가 심화되고 있는 것이다.
8일 부동산 정보 플랫폼 ‘부동산지인’과 강정규 동아대학교 부동산학과 교수의 분석에 따르면, 서울 아파트의 평당 평균 매매가는 2015년 5월 1710만원에서 올해 5월 2540만원으로 10년간 148.5% 오른 것으로 나타났다. 같은 기간 부산 아파트 평균 매매가는 평균 802만원에서 1214만원으로 51.4% 상승하는 데 그쳤다. 서울과 부산의 아파트 평균 매매 가격 격차가 2.1배에서 3.5배로 확대된 것이다.
가격 상위 20% 아파트 거래 가격을 보면, 서울은 10년간 평당 196.9% 올라 8060만원이 됐다. 같은 기간 부산은 2180만원으로 86.3% 상승했다. 서울과 부산의 상위 20% 아파트 매매 가격 격차가 3.7배로 커진 것이다. 가격 하위 20% 아파트 거래 가격도 마찬가지다. 서울은 가격 하위 20% 아파트 거래 가격이 10년간 84.9% 올라 평당 1971만원이 됐지만 부산은 오히려 2.7% 떨어진 541만원을 기록해 격차가 3.6배로 벌어졌다.
이른바 ‘국민 평형’으로 불리는 전용 84㎡ 아파트의 평균 매매 가격도 서울은 10년간 5억9487만원에서 14억7847만원으로 148.5% 상승했다. 부산은 같은 기간 2억7900만원에서 4억2232만원으로 51.4% 오르는 데 그쳤다."
2025-06-06,"공사비가 2조4000억원에 달할 것으로 추정되는 서울 강남구 ‘압구정 2구역’ 재건축 수주전이 부동산 업계의 관심을 끌고 있다. 국내 1·2위 건설사인 삼성물산과 현대건설이 ‘참전’ 의지를 밝힌 가운데, 오늘 18일로 예정된 입찰 공고 전부터 과열 조짐을 보이고 있다. 이에 지자체가 먼저 나서서 건설사들의 ‘홍보 가이드라인’을 정하는 일까지 벌어졌다.
서울 강남구는 압구정2구역 재건축 시공자 선정 절차를 앞두고 지난 5일 자체 홍보 기준을 마련했다고 5일 밝혔다. 시공자 선정 전 과정을 직접 참관하고 점검하는 공공 관리 체계를 강화해 공정한 경쟁 환경을 조성한다는 방침이다.
강남구에 따르면, 입찰 공고 전에는 재건축 조합이 구청의 사전 승인을 받은 기준 내에서만 예외적으로 홍보 활동이 가능하다. 단지 투어용 차량 제공, 홍보 인력의 세대 방문, 금품, 향응(물을 제외한 식사, 술, 과자 등 포함) 또는 그 밖의 재산상의 이익을 제공하거나 약속하는 행위 등은 금지한다. 위반 시 ‘삼진아웃제’를 적용해 입찰 참가 제한 등의 제재를 한다. 다만 조합원이 자발적으로 시공사에서 특정 구역을 대상으로 하지 않고 상시로 운영하는 홍보관 등을 방문하는 경우는 예외로 한다. 입찰 공고 이후에는 서울시의 ‘공공지원 정비사업 시공자 선정기준’에 따른 공동 홍보만 허용한다. 조합이 정한 일정과 장소, 인원에 한해 홍보가 가능하다.
압구정 2구역 재건축은 1982년 준공된 현대아파트 9·11·12차 단지(1924가구)를 2571가구 규모로 신축하는 사업이다. 강남뿐 아니라 우리나라를 대표하는 대표적인 부촌(富村) 아파트 단지로 재건축 시공권을 따내는 회사는 주택 시장에서 최고급 브랜드를 보유했다는 상징성을 가질 수 있다는 평가다. 삼성물산과 현대건설은 올해 1월 서울 용산구 ‘한남 4구역’ 재개발 수주전에 이어 다시 한번 자존심을 걸고 총력전을 펼친다는 각오다."
2025-06-06,"올 들어 국내 건설사가 해외에서 수주한 공사액이 1년 전보다 약 20% 줄어든 것으로 나타났다. K건설의 ‘수주 텃밭’인 사우디아라비아에서 발주하는 일감이 줄면서 수주액이 70% 가까이 급감한 영향이 컸다는 분석이다.
6일 해외건설협회에 따르면, 올 1월부터 4월까지 누적 해외 건설 수주액은 105억3786만달러(약 14조2740억원)로 집계됐다. 작년 같은 기간(132억615만달러) 대비 20.2%, 약 26억7000만달러 줄어든 금액이다.
해외 수주 비율이 가장 큰 중동 시장에서 수주액(55억9285만달러)이 43% 감소했다. 특히 국가별 수주액 기준 작년 1위인 사우디아라비아에서 수주한 금액이 26억3807만달러로 67.6%(약 55억달러) 급감했다. 작년엔 삼성E&A가 파딜리 가스 증설 프로젝트로 60억8000만달러, GS건설도 12억2000만달러를 따냈는데, 올해는 대형 수주가 줄었다.
최근 국제 유가 하락으로 사우디아라비아에서 대규모 건설 프로젝트 발주 자체가 줄어든 게 주요 원인으로 꼽힌다. 무함마드 빈 살만 왕세자 주도로 야심 차게 추진하는 약 700조원 규모의 네옴시티 건설 프로젝트도 자금 문제로 일정이 지연되고, 사업 축소 가능성까지 제기되고 있다.
사우디아라비아에서 2029년 동계 아시안게임, 2030년 리야드 엑스포, 2034년 FIFA 월드컵 등이 줄줄이 열리는 것도 국내 건설업계에 악재라는 분석이다. 사우디 정부가 대규모 지출이 불가피한 국제 행사 준비를 위해 국내 업체가 경쟁력이 있는 플랜트 건설 같은 발주를 뒤로 미룰 가능성이 있다는 것이다.
전문가들은 “중·장기적으로 중동 지역 수주 의존도를 줄이기 위해, 북미와 유럽 시장을 더 적극적으로 개척해야 한다”고 조언한다. 올 4월까지 북미·태평양 건설 수주는 24억5966만달러로 63.7% 증가했고, 유럽(9억2251만달러)은 156.9% 늘었다. 다만, 전체 해외 수주에서 차지하는 비율은 각각 23.3%, 8.8%에 그친다."
2025-06-06,"지방 부동산 시장의 침체가 깊어지면서 집값 하락에 따른 부실 부채가 우리 경제의 ‘뇌관’이 될 수 있다는 우려가 커진다. 주택 매수 수요가 끊긴 지방에선 집값이 속절없이 내리고, 새로 공급되는 아파트는 청약 미달로 미분양 물량으로 쌓이는 현실이다. 2020~2021년 부동산 호황기 때 서울보다 더 뜨겁게 달아올랐던 일부 지역은 이제 ‘거품 붕괴’ 수준으로 주택 경기가 고꾸라졌다. 일각에서 “부동산 버블이 꺼지고 장기 침체에 빠진 일본의 전철을 밟을 수 있다”는 우려가 나오는 이유다.
5일 KB부동산에 따르면, 5월 기준 부산 해운대구 아파트값은 1년 전보다 4.8% 내렸다. 같은 기간 서울 강남구 아파트값은 15.8% 상승했다. 전국적으로 부동산 호황기였던 2021년, 부산 해운대구는 1년 만에 아파트값이 28%나 올라 서울 강남구(12.3%)나 서초구(16%) 상승률을 웃돌았다. 그러나 지난 4년 사이 서울 강남권은 갖은 규제에도 계속 집값이 올랐지만, 부산 해운대를 비롯해 대구 수성구, 광주 남구 등 지역을 대표하는 부촌도 집값이 맥을 못 추고 있다. 부산의 한 분양 관계자는 “3~4년 전 고점에서 대출로 집을 산 ‘영끌족’은 집을 팔고 싶어도 사겠다는 사람이 없어 못 파는 지경”이라며 “이제 실수요자들은 매수를 꺼려 전세나 월세를 알아보고, 투자 수요는 죄다 서울로 몰려간다”고 했다.
더 심각한 문제는 미분양 물량이다. 국토교통부에 따르면, 4월 말 기준 지방 미분양 아파트는 5만1888가구에 달한다. 이 중 42%에 달하는 2만1897가구가 집을 다 지었는데도 팔리지 않는 ‘악성 미분양’이다. 2022년 말 기준으로 지방 악성 미분양은 6226가구였는데 2년 반 만에 251% 급증했다. 기존 집값이 떨어지면서 주택 수요가 줄고, 새로 공급되는 아파트는 분양 시장에서 외면받는 악순환이 벌어지는 것이다. 이날 한국부동산원 발표에 따르면, 지방 아파트값은 2023년 11월 말 이후 79주째 계속 내리막이다. 전주 대비 보합(0%)을 기록한 것도 단 두 번뿐이다."
2025-06-05,"국내에서 집은 주로 70대부터 증여하고 50대가 이를 물려받는 것으로 나타났다. 아파트나 빌라 등 부동산을 증여하는 사람 중 70대 비율이 15년 사이 두 배 수준으로 상승한 것이다. 고정 수입이 없는 은퇴 세대가 부동산 자산을 활용하면서 증여 시기가 늦어졌고, 이를 받는 자녀들의 연령대도 상승했기 때문이다.
4일 법원 등기정보광장에 따르면, 올해 1월부터 5월까지 집합건물(아파트·오피스텔·다세대주택 등)을 증여한 10명 중 4명(37%)이 70대 이상으로 집계됐다. 60대는 10명 중 3명(25.9%)이었으며, 50대는 10명 중 2명(17.5%), 40대는 10명 중 1명(10.5%)꼴이었다. 2010년만 해도 증여하는 연령대는 50대(23.9%)가 가장 많았다. 당시 70대는 10명 중 2명(19.6%)도 채 안 돼 40대(20.6%)보다도 적었다. 하지만 15년 사이 증여하는 연령대가 급격히 늙어가면서 70대 이상이 증여하는 비율이 급증한 것이다.
이런 변화는 은퇴 후 고정 소득이 없는 60~70대들이 부동산 증여를 과거보다 늦추고 있기 때문이다. 자본시장연구원에 따르면, 가계 소득이 최소 생활비에 미치지 못하는 65세 이상 고령 가구는 전체의 약 46%를 차지하는 것으로 나타났다. 평균 수명이 늘면서 부족한 소득을 채우려고 자산의 대부분을 차지하는 부동산을 활용하는 고령자가 늘면서 증여 시기도 늦어졌다는 것이다. 양지영 신한투자증권 자산관리컨설팅 수석은 “현재로선 부동산을 자산으로 활용할 방법이 주택연금 정도뿐이어서 제도적 보완이 필요하다”고 했다.
부동산을 물려받는 자녀들의 연령대도 높아지고 있다. 2010년에는 주로 40대(27.7%)와 30대(25.5%)가 부모의 부동산을 물려받았다. 하지만 2017년부터 50대가 급증하며 40대와 30대를 추월해 격차를 벌리기 시작했다. 그 결과 올해 1~5월 집합건물을 증여받은 1만5168명 중 가장 많은 연령대는 50대(24.9%)가 차지했다."
2025-06-05,"주요 정치 이슈에 따라 롤러코스터를 탄 듯 가격이 오르내려 “정치 테마주나 다름없다”는 얘기를 듣는 세종시 아파트 값이 대선 정국 이전 수준으로 되돌아간 것으로 나타났다. 이번에도 대선이라는 정치 이벤트와 맞물려 아파트 값이 단기간 급등락하는 모습이 되풀이됐다.
세종시는 작년 한 해 전국에서 집값이 가장 많이 떨어진 곳이었다. 하지만 올해 4월 초 조기 대선 정국에서 정치권이 일제히 대통령실과 국회 이전 공약을 쏟아내자 아파트값이 급등했다. 올해 1월 4억7013만원이던 세종 아파트 평균 실거래가는 지난 4월 5억2688만원으로 세 달 만에 12.1% 뛰었다.
그런데 대선 레이스 막바지 지지율 1위를 달리던 이재명 당시 민주당 후보가 “(당선되면) 용산에 들렀다 청와대로 복귀하고, 대통령 세종 집무실은 임기 내에 건립하겠다”고 하면서부터 분위기가 급속히 달라졌다. 당시 경선 상대였던 김동연 경기도지사가 “임기 중에 세종시로 이전 안 한다는 얘기”라고 비판했는데, 시장의 반응도 다르지 않았다. 국토부 자료에 따르면, 지난 5월 한 달간 세종시 아파트 평균 실거래가는 5억369만원으로 한 달 만에 4.4%(약 2300만원) 급락했다. 5월 중반 이후(16~31일)만 따지면 4억8000만원대로 낙폭은 더 크다.
수요 감소는 다른 지표에서도 감지된다. 아실에 따르면, 4일 세종시 아파트 매물은 6675건으로 한 달 전보다 6.7% 늘어났다. 외지인 매수 비율은 28.1%로 한 달 만에 16%포인트 급감했다.
모든 지표가 한 달 전 대선 레이스가 막 시작됐을 때와 정반대를 가리키고 있다. 한 부동산 전문가는 “세종 이전이 진짜 완성될 때까지 앞으로도 세종 집값이 롤러코스터처럼 흔들리는 일이 반복될 것”이라고 전망했다."
2025-06-05,"분양 시장에서 가장 인기가 많아 ‘국민 평형’이라고 불리는 전용면적 84㎡(34평형) 아파트보다 전용 59㎡(25평형)에서 청약 경쟁이 더 치열한 현상이 나타나고 있다. 치솟은 분양가에 부담을 느낀 실수요자들이 상대적으로 저렴한 소형 아파트 청약을 노리고, 건설사들의 특화 설계로 전용 59㎡ 아파트가 30평형대 못지않은 평면을 갖추면서 ‘국민 평형’이 바뀐다는 얘기까지 나온다.
5일 부동산 리서치업체 리얼투데이가 한국부동산원 청약홈 자료를 분석한 결과, 올해 1분기 전용 59㎡ 아파트 1순위 청약 경쟁률은 평균 23.34대 1을 기록했다. 같은 기간 전용 84㎡ 경쟁률 12.97대 1보다 약 1.8배 높은 수준이다.
전용 59㎡ 청약 경쟁률이 높아진 원인으로는 분양 가격이 치솟으면서 실수요자들의 부담이 높아진 것이 꼽힌다. 주택도시보증공사(HUG)에 따르면, 최근 1년간 신규 분양된 민간 아파트 1㎡당 평균 분양가는 575만5000원으로 지난 2016년과 비교하면 두 배 넘게 상승했다.
소형 평수가 인기를 끌면서 가격에서도 전용 59㎡가 전용 84㎡를 앞질렀다. 지난 4월 기준 서울 25구(區) 중 13구에서 전용 59㎡의 평(3.3㎡)당 실거래가는 7530만원이었다. 전용 84㎡의 7367만원보다 2.2%가량 높은 것이다.
전용 59㎡ 주택형의 인기가 오르면서 건설사들도 소형 평형의 상품성을 높이는 데 공을 들이고 있다. 과거에는 ‘방 2개에 욕실’이 전용 59㎡의 기본 구조였다면, 최근 분양하는 아파트는 전용 59㎡도 방 3개에 욕실 2개가 기본이고 팬트리나 드레스룸 등 수납 공간도 넉넉하다. 김광석 리얼하우스 대표는 “1~2인 가구 증가, 가구원 감소 같은 인구 구조 변화도 전용 59㎡ 아파트의 인기를 높이는 요인”이라고 했다."
2025-06-04,"지난달 서울 아파트 경매 낙찰가율이 97.7%를 기록해 2022년 6월 이후 약 3년 만에 가장 높았던 것으로 나타났다. 감정가 대비 낙찰가 비율인 낙찰가율이 높다는 것은 경매 때 경쟁이 치열했다는 뜻이다. 토지거래허가제 규제 지역이라도 경매로 아파트를 매입하면 실거주 의무 등의 규제가 적용되지 않아 투자 수요가 몰렸다는 분석이 나온다.
3일 경·공매 전문 기업 지지옥션에 따르면, 지난달 서울 아파트 경매 시장에 252가구가 나와 이 중 114가구가 낙찰됐다. 낙찰가율은 감정가 약 1227억1000만원, 낙찰가 1198억5000만원으로 97.7%였다. 2022년 6월 낙찰가율(110%) 이후 최고치다.
토허제 규제 지역인 강남 3구 등에선 감정가보다 높은 가격에 낙찰된 사례도 나왔다. 서울 강남구 압구정동 현대아파트 전용 197㎡는 감정가보다 20억원 이상 높은 93억7000만원(낙찰가율 130.1%)에 낙찰됐다. 강남구 삼성동 힐스테이트 2단지 41㎡는 20억6000만원(128.5%), 영등포구 여의도동 시범아파트 156㎡는 40억8000만원(125.9%)에 새 주인을 찾았다. 지지옥션 관계자는 “토허제 규제에서 벗어난 경매에 관심을 둔 수요가 늘면서, 낙찰가율도 당분간 높은 수준으로 유지될 전망”이라고 말했다."
2025-06-03,"“올 하반기 주택 시장에선 상급지로의 수요 쏠림이 한층 더 심화할 수 있습니다.”
이상우<사진> 인베이드투자자문 대표는 최근 본지와의 인터뷰에서 “올 들어 ‘신축’ ‘초품아’(초등학교를 품은 아파트) ‘역세권’처럼 아파트의 입지나 상품성을 따지는 것보다 생활 인프라가 종합적으로 뛰어난 ‘거주 환경’을 따지는 수요가 크게 늘고 있다”면서 “최근 여러 규제에도 서울 강남권 아파트값이 계속 올라가는 것도 그런 수요자의 심리가 작용하고 있기 때문”이라고 말했다. 한국부동산원 통계에 따르면, 서울 강남·서초구 아파트 매매 가격은 토지거래허가구역 확대 지정 이후에도 계속 상승하며 올해 5개월간 누적 5.2%, 4.7% 상승률을 기록하고 있다.
이 대표는 “서울과 지방, 강남과 그 외 지역의 양극화를 넘어선 ‘일극화’ 현상이 강해지고 있고, 부동산에 관심이 없던 사람들까지 ‘나만 뒤처지나’ 하는 생각에 시장 진입을 고민하며 수요가 늘고 가격은 계속 뛸 것”이라고 했다.
그러면서도 그는 “서울 ‘강남 3구’ 외에 차선의 선택지가 없는 건 아니다”라고 했다. 그는 동대문구 이문동이나 성북구 장위동의 대단지 아파트를 거론하며 “주변 개발이 진행되면서 거주 환경이 계속 개선되고 있기 때문에 수요에 부합하는 지역이라고 볼 수 있다”고 했다.
그는 3일 치러지는 대통령 선거 결과가 당장은 부동산 시장 흐름에 큰 영향을 주진 않을 것이라고 전망했다. 그는 “과거 민주당 정부는 물론 최근 3년간 윤석열 정부에서도 집은 ‘단 한 채’ 소유가 사실상 강제된 걸 경험하지 않았느냐”며 “어느 후보가 당선되느냐에 따라 부동산 관련 세금에서 다소 차이가 있겠지만, 이 차이가 아파트 수요자들에겐 큰 변수가 되지 않을 것”이라고 했다.
다만, 7월부터 시행되는 스트레스 DSR(총부채원리금상환비율) 3단계 규제는 시장에 어느 정도 영향을 미칠 것으로 내다봤다. 그는 상대적으로 소득이나 여유 자금이 부족한 수요층이 대출 규제로 내 집 마련이나 상급지 이동이 쉽지 않은 상황이 될 수 있다고 전망했다. 이 대표는 “서울이나 수도권 외곽에서 집을 사려는 실수요자들이 대출 한도가 줄어들면서 더 외곽 지역으로 밀려나는 일이 발생할 수 있다”며 “DSR 규제 강화는 서민 수요자를 옥죄고, 상대적으로 저렴한 아파트 시장이 망가지는 부작용이 나타날 수 있다”고 했다.
이 대표는 다음 달 4일 서울 강남구 코엑스에서 열리는 조선일보 주최 ‘2025 부동산 트렌드쇼’에 강사로 나서 ‘변화의 시기 부동산 투자는 어디를 향해야 하는가’라는 제목으로 강연할 예정이다."
2025-06-03,"2일 서울의 한 공인 중개 사무소 게시판에 월세 매물을 소개하는 글이 붙어 있다. 최근 아파트 임대차 시장에서는 월세 선호, 전세 기피 현상이 맞물리면서 전세 매물이 줄고 있다. 이날 부동산 업체 아실에 따르면, 서울 전세 매물은 2일 기준 2만5407건으로 3개월 전보다 13% 감소했다. 공급 감소 여파로 전셋값은 2월 첫 주부터 5월 마지막 주까지 17주 연속 상승 중이다."
2025-06-03,"HDC현대산업개발이 경기도 안양시 만안구 박달동에서 ‘호현 센트럴 아이파크’ 분양에 나선다. 지하 2층~지상 29층 7동(棟), 507가구 규모다. 전용면적 55·59·84㎡로 이뤄져 있으며 재건축 조합원 물량 등을 제외한 일반 분양 물량은 144가구다.
최근 서울 접근성이 우수한 수도권 신축 아파트의 인기가 치솟으면서 호현 센트럴 아이파크도 분양 시장에서 수요자의 주목을 받고 있다. 단지는 KTX 광명역과 1호선 안양역 사이에 위치해 대중교통 인프라가 뛰어난 입지에 들어선다. 단지 인근에 안양시가 4차 산업 육성을 위해 추진하고 있는 박달스마트밸리가 조성될 계획이며, 앞으로 신안산선과 월판선이 개통하면 서울 강남권과 판교 이동이 더욱 수월해질 전망이다.
◇버스·KTX 등 다양한 교통 인프라
호현 센트럴 아이파크의 가장 큰 장점은 교통망이다. 단지 앞 정류장에서 버스를 타면 10분 만에 KTX 광명역으로 이동할 수 있다. 버스 정류장에는 버스 노선 10개가 운영 중이다. 광명역과 1호선 안양역뿐 아니라 서울 사당역으로 환승 없이 30분대에 도착할 수 있다. 인근에는 강남순환도시고속도로, 제2경인고속도로, 서해안고속도로 등이 있어 서울 및 수도권 이동이 수월하다.
대형 교통 호재도 있다. 신안산선이 예정대로 2026년 개통되면 광명역에서 4정거장 이동하면 구로디지털단지, 9정거장이면 여의도역으로 갈 수 있다. 2028년 개통 예정인 월판선의 급행열차를 이용하면 판교역까지 5정거장이면 갈 수 있다. 여기에 강남·동탄권으로 이동할 수 있는 GTX-C 노선과 인덕원~동탄선 등도 예정돼 있다.
단지 인근에서 추진 중인 도시 개발 계획도 수요자의 눈길을 끌고 있다. 박달동에는 328만㎡ 규모의 박달스마트밸리가 조성될 예정이다. 첨단 산업 관련 업무 시설과 연구 시설 등이 자리 잡으면 4만여 명의 고용 창출이 이뤄질 것으로 전망된다.
◇풍부한 생활 인프라
호현 센트럴 아이파크는 안양천이 단지 앞에 있어 수변 공원에서 산책이나 나들이를 즐기기 좋다. 인근에 박달어린이공원 등 가족 단위 시설도 마련돼 있다. 학군도 잘 조성돼 있다. 삼봉초등학교를 도보로 통학할 수 있으며, 반경 1㎞ 안에 박달중학교, 안양중학교는 물론 학부모들이 선호하는 안양외국어고등학교도 있다. 경기도 최대 규모의 평촌 학원가도 차량으로 이동 가능하다.
풍부한 생활 인프라도 장점이다. 인근에 영화관과 아웃렛은 물론, 안양1번가와 안양 중앙시장 등 안양 핵심 상권을 이용할 수 있다. 자동차로 10분 거리에 광명역이 있어 이케아, 롯데몰, 코스트코, 중앙대학교 광명병원 등 쇼핑·문화·의료 시설도 쉽게 접근할 수 있다. 단지 근처에는 안양시립박달도서관, 박달2동행정복지센터를 비롯해 수영장, 풋살장, 탁구장 등이 마련된 박달복합청사 등이 있다.
단지 입구는 안양천과 연결되도록 설계된다. 피트니스클럽, 독서실, 골프 연습장, GX룸 등 커뮤니티 시설도 마련될 예정이다. 일부 타입에는 알파룸과 드레스룸 등도 적용된다. 분양 관계자는 “안양과 광명의 핵심 인프라를 모두 누릴 수 있고, 쾌적한 교통 여건과 환경을 두루 갖춘 단지”라며 “안양시에서 희소성 높은 1군 브랜드 신축 단지인 만큼 청약에 대한 수요자들의 많은 관심이 예상된다”고 했다. 견본 주택은 경기 광명시 일직동 일원에 마련된다."
2025-06-03,"‘개포우성 7차’ 재건축 수주전 참여 공식화
대우건설이 이달 19일 입찰 마감하는 서울 강남구 ‘개포우성 7차’ 재건축 수주전 참여를 공식화했다. 이 사업은 802가구인 기존 단지를 최고 35층, 1122가구로 재건축하며, 사업비는 6778억원 규모로 추산된다. 대우건설은 하이엔드 주택 브랜드 ‘써밋’을 적용하며, 김보현 대표가 수주전을 진두지휘한다고 밝혔다. 회사 관계자는 “수익성보다 조합원을 위한 최상의 사업 조건을 앞세우겠다”고 했다.
노르웨이 국영 에너지 기업과 계약 체결
포스코이앤씨가 지난달 29일 노르웨이 국영 에너지 기업 에퀴노르와 ‘울산 반딧불이 해상풍력 사업’의 기본 설계(FEED) 계약을 체결했다. 울산항에서 동쪽으로 약 70km 떨어진 해역에 750㎿(메가와트) 규모의 부유식 해상풍력 발전소를 건설하는 프로젝트다. 포스코이앤씨는 이번 계약으로 해안 접속부, 지중 케이블 터널, 송전 케이블, 육상 변전소 등 주요 인프라에 대한 설계를 수행한다.
취약 계층 어르신 130여 명 초청 보양식 봉사
호반그룹은 지난달 29일 서울 서초구 까리따스방배종합사회복지관에서 취약 계층 어르신 130여 명을 초청해 보양식을 대접하는 봉사 활동을 진행했다고 2일 밝혔다. 이날 봉사 활동엔 호반그룹 김선규 회장, 김대헌 기획총괄사장 등 임원 20여 명이 참여했고, 임직원 봉사단 ‘호반사랑나눔이’가 마련한 기부금 1000만원도 전달했다."
2025-06-03,"DL이앤씨는 총공사비 1조7584억원 규모의 서울 용산구 한남5구역 재개발 정비 사업을 수주했다고 2일 밝혔다. 용산구 동빙고동 60번지 일대 14만1000㎡ 부지에 아파트 2410가구, 오피스텔 146실과 커뮤니티 시설을 짓는다. 단지명은 ‘아크로 한남’으로, 2029년 입주가 목표다.
이 사업에 단독 입찰한 DL이앤씨는 지난달 31일 열린 한남5구역 조합 총회에서 92.4%의 찬성표를 얻어 시공사로 선정됐다. DL이앤씨는 2410가구 중 1670가구에서 한강이 보이도록 설계할 예정이다.
이 사업을 포함해 DL이앤씨는 올해 도시 정비 사업 수주 규모를 2조6830억원으로 늘렸다. 지난 2월엔 연희2구역 사업, 4월엔 장위9구역 사업을 각각 약 3993억원, 5253억원에 수주했다."
2025-06-02,"탄핵 사태 등 정치적 불확실성 등으로 소강 상태를 보이던 분양 시장이 대선 이후 활기를 찾을지 주목된다. 분양 일정을 미루던 단지들이 이달 수도권을 중심으로 대거 공급된다.
2일 부동산 플랫폼 직방에 따르면, 이달 전국 아파트 분양 예정 물량은 2만6407가구로 전년 동월(1만8969가구) 대비 39.2% 증가한 것으로 나타났다. 수도권 1만3865가구, 비수도권 1만2542가구다. 일반 분양 물량은 2만1550가구로 집계됐다.
수도권은 경기도 1만295가구, 인천 1705가구가 공급된다. 서울은 1865가구 규모의 송파구 ‘잠실르엘’ 한 곳만 분양을 앞두고 있다. 비수도권은 부산 4552가구, 충북 2098가구, 대구 1419가구, 경남 1276가구, 충남 1238가구, 강원 987가구, 대전 509가구, 경북 463가구가 분양된다. 직방 관계자는 “7월부터 시행되는 3단계 스트레스 DSR(총부채원리금상환비율) 규제가 6월 분양 단지에는 적용되지 않기 때문에 규제 시행 전 수요자들의 선별적 관심이 이어질 수 있다”고 했다. 다만 “중도금 등 집단 대출은 대부분 분양 시점에 금리가 확정돼 있고, 실제 대출 금리에 금리 인하 효과가 반영되기까지는 시차가 있어 체감은 제한적일 것”이라고 지적했다.
한편 5월 전국 아파트 분양은 1만2402가구로 집계됐다. 평균 청약 경쟁률도 14.8대1로 4월 평균(4대 1)보다 높아졌다. 경기 화성시 ‘동탄포레파크자연앤푸르지오’ 민영주택 공급분이 75.13대1, 서울 구로구 ‘고척푸르지오힐스테이트’가 13.52대1을 기록하는 등 수도권 주요 단지에서 두 자릿수 청약 경쟁률을 기록했다."
2025-06-02,"강원도 춘천의 318가구 규모 신축 아파트 공사 현장은 작년 10월부터 인부들의 출입이 뚝 끊겼다. 37층 높이의 아파트 골조는 물론 전기 배선 공사까지 완료됐지만, 시공사가 자금난에 빠지며 결국 부도 처리됐기 때문이다. 애초 작년 6월이던 입주 시기는 올해 7월로 미뤄졌지만, 입주는커녕 올해 안에 공사 재개 여부도 미지수다. 경기 의정부역 인근의 한 주상복합도 올해 초 시공사가 법정 관리를 신청하면서 5개월 넘게 공사가 중단됐다가 지난달 말 시공사가 바뀌어 가까스로 공사가 재개됐다.
내수 경제를 견인하는 건설 경기가 전례 없는 침체에 빠진 가운데 7월 3단계 스트레스 DSR(총부채원리금상환비율)이 시행되면 중소 건설사들의 줄도산이 이어질 수 있다는 우려가 나온다. 불황 장기화에 공사 실적이 줄고 미분양 증가로 유동성 확보가 어려운데, 치솟은 공사비로 수익은 줄고, 수주 감소로 미래의 일감도 부족한 상황이다. 이런 가운데 대출 규제 강화로 주택 수요가 더 줄면, 돈줄이 막힌 중소 건설사들이 대거 쓰러질 수 있기 때문이다.
여기에다 건설 후방 산업과 일자리에도 악영향을 주면서 한국 경제의 발목을 잡고 있다는 우려가 이어지고 있다. 건설업계 관계자는 “가뜩이나 미분양은 늘어나고 건설 수주는 줄어드는 상황에서 대출 규제까지 얹어지면 중소 건설사부터 무너질 것이라는 ‘7월 위기설’이 대두되고 있다”고 했다.
◇건설업 말소·폐업 증가세
1일 통계청에 따르면, 국내 건설 실적을 나타내는 건설기성(특정 시점까지의 시공 실적)은 지난 4월 9조5319억2000만원으로 전년 동월 대비 19.8% 하락한 것으로 나타났다. 건설기성은 해당 월에 시공한 공사 실적을 의미해 건설 경기의 대표적인 동행 지표로 활용되고 있다. 건설 수주액도 지난 4월 12조645억원으로 전년 동월 대비 17.5% 줄어들며 지난해 1월 이후 15개월 만에 가장 큰 감소 폭을 보였다. 공사 실적이 줄면서 자금이 줄어들고, 미래의 수익도 사라지고 있다는 것이다.
건설 업계에서 위기감이 고조되는 이유는 공사비, 미분양, 건설 수주액 등 모든 지표가 악화되면서 나아질 기미가 보이지 않기 때문이다. 건설사 자금 경색을 유발하는 ‘악성 미분양’(준공 후 미분양) 주택은 지난 4월 2만6422가구로 140개월 만에 최대치를 기록했다. 준공 후 미분양 주택이 늘어나면 건설사가 건설을 완료하고도 자금 회수가 불가능해져 대출 원금 상환이 지연되고 이자 부담이 늘어나는 등 어려움이 가중될 수밖에 없다.
실제로 미분양이 쌓이며 말소·폐업하는 건설업체도 증가 추세다. 말소·폐업하는 건설업체 건수는 지난 2022년 2171개에서 지난해 3071개로 2년 만에 41.5% 높아졌다. 올해 1분기에는 747개로 전년 같은 기간보다 3.6% 늘어나며 증가세를 이어가고 있다. 지난달 28일 시공 능력 평가 111위의 영무토건의 가세로 올해 법정관리를 신청한 중견·중소 건설사는 11곳으로 늘어났다.
◇건설 후방산업도 불황
건설 경기가 나빠질수록 중소형 건설사부터 타격을 받을 수밖에 없다. 시공능력평가 50위 이내 건설사의 전체 계약액 비율은 지난 2022년부터 상승해 지난해 역대 최고 수치인 47.1%를 기록했다. 반면 100위 이하 중소 건설사의 계약액 비율은 감소세를 이어가고 있다. 한국건설산업연구원은 “최근의 건설 경기 악화는 2008년 금융 위기 때보다 여러 지표에서 더 빠른 침체 양상을 보이고 있다”면서 “경제 저성장, 금리 인하의 어려움, 공사비 급증 등으로 과거보다 구조적으로 대응이 더 어렵다”고 했다.
건설 경기 불황은 자재, 시멘트, 철강 등 후방 산업으로 번지고 있다. 한국시멘트협회에 따르면 지난 1분기 시멘트 출하량은 812만톤으로 전년 동기(1039만톤) 대비 21.8% 감소했다. 1분기 출하량이 1000만톤 밑으로 떨어진 것은 1998년 외환 위기와 2008년 금융 위기 때뿐이었다. 삼표시멘트, 한일시멘트 등 주요 시멘트 제조 기업의 영업이익은 70% 이상 감소했으며, 쌍용C&E와 성신양회 등도 적자로 전환했다. 건자재 양대 기업 KCC와 LX하우시스의 올해 1분기 공장 가동률은 각각 71.7%, 54.5%로 집계되며 최근 5년 동안의 가동률 중 가장 낮은 수치를 기록했다."
2025-06-02,"배우 서현진이 고액의 전세 보증금을 돌려받지 못해 직접 경매 절차에 나선 사실이 뒤늦게 알려졌다.
대법원 법원경매정보, 등기부등본 등에 따르면 서현진은 2020년 4월 서울 강남구 청담동의 135.74㎡(약 41평)짜리 고급 빌라를 보증금 25억원에 전세 계약했다. 2022년 3월에는 보증금을 올려 26억2500만원에 재계약했다.
그러나 2024년 4월, 계약 만기 시점까지 집주인 측은 전세금을 돌려주지 않은 것으로 보인다. 서현진은 그해 9월 법원을 통해 임차권 등기를 마쳤고, 경매도 신청했다. 서울중앙지법은 올해 4월 강제경매 개시 결정을 내렸다. 강제경매는 채권자가 소송을 통해 법원에서 채무 금액이 있다는 판결을 받아낸 뒤 채무자의 재산을 경매 신청하는 것이다.
이 빌라에 대해 강제경매를 신청한 이는 또 있다. 한 건설회사는 2024년 9월 경매를 신청했고, 올해 2월에는 집주인이 세금을 내지 않아 국가에 압류되기도 했다.
이 빌라의 감정가는 약 28억7400만원으로 책정됐지만, 한 차례 유찰되면서 최저 입찰가는 약 22억9900만원까지 낮아졌다. 다음 경매는 오는 17일 진행될 예정이다.
그러나 낙찰자가 나타날지는 미지수다. 선순위 임차인으로서 전세권 등기가 마쳐진 주택의 경우, 새 집주인은 경매 낙찰금에 더해 임차인에게 전세 보증금도 지급해야 한다. 최저 입찰가로 낙찰받는다고 해도 서현진의 전세 보증금을 더해 총 49억원가량에 빌라를 취득하게 되는 셈이다.
이와 관련 서현진의 소속사 매니지먼트 숲 측은 “사생활에 해당하는 내용이라 확인이 어렵다”고 밝혔다.
한편, 2023년 6월 1일 전세사기특별법 시행 이후 2년간 정부가 인정한 전세 사기 피해자는 총 3만400명에 이른다. 서울이 누적 8334건(27.4%)으로 가장 많았으며 경기 6657건(21.9%), 대전 3569건(11.7%), 인천 3341건(11.0%) 등이 뒤를 이었다. 주택 유형으로는 다세대주택이 30.3%, 오피스텔 20.8%, 다가구 17.8% 등의 순으로 피해가 발생했다."
2025-05-31,"다 짓고도 팔리지 않아 ‘악성 미분양’이라고 하는 준공 후 미분양 주택이 지난 4월 말 기준 전국 2만6422가구로 11년 8개월 만에 최대치를 기록했다. 정부는 그간 한국토지주택공사(LH)를 통해 미분양 주택을 매입하고, 투자자를 모아 지방 미분양 주택을 매입한 후 임대 사업으로 수익을 내는 상품(CR리츠)을 출시하는 등 대책을 내놨지만 시장 침체가 이어지는 중이다.
30일 국토교통부가 발표한 ‘4월 주택 통계’에 따르면, 4월 전국 준공 후 미분양 물량은 3월보다 5.2% 늘었다. 2023년 8월부터 21개월 연속 전월 대비 증가세가 이어지고 있다.
지방 주택 시장 침체 여파가 크다. 전체 악성 미분양의 83%가 비수도권에 몰렸다. 그중에서도 영남 지역의 침체가 뚜렷하다. 전국 17시도 중 대구가 악성 미분양이 3776가구로 가장 많았고, 경북 3308가구, 경남 3176가구, 부산 2462가구 등이었다. 이 지역을 포함해 지방에선 악성 미분양이 지난달보다 1354가구 늘어난 반면, 수도권에선 49가구 줄어 차이를 보였다. 다만 전체 미분양 주택은 지난달 6만7793가구로 전월보다 1127가구 감소했다. 수도권에서 623가구, 지방에서 504가구 줄었다.
인·허가, 준공 등 주택 공급 지표도 수도권과 지방 격차가 컸다. 지난달 수도권에선 인·허가 물량이 전년보다 26.5% 늘어난 1만4261가구였다. 반면 비수도권은 41.3%가 줄어 9765가구를 기록했다. 인·허가 물량은 통상 3~5년 뒤 공급에 영향을 미친다. 준공(입주) 물량도 수도권에서 80.9% 급증해 1만8603가구였던 반면, 비수도권에선 1만6504가구로 12% 줄었다.
이은형 대한건설정책연구원 연구위원은 “지방 수요 진작을 위해 다주택자에 대한 규제 완화, 지방 거래 세제 지원처럼 좀 더 과감한 정책을 고려해 봐야 한다”고 말했다."
2025-05-30,"외국인이 국내에서 보유 중인 주택 수가 작년 말 10만 가구를 돌파했다. 이 중 56%를 중국인이 소유하고 있다. 정부는 2022년 하반기부터 반기(6개월)마다 외국인 소유의 주택·토지를 조사해 공개하는데, 외국인 보유 주택 수와 그 가운데 중국인 소유 비율 둘 다 결과 발표 때마다 최대치를 경신하고 있다.
30일 국토교통부가 발표한 ‘외국인 주택·토지 보유 통계’에 따르면, 작년 12월 말 기준 외국인이 소유한 국내 주택은 10만216가구로 처음으로 10만 가구를 돌파했다. 1년 전과 비교하면 8763가구(9.6%) 늘었다. 외국인 보유 주택이 국내 전체 주택 가운데 차지하는 비율은 0.52%로, 1년 전 0.48%에서 소폭 상승했다.
외국인들이 소유한 주택의 약 72.7%는 수도권에 있다. 경기도 소재 주택이 3만9144가구로 가장 많고, 서울 2만3741가구, 인천 9983가구 순이었다. 지방은 충남(6156가구), 부산(3090가구), 경남(2826가구) 순이었다.
소유자 국적별로 보면 중국인이 전체의 56.2%인 5만6301가구를 갖고 있어 가장 많았다. 중국인이 많이 사는 경기 부천(5203가구), 안산(5033가구)은 전국에서 외국인 소유 주택이 가장 많은 도시 1·2위를 기록하기도 했다. 중국인 다음으론 미국인이 2만2031가구(22%), 캐나다인이 6315가구(6.3%)를 각각 소유한 것으로 조사됐다.
주택을 소유한 외국인은 9만8581명으로 1년 새 9.8% 늘었다. 외국인 다주택자 증가 폭은 더 컸다. 작년 말 2주택 이상 소유한 외국인 수는 6492명으로 집계됐는데, 2023년 말 5889명에서 10.2% 늘었다.
외국인이 보유한 토지는 전체 면적이 2023년보다 1.2% 늘어난 2억6791만㎡로 집계됐다. 전체 국토의 0.27%쯤이다. 토지는 미국인 보유 면적 비율이 전체의 53.5%였다. 다만 토지를 보유한 전체 외국인 중 55.6%는 교포였다. 외국 법인 소유가 33.7%, 순수 외국인이 땅을 가진 사례는 10.5%였다."
2025-05-30,"서울 성북구 성북동 한 고급 주택 단지의 2층짜리 단독주택이 지난 3월 119억7000만원에 팔렸다. 올해 전국 모든 단독주택 중 가장 비싸게 거래됐다. 매수자가 누구인지 관심을 끌었는데, 새 주인은 중국 국적자로 나이는 33세에 불과했다. 국내 금융기관의 근저당 설정이 없어 전액 현금으로 산 것으로 추정된다.
서울 강남 아파트 시장도 중국 ‘큰손’이 주요 고객이 된 지 오래다. 1988년생 중국인이 강남구 도곡동 ‘타워팰리스’ 펜트하우스를 89억원에 사들였는데, 자금 조달 계획서에 ‘전액을 외국 은행 대출로 충당했다’고 적었다. 압구정이나 잠실 등 강남권 알짜 재건축 아파트를 사들여 ‘장기 투자’하는 중국인도 늘었다. 한 외국인 전문 공인중개업소 관계자는 “외국인은 자국 은행이나 부모 도움을 받았는지 자금 출처가 명확하지 않은 경우가 많아서 우리 국민보다 부동산 사기가 훨씬 수월한 편”이라고 했다.
최근 수년간 국내에서 아파트나 단독주택, 땅을 사들이는 중국인이 크게 늘어 이들의 부동산 거래를 제한하거나 엄격히 심사할 필요가 있다는 지적이 나온다. 특히 자금력을 갖춘 중국인들은 사실상 투기 목적으로 부동산을 사들여 가격을 왜곡하고 집값 상승 등 과열을 부추긴다는 것이 이유다. 다주택자로 임대 사업을 하면서 세금 탈루 우려도 제기된다. 실제로 몇 년 전 유학 비자로 입국한 30대 중국인이 아파트 8채를 소유해 놓고 신고 없이 전·월세 수입을 챙긴 일이 적발되기도 했다.
또한 중국인을 포함한 외국인 수요자들 때문에 부동산 시장 안정을 위한 정부의 대출 규제가 제대로 작동하지 않는다는 지적도 있다. 외국인도 국내에서 LTV(주택 담보 인정 비율) 등 대출 규제, 양도세나 종합부동산세 등을 똑같이 적용받지만, 자기 나라에서 조달하는 자금 출처나 가족 간 증여 등을 정확히 파악하기 어려워 실효성이 떨어진다는 것이다. 실제로 우리 정부 감시를 피해 외국환은행을 거치지 않고 거액을 불법 반입해 부동산을 사들이고 목적과 다른 대출금을 유용한 외국인의 투기성 행위가 작년에만 433건 적발됐다. 이 중 192건(44.3%)이 중국인이 저지른 것이었다.
1998년 정부가 외자 유치를 위해 부동산 시장을 전면 개방하면서 국내 외국인 토지 거래 관련 제도는 허가제에서 신고제로 크게 간소화됐다. 군사 시설이나 서·남해안 국경 도서 지역 일부만 ‘외국인 토지 거래 허가 구역’으로 묶여 있을 뿐 그 외 지역에선 외국인이 부동산을 사는 데 별다른 제약은 없다.
◇중국인 소유주 급증, 강남 매수도 늘어
29일 법원 등기정보광장의 외국인 소유권 이전 자료를 분석한 결과, 국내에서 아파트, 빌라, 상가, 토지 등 부동산을 소유한 중국인은 2020년 5만4320명에서 지난달 9만6955명으로 5년 만에 78.5% 급증했다. 외국인 중 중국인 비율은 같은 기간 35.5%에서 41.6%로 뛰었다. 중국인 열 명 중 일곱 명은 서울과 경기, 인천 등 수도권 지역의 부동산을 소유하고 있었다. 2020년 3만8419명이 수도권 부동산을 갖고 있었는데, 지난달엔 79.1% 늘어 6만8819명이 됐다. 최근엔 차이나타운이 있는 금천구나 영등포구 외에 상대적으로 땅값이 비싼 서울 강남 지역 매수도 늘고 있다.
중국인 집주인 증가에 국내에선 불만이 커진다. 내국인이 복잡한 절차를 지키고 각종 규제를 적용받아 부동산을 사는 것과 달리 중국인들은 자유롭게 국내 부동산을 매입하고 있어 ‘역차별’ 문제가 있다는 것이다. 한·중 간 토지 거래 분야에서 ‘상호주의’를 적용해야 한다는 주장이 많다. 중국 내 토지는 기본적으로 외국인이 매입할 수 없고, 주택을 사려 해도 1년 이상 거주해야 하는 등 조건이 까다롭다. 반면 중국인들이 국내에서 부동산을 살 때 적용받는 규제는 없는 것이나 마찬가지라는 지적이다. 가령 해외에 있는 지인이나 법인에서 돈을 빌려 저자본으로 국내 부동산을 사는 경우 국내 규제 당국이 출처를 정확히 파악하기 어렵다. 외국인에게 다주택자 규정을 적용하려 해도 가구원 파악이 안 돼 세금을 징수하지 못하는 경우도 적지 않다.
◇‘수도권 외국인 거래 제한’ 법안 발의
일각에선 해외 사례를 참고해 중국인을 상대로 토지 거래를 제한해야 한다는 얘기도 나온다. 호주는 지난 4월부터 비거주자 외국인의 기존 주택(신축 등 제외) 구매를 금지했다. 중국인들이 호주 부동산을 집중적으로 사들이자 최대 도시인 시드니를 중심으로 집값이 급등하고 현지 주민들 사이에선 “외국인 때문에 집 사기가 어려워졌다”는 불만이 팽배했다. 2020년부터 2년간 밴쿠버 같은 대도시 집값이 50% 정도 급등한 캐나다에선 중국인 투자자를 겨냥해 2023년부터 외국인의 주거용 부동산 구매를 금지했다.
국내 여론이 들끓자 최근 정치권에선 ‘수도권 외국인 토지 거래 허가제’ 도입 법안이 제출됐다. 중국처럼 우리 국민의 부동산 매입을 금지·제한하는 국가의 국적자에게 우리도 똑같은 규정을 적용해야 한다는 ‘상호주의’ 내용이 포함됐다. 안보 차원에서 군사 시설 보호 구역이나 인근에서 외국인의 토지 거래를 금지해야 한다는 내용의 법안도 발의됐다. 중국 정부가 서울 대통령실과 미국 대사관 인근의 토지를 대거 사들인 사실이 최근 드러나 논란이 된 바 있다."
2025-05-29,"지난 1분기 서울 연립·다세대주택 임대차 거래 10건 중 6건이 월세 거래인 것으로 나타났다. 전세 사기와 대출 규제 등으로 인해 월세 쏠림 현상이 가속화되고 있는 것이다.
프롭테크 기업 부동산플래닛이 29일 발표한 ‘서울 연립·다세대주택 매매 및 전·월세시장 동향 보고서’에 따르면 1분기 서울 연립·다세대주택 임대차 거래 중 월세가 차지하는 비율은 59.3%로 나타났다. 보증금이 월세 12~240개월 치인 ‘준월세’의 비율이 54%로 가장 많았고, 보증금이 월세 240개월 치를 초과하는 ‘준전세’가 37.3%, 그 외 ‘순수월세’가 8.7%를 차지했다. 직전 분기 대비 준월세와 순수월세는 각각 2%, 0.2% 늘었지만, 준전세는 1.9% 감소했다.
서울 연립·다세대주택 임대차 거래량은 3만1645건으로 직전 분기 대비 0.3% 줄었다. 전세 거래는 1만2864건으로 1.3% 감소하며 4분기 연속 하락세를 보이고 있는 반면, 월세 거래는 1만8781건으로 0.4% 늘어나며 2분기 연속 증가세를 이어가고 있다.
지역별로 전세 거래가 가장 많이 이뤄진 곳은 송파구(1423건)였다. 이어 강서구(858건), 마포구(847건), 은평구(764건) 순으로 많았다. 다만 25개 자치구 모두 전년 동기 대비 전세 거래량은 하락했다. 월세 거래의 경우 송파구(2854건), 강서구(1342건), 광진구(1108건), 마포구(1079건) 순으로 많았다. 매매가 대비 전세가 비율을 의미하는 전세가율은 지난 3월 기준 65.3%로 집계됐다. 정수민 부동산플래닛 대표는 “전세 거래 감소세와 월세 비중 확대가 뚜렷해지면서 주택 시장의 구조적 변화가 가속화되고 있다”고 했다.
매매 시장은 활력을 되찾고 있다. 1분기 서울 연립·다세대주택 매매 거래량은 6771건으로 전년 동기(5959건) 대비 13.6% 증가했다. 거래 금액은 2조5343억원으로 같은 기간 26.7% 상승했다. 자치구별 거래량은 노원구가 전 분기 대비 101.5%, 동대문구 100.7%, 중구 100% 등 세 지역이 높은 증가율을 보였다. 거래 금액은 성동구 137.3%, 노원구 120.1%, 동대문구 75.8% 순으로 상승했다."
2025-05-29,"2020년 폐지된 단기 민간 임대주택 등록 제도가 5년 만에 부활합니다. 빌라나 오피스텔 같은 비(非)아파트를 임대주택으로 등록해 세입자를 들이면 해당 주택은 종합부동산세 합산에서 빼주고 양도세도 중과하지 않는 등 혜택을 주는 제도입니다. 아파트를 한 채 가진 사람도 빌라를 새로 사들여 임대 사업을 하면 다주택자로 간주하지 않는 것입니다. 이렇게 되면 빌라나 오피스텔을 사들이는 수요가 늘고, 이런 민간 임대주택이 임대차 시장에 풀리면서 전월세 가격이 안정될 수 있다는 것이 정부의 기대입니다. 당장 다음 달 4일부터 제도가 시행되고, 의무 임대 기간은 6년입니다.
하지만 5년 전만 해도 등록 임대주택 사업자는 정부로부터 주택 시장을 교란하는 ‘원흉’ 취급을 받았습니다. 당시 문재인 정부는 집값 과열의 주요한 원인으로 다주택자를 지목했고, 단기 민간 임대주택 제도는 다주택자들의 ‘세금 회피 수단’이자 일종의 ‘투기 요인’으로 취급했습니다. 등록 임대사업자의 세제 혜택은 축소됐고, 의무 임대 기간이 지나면 사업자 등록이 자동으로 말소됐습니다.
당시 적지 않은 민간 임대 사업자들이 갑작스러운 정책 변화에 세금 폭탄을 맞는 등 타격을 입었습니다. 하지만 이들이 더 황당했던 것은 3년 만에 180도 뒤바뀐 정부의 태도였습니다. 문재인 정부가 출범한 2017년 국토부 장관이 나서서 “세제·금융 혜택을 줄 테니 임대 사업자로 등록하라”더니 임대 사업 기간이 끝나기도 전에 사업자들을 모조리 ‘투기꾼’ ‘적폐’로 몰아버린 것입니다.
민간이 공급하는 임대주택이 많아지면 전월세 시장 안정에 도움이 됩니다. 하지만 단기 등록 임대주택 부활을 보는 시장의 시선은 곱지 않습니다. 또다시 정책 방향을 뒤집는 것이나 급격히 위축된 빌라 시장을 살리겠다는 정부의 의도가 뻔히 보이기 때문입니다. 벌써 부동산 관련 커뮤니티에선 “이번에도 의무 기간(6년) 끝나기도 전에 혜택 없애버릴 거다” 같은 글이 올라옵니다. 정부 기대처럼 청년층이나 신혼부부들이 ‘주거 사다리’로 빌라 전셋집을 원하고 있는지도 의문입니다."
2025-05-28,"국토교통부가 27일 ‘굴착 공사장 안전 관리 강화 방안’을 발표했습니다. 최근 싱크홀 등 지반 침하 사고로 인한 인명 피해가 연달아 발생하자 ‘국민 불안을 해소하고 유사 사고를 예방한다’면서 만든 대책입니다. 지난 3월 서울 명일동에서 싱크홀에 빨려 들어간 오토바이 운전자 한 명이 숨졌고, 지난달엔 경기 광명시에서 공사 중이던 지하 터널이 무너져 근로자 한 명이 사망했습니다. 멀쩡한 땅이 갑자기 폭삭 주저앉는 영상에 많은 사람이 충격을 받았습니다.
그런데 이날 국토부가 내놓은 안전관리 강화 방안은 ‘알맹이가 없다’는 생각이 듭니다. ‘지반 침하 예방 활동 강화’ ‘사후 관리 체계 정비’ ‘단계별 안전관리 개선’ ‘안전관리 신뢰도 제고’라는 4대 과제를 제시했습니다. 최근 5년간 전국적으로 이틀에 한 번꼴로 발생하는 지반 침하 사고를 근절할 수 있는 구체적인 실행 방안은 찾기 어려웠습니다.
일례로 ‘예방 활동’에서 국토부는 앞으로 지자체 요청 없이도 직접 지반 침하 위험이 있는 현장을 조사해 관리한다고 했습니다. 기존 조사 거리가 3200㎞인데, 국토부가 500㎞를 추가로 직권 조사한다고 합니다. 주민 입장에선 현장 조사와 관리 주체가 정부냐, 지자체냐는 중요하지 않습니다. 싱크홀 위험에서 안전한 상태로 계속 살아갈 수 있는 구체적 대책을 원하는 것입니다.
정부는 또 하수도·지하상가 등의 정보가 포함된 지하 시설 통합지도를 고도화한다고 했습니다. 이 통합지도는 2014년 지반 침하 예방 대책의 하나로 나온 것입니다. 11년이 지나도록 제대로 활용이 안 되고 있는 것도 황당한데 올해도 아니고 내년에야 쓸 만해진다는 것입니다. 국토부가 지난 16일부터 공개하고 있다는 지반 침하 사고 현황에는 지난 3월 발생한 명일동 사고가 누락됐습니다.
정부는 작년부터 각종 지하 안전관리 방안을 발표하고 “시스템 개선 중”에 추가 사고가 발생해 추가 대책을 내놓았다고 합니다. 국토부 관계자는 “일반 지반 침하는 줄고 있고, 대형 사고 위험이 큰 굴착 공사장 위주로 마련한 대책”이라고 했습니다. 사고 불안에 떨면서 실질적인 개선책을 원하는 국민과 달리 땅 꺼짐 사고에 대한 정부의 인식이 안일하게 느껴집니다."
2025-05-28,"KB부동산신탁이 다음 달 대전시 중구 문화동 47번지 일원에서 ‘대전 문화공원 수자인’을 분양할 예정이다. 지하 3층~지상 16층, 11동(棟) 509가구로 조성되며 타입은 전용면적 84㎡(419가구)와 126㎡(90가구) 등 중대형으로 구성됐다.
이번 사업은 국·공유지인 공원 용지를 민간 사업자가 공원으로 조성해 기부하고 일정 부분을 아파트 단지로 개발하는 민간 공원 특례 사업이다. 단지와 공원이 맞닿아 있어 쾌적한 주거 환경이 조성된다.
사업 시행자인 문화드림파크개발이 KB부동산신탁에 공사 발주, 분양, 관리, 운영 등을 위탁하는 차입형 토지신탁 방식으로 진행된다.
대전 문화공원 수자인은 주변에 약 15만 7000㎡(약 4만 7000평)에 달하는 대규모 공원이 조성될 예정이다. 산책로와 광장 등을 편리하게 이용할 수 있다는 장점이 있다.
생활 및 교통 인프라도 잘 갖춰져 있다. 걸어서 5분 거리에 한밭문화체육센터와 한밭도서관이 있다. 충남대학교 병원은 차로 5분 정도면 갈 수 있다. 대전 1호선 서대전네거리역, KTX 서대전역 등 철도 교통망도 가깝다.
단지 안은 특화 설계로 꾸며졌다. 판상형 4베이 구조로 설계됐으며, 일부 가구에는 보문산 조망이 가능한 조망형 발코니가 적용된다. 라운드형 게이트와 랜드마크동 측벽 조명 특화등도 설치될 예정이다.
시공사인 BS한양 관계자는 “대전 문화공원 수자인을 시작으로 이후 대전복수동2구역, 인천 용현학익, 김포 풍무, 부산 한양프라자 등 주요 입지 단지를 성공적으로 공급하겠다”고 말했다."
2025-05-27,"정부가 싱크홀 등 지반 침하 사고 예방을 위해 ‘굴착 공사장 안전관리 강화 방안’을 발표했다. 지자체 요청 없이 현장을 직권 조사해 선제적으로 대응하고, 위험 지역 지반 탐사 결과와 공동(空洞·지하 빈 공간) 현황, 복구율 등을 일반 국민이 쉽게 찾아볼 수 있도록 했다. 지난 5년간 대규모 지반 침하 사고를 조사한 결과 ‘굴착 관련 공사 부실’이 주 원인으로 밝혀진 데 따른 것이다.
27일 국토교통부는 이런 내용이 담긴 사고 예방책을 발표했다. 지난 3월 강동구 명일동 싱크홀 사고, 지난달 광명 신안산선 공사장 붕괴 등 굴착 공사장 인근에서 대형 지반 침하 사고가 발생하자 종합 대책을 내놓은 것이다.
국토부는 작년부터 지하안전관리 개선 방안, 지하안전관리 계획 등 지반 침하 대책을 잇따라 발표하고 있지만, 인명 피해를 동반한 사고가 끊이지 않았다.
국토부에 따르면, 2020년부터 2024년까지 전국에서 지반 침하 사고는 867건 발생했다. 지반 침하는 면적 1㎡ 또는 깊이 1m로 땅이 내려앉는 사고를 말한다. 이런 사고 중 면적 9㎡, 깊이 2m로 땅이 꺼져 오토바이 운전자가 완전히 땅속에 갇힐 정도 크기의 ‘대형 사고’는 전체 6.6%인 57건으로 나타났다.
일반 지반 침하 사고의 절반 이상(57%)이 상·하수관 손상 등 땅속 매설물 손상 때문에 벌어졌는데, 대형 사고는 굴착 공사 부실 때문에 발생한 경우(36.8%)가 가장 많았다. 굴착 공사 부실은 다짐(되메우기) 불량, 상·하수관 매설공사 부실 등을 포함한다.
실제 국토안전관리원이 작년 4분기 굴착 공사장을 특별 점검한 결과, 빈 공간을 뜻하는 ‘공동’이 전국에서 68곳 발견됐다. 특별 점검 구간에서 발견된 거리당 공동은 일반 점검 구간보다 1.7배 이상 많았다.
굴착 공사장 인근에서 빈 공간이 많이 발견돼 대형 사고 우려가 커지자 국토부는 이날 여러가지 관리 강화 방안을 발표했다. 먼저 지자체 요청이 있을 때만 했던 지반 탐사를 정부가 직접 나서서 하기로 했다. 지하안전법 개정을 통해 직권 현장조사 권한을 갖고, 지하철 역사 인근 공사장 등 위험 구역 선별에 나서겠다는 것이다. 지반 침하 이력이 있거나 지하수 유출량이 많은 곳, 관련 민원이 발생한 곳 등을 종합해 조사 구역을 고른다.
지표투과레이더(GPR) 등 지반 탐사 장비를 현행 13대에서 연간 30대까지 늘리고 탐사 범위를 대폭 확대하기로 했다. 지반 탐사 구간은 3200㎞에서 국토부 조사에 따라 500㎞가 추가된다.
또 국토안전관리원이 실시한 지반 탐사 결과와 공동, 복구 현황을 국민에게 지도로 공개하기로 했다. 지난 16일부터 지반 침하 사고 현황을 공개하기 시작했고, 다음 달부터 지반 탐사 결과와 공동 발견 현황, 복구 현황 등을 추가하기로 했다.
활용도가 떨어졌던 지하공간 통합지도는 건설 공사 정보, 지반 침하 이력, 연약지반 정보 등을 연계해 실효성을 끌어올리기로 했다.
이 밖에 지반 침하 안전 관리 매뉴얼을 개선하고 사고 복구율을 끌어올리기로 했다. 현재는 국토안전관리원이 공동을 발견해 지자체에 통보해도 지자체가 예산 등을 이유로 복구 조치에 적극적으로 나서지 않으면서 복구율이 절반에 못 미치는 실정이다.
정부는 굴착 공사 단계별 관리 대책도 마련했다. 착공 전의 경우 연약 지반에 대해 지하 안전 조사를 받도록 하고, 착공 후엔 이런 조사를 성실하게 수행하지 않은 업체에 대해 벌칙을 강화하기로 했다. 이 외에 지하 안전 평가 전문 기관에 대해 점검을 강화해 부실 업체를 퇴출하고, 지반 탐사 사업 등록 기준을 마련하기로 했다."
2025-05-27,"앞으로 임차인이 전세 계약을 체결하기 전에도 임대인이 전세 보증금을 돌려주지 않은 이력이 있는지 등을 확인할 수 있게 된다. 전세 보증금을 떼일 가능성이 높은 임대인 정보를 사전에 확인할 수 있도록 해 전세 사기를 예방할 수 있도록 제도가 개선되는 것이다.
국토교통부는 27일부터 ‘임대인 정보 조회 제도’를 확대 시행한다고 26일 밝혔다. 이를 통해 임차인은 주택도시보증공사(HUG)를 통해 임대인의 전세금반환보증 가입 주택 보유 건수, 보증 금지 대상 여부, 최근 3년간 임대인이 HUG에 진 채무 등 정보를 임대인 동의 없이도 받을 수 있게 된다. 그동안은 임대인 정보를 확인하려면 전세 계약을 맺고 입주한 후, 임대인의 동의를 얻어야 확인할 수 있었다.
임차인이 임대인 정보를 확인하려면 공인중개사에게 계약 의사가 있다는 확인서를 받아 HUG 지사를 직접 방문해야 한다. 다음 달 23일부터는 ‘안심전세앱’을 통해서도 신청할 수 있다. 신청 후 7일 이내에 임대인 정보를 받을 수 있다. 계약 당일 임대인을 직접 만난 경우에는 안심전세앱을 통해 임대인 정보를 곧바로 조회할 수 있다. 다만 계약 의사 없는 일명 ‘찔러보기’ 등 조회 남용을 방지하기 위해 정보 조회는 신청인당 월 3회로 제한된다. 조회 후에는 정보 제공 사실이 임대인에게 통지된다."
2025-05-27,"대우건설, 투르크메니스탄서 1조 규모 수주
대우건설은 지난 24일 투르크메니스탄 국영화학공사와 1조810억원(약 7840억달러) 규모의 ‘미네랄 비료 플랜트’ 건설 본계약을 체결했다고 26일 밝혔다. 대우건설이 중앙아시아에서 처음 수주한 사업이다. 투르크메니스탄 제2의 도시인 투르크메나밧에 인산 비료와 황산암모늄 생산 공장 등을 짓는 프로젝트다.
이노션, 3대 광고제 ‘클리오 어워즈’서 대상
이노션이 세계 3대 광고제로 꼽히는 ‘클리오 어워즈 2025’에서 현대차와 공동 기획·제작한 ‘밤낚시’ 캠페인으로 브랜디드 엔터테인먼트&콘텐츠 부문 대상을 받았다고 26일 밝혔다. 밤낚시 캠페인은 배우 손석구와 현대차의 전기차 아이오닉 5가 주인공으로 등장하는 단편영화다."
2025-05-26,"앞으로 임차인이 전세계약을 체결하기 전, 임대인이 다주택자인지, 전세금반환보증 사고 이력이 있는지 등을 확인할 수 있게 된다. 전세 보증금을 떼일 가능성이 높은 임대인에 대한 정보를 임차인이 사전에 확인할 수 있도록 해 전세 사기를 예방할 수 있도록 제도가 개선되는 것이다.
국토교통부는 이달 27일부터 ‘임대인 정보 조회 제도’를 확대 시행한다고 26일 밝혔다. 임차인 요청 시, 주택도시보증공사(HUG)가 보유한 임대인 정보를 임대인 동의 없이도 제공할 수 있으며, 임대인에게 정보 제공 사실과 이유 등을 추후 통지하는 제도다.
그동안은 임차인이 임대인의 정보를 확인하려면 전세계약을 맺고 입주한 후에야 임대인의 동의를 얻어 확인할 수 있었다. 하지만 지난 1일 ‘주택도시기금법 개정안’이 국회 본회의를 통과하면서 전세계약 단계에서도 임대인 보증 이력 등을 직접 조회할 수 있게 된 것이다.
임차인이 확인할 수 있는 정보는 임대인의 HUG 전세금반환보증 가입 주택 보유 건수, 보증 금지 대상 여부, 최근 3년간 대위변제 발생 건수 등이다. HUG가 보유한 보증 데이터를 기반으로 정보를 확인할 수 있다.
예비 임차인이 임대인의 정보를 확인하려면 공인중개사를 통해 계약 의사를 확인한 뒤 가능하다. 공인중개사 확인서를 지참해 HUG 지사를 방문하거나 다음 달 23일부터는 안심전세앱을 통해 비대면으로 신청할 수도 있다. 신청 후 최대 7일 이내에 임대인 정보가 제공된다. 계약 당일 임대인을 직접 만난 경우에는 안심전세앱을 이용해 임대인의 정보를 조회하거나 임대인이 앱으로 본인 정보를 직접 조회해 임차인에게 보여줄 수도 있다.
다만 제도 남용을 방지하기 위해 임대인 정보 조회는 신청인당 월 3회로 제한된다. 임대인에게는 정보 제공 사실이 문자로 통지된다. 계약 의사 없이 일명 ‘찔러보기’ 식의 조회를 방지하기 위해 부동산 거래관리시스템(RTMS)을 통한 계약 체결 여부 확인과 공인중개사를 통한 계약 의사 검증 등도 철저하게 시행된다."
2025-05-26,"포스코이앤씨는 총 공사비 2조원 규모의 서울 동작구 이수 극동, 우성 2·3단지 통합 리모델링 사업을 수주했다고 25일 밝혔다. 완공 후 공급 가구 수 기준(3987가구) 서울 최대 규모 리모델링 프로젝트다.
단독 입찰에 나선 포스코이앤씨는 전날 열린 리모델링 조합 총회에서 87.6% 비율로 찬성을 얻어 최종 시공사로 선정됐다. 포스코이앤씨는 수직·수평 증축 리모델링을 통해 기존 지하 2층~지상 20층 26동(棟) 3485가구를 지하 6층~지상 27층 26동(棟) 3987가구로 바꾼다. 늘어나는 502가구는 일반 분양으로 공급한다.
단지명은 ‘완전하다’는 뜻의 스페인어 ‘플레노’를 넣어 ‘더샵 이수역 엘플레노(ELPLENO)’로 지었다. 포스코이앤씨는 이번 사업 수주로 리모델링 누적 수주액이 총 13조3000억원을 기록했다고 밝혔다."
2025-05-26,"성남시 분당 재건축 이주민 지원을 위한 주택 공급 계획이 무산될 것으로 보인다. 정부가 발표했던 성남 야탑동 공공 분양 주택 공급은 주민 반발로 백지화되는 분위기이고, 이후 성남시가 제안한 대체 부지에 대해서는 국토교통부가 “이주 수요 해소가 어렵다”고 판단한 것이다. 재건축 과정에서 이 지역 전·월세 시장 불안이 커질 것이란 우려가 나온다.
25일 국토부는 성남시가 제안한 이주 주택 대체 후보지 5곳에 대해 ‘검토 결과 2029년까지 입주가 불가능하다’는 입장을 최근 전달했다고 밝혔다. 행정 절차와 공사 기간 등을 고려할 때 입주가 필요한 시점에 아파트를 공급하기 어렵다는 결론이다.
국토부는 작년 12월 ‘1기 신도시 이주 지원 대책’을 발표하고, 성남시 야탑동 유휴 부지에 한국토지주택공사(LH)를 통해 1500가구 규모 공공 분양 주택을 짓기로 했다. 그러나 야탑동 주민들이 “일방적으로 공공 주택을 짓는 건 권리 침해”라고 반발했고, 성남시도 국토부에 재검토를 요청했다. 국토부는 성남시 측에 대안 마련을 요구했다.
이후 성남시가 개발제한구역(그린벨트)을 포함한 대체 부지 5곳을 제안했지만 국토부는 검토 끝에 물량 확보가 쉽지 않다고 판단했다. 국토부는 분당 지역 재건축 시기를 조정해 이주 수요가 한꺼번에 몰리지 않도록 분산하는 방안을 검토 중이다. 국토부 관계자는 “이주 문제가 생기지 않도록 성남시와 조율하고 있으며, 조만간 결론을 낼 계획”이라고 했다."
2025-05-26,"중흥그룹 중흥토건이 부산 강서구 강동동 에코델타시티 공동 4블록에서 ‘에코델타시티 중흥S-클래스 에듀리버’를 분양하고 있다. 지하 2층~지상 최고 18층 12동(棟), 728가구 규모다. 전용면적 84㎡는 A·B·C타입, 전용 112㎡는 A·B타입 등 총 5가지 주택형을 갖췄다.
분양가 상한제가 적용돼 가격 경쟁력을 갖췄다는 평가다. 3.3㎡당 평균 분양가가 1627만원으로 책정됐다. ‘국민 평형’으로 실수요자가 가장 선호하는 전용 84㎡의 경우 3.3㎡당 분양가가 1500만원대 후반이다.
◇복합몰·수변공원 등 생활 인프라
에코델타시티 중흥S-클래스 에듀리버는 일부 가구를 제외하고 4베이(전면 발코니 쪽으로 거실과 방 3개를 배치) 설계를 적용했다. 드레스룸, 알파룸, 팬트리 등 넉넉한 수납 공간을 제공한다. 피트니스클럽, GX룸, 골프연습장 등 운동 시설과 어린이집, 다함께돌봄센터, 작은도서관, 독서실, 경로당 등 편의 시설도 조성된다. 주차 공간은 가구당 약 1.41대다.
단지는 생활 인프라가 고루 갖춰진 입지에 들어선다. 단지 뒤에 근린 상업용지가 있고, 공공 청사와 의료 시설 등이 들어설 업무용지와 중심 상업용지도 가깝다. 전국 최대 규모로 조성이 예정된 현대프리미엄아울렛, 명지국제신도시의 스타필드시티 등 복합 쇼핑몰이 가깝다. 단지 바로 앞에 유치원·초등학교 예정 부지가 있고, 중·고등학교도 걸어서 통학할 수 있는 곳에 들어설 예정이다. 근처에 에코델타시티 중앙공원, 단지 옆 서낙동강에 수변공원이 조성된다. 일부 가구에선 낙동강 조망도 가능하다.
남해안고속도로 제2지선 서부산IC, 명지IC를 이용하면 다른 지역으로도 쉽게 이동할 수 있다. 2030년엔 에코델타시티와 승학터널(계획)을 잇는 ‘엄궁대교’ 개통이 예정돼 있다. 부산역 등 도심 접근성이 개선될 전망이다. 김해공항도 근처에 있다. 이 밖에도 ‘부전-마산 복선전철’ 노선 ‘에코델타시티역’이 오는 2028년 하반기 준공될 예정이다. 부산도시철도 ‘강서선 트램(계획)’ ‘하단-녹산선(계획)’ 개발도 추진 중이다.
◇자율주행차 다니는 스마트시티
단지가 들어서는 부산 에코델타시티는 국내 첫 ‘스마트시티 국가 시범도시’로 선정된 곳이다. 부산 강서구 일대 11.7㎢ 부지에 사물인터넷(IoT), 자율주행차, 인공지능(AI), 로봇 등 4차 산업혁명 관련 기술을 적용한 주거지를 건설한다. 2028년까지 총 3만 가구가 입주해, 배후 수요가 7만6000명에 달할 것으로 예상된다.
에코델타시티 주변에 화전일반산업단지, 부산신항배후 물류단지, 부산진해경제자유구역 등이 있어 ‘직주근접(職住近接)’ 환경도 우수하다. 삼성전기 부산사업장, 르노코리아 자동차공장, 농심 녹산공장 등 다양한 산업 분야의 기업 일터도 가까운 편이다.
지난 3월 부산시가 실시 계획을 승인한 부산연구개발특구(첨단복합지구) 사업이 완료되면 가덕도 신공항 개항과 연계돼 생산 유발 효과가 약 3600억원, 고용 유발 효과는 약 3500명 발생할 것으로 예상된다. 제2에코델타시티, 동북아물류플랫폼 등 강서구 일대 다른 개발 사업과 함께 지역 경제에 미칠 파급 효과가 상당할 전망이다. 분양 관계자는 “에코델타시티를 포함해 부산 강서권역 일대가 자족 도시로 성장할 수 있을 것”이라고 말했다."
2025-05-26,"“대선 후보들이 한목소리로 주택 공급 확대를 외치는 상황에서 당분간 전월세 가격 상승 속도가 매매가 상승세보다 빠를 겁니다.”
‘부룡’이라는 필명으로 잘 알려진 신현강<사진> 부와지식의배움터 대표는 최근 본지 인터뷰에서 “공급 부족이 심해지면 집값이 불안해질 수밖에 없는데 현재 매매가 상승을 억제하는 정책이 이어지고 있어 전월세 가격이 먼저 오를 가능성이 크다”고 전망했다. 신 대표는 7월 4일부터 이틀간 서울 강남구 코엑스에서 열리는 조선일보 주최 ‘2025 대한민국 부동산 트렌드 쇼’에서 하반기 전세 시장 전망에 대해 강연한다.
신 대표는 “지금은 무리하게 대출을 끌어 아파트를 사는 것을 조심해야 하는 시기”라고 강조했다. 그는 “시장이 불안정할 때 가장 손해를 보는 건 영혼까지 대출을 끌어 아파트를 산 영끌러”라며 “금리가 내릴 것으로 예상되지만, 국제 정세 등으로 앞으로 어떻게 될지는 아무도 모른다”고 했다. 그러면서 전셋값이 오를 것으로 예상되는 만큼 서울 전세가율이 60%를 뚫을 때를 눈여겨보라고 조언했다. 전세가율은 주택 매매 가격 대비 전셋값 비율을 의미한다.
지난달 서울 전세가율은 53.5%로 11개월 만에 가장 낮은 수치이며, 특히 강남구는 40.7%로 역대 최저치를 기록했다. 신 대표는 “계약갱신청구권으로 전세 물량이 반 토막이 난 만큼 전셋값 상승에 가속도가 붙을 것”이라며 “전세가율이 60%로 오르면 매매 시장이 활성화돼 상승장이 만들어지는 만큼 전세에서 매매로 갈아타기 좋은 분위기가 형성된다”고 했다.
신 대표는 과거와 다르게 강남 아파트값이 올라도 ‘풍선 효과’로 주변 지역으로 확산하는 경향이 약해질 것이라고 예상했다. 그는 “강남 아파트값은 ‘똘똘한 한 채’ 수요로 비정상적으로 급등한 측면이 있다”면서 “대출 규제와 부동산 경기 침체, 높은 연체율 등으로 인해 주변 지역에서 추격 매수가 일어나기 어려운 구조”라고 했다.
그렇다고 수요자들이 내 집 마련에 나서는 것을 부정적으로 보는 것은 아니었다. 그는 “부동산 시장은 장기적으로 우상향에 가깝기 때문에 무리하지 않는 선에서는 3기 신도시를 노려보는 것도 좋다”고 했다."
2025-05-26,"현대건설은 신한울 원자력 3·4호기 건설 현장 근로자 안전을 위해 경북 안동시 안동병원 경북권역외상센터와 응급 의료 지원 업무 협약을 체결했다고 25일 밝혔다. 현대건설은 협약을 통해 경북 울진의 신한울 3·4호기 건설 현장과 안동병원 간 의료 핫라인을 구축하고, 닥터헬기로 중증 응급 상황에 대응할 수 있는 시스템을 마련했다. 현대건설이 시공 주간사로 참여하는 신한울 3·4호기 사업장은 하루 최대 4000명의 근로자가 투입되는 국내 최대 규모 원전 건설 현장이다.
삼성물산 건설 부문은 카타르 경제자유구역청(QFZA)과 카타르 내 지속 가능한 인프라 사업의 공동 투자와 기술 협력에 대한 업무 협약을 체결했다고 25일 밝혔다. QFZA는 카타르 하마드 국제공항과 항만 인근 지역에 특별경제자유구역 3개를 조성하고 물류, 제조, 기술 등 산업 인프라를 구축하고 있다. 양측은 향후 카타르 경제자유구역에서 태양광발전, 데이터 센터 등 지속 가능한 인프라 사업에 대해 광범위하게 협력하고 구체적 추진 방안도 모색하기로 했다."
2025-05-25,"이달 서울 아파트·빌라·단독주택 등 주택 종합 평균 매매 가격이 처음으로 10억원을 넘어선 것으로 나타났다.
아파트 값이 꾸준히 상승하면서 전체 주택 평균 가격을 끌어올리고 있는 것으로 풀이된다.
25일 KB부동산 ‘월간 주택가격 동향’에 따르면 5월 서울 주택의 평균 매매 가격은 10억398만원을 기록했다. KB부동산이 관련 통계를 발표한 2008년 12월 이후 가장 높은 금액이다. 지난 4월 9억9246만원에서 한 달 만에 1100만원 이상 올랐다.
‘똘똘한 한 채’ 수요 증가에 아파트가 서울 주택 가격 상승을 이끄는 모양새다. 이달 아파트 평균 매매 가격은 13억4543만원으로 한 달 만에 1577만원 뛰었다. 지난 1월 12억7503만원과 비교하면 반년도 안 돼 약 7000만원 올랐다.
특히 서울 5분위(상위 20%) 아파트 평균 가격은 30억942만원으로 처음으로 30억원을 넘었다. 1분위(하위 20%) 평균 가격은 4억9044만원이다.
5분위 가격으로 1분위 가격을 나눈 ‘5분위 배율’은 6.1로 더 커졌다. 그만큼 양극화가 한층 심화됐다는 얘기다.
서울 아파트 값은 1년째 상승세가 계속되고 있다. 강남 3구 등 주요 지역을 중심으로 2024년 6월(0.12%)부터 12개월 연속 올랐다.
이달 자치구별 상승률은 서초구가 1.93%로 가장 높았고, 양천구(1.86%), 강남구(1.76%), 성동구(1.15%)가 뒤를 이었다."
2025-05-24,"이달 마지막 주 전국에서 분양하는 아파트 단지가 단 1곳뿐인 것으로 나타났다.
24일 부동산R114에 따르면, 오는 27일부터 강산건설과 미래도건설이 경기 평택시 가재동에서 ‘평택브레인시티 앤네이처미래도’를 분양한다.
‘평택브레인시티 앤네이처미래도’는 다음 주 전국에서 분양하는 유일한 단지다. 지하 2층~지상 최고 35층, 9동(棟) 1413가구 규모로 조성되며, 전용면적은 59·84㎡로 구성됐다.
다음 달 3일 대선을 앞두고 수요자들의 관심이 분산될 것을 우려한 업체들이 일정을 줄줄이 연기하고 있는 것이란 분석이 나온다.
실제 대선 전 공급이 예정됐던 서울 강동구 ‘고덕강일 대성베르힐’은 대선 다음 날인 4일부터 분양 일정을 시작한다. 강동구 ‘디 아테온’도 4일부터 분양에 나선다.
대구에서도 ‘어나드범어’ 분양이 다음 달 이후로 연기됐고, ‘인천부평파라곤’ 분양 일정도 미정이다.
분양 업계 관계자는 “대선이 가까워지면서 흥행에 실패할까 봐 업체들이 신중하게 일정을 조정하는 분위기”라고 말했다."
2025-05-23,"60대 이상 건설기술인 수가 처음으로 40대보다 많아진 것으로 나타났다. 건설기술인은 건축·토목·기계·전기 등을 전공했거나 각종 건설 관련 분야에서 일정 수준의 자격이나 경력을 갖춘 사람을 가리킨다. 건설업계에서 일선 현장 근로자뿐만 아니라 설계, 공사 기획, 시공 관리 등을 수행하는 기술·사무직도 급속도로 고령화되고 있는 것이다.
최근 건설 경기 불황이 장기화하면서 40대에서 건설업이 아닌 다른 분야로 이탈하는 인력이 늘었고, 기존 인력은 계속 고령화가 진행된 영향이란 분석이다. 20~30대 젊은 층에서 건설 기술직 신규 진입이 계속 감소하는 것도 원인으로 꼽힌다.
22일 한국건설인정책연구원에 따르면, 올해 2월 기준 국내 전체 건설기술인 103만5724명 중 60대 이상은 26.8%인 27만7432명으로 집계됐다. 40대 인력(25만8143명, 24.9%)보다 약 1만9000명 많았다. 직전 조사인 작년 12월과 비교하면 60대 이상이 약 2만6600명 증가할 때 40대는 약 1만6600명 줄면서 처음으로 60대가 40대를 추월한 것이다. 2020년만 해도 40대(29만9572명)가 60대 이상(14만7873명)보다 배(倍)로 많았는데 5년 만에 뒤집힌 것이다.
국내 건설기술인 평균 나이는 2004년 평균 37.5세였지만, 이번 조사에선 52.2세로 집계됐다. 약 20년 사이 14세 이상 늘어난 것이다. 업계에선 한창 일할 때인 40대 비율 감소를 특히 우려하고 있다. 건설기술인 자격을 보유한 한 건설사 관계자는 “특히 2023년부터 건설 경기가 급격히 위축되면서 이직이 가능한 40대나 30대 후배들이 다른 분야로 이직하는 경우가 많다”고 했다. 건설인정책연구원 관계자는 “젊은 기술인 이탈을 막을 대책과 함께 급격히 늘어난 고령 건설기술인의 활용 방법도 시급히 마련해야 한다”고 했다."
2025-05-21,"전셋값이 1% 오르면 주택 매매가는 0.655% 상승한다는 연구 결과가 나왔다. 전셋값 상승 때문에 집값이 따라 오르는 효과는 수도권보다 지방에서 더 강하게 나타나는 것으로 나타났다.
20일 국토연구원은 ‘주택시장 변동성 확대의 사회적 비용과 향후 정책 방향’ 보고서에서 “전세 가격, 갭 투자 건수, 금리 인하 등이 집값 변동성을 키우는 요인으로 작동하는 것을 실증 분석을 통해 확인했다”고 밝혔다.
보고서에 따르면, 전셋값 상승은 수도권보다 지방 주택 매매가에 더 큰 영향을 미쳤다. 예를 들어 지방에선 전셋값이 1000만원 상승하면 매매가는 681만원 오르는데, 수도권에선 매매가가 582만원 오른다는 것이다. 매매가 상승 효과는 전셋값이 오른 후 한두 달 뒤부터 나타난다고 연구원 측은 설명했다.
전세를 끼고 주택을 사는 ‘갭 투자’가 증가하면 수도권을 중심으로 매매가 상승에 영향을 미쳤다. 금리가 내리는 것도 주택 수요를 자극해 집값 상승을 초래했는데, 수도권에 미치는 영향이 지방의 약 5배에 달할 정도로 강하게 나타났다. 주택담보대출 증가는 수도권에서만 매매가 상승을 초래했고, 지방에선 유의미한 영향이 확인되지 않았다."
2025-05-20,"지난해 서울 분양 물량 10가구 중 8가구가 재건축·재개발 등 정비 사업을 통해 공급된 것으로 나타났다. 이처럼 서울 아파트 시장이 정비 사업에 의존하고 있지만, 재건축·재개발 사업성이 저하되고 재건축 초과 이익 환수제 등 추진되던 규제 완화 정책이 표류되면서 공급 물량은 갈수록 줄어들 것으로 보인다.
20일 부동산인포에 따르면 지난해 공급된 서울 38개 단지 중 29개 단지가 정비 사업을 통해 공급된 것으로 나타났다. 단지 수 기준으로는 전체의 76.3%에 달한다. 지난해 공급된 2만6228가구 중 재건축 1만2398가구, 재개발 9772가구, 가로주택 256가구가 정비 사업 물량으로 전체 85.5%를 차지했다.
정비 사업을 통한 공급 물량은 감소세를 이어가고 있다. 올해 1~4월 서울에서 분양한 단지는 두 곳뿐이다. 지난해 같은 기간 9곳이 분양된 것에 비하면 크게 줄어든 것이다. 기존에 예정돼 있던 재건축·재개발 사업들이 지연되며 분양이 늦어지고 있기 때문이다.
분양 물량이 감소하며 서울 아파트 시장에는 공급 가뭄이 이어질 것으로 전망된다. 부동산R114에 따르면 올해 전국 14만6130가구가 분양될 것으로 예상된다. 작년에 분양된 22만2173가구보다 34% 줄어든 수준으로, 이는 2010년 글로벌 금융 위기 때보다도 2만6000여 가구 감소한 것이다.
분양 물량이 줄어들면서 신축 희소성이 커지며 가격은 뛰고 있다. 동대문구 청량리역 롯데캐슬 SKY-L65는 지난 3월 전용 84㎡가 18억원에 거래되는 등 가격이 오르고 있다. 2020년 입주한 영등포 힐스테이트 클래시안 전용 84㎡도 최근 신고가를 경신했다."
2025-05-20,"국내에서 아파트나 빌라, 상가, 토지 같은 부동산을 사들여 소유하는 외국인이 최근 5년 사이 8만명 가까이 늘어 23만여 명에 달하는 것으로 나타났다. 부동산 보유 외국인의 국적도 5년 사이 20국이 늘어 121국으로 확대됐다. 우리나라가 수교를 맺은 전체 국가(194국)의 62.4%에 해당한다. 외국인들은 수도권 부동산을 집중적으로 매수했는데, 서울보다 경기도에서 집이나 건물을 산 경우가 특히 많았다. 경기도 8만3974명(36%), 서울 4만6770명(20.1%), 인천 2만437명(8.8%) 등 수도권 지역이 전체의 64.9%였다.
19일 본지가 법원 등기 자료를 분석해 집합건물, 토지 등 소유 현황을 집계한 결과, 외국인 부동산 소유자는 지난달 기준 23만2951명으로 집계됐다. 5년 전인 2020년 4월(15만3083명)과 비교하면 52.2% 증가했다. 증가분의 절반 이상인 약 4만2000명은 중국 국적이었다. 이 밖에도 베트남, 미얀마, 라오스 등 동남아시아 출신 소유자들이 많게는 7배 이상으로 급증했다. 우즈베키스탄과 카자흐스탄 등 중앙아시아 출신 부동산 주인들도 최대 7배 가까이로 크게 늘었다.
건설 현장이나 제조 공장 등 사람들이 기피하는 3D(어렵고 더럽고 위험한 일) 업종에 해외 근로자 유입이 늘면서 외국인의 부동산 소유도 자연스럽게 증가했다는 분석이 나온다. 법무부 자료에 따르면, 지난해 취업 자격이 있는 체류 외국인 수는 약 56만7000명으로 2020년 대비 25% 늘었다. 전국에서 부동산 소유자 국적이 가장 다양한 곳은 서울(86국)이 아니라 경기도(91국)로 나타났는데, 이 역시 외국인 근로자들이 상대적으로 집값이 저렴한 경기도에 터전을 마련하는 경우가 많은 영향으로 풀이된다.
◇외국인 소유주 출신국 121국으로 확대
지난달 기준 한국에서 부동산을 소유한 외국인의 출신 국가 수는 121국으로 5년 전인 2020년 4월 101국에서 20국 늘었다. 동남아에서 부탄, 브루나이가 추가됐고 아프리카에서 말리, 베냉, 카메룬이 새로 포함됐다. 카리브해 지역에선 도미니카연방, 앤티가바부다, 자메이카가 새롭게 부동산 소유자로 등록됐다. 몰타, 몰도바, 리투아니아 등 유럽 소국도 있었다. 지난해까지 120국으로 늘었고, 지난 2월 부천 고강동에서 카보베르데인이 토지를 사들이면서 121국이 됐다.
5년 사이 소유자 수가 급증한 국가는 동남아에서 많았다. 베트남은 2020년 922명에서 2959명으로 소유자가 3.2배로 늘어났다. 방글라데시와 캄보디아는 각각 150명으로 3.9배, 2.7배로 증가했다. 이 밖에 네팔 122명, 스리랑카 61명 등이 높은 증가율을 기록했다. 중앙아시아 국가들 역시 우즈베키스탄이 281명에서 1230명으로 증가(4.4배)했고, 카자흐스탄은 43명에서 300명(7배)으로 부동산 소유자가 늘어났다. 아파트 공사 현장, 이삿짐 센터 등 3D 업종에 이들 국적자 유입이 늘어 벌어지는 현상이란 분석이다. 한 외국인 대상 공인중개업소 대표는 “최근 동남아의 경우 일부지만 자국에서 자금력을 갖춘 부모가 유학생 자녀의 주택 자금을 지원해주는 경우도 늘고 있다”고 했다.
이 밖에 현재 전쟁을 벌이고 있는 국가 출신자들의 부동산 소유도 늘어난 것으로 나타났다. 우크라이나는 27명에서 74명으로, 시리아는 55명에서 182명으로 증가했다.
◇중국인이 전체 41.6%로 가장 많아
국내 부동산 소유자가 가장 많은 국가는 중국이었다. 2020년 5만4320명에서 지난달 9만6955명으로 78.5% 증가했다. 전체 외국인 부동산 소유자에서 차지하는 비율은 35.5%에서 41.6%로 늘었다. 반면 미국은 5만9710명에서 7만9598명으로 33.3%(약 2만명) 늘어 증가 인원이 중국의 절반에 그쳤고, 비율도 39%에서 34.2%로 감소했다.
외국인의 부동산 소유가 늘면서 일각에선 “부동산 취득 때 내국인이 세금 등 각종 규제에서 역차별을 당한다”는 불만이 나온다. LH토지주택연구원 김남정 박사는 “무조건 규제를 거론하기보다 외국인들이 무슨 목적으로 어떤 부동산을 사는지부터 체계적으로 파악한 뒤 정밀한 정책을 마련할 필요가 있다”고 했다."
2025-05-20,"스마트 건설 기술을 보유한 중소기업·스타트업이 삼성물산이나 GS건설 등 대형 건설사 공사 현장에서 직접 자사 기술을 적용하고, 더욱 발전시키는 길이 열린다.
국토교통부는 다음 달 5일까지 ‘스마트 건설 얼라이언스 기술 실증 지원 사업’에 참여할 스마트 건설 관련 중소기업·스타트업을 모집한다고 19일 밝혔다. 건설 근로자의 반복 위험 작업을 도와주는 자동화 로봇, 도면을 디지털화해 인공지능(AI)으로 분석해 주는 시스템 등 건설 현장의 생산성을 높이거나 안전사고를 예방할 수 있는 기술을 가진 기업이 대상이다. 올해는 대형 건설사들이 희망하는 기술을 조사해 공모하는 ‘수요 기반형’ 유형을 신설했고, 총 15개 내외의 사업을 선정할 계획이다.
지난해 첫 공모로 선정된 10개 기업은 현장에서 기술 성능을 검증하고 판로를 개척하는 성과를 이뤄냈다. 대표적으로 도로선을 따라 주행하며 도로 시설물 시공을 돕는 로봇을 개발한 ‘충청’은 올해 1월 세계 최대 가전·IT 전시회 CES에서 혁신상을 받았다."
2025-05-20,"포니정재단은 올해 ‘포니정 혁신상’ 수상자로 1975년 서울 금천구 시흥동에서 설립돼 50년간 의료 복지 사업을 이어온 ‘전진상의원·복지관’을 선정했다고 19일 밝혔다.
재단은 “전진상의원·복지관은 국내에 사회복지 시스템이 턱없이 부족하던 시절부터 무료 진료소를 개설했고, 형편이 어려운 환자의 치료비·생계비를 지원하는 등 반세기 동안 소외된 이웃을 위해 헌신했다”며 선정 이유를 밝혔다.
이 상은 현대차 초대 사장을 지낸 고(故) 정세영 HDC그룹 명예회장의 애칭 ‘포니(현대차 자동차 모델) 정’을 따서 지난 2006년 만들어졌다. 상금은 2억원, 시상식은 다음 달 12일 열린다."
2025-05-20,"현대가(家) 3세이자 노현정 전 아나운서의 남편인 정대선 전 에이치앤아이엔씨(HN Inc) 사장이 내놓은 서울 성북구 성북동 주택이 두 차례 유찰 끝에 매각됐다.
20일 경·공매 데이터 전문기업 지지옥션에 따르면, 정 전 사장 소유의 성북동 주택(전용 228㎡)은 이날 서울북부지법에서 열린 3차 경매에서 21억8999만원에 낙찰됐다. 이 건물의 지난 2월 감정가는 26억9000만원으로 최종 낙찰가율은 81.4%였다.
이 건물은 1·2차 경매에서 응찰자가 없어 유찰됐었다. 이날 열린 3차 경매는 최저 입찰가 17억2160만원에서 시작됐으며 총 14명이 입찰에 참여해 경쟁했다. 2위 응찰자는 21억7000만원을 제시한 것으로 알려졌다.
다만 주택과 함께 경매에 부쳐진 정 전 사장 소유의 604.0㎡(약 183평) 규모 대지는 3차 경매에서도 응찰자가 나타나지 않았다. 이 부지의 감정가는 66억9836만원으로, 4차 경매에선 감정가의 51%인 34억2956만원부터 경매가 시작될 예정이다.
등기부등본에 따르면 이 부지는 고(故) 정주영 현대그룹 명예회장이 1977년 매입한 곳으로 2001년 정 전 사장에게 상속됐다. 이 부지에는 지하 1층~지상 2층 규모의 건물이 있는데, 이 건물은 형인 정일선 현대비앤지스틸 대표 명의다. 이에 해당 부지를 매입하더라도 건물 소유자와 법적인 분쟁이 발생할 가능성이 있어 대지에 대한 낙찰을 꺼린다는 분석이 나온다.
이번 경매는 정 전 사장이 대주주였던 에이치앤아이엔씨가 법정관리를 받았기 때문으로 풀이된다. 에이치앤아이엔씨는 ‘썬앤빌’ ‘헤리엇’ 등 브랜드를 가진 중견 건설사로 2023년 3월 법인회생 절차를 신청해 법원의 회생 절차 개시 결정을 받았다."
2025-05-19,"27일까지 상반기 ‘PM 직무’ 신입사원 채용
건설사업관리(PM) 전문 기업한미글로벌은 이달 27일까지 2025년도 상반기 신입 사원 채용을 진행한다. 채용 부문은 건축·토목·전기 분야 PM 직무이며, 대학 졸업생과 8월 졸업 예정자, 관련 직무 3년 이하 경력 보유자가 지원할 수 있다. 신입 사원들에게는 미국, 캐나다, 헝가리, 쿠웨이트 등 해외 법인과 프로젝트 현장에서 6개월간 해외 연수 기회가 제공된다. 한미글로벌 채용 홈페이지에서 온라인 지원하면 된다.
‘계양 롯데캐슬 파크시티’ 100% 계약 완료
롯데건설은 인천 계양구 효성동에서 지난해 분양한 ‘계양 롯데캐슬 파크시티’ 3053가구를 100% 계약 완료했다고 18일 밝혔다. 총 30동 규모로 1단지는 지하 2층~지상 최고 26층 1964가구(전용면적 59~108㎡), 2단지는 지하 2층~지상 최고 25층 1089가구(전용 84㎡)로 구성됐다. 입주는 2027년 11월 예정이다."
2025-05-19,"올 들어 4월까지 서울에서 아파트 분양·입주권 매매 거래량이 작년 같은 기간의 2배에 달한 것으로 나타났다. 서울에서 새 아파트 분양이 ‘공급 절벽’ 수준으로 줄어든 상황에서 신축 아파트를 찾는 수요는 여전해 분양·입주권 거래로 눈을 돌리는 사람이 늘어난 영향이다. 분양권은 청약에 당첨돼 신축 아파트에 입주할 수 있는 권리, 입주권은 재개발·재건축 조합원이 신축 아파트에 입주할 수 있는 권리를 가리킨다. 여기에 올해 서울 아파트 값이 꾸준히 오르자 차익 실현에 나선 매도자도 많았던 것으로 보인다.
18일 국토교통부 실거래가 공개 시스템에 따르면, 올해 1~4월 서울 아파트 분양·입주권 매매는 460건으로 작년 같은 기간(228건)보다 102% 증가했다. 이처럼 분양·입주권 매매가 활발해지고 있는 이유는 최근 서울에서 신축 아파트 공급은 부진한데 ‘얼죽신(얼어 죽어도 신축)’이라는 표현처럼 새 아파트를 장만하려는 수요는 넘치기 때문이다. 청약을 통해 새 아파트 분양을 기다리기보다 재건축 아파트의 입주권을 사들이는 게 낫다고 판단하는 것이다.
실제로 부동산R114가 집계한 올해 서울 아파트 입주 예정 물량은 총 3만7681가구지만, 내년에는 9640가구로 74% 급감한다. 2027년 입주 물량도 9573가구에 그칠 전망이다. 이런 상황에서 공사비 상승, 경기 침체, 정국 변수 등으로 서울에서 신규 분양 물량은 ‘바닥 수준’이다. 1분기 서울에서 분양한 아파트는 서초구 방배동 ‘래미안 원페를라’가 유일했고, 일반 분양 물량은 482가구뿐이었다.
서울에서 분양·입주권 거래가 가장 많은 곳은 동대문구와 강동구였다. 동대문구는 ‘래미안라그란데’(3069가구) ‘이문아이파크자이’(4321가구) ‘휘경자이디센시아’(1806가구) 등 올해 입주 예정인 대단지에서 거래가 활발했다. 강동구는 작년 말 입주가 시작된 ‘올림픽파크 포레온’(1만2032가구)에서만 60건 넘게 거래됐다. 이은형 대한건설정책연구원 연구위원은 “서울과 수도권 핵심 입지에 새 아파트 공급이 원활하지 않아 하반기에도 가격 방어력이 높은 분양·입주권 매매로 수요가 몰릴 수밖에 없을 것”이라고 했다."
2025-05-19,"“이제 싸고 좋은 매물은 없다고 생각해야 합니다. 비용을 아끼려 차선책을 선택하다 보면 사업성이 떨어지는 위험을 안을 수도 있습니다.”
정비 사업 전문가 김제경<사진> 투미부동산컨설팅 소장에게 재건축·재개발 투자 때 새겨야 할 최우선 원칙을 묻자 이런 대답이 돌아왔다. 김 소장은 “시장 가격은 거짓말을 하지 않기 때문에, ‘좋아 보이는데 싼 곳’은 대지 지분 등에 따른 사업성 문제가 없는지 신중하게 따져봐야 한다”며 “‘나만 아는 가성비 매물’은 허상일 수 있다”고 했다.
김 소장은 지난 3월 말 토허제 적용 지역이 강남 3구(강남·서초·송파구)와 용산구 아파트 전체로 확대된 이후 ‘비싸고 좋은 곳’으로 쏠리는 경향이 더 강해지고 있다고 진단했다. 그는 “예를 들어 압구정동만 토허제로 묶여 있던 2월 이전엔 수요자들이 반포 등 대체지로 눈을 돌리는 경우가 있었는데, 이젠 웬만한 지역의 조건이 다 같아졌으니 대체지 고민 없이 압구정 투자를 결정하는 것”이라고 했다. 재개발은 토허제 지역 내 관리 처분 인가 전의 빌라 등이 규제의 반사이익을 얻는 투자처로 주목받고 있다고 했다.
향후 재개발·재건축 시장 전망에 대해선 “공사비가 너무 많이 올랐기 때문에 일반 분양 물량으로 사업성을 확보할 수 있는 서울·수도권 일부 지역 빼고는 사업이 중단되는 곳이 속출할 것”이라며 “투자에 유의해야 한다”고 했다. 김 소장은 “얼마나 사업성 확보가 어려우면 ‘노후 계획도시 특별법’을 별도로 만들었겠느냐”며 “그런데도 성남 분당을 빼면 다른 1기 신도시 재건축 전망은 밝지 않다고 본다”고 했다.
김 소장은 “6월 대선에서 어느 후보가 당선되느냐에 따라 시장이 요동칠 수 있겠지만, 기본적으론 내년 수도권 신축 입주 물량이 올해의 반 토막 날 것으로 예상돼 재건축·재개발 활성화를 통한 공급 확대 목소리는 계속 커질 것”이라며 “당장 조급한 마음으로 무리하기보다는 정책 방향을 확인한 뒤 투자법을 결정해야 하는 시기”라고 말했다.
김 소장은 7월 4일부터 이틀간 서울 강남구 코엑스에서 조선일보가 주최하는 ‘2025 대한민국 부동산 트렌드 쇼’에 연사로 나선다. 그는 둘째 날 ‘재개발·재건축 투자 기회의 판이 바뀐다’는 제목으로 강연할 예정이다."
2025-05-19,"국내 건설사들이 건물의 에너지 효율을 높이는 신기술 개발에 속도를 내고 있다. 다음 달부터 민간 아파트에서도 ‘제로에너지 건축물 인증제도’가 시행되기 때문이다. 제로에너지 건축물은 건물이 소비하는 에너지와 생산하는 에너지를 합쳐 사용량이 ‘제로(0)’가 되는 건축물을 의미한다. 공공 건물에만 적용되던 제도가 민간 영역까지 확대되면서 건설사들이 아파트 단열 성능을 높이고 신재생에너지 사용률을 늘리는 등 에너지 효율화에 나서고 있는 것이다.
GS건설은 에너지 절약형 조명을 개발해 자사 아파트 브랜드 ‘자이(Xi)’에 적용한다고 최근 밝혔다. 이번에 개발한 조명은 초고효율 LED와 IoT 기반 스마트 제어 기능을 넣어 기존 대비 에너지 소모를 30~50% 줄였다. 롯데건설은 아파트 외벽에 붙일 수 있는 태양광발전 시스템을 개발하고 있다. 아파트 외장재처럼 활용할 수 있는 만큼 별도의 설치 공간이 필요하지 않다는 장점이 있다. DL이앤씨는 건축환경연구센터를 통해 신재생 기술을 실증하고 있다. 포스코이앤씨도 단열·창호 성능을 높이고 태양광 설비를 활용해 세대당 에너지 소비를 최대 35%까지 절감하고 에너지 자립률을 두 배 이상 높일 수 있도록 기술 개발에 나서고 있다. 현대건설은 인공지능(AI) 기반의 ‘스마트 건물 에너지 관리 시스템(BEMS)’으로 에너지 효율을 실시간으로 관리해 국내에서 처음으로 고층형 제로에너지 빌딩 인증을 받았다.
정부는 민간 아파트에서 제로에너지건축물 5등급 수준의 설계가 적용되면 주택 건설 비용이 가구당 전용 84㎡ 기준 130만원 정도 높아질 것으로 전망하고 있다. 에너지 효율이 높아지며 연간 에너지 비용 약 22만원을 절약할 수 있기 때문에 6년 정도면 공사 비용을 회수할 수 있을 것으로 보고 있다. 하지만 건설업계에서는 “공사비 상승분이 정부 예상치보다 훨씬 많을 것”이라고 우려하고 있다."
2025-05-19,"㈜한화 건설 부문과 호반건설 컨소시엄이 서울 양천구 ‘신월7동 2구역’ 공공 재개발 사업<조감도>을 수주했다고 18일 밝혔다. 9만8295㎡에 지하 5층~지상 14층 아파트 19동, 총 2245가구와 부대 복리 시설을 건설하는 사업으로 공사비는 약 6600억원이다. 한화-호반 컨소시엄은 13가지 테마 공원을 품은 리조트형 중정(中庭) 설계를 적용하고 판상형 가구를 최대한 확보했다. 전체 가구의 약 95%를 남향으로 배치했다."
2025-05-19,"대우건설과 현대엔지니어링 컨소시엄이 서울 구로구 고척동 148-1번지 일원에서 ‘고척 푸르지오 힐스테이트’ 분양에 나선다. 구로구 ‘고척 제4 주택 재개발 정비사업’을 통해 짓는 983가구 규모다. 지하 3층부터 지상 25층까지 10동(棟)이며, 전용면적 39~114㎡로 조성된다. 이 중 전용 59~84㎡ 576가구가 일반에 분양된다. 19일 특별 공급을 시작으로 20일 1순위, 21일 2순위 청약 접수를 받는다.
고척 푸르지오 힐스테이트는 대우건설과 현대엔지니어링이 손잡고 서울에 선보이는 첫 합작 단지다. 고척동 일대에서 18년 만에 공급되는 1군 브랜드 단지로도 눈길을 끈다. 해당 지역이 서울 서남권 정비 사업의 핵심 축으로 떠오르고 있는 만큼 미래 가치에 대한 기대가 높아지고 있다. 수도권 거주자(서울 거주자 우선) 중 청약통장 가입 12개월 이상, 예치금 충족 조건을 갖춘 만 19세 이상 성인은 1순위 청약이 가능하다. 전체 일반 공급 물량(가점제 40%) 중 60%를 추첨제로 당첨자를 선정하는 만큼 청년과 신혼부부 등 가점이 낮은 수요자들도 당첨을 노려볼 수 있다.
◇초중고 품은 교육 중심 단지
고척 푸르지오 힐스테이트의 가장 큰 장점은 두 개 지하철 노선과 주요 도로망에 대한 접근성이 높다는 점이다. 지하철 1호선 개봉역과 2호선 양천구청역을 모두 이용할 수 있으며, 경인로, 남부순환로, 서부간선도로도 인근에 있다. 여기에 목동역과 시흥대야역을 잇는 신구로선이 신설될 계획이고 GTX-B도 추진 중인 만큼 교통망은 확충될 것으로 보인다.
단지 인근에 초등학교부터 고등학교까지 밀집해 있어 도보로 다닐 수 있는 만큼 교육 환경도 우수하다. 고척초, 덕의초, 고척중, 경인중, 목동고, 고척고 등 다수 학교가 인접해 있다. 서울을 대표하는 목동 학원가도 자동차로 20분 거리에 있다. 반경 약 2㎞ 내에 아이파크몰, NC백화점, 코스트코, 고척시장, 고려대 구로병원 등 대형 상업·의료·공공시설 등 인프라도 풍부하다. 녹지 공간으로는 계남근린공원, 안양천, 고척근린공원 등이 인근에 있다.
◇스카이 라운지까지 갖춘 커뮤니티
고척 푸르지오 힐스테이트는 차별화된 단지 설계와 조경, 커뮤니티 시설을 제공한다. 단지는 남향 위주로 배치하고 지상에 차가 없는 공원형 단지로 계획했다. 가구당 약 1.39대의 넉넉한 주차 공간을 마련해 상품성을 높였다.
가구 내부 설계는 실거주자 중심의 효율적인 공간 활용에 중점을 뒀다. 전용 84㎡ 타입에는 알파룸이 포함된 설계를 적용해 가족 구성원의 다양한 생활 습관에 맞게 공간을 활용할 수 있도록 했다.
커뮤니티 시설도 다양하다. 어린이집, 작은 도서관, 독서실 등 교육에 특화된 공간과 함께 피트니스센터, GX룸, 실내 골프 연습장 등 건강관리 시설이 조성된다. 고급 아파트에서만 찾아볼 수 있는 게스트 하우스와 스카이 라운지도 들어선다. 단지 곳곳에는 다양한 테마형 정원과 휴게 공간을 마련하고, 쇼핑과 식음료 서비스 등 근린 생활 시설을 함께 배치해 입주민 만족도가 높을 것으로 기대된다.
분양 관계자는 “최근 서울 신축 아파트 공급이 감소하고 있는 가운데, 1군 브랜드 대단지 신축이라는 점에서 수요자들의 관심이 뜨겁다”며 “목동 학원가 접근성이 뛰어나고 학군뿐 아니라 미래 가치도 우수하다”고 했다."
2025-05-16,"지난달 주택 청약통장 가입자가 2641만8000여 명으로 한 달 전에 비해 2만명 가까이 줄어든 것으로 나타났다. 직전 달에 가입자 수가 늘었다가 다시 감소세가 시작된 것이다.
16일 한국부동산원에 따르면, 지난 4월 말 기준 주택 청약통장 가입자 수는 2641만8838명으로 한 달 전 2643만8085명에서 1만9247명(0.07%) 줄었다. 지난해 같은 기간과 비교하면 53만4134명(2.02%), 2년 전인 2023년 4월보다는 106만2084명(3.86%)이 감소했다.
청약통장 가입자 수는 2022년 6월 2859만9279명 이후 올 2월까지 하락세를 이어왔다가 지난 3월 2년 9개월 만에 소폭 반등했다. 당시 정부가 청년·신혼부부 공급 비율을 높이는 등 혜택을 확대하고, 청약통장 금리를 인상하는 등 지원 정책을 편 효과가 나타났다는 분석이 있었다. 그런데 한 달 만에 다시 내림세로 돌아선 것이다.
전문가들은 감소 이유로 수도권 주요 지역 등의 신축 아파트 분양가가 계속 올라 부담이 커지는 점, 청약 경쟁률이 치열해져 커트라인이 높아져 당첨 가능성이 줄어드는 점 등을 꼽는다.
종류별로 주택청약종합저축 통장 가입자 수는 2513만8942명으로 전월 대비 1만1133명 감소했다. 청약저축 가입자 수는 32만669명, 청약부금은 13만4718명, 청약예금은 82만4509명으로 각각 전월보다 줄어들었다."
2025-05-15,"코미디언 이경실 소유의 서울 용산구 아파트에 대한 경매 절차가 진행 중이다.
15일 부동산 경·공매 데이터 전문기업 지지옥션에 따르면 이경실이 소유한 이촌동에 있는 293㎡(89평) 아파트에 대한 경매가 오는 27일 서울서부지법에서 진행된다. 경매 시작가는 25억5000만원이다.
1970년대 초 이촌동 초입에 준공된 이 아파트는 223~317㎡의 24가구로 이뤄졌으며, 상당수 가구가 한강을 내려다보고 있다. 등기부등본을 보면, 이경실은 이 아파트를 2007년 14억원에 사들인 뒤 계속 보유하고 있었다.
이경실의 집이 경매에 나온 것은 그가 이 집을 담보로 빌린 돈을 갚지 않았기 때문으로 분석된다. 이 아파트에는 A씨 명의로 채권 최고액 18억원의 근저당권 등이 설정돼 있다. A씨는 작년 9월 13억3000여 만원을 청구하며 법원에 임의 경매를 신청했다. 임의 경매는 부동산 담보 대출 차주가 원리금을 3개월 이상 연체하면 은행 등 금융기관의 신청으로 재판 없이 부동산을 경매에 넘기는 절차다. A씨는 이후 한 대부업체에 채권을 넘겼다.
이주현 지지옥션 전문위원은 “아파트 연식이 50년이 넘고, 용산구가 토지거래허가구역으로 지정돼 매매가 쉽지 않아 경매로 넘어온 것으로 보인다”고 했다."
2025-05-15,"서울 아파트 값에 부담을 느낀 30대 젊은 층이 주택 매수 대안으로 많이 찾는 지역은 인천 서구와 경기도 화성으로 나타났다.
14일 신한투자증권 분석에 따르면, 지난달 30대가 인천에서 취득한 집합 건물(아파트·오피스텔·연립 등)은 3080건으로 1년 전(1587건)보다 배 가까이 증가했다. 같은 기간 경기도(7142건)가 33.8% 줄어든 것과 대비된다.
30대 주택 매수자가 집중된 지역은 인천 서구(915건)였다. 검단신도시 2단계 분양과 인천도시철도 1호선 개통 기대감 등이 영향을 미쳤다는 분석이다. 4월 30대가 인천 미추홀구에서 집을 산 거래도 854건으로 1년 사이 4배 가까이 증가했다.
경기도에서도 일부 지역에는 30대가 몰렸다. GTX-A 수서~동탄 개통으로 거래가 활발해진 화성시(1061건)가 가장 많았고 서울 접근성이 높은 안양시 동안구(703건)는 소형 아파트 수요가 쏠려 전년 동월 대비 5배 늘었다. 양지영 신한투자증권 자산관리컨설팅부 수석은 “서울 집값이 부담스러운 데다 금융 규제 강화로 대출 여건이 나빠져 30대 실수요층이 현실적 대안을 찾는 것”이라고 했다."
2025-05-14,"부동산 호황기였던 2020~2021년 대출을 최대한 끌어모아 서울에서 집을 산 ‘영끌족’이 한계 상황으로 내몰리고 있다. 올 들어 대출 원리금을 갚지 못해 바로 경매에 넘어가 팔린 부동산이 작년보다 30% 넘게 증가해 1000건에 육박한 것으로 나타났다.
13일 법원 등기정보광장에 따르면 올해 1~4월 임의경매를 통해 매각된 서울 부동산(집합건물·토지·건물)은 979건으로 전년 동기(742건)에 비해 32% 증가했다. 임의경매는 부동산을 담보로 돈을 빌린 채무자가 원금이나 이자를 석 달 이상 갚지 못해 은행 등 금융기관 신청으로 재판 없이 부동산을 경매에 넘기는 절차다. 특히 서울에서 임의경매로 매각된 부동산의 81%(789건)가 아파트나 오피스텔 같은 집합건물로 나타났다. 대출을 못 갚아 경매로 팔린 부동산 10건 중 8건이 주거용 건물이라는 것이다. 전국 임의경매 매각 건 중 집합건물의 비율이 41.6%인 것과 비교하면 두 배 수준이다. 무리하게 대출로 집을 산 사람이 서울에 그만큼 많다는 뜻이다.
부동산 업계에선 기준금리가 0%대였던 2020년 ‘고정형’ 주택담보대출로 집을 산 영끌족이 올 들어 대출 상환에 어려움을 겪는 것으로 본다. 5년간 고정금리였다가 올해부터 변동금리로 전환하거나 금리를 재산정하면서 금융비 부담이 크게 늘었기 때문이다. 게다가 당시 영끌로 서울 외곽 지역의 소형 아파트 등을 매수한 젊은 층이 많았는데, 이들은 2022년 하반기부터 부동산 경기가 침체하면서 현재 아파트 시세가 처음 살 때보다 낮은 경우도 많다. 집을 팔아도 대출을 갚는 게 여의치 않은 것이다. 실제로 올해 들어 강남 3구와 마용성(마포·용산·성동구) 등 서울 인기 지역은 아파트 값이 많이 올랐지만, 노원(-0.22%), 도봉(-0.15%), 강북(-0.04%), 중랑(-0.15%), 금천(-0.02%) 5곳은 여전히 ‘마이너스’다.
이주현 지지옥션 전문위원은 “당장 금리가 내려도 영끌족이 대출을 실행한 2020~2021년보다 금리가 두 배 가까이 높다”면서 “올 하반기에도 임의경매 신청 건수는 지속적으로 늘어날 것”이라고 했다."
2025-05-13,"12일 인천 남동구 인천시청 중앙홀에서 ‘천원주택’에 입주하려는 사람들이 신청을 하고 있다. 천원주택은 인천시가 신혼부부나 신생아 가구 등에 하루 1000원, 월 3만원의 저렴한 비용을 받고 제공하는 임대주택이다."
2025-05-13,"제이에이치디앤씨는 제주 서귀포시 성산읍 고성리에서 전세형 민간 임대 아파트 ‘더 헤리티지성산 한샘인사이드’를 분양한다고 13일 밝혔다.
단지는 지하 1층~지상 6층, 4동(棟) 63가구 규모로 조성된다. 전용 면적 63㎡부터 138㎡까지, 7개 타입으로 평면이 구성됐다.
‘더 헤리티지성산 한샘인사이드’는 보통의 전·월세 임대주택과 달리 최대 10년간 안정적으로 거주할 수 있는 게 가장 큰 장점으로 꼽힌다. 임대료 인상률은 연 5% 이내로 제한된다. 취득세, 재산세 등 세금 부담이 없고 전세 보증금 외 추가로 내야 하는 월세도 없다.
더 헤리티지성산 한샘인사이드는 주택 수 산정에 포함되지 않는다. 무주택자는 청약 자격을 유지할 수 있고, 다주택자는 중과세를 부과받지 않는다. 임차권 전매도 가능하다.
확정 분양가로 10년 뒤에 분양 전환을 할 수 있다. 시행사 측은 분양 후 시세가 떨어지면 해당 주택을 다시 사들이는 ‘안심 매입 환매 제도’를 시행할 예정이라고 밝혔다.
단지는 제주도 명소 성산일출봉 인근에 들어설 예정이다. 전 가구에서 한라산을 조망할 수 있다. 유채꽃 단지와 섭지코지 등 관광지도 가깝다. 차량으로 10분 거리에 제주 제2공항 건설이 예정돼 있다. 공항 배후 부지에 스마트혁신도시 사업도 추진된다."
2025-05-13,"서울 강남구 삼성·대치·청담동과 송파구 잠실동이 토지거래허가구역에서 일시 해제된 기간 이 일대에서 아파트 매매 계약을 체결했다가 나중에 취소(계약 해제)한 거래가 전년 대비 4배 이상으로 급증한 것으로 나타났다. 이전보다 몇 억씩 오른 신고가로 실거래 신고를 했다가 계약을 취소한 사례도 있어 집값 띄우기용 허위 거래도 일부 가세한 것 아니냐는 지적이 나온다.
12일 국토교통부 실거래가 자료에 따르면, 지난 2월 13일부터 3월 23일까지 39일간 강남·송파구에서 계약이 취소된 아파트 매매 건수는 71건으로 작년 16건에서 4.4배로 증가했다. 강남구 취소 건이 작년 8건에서 올해 40건으로 5배가 됐다. 압구정동 한양2차 아파트 전용 면적 175㎡는 지난 3월 초 직전 거래보다 약 6억원 오른 70억원에 계약됐다가 지난달 초 취소된 뒤 다시 계약이 이뤄졌다. 송파구에서도 파기 건이 지난해 8건에서 올해 31건으로 4배 가까이로 늘었다. 송파구 가락동 미륭 전용 83㎡도 3월 11일 직전보다 1억원 가까이 오른 13억4500만원에 신고됐는데, 이달 7일 취소됐다.
현재 아파트 계약은 30일 이내 신고하고, 취소는 취소 사유가 발생한 이후 30일 이내 신고하게 돼 있다. 계약 후 잔금일까지 통상 2개월 정도 걸리는 걸 감안하면 그사이 계약이 취소될 경우 최대 수개월간 이를 알 수 없는 것이다.
일단 신고가 거래가 올라오면 다른 매물의 호가도 오르기 마련이다. 이 때문에 나중에 계약이 취소될지 모르고 실거래가를 시세로 확인한 매수자는 비싼 가격에 집을 사는 피해를 보았을 수도 있다. 실제로 강남구 삼성동 롯데캐슬프레미어 전용 121㎡는 2월 18일 37억원에 계약됐다가 3월 21일 해제됐는데, 그사이 같은 단지, 동일 면적 실거래가는 38억4500만원까지 올랐다.
아파트 계약 파기의 이유로는 매수자가 잔금 마련에 실패한 경우, 매도자가 가격을 올려받기 위해 취소한 경우, 중도금·잔금일 연기 등 계약 내용 변경이 주로 꼽힌다. 강남구 대치동 한 공인중개사는 “터무니없이 높은 신고가 계약이 취소된 경우는 호가 띄우기용 허위 신고일 가능성도 배제할 수 없다”고 했다."
2025-05-13,"효성중공업이 다음달 경기 김포시 풍무동 일대에서 ‘해링턴 플레이스 풍무’를 분양한다. 김포 풍무에서 처음 선보이는 ‘해링턴 플레이스’ 브랜드 단지다.
‘해링턴 플레이스 풍무’는 풍무 양도지구 도시개발사업 1~3블록에 지하 3층~지상 최고 29층, 18 동(棟) 1769가구 규모로 조성된다. 일반 분양 물량은 1573가구다. 실수요자 선호가 높은 전용 면적 59~84㎡의 중소형 타입으로 구성됐다.
단지는 김포골드라인 풍무역에서 약 800m 거리에 있다. 향후 풍무역을 통해 서울 지하철 5호선 연장(계획) 노선으로 환승하면 마곡, 여의도, 광화문 등 서울 주요 업무 지구로 이동이 수월해질 전망이다. 서울 지하철 9호선, 공항철도 등과 연계가 가능하다.
아파트 반경 500m 내에 풍무초등학교를 비롯해 양도초, 유현초, 신풍초 등 총 4개 초등학교가 밀집해 있다. 풍무중학교도 단지 인근에 있어 학부모 선호도가 높을 것으로 예상된다.
이마트 트레이더스 김포점, 홈플러스 김포풍무점 등 대형마트, 풍무역 상업지구, 로데오 거리 상권 등이 가깝다. 김포시종합운동장, 풍무도서관, 풍무국민체육센터 등 공공 시설도 인접해 있다.
단지는 남향 위주로 배치되며, 동간 거리가 넓게 확보됐다. 내부에는 팬트리, 드레스룸, 알파룸 등 특화 설계가 적용되고, 주차 여건은 가구당 1.4대가 제공될 예정이다.
분양 관계자는 “교통, 교육, 생활, 자연환경까지 고루 갖춘 김포 중심 입지에 위치한 대단지 브랜드 아파트로, 서울 생활권의 이점을 누릴 수 있는 단지”라고 말했다."
2025-05-12,"서울 빌라 시장이 지난 3월, 2년 9개월 만에 월간 거래량 3000건을 돌파한 것으로 나타났다. 월 거래액 역시 1조2000억원에 육박하면서 2년 10개월 만에 최대치다. 전세 사기 사태 이후 수요가 급감하면서 장기 침체에 빠졌던 빌라 주택 시장이 활기를 되찾기 시작했다는 분석이 나온다.
연립·다세대 주택으로 대표되는 빌라 시장은 2022년 하반기 이후 월 거래량이 1000~2000건대에 머물고, 거래액은 7000억원 안팎을 오가는 정도였다. 그런데 올 들어 서서히 온기가 돌더니 전세 사기 사태 이전 수준으로 지난 3월 시장이 회복된 것이다. 빌라 수요자들의 매수·매도 심리를 나타내는 ‘매매수급지수’도 연초부터 상승 폭을 키워가면서 99.4를 기록하는 등 수요가 공급보다 많아지는 100선에 육박했다.
빌라 시장 회복은 여러 요인이 맞물려 작용한 결과라고 전문가들은 본다. 먼저 지난 2월 중순 서울 강남·송파구 일부 지역에서 토지거래허가제가 해제된 걸 계기로 아파트 매매·전세가가 동반 급등하면서 ‘대체재’로서 빌라 수요자가 늘었다. 최근 월세 선호 현상이 강해지면서 월세 가격이 뛴 것도 매매 수요 증가에 영향을 줬다. 여기에 정부가 작년 말 빌라 시장 활성화를 위해 특정 조건하에서 빌라 보유자를 무주택자로 간주하기로 하는 등 지원 정책이 일부 효과를 발휘했다는 것이다. 고종완 한국자산관리연구원장은 “빌라 시장 회복이 단기 현상으로 그치진 않을 것”이라고 했다.
◇아파트 값 상승이 이끈 비(非)아파트 회복
11일 국토교통부 실거래가 시스템에 따르면, 지난 3월 서울 연립·다세대 주택 거래량은 3096건, 총 거래액은 1조1941억원으로 집계됐다. 1년 전보다 거래 건수는 33.5%, 총 거래액은 55.6% 늘었다. 빌라 거래량은 2022년 6월(3249건) 다음으로 많고 총 거래액은 그해 5월(1조2510억원) 이후 최대다. 빌라 거래량은 2022년 하반기 이후 3000건대를 넘지 못했고, 거래액도 작년 여름 소폭 상승한 걸 제외하곤 3000억~8000억원대 사이였다. 그런데 3월 들어 2022년 수준으로 돌아간 것이다.
빌라 시장 회복은 지난 2월 강남구 삼성·대치·청담동, 송파구 잠실동에 대한 토허제 해제 영향이 컸다는 분석이 나온다. 3월 말 토허제가 강남·서초·송파·용산구 전체로 확대 재지정되기 전까지 강남 지역 아파트 가격이 폭등했고 다른 지역에서도 일제히 아파트 값이 상승했는데, 이 시기부터 빌라 거래도 활발해졌다. 박원갑 KB부동산 수석은 “실거주 수요를 중심으로 서울 밖 거주 지역으로 가는 대신 상대적으로 저렴한 거주 형태를 선택한 것”이라고 했다. 실제로 빌라 외에 다른 비(非)아파트 주거 형태인 단독 주택(다가구 포함)과 오피스텔도 각각 3월 거래량과 거래액이 급증하면서 2022년 6월 이후 최대였다. 아파트 값 급등이 비아파트 시장 상승을 이끌었단 얘기다.
◇월세 계속 비싸져 매매 수요가 증가
최근 확산되고 있는 월세 선호 현상도 요인으로 꼽힌다. 전세 사기 사태 이후 비아파트 임대차 시장에서 전세 대신 월세를 찾는 경우가 늘면서 빌라 월세는 계속 비싸지고 있다. 한국부동산원에 따르면, 서울 빌라 월세 가격 지수는 지난 3월 105.36으로 2015년 집계 이후 역대 최고였다. 전월 대비 상승 폭이 1월 0.1%, 2월 0.13%, 3월 0.18%로 계속 커지고 있다. 그러자 임대 업자들이 높은 월세 수익을 기대하며 매매 시장에 돌아오고 있다는 얘기다.
정부와 지자체의 비아파트 시장 살리기 정책이 일부 효과를 발휘했다는 분석도 있다. 정부는 작년 말부터 수도권 전용 85㎡ 이하, 공시가격 5억원 이하 빌라를 보유한 경우 한 채까지는 무주택자 자격으로 아파트 청약을 신청할 수 있도록 했다. 시세 7억~8억원 정도 빌라 보유자도 무주택자 가점을 인정받게 된 것이다. 서울시는 ‘모아주택·모아타운’ 등 노후 주택이 밀집한 지역의 재개발 지원 프로그램을 시행 중이다. 대조동 모아타운 등 재개발 사업지가 다수 있는 은평구의 경우 지난 3월 서울에서 빌라 거래가 269건으로 가장 많았다."
2025-05-10,"최근 경매 시장에 나온 서울 강남구 압구정동의 아파트가 감정가보다 21억원 높은 가격에 새 주인을 찾았다. 실거래가와 비교해도 14억원가량 비싼 가격이다. 일반적으로 경매 물건은 시중 물건보다 저렴하게 거래되지만, 토지거래허가구역으로 묶인 강남 3구와 용산구 아파트의 몸값은 고공 행진을 이어가는 모양새다.
10일 경·공매 데이터업체 지지옥션에 따르면 압구정동 구현대 6·7차 단지 전용면적 196.7㎡ 아파트가 지난 7일 93억6980만원에 낙찰됐다. 감정가는 72억원으로 책정됐는데, 최저 입찰가보다 무려 21억가량 높은 금액에 낙찰됐다.
해당 아파트는 경매로 나오자마자 1차 매각일에 7명의 응찰자가 몰렸다. 2위 입찰 가격은 93억3900만원으로, 최고가 매수인에 비해 3080만원이 적었다. 3위 응찰자는 83억2546만원을 제시했다.
이는 실거래가보다도 비싼 가격이다. 국토교통부 실거래가공개시스템에 따르면 같은 면적의 구현대 6‧7차 아파트는 작년 12월 79억5000만원에 팔렸다. 5개월 만에 경매에서 14억원가량이나 더 비싸게 팔린 것이다.
전문가들은 서울 강남 3구(강남‧서초‧송파)와 용산구가 토지거래허가구역으로 재지정되면서 경매 물건을 선점하려는 경쟁이 한층 치열해졌다고 분석했다. 경매로 나온 물건은 토지거래허가 예외로 간주돼 2년 실거주 의무를 적용받지 않는다. 지방자치단체에 자금조달계획서 등을 낼 필요도 없다.
이를 반영하듯 강남 3구와 용산구 아파트의 평균 낙찰가율은 지난 3월 105.5%를 기록했다. 웃돈을 주고서라도 토지거래허가제에서 자유로운 아파트를 매수하려는 사람이 늘어난 것으로 분석된다.
이주현 지지옥션 선임연구원은 “강남 3구와 용산구 아파트는 토지거래허가구역 해제로 가격이 상승했고, 재지정 이후 이런 추세가 고착화되면서 경매 시장에서 낙찰가율이 오르고 있다”며 “특히 압구정은 재건축 기대감이 크다 보니 토지거래허가구역 미적용 ‘프리미엄’이 컸던 것 같다”고 설명했다."
2025-05-08,"토지거래허가구역으로 지정된 서울 강남구 삼성동의 고급 아파트가 경매에서 130억원이 넘는 가격에 낙찰됐다. 공동주택 경매 역사상 최고 낙찰가가 나온 것이다. 토지거래허가제의 규제 사각지대로 지목되는 경매 시장에 수요가 몰리며 가격 상승세가 이어지고 있다.
8일 경·공매 데이터 전문기업 지지옥션에 따르면 서울 강남구 ‘아이파크삼성’ 전용 269㎡ 펜트하우스에 대한 2차 경매에서 최종 130억4352만원에 팔렸다. 해당 아파트는 144억원으로 감정돼 매각가율(감정가 대비 낙찰가 비율)은 91%였다. 이는 지난 2월 용산구 ‘한남더힐’ 전용 240㎡가 125억원에 낙찰된 데 이어 3개월 만에 최고가를 경신한 것이다.
이번 경매에서 낙찰된 아파트는 아이파크삼성 꼭대기 층에 위치한 펜트하우스였다. 이 물건은 지난달 진행된 1차 매각일에서 응찰이 없어 유찰됐지만, 최초 감정가에서 20% 내린 115억2000만원에서 시작한 2차 매각에는 두 명이 응찰했다. 2위 응찰자는 127억3000만원을 제시한 것으로 알려졌다.
이주현 지지옥션 선임연구원은 “경매 물건은 토지거래허가제에 따른 실거주 의무가 없다는 점 때문에 낙찰가가 지속적으로 상승하고 있다”고 했다."
2025-05-06,"올해 1분기(1~3월) 국내 건설 업계의 공사 실적(건설 기성액)이 약 27조120억원으로 작년 1분기보다 20.7% 감소한 것으로 나타났다. IMF 외환 위기 직후인 1998년 3분기(-24.2%) 이후 가장 많이 줄었다. 또 작년 2분기부터 4분기 연속 전년 대비 감소세를 기록했다.
특정 시점의 실제 공사 실적을 의미하는 건설 기성액은 현재 건설 경기를 보여주는 대표적인 지표 중 하나다. 건설사 공사 수주가 줄고 새로운 사업에 나서지 못하는 위축된 상황이 장기화하면서 건설 현장 일자리 감소, 내수 부진, 그리고 경제성장률 둔화로 이어지는 악순환이 반복되고 있다.
5일 통계청 1분기 산업 활동 동향(잠정치) 자료에 따르면, 올 1분기 건설 기성액 중 아파트 등을 짓는 건축 부문 실적은 전년 동기 대비 22.8% 감소했다. 1998년 4분기(-30.3%) 이후 감소 폭이 가장 컸다. 도로, 교량, 산업단지 등을 건설하는 토목 부문 실적도 14.2% 감소했다.
건설사의 공사 실적은 작년 2분기(-3.1%) 감소세로 돌아선 이후, 3분기 -9.1%, 4분기 -9.7% 등 갈수록 나빠지는 추세다. 2022년 하반기 이후 고금리, 원자재값 상승에 따른 공사비 인상, 부동산 PF(프로젝트 파이낸싱) 부실, 거래 부진 등 주택 경기 침체까지 맞물려 공사 수주가 크게 줄어든 영향이 최근 본격적으로 나타나기 시작했다는 분석이 나온다.
건설사들의 일감이 줄면서 일자리 감소도 심각한 상황이다. 지난 3월 건설업 취업자 수는 193만2000명으로 1년 전(211만7000명)보다 18만5000명(8.7%)이 줄었다. 2013년 통계 개편 이후 가장 큰 폭으로 감소했다.
경제성장률에도 악영향을 주고 있다. 한국은행에 따르면 올해 1분기 건설 투자가 전년 동기 대비 12.2% 줄면서 GDP 성장률을 0.4%포인트 끌어내린 것으로 나타났다. 전문가들은 “회복 예상 시점을 가늠하기 점점 어려워지고 있다”고 말한다.
불황은 당분간 계속될 것으로 전망된다. 향후 건설업 경기를 예상할 수 있는 지표인 수주액 감소세도 나타나고 있어서다. 1분기 건설 수주액이 전년 동기 대비 7.7% 줄어, 작년 1분기(-10.4%) 이후 1년 만에 다시 감소세로 돌아섰다. 통상 수주액은 1년 6개월쯤 뒤에 건설 실적으로 반영되는데, 불황 속에서 수주액이 오히려 더 줄면서 내년 이후에도 건설업 회복을 장담하기 어려운 상황이다."
2025-05-02,"전국적으로 빈집이 153만 가구를 넘어섰고, 전체 228개 시군구에서 절반이 넘는 122곳(53.5%)은 빈집 비율이 10% 이상인 것으로 확인됐다. 열 집 중 한 집은 비어 있는 지역이 전국의 절반을 넘는다는 얘기다. 우리보다 앞서 초고령화와 인구 감소를 겪으며 빈집이 900만 가구가 넘는 일본처럼 국내에서도 빈집 증가에 따른 지역 소멸, 도심 슬럼화 문제가 가속할 것이라는 우려가 나온다.
1일 본지가 통계청 자료(2023년 인구주택총조사)를 분석한 결과, 전국 빈집은 1년 새 8만 가구 넘게 증가해 153만4919가구로 나타났다. 강원 평창군(25.1%), 경남 남해군(22.4%), 강원 양양군(21%)은 빈집 비율이 20%가 넘었다. 일부 전문가는 2050년이면 국내 빈집이 324만 가구까지 늘어날 것으로 전망한다.
빈집 증가에 심각성을 느낀 정부가 처음으로 범정부 TF를 만들어 이날 ‘빈집 관리 종합계획’을 발표했다. 빈집을 철거하고 관리·개발하는 데 정부가 직접 참여하고, 빈집을 없애는 소유주에게 세제 지원 등 혜택을 강화하는 게 골자다. 일부에선 “일본처럼 빈집을 방치하는 집주인에게 과태료를 부과하거나 징벌적 세금을 물리는 방안을 도입해야 한다”고 주장한다.
◇정부, 빈집 철거·개발 직접 지원키로
본지가 통계청 인구주택총조사 자료를 분석한 결과, 강원도 평창군은 아파트, 빌라, 다세대주택 등 전체 주택 2만2755가구 가운데 5704가구가 빈집으로 나타났다. 빈집 비율이 25.1%로, 네 집 중 한 집은 사람이 살지 않고 비어 있다는 뜻이다. 경남 남해군은 2만3434가구 중 5238가구(22.4%)가 빈집으로 나타났다.
전국 228개 시군구 중 빈집 비율이 10% 이상인 곳은 122곳으로 집계됐다. 수년 전부터 고령화와 인구 감소가 심각한 지방 도시가 대다수를 차지했다. 빈집 비율이 10% 이상인 시군구는 전라남도(21곳)가 가장 많았다. 경북(17곳), 경남·충남(14곳), 강원·전북(13곳)이 뒤를 이었다. 광역시인 부산(6곳), 인천(4곳)의 일부 구(區)에서도 빈집 비율이 10%가 넘었다.
정부는 이날 최상목 부총리 주재로 처음으로 범정부 차원에서 빈집 종합 대책을 발표했다. 정부가 민간과 손잡고 빈집 관리·개발에 직접 개입하고 부처별로 제각각이었던 빈집 기준이나 지원책 등도 일원화하는 내용이 담겼다. 국토교통부는 공공 기관이 출자한 법인을 통해 직접 빈집을 사들여 개발하는 방안을 추진하기로 했다. 소유주가 빈집을 철거할 때까지 기다리지 않고, 먼저 나서서 철거 후 개발까지 챙기는 시행자 역할을 한다는 것이다. 지자체가 빈집 소유자와 갈등이 있어도 직접 철거에 나설 수 있도록 빈집 철거 근거도 명확화하기로 했다. 국토부 관계자는 “빈집 확산은 전염성이 매우 강해 철거 속도전에 나서겠다는 것”이라고 했다.
정부는 또 특별법을 통해 기존에 없던 ‘빈집 관리업’이란 업종을 신설하기로 했다. 빈집을 임차해 리모델링한 뒤 수익을 내는 기업들을 행정적으로 지원해 도심 슬럼화를 방지한다는 취지다. 농어촌 지역의 빈집을 민박으로 활용하도록 실거주 의무를 면제해주는 ‘농어촌 재생 민박업’도 새로 추가한다. 이 밖에 빈집 소유주가 철거에 나섰을 때 세금 혜택을 주고, 지자체에 리모델링 재정 지원도 한다.
◇“일본 등 해외 사례 참고해 적극 대응해야”
정부는 부처마다 제각각이던 빈집의 정의와 기준도 일원화하기로 했다. 그간 조사 기관마다 기준이 달라 빈집 집계가 최대 10배 이상 차이가 나기도 했다. 정부는 작년 말 각 지자체에 의뢰해 ‘1년 이상 거주자가 없는 집’을 조사했는데, 이 기준이면 전국 빈집은 13만4000가구로 전체 주택의 0.7%에 불과하다. 현재는 빈집 증감률이나 등급 통계 등을 확인할 수 없지만, 앞으로 조사를 정례화하고 국가승인통계로 관리한다는 계획이다.
이용만 한성대 부동산학과 명예교수는 “지방은 이미 빈집으로 인한 슬럼화 문제가 많이 진행됐고, 수도권 지역에서도 대책이 시급했다”며 “도시 재생 사업과 연계해 빈집을 적극적으로 처리하는 대응이 필요하다”고 했다. 일본에선 지자체가 빈집을 관광·숙박 시설, 공유 사무실 등으로 리모델링하는 등 도시 재생 차원에서 접근해 성과를 내는 사례가 잇따르고 있다. 빈집을 제대로 관리하지 않으면 벌금을 물리는 일종의 ‘빈집세’도 시행 중이다. 정부 관계자는 “정부 TF에서도 빈집세 도입 논의가 있었지만, 경기 침체가 심한 현실을 감안했다”고 말했다."
2025-04-29,"신혼부부 특별공급 청약에 당첨되려 허위로 결혼하거나 가점을 높이기 위해 가족을 다수 위장 전입시키는 등의 부정 청약 사례가 대거 적발됐다.
29일 국토교통부는 작년 하반기 분양한 주요 40단지(2만6000가구)에 대해 주택 청약 실태를 조사한 결과, 부정 청약 사례 390건을 적발해 경찰청에 수사 의뢰했다고 밝혔다.
적발된 청약자들은 주택법 위반이 확정될 경우 3년 이하 징역 또는 3000만원 이하 벌금형을 받게 된다. 계약은 취소되고 10년간 청약도 제한된다.
부정 청약 건수는 2023년 상반기 218건, 하반기 154건, 작년 상반기 127건으로 서서히 줄고 있었으나 작년 하반기 390건으로 대폭 늘어났다.
국토부가 이번 조사에서 처음으로 의심 가구들을 대상으로 최근 3년 간의 건강보험 요양급여 내역을 확인하면서 적발 사례가 증가했다. 예를 들어 서울에 사는 것으로 돼 있는 가구원이 병원·약국은 지방 도시로 다니는 사례 등을 확인해 위장 전입 등을 적발할 수 있었다는 것이다.
이전까지는 조사 시 제보에 의존하거나 의심 가구를 현장 방문하는 등의 방식으로만 조사해왔는데, 건보 내역 확인을 통해 실거주지 확인이 수월해졌다고 국토부는 설명했다.
부정 청약 사례를 유형별로 보면, 직계 존속 위장 전입이 243건으로 가장 많았다. 가점을 더 잘 받기 위해 부양 가족 수를 늘리거나 노부모 특공 청약을 얻으려 하는 등의 경우다.
청약자 본인이 위장 전입을 하는 경우가 141건으로 다음으로 많았다. 신혼특공 당첨을 위해 허위로 혼인 신고하거나, 가점을 높이기 위해 가짜로 이혼하는 등 혼인 관련 케이스는 2건이었다. 서류 자체를 위조하거나 불법 전매 케이스도 각각 2건씩 적발됐다.
국토부 관계자는 “앞으로는 직계 존속 및 30세 이상 직계 비속에 대해 건보 내역 제출을 의무화해 전체 분양 단지를 검증하는 시스템을 구축하겠다”고 밝혔다."
2025-04-27,"삼성물산 건설부문이 올해 도시 정비 사업 목표액으로 잡은 5조원을 조기 달성했다. 한남, 송파 등 서울 핵심 지역의 재개발 사업을 연이어 수주한 영향이 컸다.
삼성물산은 서울 광진구 광장동 현대아파트 리모델링 사업을 수주했다고 27일 밝혔다. 지하 6층~지상 29층 규모의 3개 동, 437가구를 조성하는 사업으로 공사비는 2708억원 규모다. 삼성물산은 이번 사업을 수주하면서 올해 도시 정비 사업 수주액 5조213억원을 기록했다. 지난해 수주액인 3조4000억원보다 약 47% 높아진 올해 목표액 5조원을 4개월 만에 달성한 것이다.
삼성물산은 지난 1월 사업비 1조5696억원 규모의 서울 한남 3구역 재개발 사업을 시작으로 송파 대림가락아파트 재건축 4544억원, 강서구 방화6구역 재건축 2416억원, 송파 한양3차아파트 재건축 2595억원, 서초 신반포4차아파트 재건축 1조310억원 등을 수주했다. 삼성물산은 올해 예정돼 있는 강남 압구정 2구역, 여의도 대교아파트 등 대규모 정비 사업 수주에 집중한다는 계획이다."
2025-04-22,"30대 주부 최모씨는 지난주부터 가족과 함께 서울 노원구의 한 아파트를 2주 동안 빌려 살기 시작했다. 기존 집을 팔고, 새로 산 집에 입주하는 시기가 맞지 않아 단기 거처가 필요했는데, 주 단위로 빌려주는 아파트를 찾은 것이다. 보증금 33만원에 2주간 임대료는 71만원. 그는 “하루 거주비가 5만원꼴로 시내 호텔이나 에어비앤비 숙소를 빌리는 것보다 훨씬 저렴해 만족한다”고 했다.
이사나 인테리어 공사로 잠시 살 곳이 필요한 사람들, 타 지역으로 장기 출장을 나온 직장인들 사이에서 일주일 단위로 계약이 가능한 초단기 임대주택이 인기를 끌고 있다. 초단기 임대주택 플랫폼 ‘삼삼엠투’는 올해 1분기에만 전국에서 2만9490건의 계약을 중개하고, 351억원의 거래액을 기록했다고 21일 밝혔다. 계약 건수와 거래액 모두 작년 같은 기간보다 3배 가까이 증가한 수치다. 또 다른 플랫폼 ‘리브애니웨어’는 초단기 임대로 중개하는 주택 매물이 2023년 6700개에서 지난해 1만2000개가 돼 두 배 가까이로 증가했다.
주 단위 임대는 전·월세 계약처럼 수백만~수천만원의 보증금이 필요 없고, 숙박 시설이 아닌 일반 가정집처럼 생활할 수 있는 장점이 있다. 삼삼엠투를 운영하는 스페이스브이의 설문조사에 따르면, 이용자 10명 중 8명이 이사 준비나 인테리어 공사, 출장 등 여행 이외의 목적을 위해 활용했다. 업계 관계자는 “국내에서 여행보다는 길게, 한 달보다는 짧은 기간 머물 숙소를 찾는 ‘틈새 수요’가 생각보다 많다”고 했다.
주 단위 임대로 집을 내놓는 집주인도 계속 늘고 있다. 보증금을 목돈으로 받을 수는 없지만, 통상적인 월세를 받는 것보다 임대료가 30% 정도 높고, 전세나 월세 세입자를 구하기 전 집이 비어 있는 ‘공실’을 없앨 수 있기 때문이다. 에어비앤비 같은 단기 숙박업과 달리 사업자 등록을 하지 않아도 되고, 세입자에게 침구 교체, 청소 등의 서비스를 제공하지 않아도 돼 덜 수고롭다는 것이다. 한 업계 관계자는 “초단기 임대는 전·월세와 다르게 임대차보호법 적용을 받지 않아 이용자가 30만원 안팎의 보증금을 돌려받지 못하는 등 피해를 당할 수 있다”고 했다."
2025-04-21,"이달 들어 서울에서 생애 처음으로 아파트나 빌라 등 내 집 마련을 한 사람이 1년 전보다 약 12% 증가한 것으로 나타났다. 특히 20대와 30대 등 젊은 무주택자의 생애 첫 주택 매수가 눈에 띄게 증가했다. 지난달 강남 3구(강남·서초·송파구)와 용산구 전체 아파트가 토지거래허가구역으로 묶이면서 서울에서 기존 아파트 매매 거래량이 급격히 줄어든 것과 다른 양상이다. 부동산 전문가들 사이에선 “6월 조기 대선이 끝나면 서울 집값이 다시 들썩일 수 있다는 우려에 젊은 수요자들 사이에서 ‘지금이라도 집을 사는 게 낫다’는 인식이 퍼지고 있다”는 얘기가 나온다.
20일 법원 등기정보광장 자료에 따르면, 이달 1일부터 18일까지 서울에서 생애 처음으로 아파트·빌라 등 집합 건물을 사들인 사람은 1752명으로, 전년 같은 기간(1567명)보다 11.8% 늘었다. 앞서 올 1분기(1~3월) 생애 첫 매수자(1만450명)는 전년 대비 6.1% 증가했는데, 4월 들어 증가 폭이 더 가팔라졌다. 1분기 자료엔 서울 강남·송파구 일부 지역에서 토지거래허가제가 일시적으로 해제돼 주택 거래가 급증한 것이 반영됐음에도 4월 들어 생애 첫 주택 매수 수요가 더 많았다는 뜻이다.
특히 20대 생애 첫 매수자가 크게 증가했다. 작년 201명에서 올해 285명으로 41.8% 급증했다. 30대 생애 첫 매수자도 697명에서 823명으로 18.1% 늘었다. 상대적으로 자금력이 더 있는 50대 매수자가 220명에서 173명으로, 60대 매수자는 91명에서 87명으로 줄어든 것과 비교되는 모습이다. 서울 강동구의 한 공인중개업소 관계자는 “아파트 매수 문의가 많이 줄었지만 그나마 30대 수요자가 간간이 집을 보러 오고, 50대 이상은 거의 없다”고 했다. 고종완 한국자산관리연구원장은 “서울에서 아파트 공급 부족은 단기간에 해결될 기미가 안 보이고, 6월 대선이 끝나면 정부 정책이 규제 강화 쪽으로 방향을 틀 수 있다는 우려에 젊은 무주택자들 중심으로 매수 수요가 강해지고 있다”고 했다."
2025-04-15,"서울 강남·서초·송파구와 용산구 내 재개발·재건축 지역 조합원이 가진 아파트 입주권도 토지거래허가제 적용을 받게 된다.
입주권은 재개발·재건축으로 새로 지어지는 아파트에 입주할 수 있는 권리다. 조합원은 아파트가 생기기 수년 전인 ‘관리처분계획 인가’ 단계에서 미리 입주권을 얻게 된다. 당장 존재하는 아파트를 거래하는 게 아니기 때문에 그간 입주권이 토허제 대상이 맞는지를 두고 혼선이 빚어져 왔는데, 정부가 ‘입주권은 아파트로 봐야 한다’는 결론을 내린 것이다. 정부와 서울시는 이런 내용을 포함한 토허제 가이드라인을 조만간 발표할 예정이다.
15일 국토교통부 등에 따르면, 정부와 서울시는 강남구 등 지자체의 유권 해석 요청을 받아 논의한 끝에 입주권을 토지거래허가 대상으로 간주하기로 했다. 국토부 관계자는 “현재의 주택 유형과 관계없이 미래에 아파트를 소유할 권리이기 때문에, 입주권은 토허제 대상이 된다”고 말했다.
국토부는 입주권 매수자가 거래 허가를 신청할 때 ‘입주 예정 시점’, ‘실거주 계획’ 등을 명시하도록 하는 실거주 ‘확약’ 제도를 운영하는 방안을 검토하고 있다. 실거주 2년 의무는 아파트 준공 이후 시점부터 적용할 예정이다. 기존 주택이 철거 예정이거나 이미 철거된 경우는 당장 실거주하는 게 불가능하기 때문이다. 지자체별로 제각각이었던 유주택자의 기존 주택 처분 기한은 ‘허가 이후 6개월’로 통일될 것으로 보인다. 또 기존 주택을 처분하는 방식은 매매 외에 임대도 허용될 전망이다.
용산구 한남3구역, 서초구 방배 5·6·13·14구역 등 관리처분 인가가 끝난 재개발 사업지가 먼저 새 가이드라인의 영향을 받을 것으로 보인다. 2029년 6000가구 규모 대단지 조성이 예정된 한남3구역의 경우 현재 기존 주민들이 거의 이주를 마쳤고, 일부 지역에선 주택 철거도 시작됐다. 새 가이드라인에 따르면 이 지역 조합원에게서 입주권을 사는 매수인은 2029년부터 2년간 실제로 거주하겠다는 확약을 하고 거래 허가를 받아야 한다. 입주권을 지금 미리 산다고 해도 최소 2031년까지는 해당 아파트에 거주해야 하는 것이다."
2025-04-09,"올 들어 서울에서 아파트나 상가 등을 사들인 외국인 중 중국인이 차지하는 비율이 눈에 띄게 줄어든 것으로 나타났다. 1분기(1~3월) 중국인 비율은 42.1%로 2015년 1분기(36.3%) 이후 10년 만에 가장 낮았다.
8일 법원 등기정보광장 자료에 따르면, 1분기 서울에서 아파트·오피스텔·상가 등 집합건물을 사들인 중국인 수는 161명으로, 전체 외국인 매수자(382명)의 42.1%로 나타났다. 외국인 부동산 매수자 중 중국인 비율은 코로나 직전인 2019년 1분기 57.1%로 정점을 찍고 나서 계속 줄어드는 추세다.
전문가들은 “최근 관광객 감소 등의 영향으로 중국인을 상대로 장사를 하거나 임대업을 하는 중국인의 부동산 매수 수요가 영향을 받았다”고 분석한다. 박원갑 KB부동산 수석전문위원은 “서울 대림동이나 가리봉동, 연남동 등에서 중국인 관광객을 대상으로 장사를 하는 조선족이 많았는데, 단체 관광 문화가 사라지는 등 예전만큼 손님이 찾아오질 않으니 새로 건물을 살 이유가 줄어든 것”이라고 했다.
실제로 차이나타운이 있는 서울 영등포구와 구로구의 조선족 인구(법무부 등록 외국인)는 2019년엔 5만376명이었는데, 작년 3만659명으로 39.1% 급감했다. 대림동 차이나타운 내 공인중개업소 관계자는 “한국 내수 경기가 안 좋아 일자리가 없어져서인지 새벽마다 봉고차에 가득 찼던 중국인 일용직 근로자들도 요즘은 통 안 보인다”고 했다. 연남동 중국인 전문 공인중개업소 대표는 “조선족이 서울 물건을 매수하면, 이후 화교들이 추격 매수하는 패턴이 있었는데 이런 모습도 사라지는 추세”라고 했다.
중국인 수요가 줄면서 외국인 부동산 매수자 중 미국·캐나다·호주 등 서구권 국적자가 차지하는 비율은 늘고 있다. 서울에서 집합건물을 사들인 미국·캐나다·호주 국적자는 2019년 112명으로 전체의 28.4%였으나, 올 1분기 44%(382명 중 168명)로 늘었다. 서구권 국적 외국인은 상대적으로 고가 아파트를 사들이는 경우가 많은데, 지난 2~3월 서울 인기 지역 아파트 값이 급등할 때 투자에 가세했다는 해석이다."
2025-03-26,"서울 서초구 반포동 ‘래미안 원베일리’에서 전용면적 84㎡가 70억원에 거래됐다. 국민 평형 아파트에서 3.3㎡당 거래액이 2억원을 넘긴 것은 이번이 처음이다.
26일 국토교통부 실거래가 시스템에 따르면 지난 3일 래미안 원베일리의 전용면적 84㎡ 매물이 70억원에 거래됐다. 이 단지 같은 평형 매물이 지난해 8월 60억원에 거래됐는데, 반년 만에 10억원이 오른 것이다.
이번에 거래된 매물은 12층 한강 뷰로 3.3㎡당 가격은 2억588만원이었다. 래미안 원베일리는 지난해 12월 28층 133.95㎡ 매물이 106억원에 계약되면서 3.3㎡당 2억6114만원으로 거래됐다. 지난해 국내 공동주택 거래 사상 3.3㎡당 가격으로 최고가를 기록한데 이어 국민 평형에서도 최고가를 이어가고 있는 것이다.
래미안 원베일리 등 서울 반포동 아파트들은 ‘똘똘한 한 채’에 대한 수요에 신축 아파트에 대한 열풍이 더해지면서 가격이 지속적으로 오르고 있다."
2025-03-24,"HDC현대산업개발이 글로벌 부동산 컨설팅 기업 CBRE코리아와 함께 서울 용산구 용산정비창 전면 1구역을 프리미엄 글로벌 복합 상권으로 조성하는 ‘리테일 종합 마스터플랜’을 수립한다고 23일 밝혔다.
용산정비창 전면 제1구역은 용산구 한강로3가 일대에서 추진되는 사업비 9558억원 규모의 재개발 사업으로 시공사 선정을 앞두고 있다. 지하 6층~지상 38층 12동에 아파트 777가구, 오피스텔 894실, 상업 시설 등이 들어설 예정이다. HDC현산은 미국의 유명 건축 설계 그룹 SMDP에 이어 CBRE코리아와의 협력을 통해 용산정비창 전면 1구역을 초고층 빌딩과 프리미엄 상업 시설이 어우러진 서울의 랜드마크로 변모시킨다는 계획이다."
2025-03-13,"전국에서 공시가격이 가장 비싼 아파트는 서울 강남구 청담동 ‘에테르노 청담’인 것으로 조사됐다. 가장 비싼 아파트 타이틀은 4년 연속 에테르노 청담과 300m 떨어져 있는 ‘더펜트하우스 청담’(PH129)이 차지하고 있었으나, 이번에 1위 자리를 넘긴 것이다.
13일 국토교통부가 공개한 올해 공동주택 공시가격에 따르면, 에테르노 청담 전용면적 464.11㎡의 올해 공시가격이 200억6000만원으로 전국에서 가장 높았다. 이는 작년 공시가격(128억6000만원)보다 72억원 뛴 수준이다.
에테르노 청담은 2023년 말 준공 승인을 받은 서울 강남구 청담동의 한강변 아파트로, 1개 동 29가구 규모다. ‘건축계의 노벨상’이라고 불리는 프리츠커상을 받은 스페인 건축가 라파엘 모네오가 외관을 설계했다. 서울 투기과열지구 민간 택지에 지어졌으나, 30가구 미만 단지이기에 분양가 상한제와 공개 청약 규제를 적용받지 않았다. 작년부터 입주를 시작했으며, 가수 아이유와 배우 송중기가 분양받은 것으로 유명하다.
작년까지 공시가격이 가장 비싼 아파트는 강남구 청담동 호텔 엘루이 부지에 지어진 더펜트하우스 청담이었다. 2020년 8월 입주를 시작한 이후 4년간 공시가격 1위를 차지했는데, 올해는 에테르노 청담에 밀려 2위로 떨어졌다. 올해 더펜트하우스 청담 전용면적 407.71㎡의 공시가격은 172억1000만원이다. 작년 164억원이었던 것에 비해 8억1000만원 올랐다. 에테르노 청담과 마찬가지로 1개 동 29가구 규모로 배우 장동건‧고소영 부부와 스타 수학강사 현우진, 골프선수 박인비, 채승석 전 애경개발 대표이사 등이 거주하는 것으로 알려졌다.
입지 여건은 비슷한데 에테르노 청담의 집 크기가 더 크고, 신축이라는 점이 올해 공시가격 역전에 영향을 미쳤다는 분석이 나온다. 에테르노 청담과 더펜트하우스 청담 시공사는 모두 현대건설이다.
상위 3위는 작년과 같이 서울 용산구 한남동 나인원한남이 차지했다. 전용면적 244.72㎡가 163억원으로 작년보다 56억3000만원 올랐다.
4위는 용산구 한남동 한남더힐 244.75㎡ 118억6000만원, 5위는 서울 서초구 반포동의 래미안원베일리 110억9000만원이었다.
이외에도 원베일리 옆 아크로리버파크 234.91㎡가 109억1000만원, 서울 성동구 성수동1가 아크로서울포레스트 273.93㎡가 107억3000만원, 용산구 한남동 파르크한남 268.95㎡가 103억5000만원, 성동구 성수동 1가 갤러리아 포레 271.83㎡가 91억3500만원, 서초구 서초동 트라움하우스 5차 273.64㎡가 78억6800만원 등으로 차례로 10위 안에 들었다.
공시가격 상위 10위가 모두 서울에 위치한 아파트였으며, 서울 지역별로 보면 강남구에 있는 아파트가 2개, 용산구 3개, 서초구 3개, 성동구 2개 등이었다."
2025-03-11,"최근 10년간 서울 아파트 평균 매매가를 면적별로 분석한 결과 중대형이 가장 많이 오른 것으로 나타났다.
11일 부동산 정보 플랫폼 다방에 따르면, 중대형으로 분류되는 전용면적 85㎡ 초과~102㎡ 이하 서울 아파트의 평균 매매가는 2014년 6억2424만원에서 2024년 18억8701만원으로 202%(12억6277만원) 상승해 가장 높은 상승률을 기록했다.
전용 60㎡ 초과~85㎡ 이하 중소형 면적이 4억4847만원에서 12억4038만원으로 177% 뛰면서 뒤를 이었다. 이어 소형(전용 60㎡ 이하)이 2억9869만원에서 7억9634만원으로 167%, 대형(전용 102㎡ 초과~135㎡ 이하)이 6억8534만원에서 18억2246만원으로 166%, 초대형(전용 135㎡ 초과)이 13억938만원에서 32억4866만원으로 148% 오른 것으로 나타났다.
가장 상승률이 높은 중대형 아파트의 경우, 강남 3구 지역의 평균 매매가는 2014년 8억3411만원에서 지난해 25억133만원으로 200% 상승한 반면 그 외 지역은 5억2552만원에서 14억6370만원으로 179% 오르는 데 그쳤다.
이런 상승률 차이로 강남 3구와 그 외 지역의 평균 매매가 차이는 2014년 3억859만원에서 지난해 10억3763만원으로 벌어졌다."
2025-03-10,"건설사가 발주하는 일감에 생존이 좌우되는 골재, 시멘트, 철근 등 ‘후방 산업’은 더 크게 휘청이고 있다. 지난해 건축 착공이 전국 10만7108동(棟)으로 건설 호황기로 불리는 2021년 대비 40% 이상 줄면서, 공사에 수반되는 건설자재 발주도 급감한 여파다. 건설사 협력사들 사이에선 “2007년 금융 위기는 물론이고, 1997년 IMF 때보다 어렵다”는 말까지 나온다.
직격탄을 맞고 있는 대표적인 분야가 골재(骨材) 업계다. 골재는 콘크리트 비율의 약 70%를 차지하는 건설업 핵심 자재인데, 올해 주문량이 20년 만의 최저치인 1억9749만㎥로 추산되고 있다. 그에 따라 올해 시장 규모가 약 3조6000억원에 그쳐, 2023년 대비 약 22% 축소될 것이란 전망이 나온다. 2년 새 1조원가량이 줄어드는 것이다.
지역에선 이미 사업을 포기하는 업체도 나오고 있다. 충청북도의 경우 골재업 자격을 갖춘 기업 수가 2022년 48개에서 올해 36개로 25%가 줄었다. 네 곳 중 한 곳이 문을 닫은 셈이다. 강원도 업체는 같은 기간 109개에서 86개로 21% 줄었고, 부산·울산·경남은 70개에서 60개로 14% 감소했다.
건설의 또 다른 핵심 자재인 시멘트 업계도 사정이 비슷하다. 작년 5000만t이 넘었던 전국 시멘트 생산량은 수요가 줄면서 올해 4000만t 이하로 떨어질 것이란 예상이 나온다. 반면 재고는 2021년 87만t에서 지난해 135만t으로 55% 늘었다. 전근식 시멘트협회장은 “올해 시멘트 내수 판매량이 35년 만의 최저치로 떨어질 가능성이 크다”고 했다.
골조 공사에 쓰는 철근 생산량도 2021년 1041만4000t에서 지난해 779만7000t으로 25% 떨어졌고, 재고는 같은 기간 35만8000t에서 54만2000t으로 51% 늘었다. 건축자재·인테리어 업계도 매출의 절반 이상을 차지하던 건설사 대단지 아파트나 오피스텔 인테리어 등의 물량이 급감하면서 비상이 걸렸다. 업계 관계자는 “대형 인테리어 업체들도 대규모 건설사 발주를 기다리는 대신 이사철 전·월셋집 도배·장판 수요를 공략하거나 고령층 맞춤형 주거 서비스 개발에 나서는 등 틈새 시장이라도 찾는 분위기”라고 했다."
2025-03-10,"전체 GDP(국내총생산)의 약 15%를 차지하며 일자리 창출 효과와 후방 산업 파급 효과가 커 바닥 경기의 잣대로 불리던 건설업이 크게 휘청이고 있다. 특히 건설업에서 ‘허리 역할’을 하는 중견·중소 건설사들이 하나둘씩 무너지면서 영세 협력업체들과 대형 건설사들로 영향이 확산하는 분위기다. 건설사에 돈을 빌려주거나 보증을 서 준 신탁사, 은행, 증권사 등 금융업계로 부실이 전이될 가능성까지 제기된다.
또 어려워진 건설사들이 신규 채용마저 줄이면서 올 1월 건설업 일자리 수는 1년 전보다 17만명 가까이 급감했다. 이 중 청년 일자리도 6만개 넘게 사라졌다. 이런 상황이라면 침체한 내수 경기 회복이 더욱 어려워질 수밖에 없다.
최근 건설업 붕괴 우려를 부르는 진원지는 중견 건설사들의 잇단 법정관리 신청이다.
9일 건설업계에 따르면, 올 들어 법정관리를 신청한 중견 건설사만 따져도 신동아건설(시공능력평가 58위), 삼부토건(71위), 대저건설(103위), 삼정기업(114위), 안강건설(116위), 벽산엔지니어링(180위) 등 6곳에 달한다. 2022년 하반기 이후 지속된 고금리와 공사비 급등, PF(프로젝트 파이낸싱) 시장 경색, 지방 주택 경기 침체 등 건설업을 옥죄는 각종 악재가 해소되지 못한 탓이다. 실제로 중견 건설사들이 지난해 공사를 진행하고도 받지 못한 공사비는 12조원에 육박해 2년 전과 비교해 40% 가까이 급증했다. 지금까지는 빚을 내 외상으로 공사를 진행하며 버텨왔지만, 부동산 경기 침체가 장기화하고 있어 특단의 대책이 나오지 않을 경우 법정관리나 부도를 선택할 수밖에 없다는 관측이 나온다.
◇수도권 건설사까지 자금난… 일자리 17만개 줄었다
작년까지는 지역 중소 건설사들 위주로 법정관리를 신청했지만, 올해는 업력이 길거나 입지가 탄탄했던 수도권 중견 건설사들까지 유동성 위기가 확산하고 있다. 줄도산이 현실화하는 게 아니냐는 공포감이 번지는 이유다. 올해도 건설 투자 부진이 지속되는 가운데, 급등한 공사비는 안정될 기미가 보이지 않고 지방 주택 미분양도 계속 쌓여가고 있다. 특히 공사를 진행하고도 받지 못한 미수금이 중견 건설사들의 발목을 잡고 있다.
◇공사하고 못 받은 돈 2년 새 40% 늘어
9일 본지가 금융감독원 전자공시시스템을 분석한 결과, 시공능력평가 11~100위 중견 건설사 가운데 분기별 공시를 하는 37곳의 작년 9월 말 기준 공사 미수금과 미청구 공사비는 총 11조7183억원에 달했다. 이는 2023년 말(9조2902억원)보다 26.1%, 2022년 말(8조4179억원)과 비교해서는 39.2% 급증한 금액이다. 공사 미수금은 건설사가 공사를 진행하고 발주처에 대금을 청구했는데도 받지 못한 돈을 뜻하고, 미청구 공사비는 공사는 했지만 발주처에 아직 청구하지 못한 금액을 의미한다. 보통 자재값이나 인건비가 급등해 예상 외의 공사비가 선(先)투입되는 경우에 발생한다.
이 같은 외상 공사비는 건설 경기가 좋을 때는 향후 수익으로 돌아오지만, 지금처럼 미분양이 쌓이고 공사비가 급등하는 시기에는 회수가 어려운 ‘악성 채권’이 될 가능성이 높다. 특히 지방에 사업장이 많은 중견 건설사의 경우 미수금이 쌓여 자금난에 빠질 가능성이 커진다. 대표적인 사례가 최근 법정관리를 선택한 기업 가운데 회사 규모가 가장 큰 신동아건설이다. 신동아건설의 공사 미수금은 2020년 719억원에서 2023년 2146억원으로 3년 만에 3배 가까이 폭증했다. 신동아건설이 시공에 참여하던 경남 진주시 신진주역세권 타운하우스와 경기 의정부시 주상복합 등에서 대규모 미분양이 발생한 여파다. 지난해 영업이익 181억원을 기록했으나, 미수금 회수에 어려움을 겪으면서 어음 60억원을 막지 못해 흑자 도산으로 이어졌다.
현재 건설사 상당수는 돈을 벌어 이자도 못 갚는 ‘좀비 기업’으로 전락한 상황이다. 대한건설정책연구원에 따르면 외부 회계법인의 감사를 받는 건설사(건설 외감기업) 2292곳 가운데 이자보상배율 1 미만 업체는 2023년 기준 1089개사로 절반(47.5%) 가까운 수준이다. 이자보상배율은 영업이익을 이자 비용으로 나눈 값으로, 1 미만이면 대출이자도 갚지 못한다는 의미다.
◇건설사 도산에 청년 일자리 37% 급감
문제는 올해도 나아질 기미는커녕 더욱 악화될 조짐이 보이고 있다는 것이다. 2021년 이후 치솟은 공사비가 공사 현장에 실시간으로 반영되기 시작한 것이다. 2~3년 전 계약 당시 받기로 했던 공사비와 급격히 오른 공사비의 차액은 작년 연말부터 순차적으로 건설사 회계 장부에 손실로 잡히기 시작했다.
건설사들이 고꾸라지면서 일자리는 급감하고 있다. 지난 1월 기준 전체 건설업 취업자는 1년 전과 비교해 16만9000명 줄었다. 1년 전 약 209만명에서 192만1000명으로 8% 급감한 것이다. 2013년 이후 감소 폭이 가장 컸다. 특히 청년 일자리 타격이 심각했다. 15~29세 청년층 건설업 취업자 수는 10만5000명으로 1년 전(16만6000명)보다 6만1000명(36.7%)이나 급감했다.
건설사 도산과 일자리 급감의 배경엔 건설 투자액 감소가 있다. 지난해 국내 건설 투자액은 전년 대비 2.7% 감소했는데, 국내 총생산(GDP) 성장률을 0.4%포인트 끌어내린 것으로 분석된다. GDP 성장률이 예상보다 낮은 2.0%에 그치는 데 건설 투자 부진이 결정적이었단 얘기다. 올해는 건설 투자가 2.8% 더 줄어들 것으로 예상됐다.
투자가 줄면서 건축 착공 물량은 2021년 이후 3년 연속 내리막이다. 1월 기준 준공 후 미분양 주택은 2만2872가구로 11년 3개월 만에 가장 많았다. 고종완 한국자산관리연구원장은 “건설업 불황이 서민 일자리 감소로 이어지고, 가계 소득을 악화시켜 내수 회복까지 어렵게 한다”며 “경제 전반을 감안해 건설사 줄도산을 막을 특단의 대책이 필요하다”고 했다."
2025-02-24,"지난해 서울에 살지 않는 사람이 서울 아파트를 사들인 비율이 역대 최고를 기록했다. ‘똘똘한 한 채’를 찾는 수요가 쏠려 서울 아파트 값은 가파르게 오른 반면, 인구와 일자리가 줄어드는 지방 아파트 값은 회복될 기미가 없는 탓이다.
23일 한국부동산원의 매입자 거주지별 아파트 거래 현황에 따르면, 지난해 타 지역 거주자(외지인)의 서울 아파트 매입 비율은 21.5%로 2006년 관련 조사가 시작된 이래 연간 기준으로 역대 최고를 기록했다. 외지인의 서울 아파트 매입 비율은 2006년 이후 10년 동안 17~18%대를 기록하다가, 2017년 19.9%로 늘어난 뒤 집값이 가파르게 올랐던 2021년 처음으로 20.0%로 올라섰다. 이후 급격한 금리 인상으로 거래 절벽이 커졌던 2022년엔 18.7%로 주춤했다가 2023년 다시 20%대(20.9%)를 회복했다.
서울에 살지 않는 사람의 서울 아파트 매입 비율이 지난해 역대 최고를 기록한 것은 다주택자 규제가 이어지면서 ‘똘똘한 한 채’로 수요가 몰렸고, “서울 아파트 값만 오른다”는 인식이 같이 확산했기 때문이다. 권일 부동산인포 리서치팀장은 “서울과 지방 아파트 값의 양극화 현상이 심화하면서 전국의 주택 수요가 서울로 집중되는 분위기”라고 했다.
지난해 외지인의 서울 아파트 매입 비율을 구별로 보면 강동구가 27.3%로 가장 높았고, 광진구(25.6%), 은평구(25.3%), 금천구(24.7%), 영등포구(24.0%) 순으로 나타났다. 고가 아파트가 많은 서초구(21.2%)와 강남구(21.5%)는 오히려 외지인 매입 비율이 전년(각각 25.0%, 22.6%)보다 낮아졌다. 작년 여름 강남권 아파트 값이 급등하자 가격 면에서 접근이 가능한 다른 지역으로 외지인의 매수세가 몰린 것으로 분석된다.
반면 지난해 서울에 사는 사람이 지방 아파트를 사들인 비율은 5.5%로 2023년(5.4%)보다는 소폭 증가했지만 7~8%대에 이르던 예년보다는 낮은 수준을 보였다. 다주택자 규제가 지속되는 데다가, 지방 주택 시장 침체가 장기화하면서 투자 수요가 위축된 탓으로 풀이된다."
2025-02-08,"81가구 분양에 3만5800여 명이 몰려 ‘로또 아파트’라 불렸던 서울 서초구 잠원동 신반포4지구의 신축 아파트 메이플자이. 아직 ‘미분양’ 물건이 남아 있다. 이 아파트 상가 213개 점포 중 조합원 물량을 뺀 59개 일반 분양 점포(27%) 얘기다. 사실상 분양 대상이 된 상가 전체가 미분양이 난 셈이다. 이 단지 재건축조합은 59개 점포에 대해 지난달 ‘일괄 매각’에 나섰는데, 보름 넘게 입찰 업체가 없어 유찰됐고, 2차 입찰을 진행 중이다. 조합 측이 일반 분양이 수월하지 않을 걸 우려해 ‘통매각’으로 전환했던 것이다. 아파트 경쟁률은 442대1인데, 상가 경쟁률은 ‘제로’다. 조합원 가구 포함 3000가구, 거주민만 1만여 명에 이를 대단지인데도 아무도 상가는 거들떠보지 않고 있는 것이다.
상가가 무너지고 있다. 한때 안정적인 수익률 덕에 ‘로또’에 비견될 만큼 안정적인 노후 투자 자산으로 여겨졌지만 경기 침체에다 온라인 유통이 득세하면서 급속히 무너지고 있다. 차태회 부동산R114 연구원은 “공실률이 높아져 임대료는 낮아지고 처분이 어려워지면서 상가가 빈 채로 방치되는 악순환이 계속되고 있다”고 말했다.
◇택배·배달음식에 무너진 상가… 카페·미용 업종만 버텨
소비문화는 코로나 때 ‘비대면 소비’가 뉴 노멀(new normal)로 자리 잡았다가 엔데믹으로 일상이 회복됐지만, 상가는 회복은커녕 더 비어가고 있다. 한국부동산원 통계에 따르면, 작년 4분기 전국 모든 상가(중대형) 공실률은 13.03%로 집계됐는데, 코로나가 발생했던 2020년 4분기 12.7%보다 높다. 상가의 임대 수익률은 반대로 10% 이상 하락했다. 보통 수익률 4% 정도를 투자의 마지노선으로 보는데, 작년 상가 수익률은 3.16%에 불과했다. 최근 금리가 5% 전후로 훌쩍 뛰면서 상가 월세로 대출 이자를 감당하기도 어려워졌다.
◇‘기피 자산’ 된 상가
대표적인 노후 재테크 수단이었던 상가는 ‘기피 자산’이 되고 있다. 전직 공무원 김모(65)씨는 2019년 6억원 대출을 받아 경기 광명의 한 지식산업센터 내 상가를 9억원에 분양받았는데, 2023년부터 2년 넘게 임차인을 못 구해 비워두고 있다. 김씨는 “분양 때보다 금리가 많이 올라 매달 갚아야 할 금액이 180만원에서 280만원으로 100만원이나 뛰었다”며 “노후를 위해 큰맘 먹고 마련했는데, 은행 빚 내기 위해 일용직을 뛰어야 할 판”이라고 했다. 상가를 사고파는 사람도 줄어 매매량이 2020년 3분기 7714건에서 작년 2830건으로 63.3% 급감했다.
최근 서울 시내 주요 재건축 단지에선 상가 조합원들이 “재건축 때 상가 말고 아파트를 지어달라”고 요청하는 일도 생겨난다. 상가 수익성이 떨어져 지금 갖고 있는 상가도 포기하겠다는 것이다. 개포주공 1단지, 은마아파트 등에선 상가 조합원들과 아파트 조합원 간 갈등이 벌어져 재건축 사업 지연으로 이어졌다.
◇상가는 줄고 배달 기사 급증
최근 수년간 확산 중인 온라인 주문·택배·배달 문화가 상가 몰락에 쐐기를 박았다는 분석이 나온다. 통계청 발표에 따르면, 작년 한 해 온라인 쇼핑 거래액은 전년 대비 5.8% 늘어난 242조897억원이었다. 2001년 통계 작성 이후 최대액이다. 해외 직구 시장 이용액은 7조9583억원으로 처음으로 7조원을 돌파했다. 지난해 산업통상자원부 통계에서도 온라인 유통사 매출 비율이 50.6%로 역대 최고를 기록해 오프라인을 앞섰다. 반면 한 해 폐업하는 자영업자는 100만명을 눈앞에 두고 있다. 코로나 때보다 10만명 가까이 늘어난 수치다.
소비자들이 상가 안 분식집·수퍼에 가는 대신 온라인 주문을 선택하면서 배달 기사 수는 크게 늘었다. 배달 플랫폼 배민커넥트에 따르면 작년 12월 한 달간 배달 기사 수가 42만명에 달했는데, 이 역시 코로나 시기 33만명을 넘는 신기록이다. 소상공인들이 못 버티고 나간 상가에는 온라인 주문의 영향을 덜 받는 커피숍이나 피부관리실, 네일숍 같은 미용 관련 시설이 남아 있다. 이종경 신한은행 상업용부동산팀장은 “최근 의료 관광객을 유치하기 위해 증가하고 있는 병원·약국 수를 제외하면, 실제 체감하는 자영업자 공실률은 눈에 보이는 것보다 크다”고 말했다.
문제는 앞으로다. 상가 몰락 현상이 도미노처럼 지방과 수도권을 거쳐 서울 시내까지 밀려드는 상황에서 반등의 여지를 찾아볼 수 없다는 게 전문가들 의견이다. 이은형 대한건설정책연구원 연구위원은 “소비 문화의 변화, 장기적인 불황과 고금리 등 구조적 문제가 해결되지 않으면 상가 공실 문제는 단기간에 나아지기 어려울 것”이라고 했다. 실제로 글로벌 부동산 기업 쿠시먼앤드웨이크필드에 따르면, 가로수길, 청담동, 이태원, 강남 등 서울 6대 주요 상권의 평균 공실률은 17% 근처에서 떨어질 줄 모른다. 경기도 하남·남양주 등 수도권 신도시에선 공실률이 40~50%에 달하는 상가도 어렵지 않게 발견된다. 이런 상가를 분양받았던 임대인들은 최근 ‘반값’ 월세를 넘어 ‘6개월 임대료 무료’ 같은 유인책까지 내세워가며 임차인을 찾지만 대부분 허탕을 치고 있다. 이석희 부동산원 부연구위원은 “애초에 국내 주요 상권지의 상가 수가 수요에 비해 과하게 공급됐을 가능성이 있다”며 “도시 개발 단계에서부터 상가를 공급하는 양을 적절하게 조절하도록 하는 등 제도적 방안을 마련해야 한다”고 말했다."
2025-02-05,"“경매 지표로 보면 지금 부동산 시장은 2008년 글로벌 금융위기 때만큼이나 좋지 않습니다. 더구나 2020년 코로나 사태 때의 ‘영끌 아파트’(영혼까지 담보로 잡히고 대출받아 산 아파트)들이 고금리를 견디지 못하고 올해 경매 시장에 쏟아질 가능성이 커 당분간 기다리는 투자 전략이 바람직합니다.”
부동산 경공매 데이터 전문 기업인 지지옥션의 이주현 전문위원은 지난달 31일 인터뷰에서 “법원에 경매를 신청하는 아파트들이 지금도 계속 늘고 있다”며 이같이 말했다. 지지옥션은 전국 부동산 경공매 데이터를 은행, 감정평가법인, 공인중개사 등에 제공하고 있으며, 이 위원은 2012년 이후 13년째 동향 분석과 전망을 담당하고 있다.
- 부동산 경매 시장 동향은?
“경매 물건이 계속 증가하고 있다. 전국의 부동산 경매 건수는 작년 12월 한 달간 2만584건을 기록했는데, 2012년 11월의 2만597건 이후 가장 많다. 경기가 좋지 않고 대출 금리가 높아서 부동산 시장이 침체한 결과다.
상가와 사무실 등 업무상업시설은 상황이 특히 나쁘다. 작년 12월 한 달간 경매 건수가 4902건으로 14년 만의 최고치였다. 낙찰 진행 건 중에서 낙찰된 건의 비율인 낙찰률은 부동산 경기가 좋았던 2021년에는 40%까지 갔는데, 작년 12월에는 17.5%였다. 10건 중 2건만 낙찰되고 8건은 매물로 계속 쌓이고 있다는 뜻이다. 공실률이 증가하고 고금리로 임대 수익률이 하락한 결과이다. 토지 낙찰률은 작년 12월에 18.3%였는데, 2001년 통계 작성 이후 역대 최저이다.”
- 아파트 경매 시장은?
“작년 12월에 모두 3510건의 경매가 있었다. 4년 만에 가장 많았다. 금리가 높아지면서 은행의 주택담보대출을 갚지 못한 사례가 대부분이다. 법원등기정보광장 사이트를 보면 집합 건물 임의경매 신청 건수가 계속 늘어나고 있는데, 아파트도 많은 비중을 차지하는 것으로 추정된다. 은행이 경매 신청을 하면 6개월 뒤에 경매 시장에 물건이 나오게 되므로, 올해 하반기까지는 경매 물건이 계속 증가할 것으로 예상된다.”
- 가격은 어느 정도 하락했나?
“작년 상반기 아파트의 평균 낙찰가는 감정가의 80% 초반이었다. 이 낙찰가율이 아파트 가격 상승 기대감에 여름쯤 87%까지 올라갔다가 9월 들어 꺾이기 시작해 작년 12월에 84%를 기록했다. 시중은행의 대출 금리가 여전히 높았고, 9월부터 스트레스 DSR(총부채원리금상환비율) 2단계가 시행되면서 대출 한도가 축소된 결과이다.”
- 서울 아파트와 지방 아파트의 편차는?
“서울 아파트는 상대적으로 수요가 많기 때문에 다른 지역보다 낙찰가율이 높다. 작년 평균 90%를 넘었다. 하지만 서울 전 지역의 상황이 좋은 것은 아니었다. 강남구·서초구·송파구 등 강남권이 주도했다. 서울 외곽 지역은 2차례 정도 유찰되면서 낙찰가율이 70~80%에 불과한 경우도 많다. 강남권도 작년 12월부터는 주춤하고 있다. 경매 물건은 늘어나고 있는데, 비선호 단지나 대형 평수는 수요가 줄면서 주춤한 상태이다.”
- 이러한 경매 지표가 어떤 의미를 갖나?
“경매 시장은 전체 부동산 경기의 선행 지표이다. 경매 시장에는 실수요자보다 투자자가 더 많아서 가격 변화에 민감하다. 투자자는 일반 매매 시장의 호가를 참고해 응찰가를 정한다. 예컨대 2021년 호황기에는 서울 아파트 경매 시장에서 매매 시장 실거래가보다 높은 신고가가 나온 적이 있다. 상승장에서 매물이 줄어드니 투자자들이 경매 시장으로 몰려와 공격적인 입찰을 한 것이다. 반대로 하락장에서는 최대한 낮은 가격에 낙찰을 받으려고 한다. 이런 관점에서 보면 현재 낙찰가율이 낮아지는 것은 부동산 투자자들이 향후 전망을 나쁘게 보고 있다는 뜻이다. 예를 들어 부동산 호황기였던 2021년 전국 아파트의 경매 건수는 월평균 1000건, 낙찰률은 53%, 낙찰가율은 103%였다. 반면 2024년은 경매 건수 3500건, 낙찰률 38%, 낙찰가율 85%였다.”
- 지금 상황은 과거 어느 때와 비슷한가?
“2008년 글로벌 금융위기 때와 비슷하다. 월별 경매 건수는 당시가 지금보다 훨씬 많았으나 낙찰률과 낙찰가율은 유사한 수준이다. 2020년 코로나 사태 때와 비교해 보면 주택 부문은 가격 거품이 좀 빠졌다. 업무상업시설은 금리 요인보다는 내수 부진 때문에 코로나 사태 때보다 경매 건수가 더 늘어나고 있다. 다만 정부가 가계부채 관리 노력을 계속하고 있으니 글로벌 금융위기 때보다 더 나빠지지는 않을 것 같다.”
- 올해 전망은?
“올해 하반기까지는 경매 물건이 계속 증가할 수밖에 없다. 투자자들이 미래에 대한 전망을 어둡게 보고 보수적으로 접근하기 때문에 낙찰률이나 낙찰가율도 계속 하향 추세를 보일 것이다. 일반 매매 시장에서도 아파트 거래 상황이 좋지 않고 매물이 계속 쌓이고 있기 때문에 경매 시장만 호조를 기대할 수는 없다. 앞으로 한국은행이 금리를 내리더라도 시중은행의 대출금리가 덩달아 얼마나 내릴 수 있을지가 중요하다. 올해 7월에 스트레스 DSR 3단계 조치가 시행되면 시중은행의 대출 한도는 더 줄어들 것이다. 이러한 상황을 고려하면 올해 부동산 매수세가 살아날 여건은 아닌 것 같다.”
- 내년 이후는?
“서울에는 아파트 수요가 꾸준히 있고, 내년에 공급 부족 이슈가 다시 불거질 가능성도 있다. 그러면 서울과 지방, 서울 내부의 지역별 양극화 현상이 더 심해질 수 있다. 구축 아파트보다 신축 아파트를 선호하는 추세도 이어질 것 같다. 재건축 아파트의 경우 정치적 불확실성이 변수이다. 만약 정권이 바뀔 경우 지금의 재건축 완화 기조가 유지될 수 있을지에 대해 의문이 있다. 따라서 사업시행계획인가나 관리처분계획을 받고 곧 착공에 들어가는 확실한 아파트에 수요가 몰릴 것이다. 사업 초기 단계의 아파트에는 투자자들이 관망세를 보일 가능성이 높다.”
- 바닥은 언제라고 보나?
“‘과거의 데이터를 볼 때 전국 아파트 낙찰가율이 70% 이하로 떨어진 적은 없다. 그러니 현재 85% 수준인 낙찰가율이 70% 초중반까지 떨어지면 바닥이라고 보고 진입하는 투자자가 많이 있을 것 같다.”
- 올해 정치 불안이 해결되면 부동산 시장은?
“수요자 입장에서는 정책 방향이 예측 가능해야 투자를 하게 된다. 정책의 일관성이 유지되면 매수 심리가 살아날 가능성이 있다. 지금은 투자자들이 정책에 매우 민감하게 반응하는 상황이다.”
- 정부가 어떤 대책을 내놓아야 하나?
“대출 규제를 하더라도 지역별 대상별로 효과를 잘 분석해 세밀하게 규제하는 정책이 필요하다. 예를 들어 대출 규제를 하면 중저가 아파트나 서울 외곽 지역의 아파트 가격이 더 떨어진다. 서울 강남권의 고가 아파트는 현금 여력이 있는 사람들이 사기 때문에 타격을 받지 않는다. 고가 아파트의 가격 폭등을 막으려면 세금 인상 등 다른 방식을 써야 한다. 그러니 전방위적 대출 규제보다는 지역과 수요층의 특성에 맞는 맞춤형 규제가 필요하다.”
- 아파트 가격에 아직 빠질 거품이 많다는 지적이 나온다.
“아파트 가격에 거품이 얼마나 끼어 있는지는 판단하기 쉽지 않다. 한국부동산원의 지난 20년 전국 아파트 매매가격 지수를 분석해 보면 연초 대비 연말 가격이 연평균 2% 정도 올랐다. 연초보다 연말 가격이 하락한 시기는 글로벌 금융위기 때인 2008년, 유럽 재정위기 시기인 2012년, 코로나 사태가 끝나고 미국이 금리 인상을 시작한 2022년 정도이다. 길게 보면 아파트 가격은 인플레이션(물가상승) 때문에 우상향한다. 올해보다 내년이 올라갈지 내려갈지 하는 단기 전망보다는 장기 상승하는 인플레이션 헤지(위험 회피) 투자 상품이라는 관점에서 접근해야 한다.”
- 투자자는 어떤 전략을 취해야 하나?
“아파트, 업무상업시설, 토지 등 부동산에 투자하기 좋은 시점은 아니다. 실수요자 입장에서만 접근하라고 조언하고 싶다. 경매 시장에서 아파트를 매수하려는 사람들은 일반 매매 시장보다 얼마나 할인된 가격에 살 수 있는지 꼼꼼히 잘 살펴봐야 한다. 신축 아파트는 선호도가 높아 한번 유찰되면 대부분 다음에 낙찰된다. 반면 구축 아파트는 여러 차례 유찰이 돼 일반 시장보다 훨씬 싼 가격에 살 기회가 많다. 자금이 부족한 실수요자는 지금 구축 아파트를 경매에서 매수한 뒤 내년 이후에 가격이 오르면 팔아 더 좋은 아파트로 갈아타기 하는 것도 좋은 방법이다. 재건축 아파트의 경우 재건축이 가시화된 안정된 단지를 골라야 한다.
특히 2020년 금리가 낮은 시절에 5년간 고정금리 조건에 ‘영끌’한 갭투자 아파트들이 고금리가 지속되고 전셋값 하락 현상이 나타날 경우 올해 하반기부터 매물로 쏟아질 가능성이 있다. 부동산 중개업소 등을 통해 자신이 원하는 물건의 시세 변화를 계속 주시하면서 기다리면 좋은 결과를 얻을 수 있다고 본다. 경매라고 해서 1등하겠다는 욕심으로 시중 가격보다 높은 값을 써내는 과잉 경쟁은 절대 금물이다.”"
2025-02-04,"올해 첫 강남권 분양 단지인 서울 서초구 방배동 ‘래미안 원페를라’ 1순위 청약에 4만여명이 신청해 평균 경쟁률 151.6대 1을 기록했다. 래미안 원페를라는 전용면적 84㎡ 기준으로 분양가가 주변 시세보다 5억원 이상 저렴하고 실거주 의무가 없어 수요가 몰린 것으로 분석된다.
4일 한국부동산원 청약홈에 따르면 이날 래미안 원페를라 268가구에 대한 1순위 청약 접수에 총 4만635명이 지원했다.
평형별 가장 높은 경쟁률을 기록한 타입은 전용 59㎡B로, 30가구 모집에 9223명(307.4대 1)이 신청했다.
가장 청약자가 많이 몰린 타입은 59㎡A형으로, 35가구 모집에 1만680명이 몰렸다.
전날 진행한 특별공급에는 241가구 모집에 1만8129명이 지원해 평균 경쟁률 84.7대 1을 기록했다.
방배6구역 주택 재건축 정비사업을 통해 공급되는 래미안 원페를라는 지하 4층∼최고 22층짜리 16개동, 총 1097가구 규모다. 분양가는 전용 84㎡ 기준 22억∼24억원대로 올 11월 입주 예정이다."
2025-01-08,"작년 한 해 국내에서 부동산을 매수한 외국인이 전년 대비 12% 늘어난 1만7482명으로 집계됐다. 중국인이 전체 65%에 육박하는 1만1347명으로 가장 많았다. 중국인들은 부천·화성·안산 등 경기 서남부 지역에서 부동산을 많이 사들였다.
8일 법원 등기정보광장 집계 자료를 보면, 2024년 국내에서 부동산(집합건물·토지·건물 포함)을 매수한 뒤 소유권이전등기를 신청한 외국인은 총 1만7482명으로 전년 1만5614명 대비 1868명(12%) 증가했다.
외국인 매수인은 부동산 시장이 호황이던 2020년 1만9371명까지 늘었다가 2022년 1만4945명으로 크게 감소한 뒤 다시 증가세다.
매수인의 국적별로는 중국인이 1만1347명(64.9%)로 가장 많았다. 중국인 매수인은 1만157명에서 1190명(11.7%) 증가했으나 전체 매수인 중 비율은 2023년 65.1%에서 소폭 감소했다.
중국인이 많이 매수한 지역은 경기도 부천시 원미구(817명)였다. 이 외 화성시(745명), 안산시 단원구(649명), 시흥시(632명), 인천시 부평구(589명)가 중국인 선호 지역으로 나타났다. 서울 시내에선 구로구(190명)와 금천구(144명)를 매수한 중국인이 많았다. 강남구(22명), 서초구(16명), 송파구(12명) 등 소위 강남 3구 매수인도 50명 있었다.
중국인 다음으로는 미국인이 2530명으로 많았다. 전체 외국인 매수인의 14.5%를 차지했다. 지역별로는 미군 부대가 있는 경기 평택시가 206명으로 가장 많았고 충남 아산(118명), 서울 서초(96명), 강남(80명), 용산(70명)이 뒤를 이었다.
지역별로 보면 경기도에 부동산을 매수한 외국인이 7842명으로 가장 많았고 인천(2273명), 서울(2089명), 충남(1480명)이 뒤를 이었다.
증가세가 가장 높은 지역은 세종으로 2023년 40명에서 204년 75명으로 87.5% 늘었다. 부산(238명)은 30.1%, 서울은도 25.2% 증가했다. 반면 대전은 22.2% 감소했고 광주가 12.4%, 인천이 2.4% 줄었다."
2024-10-22,"압구정과 성수, 잠실, 여의도 등 한강을 낀 서울 인기 주거지에서 50층 이상으로 재건축 아파트 설계를 변경하는 단지가 늘고 있다. 층수를 높일수록 재건축 이후 아파트 값이 더 오를 것이라는 기대감 때문이다. 그러나 특정 단지가 한강 조망권을 독점하면서 한강변 고가 단지로의 수요 쏠림 현상이 심화할 수 있다는 우려도 나온다.
21일 정비 업계에 따르면, 서울 강남구 압구정동 ‘압구정 2구역(신현대 9·11·12차)’ 재건축 조합이 최근 조합원 1552명을 상대로 설문조사를 한 결과, 80.6%가 ‘최고 70층’을 선택했다. 최고 49층을 선택한 사람은 18.8%에 그쳤다. 압구정 2구역은 지난달 최고 층수를 70층으로 한 정비 계획 변경안이 강남구 의회의 의견 청취 절차를 통과했다. 이번 설문조사는 설계에 대한 조합원 선호도를 다시 확인하는 차원에서 진행됐다.
지난해 서울시가 한강변 ‘35층 제한’을 풀고 “창의적이고 혁신적인 디자인을 적용할 경우 50층 이상도 허용하겠다”고 밝히면서 일부 재건축 조합에서 초고층으로 설계를 바꾸려는 움직임이 나오고 있다. ‘압구정 4구역(현대 8차, 한양 3·4·6차)’과 ‘압구정 5구역(한양 1·2차)’도 기존 49층에서 최고 69~70층으로 층수를 높이는 정비 계획 변경을 추진하고 있다. 성동구 성수동에선 ‘성수 4지구’가 77층 초고층 설계를 확정했고, ‘성수 3지구’도 최근 50층 이상 초고층 건립을 의결했다. 이 밖에 송파구 잠실동 ‘잠실 주공 5단지’(70층), 영등포구 여의도동 ‘시범’(65층), ‘진주’(58층) 등도 초고층 재건축을 추진하고 있다.
이 아파트 단지들에선 초고층 재건축이 한강 조망권 확보에 유리하고, 집값 상승에도 도움이 될 것으로 기대한다. 압구정동의 한 공인중개업소 대표는 “특정 단지만 초고층으로 올라가면 나머지 단지는 상대적으로 집값이 저평가될 수 있다는 우려에 너도나도 초고층을 추진하는 것”이라고 했다.
문제는 높이 지을수록 공사비가 천정부지로 뛰어 조합원 분담금도 늘어날 수밖에 없다는 것이다. 50층 이상 초고층은 강풍이나 지진에 견딜 수 있는 고강도 자재를 사용해야 하고, 지하도 더 깊게 파야 한다. 한 대형 건설사 관계자는 “인허가도 까다롭고, 공사 기간도 최소 1년 이상 늘어나 전체 사업비가 배(倍)로 뛸 수도 있다”고 했다. 고종완 한국자산관리연구원장은 “향후 공사비 분쟁이 발생할 경우 재건축 자체가 어그러져 초고층 설계를 안 하느니만 못한 결과가 나올 수도 있다”라고 했다.
▶함께 보면 좋은 영상"
2024-10-02,"올해 1~7월 5억원 이상 대출을 받아 서울에서 집을 산 30~40대가 2021년 연간 전체의 3.7배에 달하는 것으로 확인됐다. 대출로 ‘영혼까지 끌어모아’ 집을 산 2030세대 영끌족이 사회문제로 떠올랐던 2021년과 달리 올해는 3040세대가 영끌 매수의 주축으로 떠올랐고, 대출 금액도 3년 전보다 급등했다. 이들은 거액의 빚을 내 강남 3구(강남·서초·송파)와 마용성(마포·용산·성동) 같은 인기 주거지의 고가 아파트를 사들인 것으로 나타났다.
본지가 1일 국민의힘 엄태영 의원실과 함께 올해 1~7월 서울에서 거래된 주택 3만2870건의 자금조달계획서를 전수 조사한 결과, 3040세대가 5억원 이상을 빌려 집을 산 거래가 총 6562건으로 집계됐다. 2021년 1년 내내 3040세대가 5억원 이상 대출을 끼고 한 거래(1785건)보다 268% 증가한 것이다. 3040세대의 ‘고액 영끌’이 대출을 낀 전체 주택 거래에서 차지하는 비율은 32.1%로 2021년(4.5%)보다 급증했다. 고종완 한국자산관리연구원장은 “주택 수요자들 사이에서 서울 강남권 등 ‘똘똘한 한 채’는 결국 가격이 오를 수밖에 없다는 ‘학습 효과’가 확산한 것이 3040세대의 고액 영끌로 나타났다”고 했다.
3040세대가 영끌을 주도하면서 올해 서울 전체 주택 거래에서 대출을 낀 거래 비율은 62.2%(2만444건)에 달했고, 평균 대출 금액은 4억7000만원으로 3년 전(2억7900만원)의 1.7배로 늘었다. 현재 집값이 6억원을 넘거나, 투기과열지구에서 집을 사는 사람은 자금조달계획서를 내야 한다. 서울 아파트 거래는 사실상 모두 포함된다.
맞벌이 직장인 김모(44)씨는 지난 7월 서울 송파구의 한 아파트를 23억5000만원에 사들였다. 주택담보대출 11억원에 신용대출 1억3000만원, 예금담보대출과 보험약관대출을 합쳐 4억3000만원 등 빚만 16억6000만원을 냈다. 자기자본은 서울 외곽 아파트를 판 돈과 주식 처분 대금을 합쳐 6억9000만원이 전부였다. 김씨는 “매달 이자만 400만원이 넘어 생활이 빠듯하지만, 부부 중 한 명 월급은 없는 셈치기로 했다”며 “자녀 교육이나 미래 자산 가치를 위해 무리해서라도 강남에 입성하는 게 낫다고 판단했다”고 말했다.
올해 강남권을 중심으로 서울 인기 주거지 아파트 값이 급등한 데는 김씨 같은 40대 고소득자의 ‘영끌 매수’가 적지 않은 영향을 미친 것으로 확인됐다. 앞서 영끌 매수가 기승을 부렸던 2021년엔 대출로 서울에서 집을 산 거래 중 40대가 차지하는 비율이 26.5%에 그쳤지만, 올해는 38.3%로 늘었다. 실제로 평균 대출 금액도 40대가 모든 세대 중 가장 많았다. 올해 1~7월 40대의 평균 대출 금액은 5억800만원으로, 3년 전(2억8800만원)과 비교해 76.4% 급증했다. 30대가 4억6200만원으로 뒤를 이었고, 50대(4억2900만원), 60대(4억700만원) 순이었다. 10억원 이상 빚을 내서 서울에 집을 산 ‘초영끌 투자’ 역시 40대가 681건으로 가장 많았다. 30대(301건)나 50대(216건)보다 배(倍) 이상 많은 것이다.
영끌 매수로 집을 사들이는 지역도 3년 전과 달라졌다. 문재인 정부 시절엔 9억원 이하 중저가 아파트가 밀집한 ‘노도강(노원·도봉·강북구)’ 지역에 20대를 포함한 젊은 층의 영끌 매수가 집중됐다. 반면, 3040세대가 주도한 올해 영끌 매수는 고가 아파트 지역에 집중됐다. 3040세대가 5억원 이상 대출을 내 주택을 가장 많이 사들인 지역은 강남구(734건)였고, 이어 송파구(705건), 서초구(550건), 성동구(525건), 강동구(453건) 순으로 나타났다.
올해 영끌 매수가 늘어난 원인으로 전문가들은 “현 정부 들어 15억원 넘는 고가 주택을 살 때도 대출이 가능해졌고, 올해 초부터 서울 아파트 값이 오름세로 돌아서자 대출을 활용한 ‘상급 지역 갈아타기’가 활발해진 탓”이라고 분석한다. 2020~21년 집값 폭등과 고금리에 따른 2022~23년 급락을 겪으며 ‘똘똘한 한 채는 다시 오른다’는 것을 체험한 30~40대 실수요자가 인기 주거지로 이동하려고 ‘영끌’에 나선 것이다.
예를 들어 서울 외곽 지역 1주택자가 대출을 활용해 마용성 지역으로 이사하고, 마용성에 살던 고소득 맞벌이 부부 등은 “올해가 마지막 기회”라며 강남권에 집을 마련하는 식이다. 서울 성동구의 한 공인중개업소 대표는 “집값이 무섭게 뛰는 것을 경험한 30~40대는 10억원씩 대출을 받는 것에 별로 거리낌이 없다”며 “최대한 대출을 많이 받을 수 있는 은행을 연결해 달라는 매수자가 많았다”고 했다.
문제는 경제 활동의 중심축인 3040세대의 영끌 열풍이 향후 국내 경제 전반의 취약점으로 작용할 수 있다는 것이다. 주택 구매 시 자기자본 비중이 낮은 영끌족이 늘면 소득 중 상당 부분이 원리금 상환에 투입될 수밖에 없고, 이는 전반적인 소비 위축으로 이어질 가능성도 있다. 최근 적용되는 주택담보대출 금리가 2021년과 비교해 더 높다는 것도 내수 위축 우려를 키우고 있다. 박원갑 KB국민은행 부동산수석전문위원은 “3040세대 영끌족이 급증하면서 향후 서울 아파트 값이 급락할 경우 중산층 가계 경제가 흔들릴 위험도 있다”고 했다.
☞주택자금조달계획서
주택 매수자가 주택을 취득할 때 사용할 자금의 출처와 조달 방법을 신고하는 서류를 뜻한다. 주택 가액이 6억원 이상이거나, 투기과열지구 주택을 구입하는 경우 반드시 제출해야 한다. 2021년에는 서울 전 지역이 투기과열지구였고, 올해는 서울 아파트 평균매매가격이 12억원을 넘어 대부분이 자금조달계획서를 제출하고 있다."
2024-08-02,"서울 용산구 한남동의 고급 아파트 ‘나인원 한남’이 국내 공동주택 역대 최고 매매가 기록을 한 달 만에 갈아치웠다.
2일 국토교통부 실거래가 공개 시스템에 따르면, 지난달 22일 나인원 한남 전용면적 273㎡ 1층은 220억원에 거래됐다. 이번 거래는 공인중개사를 끼지 않고 개인끼리 직접 거래했다.
이번 나인원 한남 거래가격은 2006년 정부가 실거래가를 공개하기 시작한 이래 공동주택(아파트·다세대·연립주택) 역대 최고 매매가다. 지난 6월 같은 단지 274㎡ 1층이 200억원에 거래되면서 공동주택 역대 최고 매매가를 기록했는데, 한 달 만에 20억원이 오르며 최고가 기록을 경신한 것이다.
나인원 한남은 과거 주한미군과 가족들이 거주하던 아파트 부지를 대신증권 계열사인 대신F&I가 매입해 341가구 규모의 저층 아파트로 개발한 단지다. 유명 연예인과 재계 인사들이 다수 거주하고 있는 것으로 알려졌다. 2019년 입주했는데, 2018년 분양 당시 분양가 상한제를 피하기 위해 임대 후 분양하는 방식을 선택했다. 임대 보증금은 33억~48억원(월 임대료 70만~250만원)이었고, 2년간 임대 후 3.3㎡(1평)당 평균 6100만원에 분양 전환됐다.
최근 서울 아파트값이 오름세를 보이면서 고가 아파트 단지를 중심으로 역대 최고가 기록이 줄을 잇고 있다. 성동구 성수동1가 ‘아크로 서울 포레스트’ 전용 198㎡가 지난달 4일 145억원에 팔렸고, 지난 6월 14일 강남구 압구정동 ‘구현대 7차’ 전용 245㎡는 115억원에 거래됐다. 서초구 반포동 ‘아크로리버파크’ 전용 84㎡는 지난 6월 50억원에 거래되면서 역대 최고가 기록을 갈아치웠고, 인근 ‘래미안 원베일리’ 전용 84㎡도 같은 달 49억8000만원에 팔리면서 신고가를 기록했다."
2024-03-11,"경기도 단독주택 가운데 59.1%는 준공 20년이 지난 노후 주택이며, 노후 주택 소유자 10명 중 7명은 60세 이상인 것으로 나타났다. 단독주택의 노후화가 심화되고 있지만, 노인 가구 비율이 높아 재개발이 지연되고 있다는 지적이다.
10일 주택산업연구원에 따르면, 경기도 내 단독주택은 49만가구(2022년 기준)로, 이 가운데 준공 후 20년 이상이 경과된 주택은 59.1%에 이른다. 30년 이상 된 주택도 32.9%를 차지한다. 이들 단독주택은 1990년대 이전 토지구획 정리 사업으로 소규모(200㎡)로 공급된 토지에 건축된 주택이 많다. 반면 20년 이상 노후 주택 소유주 가운데 60세 이상 비율은 72.6%에 달한다. 주택산업연구원 측은 “노후 단독주택은 도로나 주차장, 공원, 녹지 등 주변 환경이 열악하고, 지진 등의 위험에도 취약하다”며 “규제 완화와 용적률 인센티브 등을 통해 재개발을 활성화할 필요가 있다”고 밝혔다."
2024-03-11,"최근 디스플레이·이차전지 관련 기업 투자가 잇따르고 GTX(수도권광역급행철도) 노선 연장이 추진 중인 충남 아산시. 지난해 아산에서 매매 거래된 아파트·오피스텔 등 집합건물의 매수자는 1만4831명이었다. 이 가운데 국적이 중국·미국·베트남 등 외국인 매수자가 402명으로 2.7%를 차지했다. 이 지역은 외국이 이용할 만한 식당이나 학교 같은 것이 부족해, 외국인이 거주하기에는 적합한 곳이 아니다. 그럼에도 외국인 부동산 투자가 많은 것은 일자리를 찾아 오는 사람들에게 세를 놓고 임대 수익을 거두기 위한 것이다. 한 부동산 중개업소 관계자는 “이 지역은 소형 아파트나 오피스텔이 매물로 나오면 금방 팔린다”고 말했다.
지난해 외국인이 국내에서 사들인 부동산이 전체 거래에서 차지하는 비율이 역대 최고를 기록했다. 고금리와 경기 침체 우려 등의 여파로 내국인의 주택 수요는 주춤했지만, 외국인의 한국 부동산에 대한 관심은 여전히 뜨겁다. 본지가 외국인의 국내 부동산 투자 비중을 지역별로 분석한 결과, 외국인 투자는 반도체·이차전지 등 대규모 기업 투자가 많은 지역에 집중되고 있는 것으로 나타났다. 외국인들이 서울뿐 아니라 충남 아산이나 천안, 경기 평택 등 지역 부동산까지 사들이고 있는 것이다.
◇진격의 외국인 부동산 투자
10일 법원 등기정보광장에 따르면, 지난해 국내에서 부동산을 매수하고 소유권 이전 등기를 신청한 사람 중 외국인은 총 1만5614명으로 전체 매수인의 0.9%를 차지했다. 매수 건수로는 부동산 시장이 활황이던 2020년의 역대 최다(1만9371명)에는 못 미치지만, 매수 비율로는 2010년 관련 통계를 집계하기 시작한 이래 가장 높다.
2010년만 해도 한국 부동산을 매수한 외국인은 4307명으로 전체 거래에서 차지하는 비율이 0.2%에 불과했다. 하지만 이후 제주에서 외국인이 부동산을 취득할 경우 한국 국적을 주는 제도가 시행되면서, 중국인을 중심으로 외국인 매수 비중은 꾸준히 늘었다.
외국인들은 국내 부동산 중에서도 아파트, 오피스텔, 오피스와 같은 집합건물에 집중했다. 지난해 국내 집합건물을 매수한 외국인은 1만2027명으로 전체 매수인의 1.21%를 차지했다. 이 비율 역시 2022년에 처음으로 1%를 넘긴 데 이어 지난해 역대 최고를 기록했다.
광역시도 기준 외국인의 집합건물 투자 비율이 가장 높은 곳은 인천(2.09%)이었고, 충남(1.74%), 경기(1.68%), 제주(1.54%), 충북(1.21%), 서울(1.16%) 등이 뒤를 이었다. 제주를 제외하면 모두 일자리가 풍부하고 젊은 층의 주거 수요가 많다는 공통점이 있다. 이런 추세는 시군구 단위로 살펴보면 더욱 뚜렷이 확인된다.
예컨대 지방에서 가장 외국인 투자가 활발했던 충남에서는 아산(2.7%)과 천안 동남구(2.1%)의 외국인 투자 비율이 가장 높다. 아산에서는 국내 최대 규모 디스플레이 생산시설이 가동되고 있으며, 천안 동남구에도 LG생활건강 공장을 비롯해 대규모 산업단지가 여럿 있다. ‘반도체 메카’로 불리는 경기 평택 역시 지난해 집합건물 매수자 중 외국인이 차지하는 비율이 2.1%로 전국 평균의 두 배에 가깝다. 이상우 인베이드투자자문 대표는 “중국 등 일부 국가에는 한국 부동산 투자를 전문적으로 도와주는 컨설팅 업체들이 성행하고 있어 내국인 못지않은 정보력을 갖춘 외국인 투자자도 많다”고 말했다.
◇'외국인 집주인’도 역대 최다
외국인의 부동산 투자를 국적별로 살펴보면 중국이 1만157명, 65.1%로 압도적인 1위를 차지했다. 이어 미국(15.2%), 캐나다(3.6%), 베트남(2.5%), 우즈베키스탄(2%), 러시아(1.8%), 대만(1.2%) 등의 순이었다.
외국인이 국내에 자가 거주지를 두는 경우는 흔치 않기 때문에 외국인의 국내 부동산 매입은 대부분 임대 목적이다. 지난해 확정일자를 받은 임대차 계약 가운데 임대인이 외국인인 계약은 1만7786건으로 2010년 이래 가장 많았다. 지역별로 서울(4612건)과 경기(3814건)에 집중됐고, 인천(499건), 충남(301건), 부산(296건), 제주(155건) 등이 뒤를 이었다.
고종완 한국자산관리연구원장은 “중국·동남아 등지의 부자들에겐 한국, 특히 수도권의 부동산은 안전 자산으로 통한다”며 “2022년 이후 국내 부동산 시장의 가격 조정을 투자 기회로 판단했을 가능성이 높다”고 말했다."
